ProductKey,Product Name,Category,Brand,Revenue,Cost,GP,Units,Orders,Customers,Margin,AOV,Units per order,Unit Price USD,Unit Cost USD
1,Contoso 512MB MP3 Player E51 Silver,Audio,Contoso,844.35000000,430.30000000,414.05000000,65,23,23,0.49037721,36.71086957,2.82608696,12.99000000,6.62000000
10,Contoso 4G MP3 Player E400 Green,Audio,Contoso,6478.92000000,3302.64000000,3176.28000000,108,35,34,0.49024837,185.11200000,3.08571429,59.99000000,30.58000000
100,WWI Wireless Bluetooth Stereo Headphones M170 White,Audio,Wide World Importers,31680.00000000,14567.52000000,17112.48000000,264,100,99,0.54016667,316.80000000,2.64000000,120.00000000,55.18000000
1000,A. Datum Compact Digital Camera M200 Orange,Cameras and camcorders,A. Datum,4515.00000000,2076.20000000,2438.80000000,35,11,11,0.54015504,410.45454545,3.18181818,129.00000000,59.32000000
1001,A. Datum Rangefinder Digital Camera X200 Orange,Cameras and camcorders,A. Datum,8600.00000000,2849.18000000,5750.82000000,43,14,14,0.66870000,614.28571429,3.07142857,200.00000000,66.26000000
1002,A. Datum Slim Digital Camera M180 Orange,Cameras and camcorders,A. Datum,2220.00000000,1020.90000000,1199.10000000,15,7,7,0.54013514,317.14285714,2.14285714,148.00000000,68.06000000
1003,A. Datum Ultra Compact Digital Camera M190 Orange,Cameras and camcorders,A. Datum,6270.00000000,2883.44000000,3386.56000000,38,11,11,0.54012121,570.00000000,3.45454545,165.00000000,75.88000000
1004,A. Datum All in One Digital Camera M200 Orange,Cameras and camcorders,A. Datum,10904.00000000,5014.10000000,5889.90000000,58,15,15,0.54015957,726.93333333,3.86666667,188.00000000,86.45000000
1005,A. Datum Interchangeable lens Non-SLR Digital Camera X250 Orange,Cameras and camcorders,A. Datum,12060.00000000,3995.55000000,8064.45000000,45,12,12,0.66869403,1005.00000000,3.75000000,268.00000000,88.79000000
1006,A. Datum Super-zoom Digital Camera X300 Orange,Cameras and camcorders,A. Datum,8410.00000000,2786.32000000,5623.68000000,29,11,11,0.66868966,764.54545455,2.63636364,290.00000000,96.08000000
1007,A. Datum Consumer Digital Camera E100 Orange,Cameras and camcorders,A. Datum,15455.00000000,7879.30000000,7575.70000000,55,18,18,0.49017794,858.61111111,3.05555556,281.00000000,143.26000000
1008,A. Datum Consumer Digital Camera M300 Orange,Cameras and camcorders,A. Datum,5904.00000000,2714.88000000,3189.12000000,32,10,10,0.54016260,590.40000000,3.20000000,184.50000000,84.84000000
1009,A. Datum Advanced Digital Camera M300 Orange,Cameras and camcorders,A. Datum,8671.00000000,3987.28000000,4683.72000000,46,15,15,0.54015915,578.06666667,3.06666667,188.50000000,86.68000000
101,WWI Wireless Bluetooth Stereo Headphones M170 Pink,Audio,Wide World Importers,30120.00000000,13850.18000000,16269.82000000,251,82,82,0.54016667,367.31707317,3.06097561,120.00000000,55.18000000
1010,A. Datum Bridge Digital Camera M300 Orange,Cameras and camcorders,A. Datum,15138.90000000,6961.95000000,8176.95000000,81,22,22,0.54012841,688.13181818,3.68181818,186.90000000,85.95000000
1011,A. Datum SLR-like Digital Camera M400 Orange,Cameras and camcorders,A. Datum,5513.20000000,2535.40000000,2977.80000000,28,12,12,0.54012189,459.43333333,2.33333333,196.90000000,90.55000000
1012,A. Datum Point Shoot Digital Camera M500 Orange,Cameras and camcorders,A. Datum,13662.00000000,6282.45000000,7379.55000000,69,24,24,0.54015152,569.25000000,2.87500000,198.00000000,91.05000000
1013,A. Datum Full Frame Digital Camera X300 Orange,Cameras and camcorders,A. Datum,9009.00000000,2984.67000000,6024.33000000,39,15,15,0.66870130,600.60000000,2.60000000,231.00000000,76.53000000
1014,A. Datum Compact Digital Camera M200 Green,Cameras and camcorders,A. Datum,4515.00000000,2076.20000000,2438.80000000,35,12,12,0.54015504,376.25000000,2.91666667,129.00000000,59.32000000
1015,A. Datum Rangefinder Digital Camera X200 Green,Cameras and camcorders,A. Datum,7800.00000000,2584.14000000,5215.86000000,39,15,15,0.66870000,520.00000000,2.60000000,200.00000000,66.26000000
1016,A. Datum Slim Digital Camera M180 Green,Cameras and camcorders,A. Datum,5920.00000000,2722.40000000,3197.60000000,40,15,15,0.54013514,394.66666667,2.66666667,148.00000000,68.06000000
1017,A. Datum Ultra Compact Digital Camera M190 Green,Cameras and camcorders,A. Datum,4950.00000000,2276.40000000,2673.60000000,30,9,9,0.54012121,550.00000000,3.33333333,165.00000000,75.88000000
1018,A. Datum All in One Digital Camera M200 Green,Cameras and camcorders,A. Datum,11844.00000000,5446.35000000,6397.65000000,63,20,20,0.54015957,592.20000000,3.15000000,188.00000000,86.45000000
1019,A. Datum Interchangeable lens Non-SLR Digital Camera X250 Green,Cameras and camcorders,A. Datum,11256.00000000,3729.18000000,7526.82000000,42,17,17,0.66869403,662.11764706,2.47058824,268.00000000,88.79000000
102,WWI Wireless Bluetooth Stereo Headphones M270 Silver,Audio,Wide World Importers,34385.00000000,15811.12000000,18573.88000000,299,89,89,0.54017391,386.34831461,3.35955056,115.00000000,52.88000000
1020,A. Datum Super-zoom Digital Camera X300 Green,Cameras and camcorders,A. Datum,6670.00000000,2209.84000000,4460.16000000,23,11,11,0.66868966,606.36363636,2.09090909,290.00000000,96.08000000
1021,A. Datum Consumer Digital Camera E100 Green,Cameras and camcorders,A. Datum,15174.00000000,7736.04000000,7437.96000000,54,17,17,0.49017794,892.58823529,3.17647059,281.00000000,143.26000000
1022,A. Datum Consumer Digital Camera M300 Green,Cameras and camcorders,A. Datum,7380.00000000,3393.60000000,3986.40000000,40,12,12,0.54016260,615.00000000,3.33333333,184.50000000,84.84000000
1023,A. Datum Advanced Digital Camera M300 Green,Cameras and camcorders,A. Datum,7728.50000000,3553.88000000,4174.62000000,41,14,14,0.54015915,552.03571429,2.92857143,188.50000000,86.68000000
1024,A. Datum Bridge Digital Camera M300 Green,Cameras and camcorders,A. Datum,13456.80000000,6188.40000000,7268.40000000,72,19,19,0.54012841,708.25263158,3.78947368,186.90000000,85.95000000
1025,A. Datum SLR-like Digital Camera M400 Green,Cameras and camcorders,A. Datum,4922.50000000,2263.75000000,2658.75000000,25,13,13,0.54012189,378.65384615,1.92307692,196.90000000,90.55000000
1026,A. Datum Point Shoot Digital Camera M500 Green,Cameras and camcorders,A. Datum,9306.00000000,4279.35000000,5026.65000000,47,17,17,0.54015152,547.41176471,2.76470588,198.00000000,91.05000000
1027,A. Datum Full Frame Digital Camera X300 Green,Cameras and camcorders,A. Datum,7392.00000000,2448.96000000,4943.04000000,32,9,9,0.66870130,821.33333333,3.55555556,231.00000000,76.53000000
1028,A. Datum Compact Digital Camera M200 Azure,Cameras and camcorders,A. Datum,2967.00000000,1364.36000000,1602.64000000,23,11,11,0.54015504,269.72727273,2.09090909,129.00000000,59.32000000
1029,A. Datum Rangefinder Digital Camera X200 Azure,Cameras and camcorders,A. Datum,12200.00000000,4041.86000000,8158.14000000,61,19,19,0.66870000,642.10526316,3.21052632,200.00000000,66.26000000
103,WWI Wireless Bluetooth Stereo Headphones M270 Black,Audio,Wide World Importers,41285.00000000,18983.92000000,22301.08000000,359,94,94,0.54017391,439.20212766,3.81914894,115.00000000,52.88000000
1030,A. Datum Slim Digital Camera M180 Azure,Cameras and camcorders,A. Datum,5920.00000000,2722.40000000,3197.60000000,40,14,14,0.54013514,422.85714286,2.85714286,148.00000000,68.06000000
1031,A. Datum Ultra Compact Digital Camera M190 Azure,Cameras and camcorders,A. Datum,8085.00000000,3718.12000000,4366.88000000,49,17,17,0.54012121,475.58823529,2.88235294,165.00000000,75.88000000
1032,A. Datum All in One Digital Camera M200 Azure,Cameras and camcorders,A. Datum,13536.00000000,6224.40000000,7311.60000000,72,22,22,0.54015957,615.27272727,3.27272727,188.00000000,86.45000000
1033,A. Datum Interchangeable lens Non-SLR Digital Camera X250 Azure,Cameras and camcorders,A. Datum,16080.00000000,5327.40000000,10752.60000000,60,17,17,0.66869403,945.88235294,3.52941176,268.00000000,88.79000000
1034,A. Datum Super-zoom Digital Camera X300 Azure,Cameras and camcorders,A. Datum,11310.00000000,3747.12000000,7562.88000000,39,13,13,0.66868966,870.00000000,3.00000000,290.00000000,96.08000000
1035,A. Datum Consumer Digital Camera E100 Azure,Cameras and camcorders,A. Datum,10116.00000000,5157.36000000,4958.64000000,36,13,13,0.49017794,778.15384615,2.76923077,281.00000000,143.26000000
1036,A. Datum Consumer Digital Camera M300 Azure,Cameras and camcorders,A. Datum,10701.00000000,4920.72000000,5780.28000000,58,19,19,0.54016260,563.21052632,3.05263158,184.50000000,84.84000000
1037,A. Datum Advanced Digital Camera M300 Azure,Cameras and camcorders,A. Datum,5843.50000000,2687.08000000,3156.42000000,31,11,11,0.54015915,531.22727273,2.81818182,188.50000000,86.68000000
1038,A. Datum Bridge Digital Camera M300 Azure,Cameras and camcorders,A. Datum,6728.40000000,3094.20000000,3634.20000000,36,11,11,0.54012841,611.67272727,3.27272727,186.90000000,85.95000000
1039,A. Datum SLR-like Digital Camera M400 Azure,Cameras and camcorders,A. Datum,8663.60000000,3984.20000000,4679.40000000,44,16,16,0.54012189,541.47500000,2.75000000,196.90000000,90.55000000
104,WWI Wireless Bluetooth Stereo Headphones M270 White,Audio,Wide World Importers,35420.00000000,16287.04000000,19132.96000000,308,92,92,0.54017391,385.00000000,3.34782609,115.00000000,52.88000000
1040,A. Datum Point n' Shoot Digital Camera M500 Azure,Cameras and camcorders,A. Datum,11484.00000000,5280.90000000,6203.10000000,58,18,18,0.54015152,638.00000000,3.22222222,198.00000000,91.05000000
1041,A. Datum Full Frame Digital Camera X300 Azure,Cameras and camcorders,A. Datum,7623.00000000,2525.49000000,5097.51000000,33,10,10,0.66870130,762.30000000,3.30000000,231.00000000,76.53000000
1042,A. Datum Point Shoot Digital Camera M500 Silver Grey,Cameras and camcorders,A. Datum,13860.00000000,6373.50000000,7486.50000000,70,19,19,0.54015152,729.47368421,3.68421053,198.00000000,91.05000000
1043,A. Datum Full Frame Digital Camera X300 Silver Grey,Cameras and camcorders,A. Datum,4851.00000000,1607.13000000,3243.87000000,21,10,10,0.66870130,485.10000000,2.10000000,231.00000000,76.53000000
1044,A. Datum SLR Camera X135 Black,Cameras and camcorders,A. Datum,23826.00000000,7894.12000000,15931.88000000,38,12,12,0.66867624,1985.50000000,3.16666667,627.00000000,207.74000000
1045,"A. Datum SLR Camera 35"" X358 Black",Cameras and camcorders,A. Datum,33516.00000000,11104.74000000,22411.26000000,57,13,13,0.66867347,2578.15384615,4.38461538,588.00000000,194.82000000
1046,A. Datum SLR Camera M135 Black,Cameras and camcorders,A. Datum,14352.00000000,6600.08000000,7751.92000000,46,17,17,0.54012821,844.23529412,2.70588235,312.00000000,143.48000000
1047,"A. Datum SLR Camera 35"" M358 Black",Cameras and camcorders,A. Datum,8112.00000000,3730.32000000,4381.68000000,24,11,11,0.54014793,737.45454545,2.18181818,338.00000000,155.43000000
1048,A. Datum SLR Camera X136 Silver,Cameras and camcorders,A. Datum,20923.00000000,6932.03000000,13990.97000000,49,14,14,0.66868852,1494.50000000,3.50000000,427.00000000,141.47000000
1049,"A. Datum SLR Camera 35"" X358 Silver",Cameras and camcorders,A. Datum,18228.00000000,6039.42000000,12188.58000000,31,12,12,0.66867347,1519.00000000,2.58333333,588.00000000,194.82000000
105,WWI Wireless Bluetooth Stereo Headphones M270 Pink,Audio,Wide World Importers,36685.00000000,16868.72000000,19816.28000000,319,106,105,0.54017391,346.08490566,3.00943396,115.00000000,52.88000000
1050,A. Datum SLR Camera M136 Silver,Cameras and camcorders,A. Datum,9360.00000000,4304.40000000,5055.60000000,30,14,14,0.54012821,668.57142857,2.14285714,312.00000000,143.48000000
1051,"A. Datum SLR Camera 35"" M358 Silver",Cameras and camcorders,A. Datum,16224.00000000,7460.64000000,8763.36000000,48,13,13,0.54014793,1248.00000000,3.69230769,338.00000000,155.43000000
1052,A. Datum SLR Camera X137 Grey,Cameras and camcorders,A. Datum,20064.00000000,6647.68000000,13416.32000000,32,13,13,0.66867624,1543.38461538,2.46153846,627.00000000,207.74000000
1053,"A. Datum SLR Camera 35"" X358 Grey",Cameras and camcorders,A. Datum,22344.00000000,7403.16000000,14940.84000000,38,16,16,0.66867347,1396.50000000,2.37500000,588.00000000,194.82000000
1054,A. Datum SLR Camera M137 Grey,Cameras and camcorders,A. Datum,22152.00000000,10187.08000000,11964.92000000,71,17,17,0.54012821,1303.05882353,4.17647059,312.00000000,143.48000000
1055,"A. Datum SLR Camera 35"" M358 Grey",Cameras and camcorders,A. Datum,18252.00000000,8393.22000000,9858.78000000,54,16,16,0.54014793,1140.75000000,3.37500000,338.00000000,155.43000000
1056,A. Datum SLR Camera X138 Silver Grey,Cameras and camcorders,A. Datum,25707.00000000,8517.34000000,17189.66000000,41,15,15,0.66867624,1713.80000000,2.73333333,627.00000000,207.74000000
1057,"A. Datum SLR Camera 35"" X358 Silver Grey",Cameras and camcorders,A. Datum,32928.00000000,10909.92000000,22018.08000000,56,19,19,0.66867347,1733.05263158,2.94736842,588.00000000,194.82000000
1058,A. Datum SLR Camera M138 Silver Grey,Cameras and camcorders,A. Datum,12168.00000000,5595.72000000,6572.28000000,39,14,14,0.54012821,869.14285714,2.78571429,312.00000000,143.48000000
1059,"A. Datum SLR Camera 35"" M358 Silver Grey",Cameras and camcorders,A. Datum,11154.00000000,5129.19000000,6024.81000000,33,13,13,0.54014793,858.00000000,2.53846154,338.00000000,155.43000000
106,WWI Stereo Bluetooth Headphones New Generation M370 Black,Audio,Wide World Importers,36040.29000000,16574.36000000,19465.93000000,271,94,94,0.54011580,383.40734043,2.88297872,132.99000000,61.16000000
1060,A. Datum SLR Camera X139 Gold,Cameras and camcorders,A. Datum,26961.00000000,8932.82000000,18028.18000000,43,9,9,0.66867624,2995.66666667,4.77777778,627.00000000,207.74000000
1061,"A. Datum SLR Camera 35"" X358 Gold",Cameras and camcorders,A. Datum,28812.00000000,9546.18000000,19265.82000000,49,11,11,0.66867347,2619.27272727,4.45454545,588.00000000,194.82000000
1062,A. Datum SLR Camera M139 Gold,Cameras and camcorders,A. Datum,19344.00000000,8895.76000000,10448.24000000,62,18,18,0.54012821,1074.66666667,3.44444444,312.00000000,143.48000000
1063,"A. Datum SLR Camera 35"" M358 Gold",Cameras and camcorders,A. Datum,16900.00000000,7771.50000000,9128.50000000,50,13,13,0.54014793,1300.00000000,3.84615385,338.00000000,155.43000000
1064,A. Datum SLR Camera X140 Pink,Cameras and camcorders,A. Datum,34485.00000000,11425.70000000,23059.30000000,55,16,16,0.66867624,2155.31250000,3.43750000,627.00000000,207.74000000
1065,"A. Datum SLR Camera 35"" X358 Pink",Cameras and camcorders,A. Datum,18228.00000000,6039.42000000,12188.58000000,31,10,10,0.66867347,1822.80000000,3.10000000,588.00000000,194.82000000
1066,A. Datum SLR Camera M140 Pink,Cameras and camcorders,A. Datum,5928.00000000,2726.12000000,3201.88000000,19,8,8,0.54012821,741.00000000,2.37500000,312.00000000,143.48000000
1067,"A. Datum SLR Camera 35"" M358 Pink",Cameras and camcorders,A. Datum,18590.00000000,8548.65000000,10041.35000000,55,15,15,0.54014793,1239.33333333,3.66666667,338.00000000,155.43000000
1068,A. Datum SLR Camera X141 Blue,Cameras and camcorders,A. Datum,17934.00000000,5941.74000000,11992.26000000,42,15,15,0.66868852,1195.60000000,2.80000000,427.00000000,141.47000000
1069,"A. Datum SLR Camera 35"" X358 Blue",Cameras and camcorders,A. Datum,22344.00000000,7403.16000000,14940.84000000,38,15,15,0.66867347,1489.60000000,2.53333333,588.00000000,194.82000000
107,WWI Stereo Bluetooth Headphones New Generation M370 White,Audio,Wide World Importers,34311.42000000,15779.28000000,18532.14000000,258,87,87,0.54011580,394.38413793,2.96551724,132.99000000,61.16000000
1070,A. Datum SLR Camera M141 Blue,Cameras and camcorders,A. Datum,13104.00000000,6026.16000000,7077.84000000,42,16,15,0.54012821,819.00000000,2.62500000,312.00000000,143.48000000
1071,"A. Datum SLR Camera 35"" M358 Blue",Cameras and camcorders,A. Datum,10140.00000000,4662.90000000,5477.10000000,30,12,12,0.54014793,845.00000000,2.50000000,338.00000000,155.43000000
1072,A. Datum SLR Camera X142 Orange,Cameras and camcorders,A. Datum,13664.00000000,4527.04000000,9136.96000000,32,10,10,0.66868852,1366.40000000,3.20000000,427.00000000,141.47000000
1073,"A. Datum SLR Camera 35"" X358 Orange",Cameras and camcorders,A. Datum,17640.00000000,5844.60000000,11795.40000000,30,13,13,0.66867347,1356.92307692,2.30769231,588.00000000,194.82000000
1074,A. Datum SLR Camera M142 Orange,Cameras and camcorders,A. Datum,10920.00000000,5021.80000000,5898.20000000,35,13,13,0.54012821,840.00000000,2.69230769,312.00000000,143.48000000
1075,"A. Datum SLR Camera 35"" M358 Orange",Cameras and camcorders,A. Datum,16224.00000000,7460.64000000,8763.36000000,48,15,15,0.54014793,1081.60000000,3.20000000,338.00000000,155.43000000
1076,Contoso SLR Camera X142 Black,Cameras and camcorders,Contoso,22295.00000000,7386.75000000,14908.25000000,35,11,11,0.66868132,2026.81818182,3.18181818,637.00000000,211.05000000
1077,"Contoso SLR Camera 35"" X358 Black",Cameras and camcorders,Contoso,21584.00000000,7151.22000000,14432.78000000,38,14,14,0.66867958,1541.71428571,2.71428571,568.00000000,188.19000000
1078,Contoso SLR Camera M142 Black,Cameras and camcorders,Contoso,14758.00000000,6786.80000000,7971.20000000,47,13,13,0.54012739,1135.23076923,3.61538462,314.00000000,144.40000000
1079,"Contoso SLR Camera 35"" M358 Black",Cameras and camcorders,Contoso,15394.00000000,7079.09000000,8314.91000000,43,11,11,0.54013966,1399.45454545,3.90909091,358.00000000,164.63000000
108,WWI Stereo Bluetooth Headphones New Generation M370 Yellow,Audio,Wide World Importers,33380.49000000,15351.16000000,18029.33000000,251,78,78,0.54011580,427.95500000,3.21794872,132.99000000,61.16000000
1080,Contoso SLR Camera X143 Silver,Cameras and camcorders,Contoso,32946.00000000,10915.53000000,22030.47000000,51,18,18,0.66868421,1830.33333333,2.83333333,646.00000000,214.03000000
1081,"Contoso SLR Camera 35"" X358 Silver",Cameras and camcorders,Contoso,19880.00000000,6586.65000000,13293.35000000,35,13,13,0.66867958,1529.23076923,2.69230769,568.00000000,188.19000000
1082,Contoso SLR Camera M143 Silver,Cameras and camcorders,Contoso,12768.00000000,5871.60000000,6896.40000000,42,10,10,0.54013158,1276.80000000,4.20000000,304.00000000,139.80000000
1083,"Contoso SLR Camera 35"" M358 Silver",Cameras and camcorders,Contoso,13962.00000000,6420.57000000,7541.43000000,39,11,11,0.54013966,1269.27272727,3.54545455,358.00000000,164.63000000
1084,Contoso SLR Camera X143 Grey,Cameras and camcorders,Contoso,26486.00000000,8775.23000000,17710.77000000,41,11,11,0.66868421,2407.81818182,3.72727273,646.00000000,214.03000000
1085,"Contoso SLR Camera 35"" X358 Grey",Cameras and camcorders,Contoso,7952.00000000,2634.66000000,5317.34000000,14,6,6,0.66867958,1325.33333333,2.33333333,568.00000000,188.19000000
1086,Contoso SLR Camera M143 Grey,Cameras and camcorders,Contoso,19152.00000000,8807.40000000,10344.60000000,63,15,15,0.54013158,1276.80000000,4.20000000,304.00000000,139.80000000
1087,"Contoso SLR Camera 35"" M358 Grey",Cameras and camcorders,Contoso,8950.00000000,4115.75000000,4834.25000000,25,7,7,0.54013966,1278.57142857,3.57142857,358.00000000,164.63000000
1088,Contoso SLR Camera X144 Silver Grey,Cameras and camcorders,Contoso,26920.00000000,8919.20000000,18000.80000000,40,13,13,0.66867756,2070.76923077,3.07692308,673.00000000,222.98000000
1089,"Contoso SLR Camera 35"" X358 Silver Grey",Cameras and camcorders,Contoso,36920.00000000,12232.35000000,24687.65000000,65,18,18,0.66867958,2051.11111111,3.61111111,568.00000000,188.19000000
109,WWI Stereo Bluetooth Headphones New Generation M370 Orange,Audio,Wide World Importers,36173.28000000,16635.52000000,19537.76000000,272,90,90,0.54011580,401.92533333,3.02222222,132.99000000,61.16000000
1090,Contoso SLR Camera M144 Silver Grey,Cameras and camcorders,Contoso,17264.00000000,7939.36000000,9324.64000000,52,17,17,0.54012048,1015.52941176,3.05882353,332.00000000,152.68000000
1091,"Contoso SLR Camera 35"" M358 Silver Grey",Cameras and camcorders,Contoso,21480.00000000,9877.80000000,11602.20000000,60,18,18,0.54013966,1193.33333333,3.33333333,358.00000000,164.63000000
1092,Contoso SLR Camera X144 Gold,Cameras and camcorders,Contoso,31631.00000000,10480.06000000,21150.94000000,47,14,14,0.66867756,2259.35714286,3.35714286,673.00000000,222.98000000
1093,"Contoso SLR Camera 35"" X358 Gold",Cameras and camcorders,Contoso,20448.00000000,6774.84000000,13673.16000000,36,10,10,0.66867958,2044.80000000,3.60000000,568.00000000,188.19000000
1094,Contoso SLR Camera M144 Gold,Cameras and camcorders,Contoso,16932.00000000,7786.68000000,9145.32000000,51,19,19,0.54012048,891.15789474,2.68421053,332.00000000,152.68000000
1095,"Contoso SLR Camera 35"" M358 Gold",Cameras and camcorders,Contoso,19690.00000000,9054.65000000,10635.35000000,55,16,16,0.54013966,1230.62500000,3.43750000,358.00000000,164.63000000
1096,Contoso SLR Camera X145 Pink,Cameras and camcorders,Contoso,22120.00000000,7328.65000000,14791.35000000,35,15,15,0.66868671,1474.66666667,2.33333333,632.00000000,209.39000000
1097,"Contoso SLR Camera 35"" X358 Pink",Cameras and camcorders,Contoso,14768.00000000,4892.94000000,9875.06000000,26,13,13,0.66867958,1136.00000000,2.00000000,568.00000000,188.19000000
1098,Contoso SLR Camera M145 Pink,Cameras and camcorders,Contoso,19208.00000000,8832.88000000,10375.12000000,56,16,16,0.54014577,1200.50000000,3.50000000,343.00000000,157.73000000
1099,"Contoso SLR Camera 35"" M358 Pink",Cameras and camcorders,Contoso,10024.00000000,4609.64000000,5414.36000000,28,6,6,0.54013966,1670.66666667,4.66666667,358.00000000,164.63000000
11,Contoso 4G MP3 Player E400 Orange,Audio,Contoso,4019.33000000,2048.86000000,1970.47000000,67,27,27,0.49024837,148.86407407,2.48148148,59.99000000,30.58000000
110,WWI Stereo Bluetooth Headphones New Generation M370 Blue,Audio,Wide World Importers,31518.63000000,14494.92000000,17023.71000000,237,72,72,0.54011580,437.75875000,3.29166667,132.99000000,61.16000000
1100,Contoso SLR Camera X145 Blue,Cameras and camcorders,Contoso,31600.00000000,10469.50000000,21130.50000000,50,10,10,0.66868671,3160.00000000,5.00000000,632.00000000,209.39000000
1101,"Contoso SLR Camera 35"" X358 Blue",Cameras and camcorders,Contoso,27264.00000000,9033.12000000,18230.88000000,48,16,16,0.66867958,1704.00000000,3.00000000,568.00000000,188.19000000
1102,Contoso SLR Camera M145 Blue,Cameras and camcorders,Contoso,6860.00000000,3154.60000000,3705.40000000,20,8,8,0.54014577,857.50000000,2.50000000,343.00000000,157.73000000
1103,"Contoso SLR Camera 35"" M358 Blue",Cameras and camcorders,Contoso,1432.00000000,658.52000000,773.48000000,4,3,3,0.54013966,477.33333333,1.33333333,358.00000000,164.63000000
1104,Contoso SLR Camera X146 Orange,Cameras and camcorders,Contoso,23058.00000000,7639.38000000,15418.62000000,54,16,16,0.66868852,1441.12500000,3.37500000,427.00000000,141.47000000
1105,"Contoso SLR Camera 35"" X358 Orange",Cameras and camcorders,Contoso,21584.00000000,7151.22000000,14432.78000000,38,13,13,0.66867958,1660.30769231,2.92307692,568.00000000,188.19000000
1106,Contoso SLR Camera M146 Orange,Cameras and camcorders,Contoso,22218.00000000,10217.52000000,12000.48000000,69,21,21,0.54012422,1058.00000000,3.28571429,322.00000000,148.08000000
1107,"Contoso SLR Camera 35"" M358 Orange",Cameras and camcorders,Contoso,19332.00000000,8890.02000000,10441.98000000,54,12,12,0.54013966,1611.00000000,4.50000000,358.00000000,164.63000000
1108,Fabrikam SLR Camera X146 Black,Cameras and camcorders,Fabrikam,32708.00000000,10836.80000000,21871.20000000,52,19,19,0.66868045,1721.47368421,2.73684211,629.00000000,208.40000000
1109,"Fabrikam SLR Camera 35"" X358 Black",Cameras and camcorders,Fabrikam,30534.00000000,10116.40000000,20417.60000000,70,16,16,0.66868409,1908.37500000,4.37500000,436.20000000,144.52000000
111,WWI Wireless Transmitter and Bluetooth Headphones X250 Black,Audio,Wide World Importers,66497.34000000,22032.78000000,44464.56000000,266,81,81,0.66866675,820.95481481,3.28395062,249.99000000,82.83000000
1110,Fabrikam SLR Camera M146 Black,Cameras and camcorders,Fabrikam,12080.00000000,5555.20000000,6524.80000000,40,10,10,0.54013245,1208.00000000,4.00000000,302.00000000,138.88000000
1111,"Fabrikam SLR Camera 35"" M358 Black",Cameras and camcorders,Fabrikam,9512.00000000,4374.36000000,5137.64000000,29,12,12,0.54012195,792.66666667,2.41666667,328.00000000,150.84000000
1112,Fabrikam SLR Camera X147 Silver,Cameras and camcorders,Fabrikam,15480.00000000,5128.80000000,10351.20000000,24,9,9,0.66868217,1720.00000000,2.66666667,645.00000000,213.70000000
1113,"Fabrikam SLR Camera 35"" X358 Silver",Cameras and camcorders,Fabrikam,28789.20000000,9538.32000000,19250.88000000,66,17,17,0.66868409,1693.48235294,3.88235294,436.20000000,144.52000000
1114,Fabrikam SLR Camera M147 Silver,Cameras and camcorders,Fabrikam,13360.00000000,6143.60000000,7216.40000000,40,13,13,0.54014970,1027.69230769,3.07692308,334.00000000,153.59000000
1115,"Fabrikam SLR Camera 35"" M358 Silver",Cameras and camcorders,Fabrikam,19024.00000000,8748.72000000,10275.28000000,58,18,18,0.54012195,1056.88888889,3.22222222,328.00000000,150.84000000
1116,Fabrikam SLR Camera X147 Grey,Cameras and camcorders,Fabrikam,29025.00000000,9616.50000000,19408.50000000,45,14,14,0.66868217,2073.21428571,3.21428571,645.00000000,213.70000000
1117,"Fabrikam SLR Camera 35"" X358 Grey",Cameras and camcorders,Fabrikam,11777.40000000,3902.04000000,7875.36000000,27,9,9,0.66868409,1308.60000000,3.00000000,436.20000000,144.52000000
1118,Fabrikam SLR Camera M147 Grey,Cameras and camcorders,Fabrikam,23046.00000000,10597.71000000,12448.29000000,69,15,15,0.54014970,1536.40000000,4.60000000,334.00000000,153.59000000
1119,"Fabrikam SLR Camera 35"" M358 Grey",Cameras and camcorders,Fabrikam,17384.00000000,7994.52000000,9389.48000000,53,17,17,0.54012195,1022.58823529,3.11764706,328.00000000,150.84000000
112,WWI Wireless Transmitter and Bluetooth Headphones X250 Blue,Audio,Wide World Importers,54997.80000000,18222.60000000,36775.20000000,220,73,73,0.66866675,753.39452055,3.01369863,249.99000000,82.83000000
1120,Fabrikam SLR Camera X148 Silver Grey,Cameras and camcorders,Fabrikam,24966.00000000,8271.84000000,16694.16000000,38,13,13,0.66867580,1920.46153846,2.92307692,657.00000000,217.68000000
1121,"Fabrikam SLR Camera 35"" X358 Silver Grey",Cameras and camcorders,Fabrikam,12649.80000000,4191.08000000,8458.72000000,29,10,10,0.66868409,1264.98000000,2.90000000,436.20000000,144.52000000
1122,Fabrikam SLR Camera M148 Silver Grey,Cameras and camcorders,Fabrikam,13612.00000000,6259.88000000,7352.12000000,41,12,12,0.54012048,1134.33333333,3.41666667,332.00000000,152.68000000
1123,"Fabrikam SLR Camera 35"" M358 Silver Grey",Cameras and camcorders,Fabrikam,13120.00000000,6033.60000000,7086.40000000,40,12,12,0.54012195,1093.33333333,3.33333333,328.00000000,150.84000000
1124,Fabrikam SLR Camera X148 Gold,Cameras and camcorders,Fabrikam,19710.00000000,6530.40000000,13179.60000000,30,12,12,0.66867580,1642.50000000,2.50000000,657.00000000,217.68000000
1125,"Fabrikam SLR Camera 35"" X358 Gold",Cameras and camcorders,Fabrikam,24863.40000000,8237.64000000,16625.76000000,57,20,20,0.66868409,1243.17000000,2.85000000,436.20000000,144.52000000
1126,Fabrikam SLR Camera M148 Gold,Cameras and camcorders,Fabrikam,19588.00000000,9008.12000000,10579.88000000,59,19,19,0.54012048,1030.94736842,3.10526316,332.00000000,152.68000000
1127,"Fabrikam SLR Camera 35"" M358 Gold",Cameras and camcorders,Fabrikam,6888.00000000,3167.64000000,3720.36000000,21,6,6,0.54012195,1148.00000000,3.50000000,328.00000000,150.84000000
1128,Fabrikam SLR Camera X149 Pink,Cameras and camcorders,Fabrikam,20691.00000000,6855.42000000,13835.58000000,33,14,14,0.66867624,1477.92857143,2.35714286,627.00000000,207.74000000
1129,"Fabrikam SLR Camera 35"" X358 Pink",Cameras and camcorders,Fabrikam,12649.80000000,4191.08000000,8458.72000000,29,10,10,0.66868409,1264.98000000,2.90000000,436.20000000,144.52000000
113,WWI Wireless Transmitter and Bluetooth Headphones X250 White,Audio,Wide World Importers,72997.08000000,24186.36000000,48810.72000000,292,88,88,0.66866675,829.51227273,3.31818182,249.99000000,82.83000000
1130,Fabrikam SLR Camera M149 Pink,Cameras and camcorders,Fabrikam,14036.00000000,6454.80000000,7581.20000000,44,15,15,0.54012539,935.73333333,2.93333333,319.00000000,146.70000000
1131,"Fabrikam SLR Camera 35"" M358 Pink",Cameras and camcorders,Fabrikam,25912.00000000,11916.36000000,13995.64000000,79,20,20,0.54012195,1295.60000000,3.95000000,328.00000000,150.84000000
1132,Fabrikam SLR Camera X149 Blue,Cameras and camcorders,Fabrikam,23826.00000000,7894.12000000,15931.88000000,38,9,9,0.66867624,2647.33333333,4.22222222,627.00000000,207.74000000
1133,"Fabrikam SLR Camera 35"" X358 Blue",Cameras and camcorders,Fabrikam,17884.20000000,5925.32000000,11958.88000000,41,10,10,0.66868409,1788.42000000,4.10000000,436.20000000,144.52000000
1134,Fabrikam SLR Camera M149 Blue,Cameras and camcorders,Fabrikam,22649.00000000,10415.70000000,12233.30000000,71,19,19,0.54012539,1192.05263158,3.73684211,319.00000000,146.70000000
1135,"Fabrikam SLR Camera 35"" M358 Blue",Cameras and camcorders,Fabrikam,12464.00000000,5731.92000000,6732.08000000,38,12,12,0.54012195,1038.66666667,3.16666667,328.00000000,150.84000000
1136,Fabrikam SLR Camera X150 Orange,Cameras and camcorders,Fabrikam,11051.50000000,3661.60000000,7389.90000000,23,11,11,0.66867846,1004.68181818,2.09090909,480.50000000,159.20000000
1137,"Fabrikam SLR Camera 35"" X358 Orange",Cameras and camcorders,Fabrikam,8724.00000000,2890.40000000,5833.60000000,20,10,10,0.66868409,872.40000000,2.00000000,436.20000000,144.52000000
1138,Fabrikam SLR Camera M150 Orange,Cameras and camcorders,Fabrikam,28608.70000000,13156.06000000,15452.64000000,73,21,21,0.54013779,1362.31904762,3.47619048,391.90000000,180.22000000
1139,"Fabrikam SLR Camera 35"" M358 Orange",Cameras and camcorders,Fabrikam,15416.00000000,7089.48000000,8326.52000000,47,12,12,0.54012195,1284.66666667,3.91666667,328.00000000,150.84000000
114,WWI Wireless Transmitter and Bluetooth Headphones X250 Red,Audio,Wide World Importers,73997.04000000,24517.68000000,49479.36000000,296,105,105,0.66866675,704.73371429,2.81904762,249.99000000,82.83000000
1140,Fabrikam SLR Camera X150 Green,Cameras and camcorders,Fabrikam,30752.00000000,10188.80000000,20563.20000000,64,14,14,0.66867846,2196.57142857,4.57142857,480.50000000,159.20000000
1141,"Fabrikam SLR Camera 35"" X358 Green",Cameras and camcorders,Fabrikam,20065.20000000,6647.92000000,13417.28000000,46,17,17,0.66868409,1180.30588235,2.70588235,436.20000000,144.52000000
1142,Fabrikam SLR Camera M150 Green,Cameras and camcorders,Fabrikam,18811.20000000,8650.56000000,10160.64000000,48,15,15,0.54013779,1254.08000000,3.20000000,391.90000000,180.22000000
1143,"Fabrikam SLR Camera 35"" M358 Green",Cameras and camcorders,Fabrikam,5576.00000000,2564.28000000,3011.72000000,17,3,3,0.54012195,1858.66666667,5.66666667,328.00000000,150.84000000
1144,"Fabrikam Home and Vacation Moviemaker 1"" 25mm M400 Blue",Cameras and camcorders,Fabrikam,15600.00000000,7173.92000000,8426.08000000,26,11,11,0.54013333,1418.18181818,2.36363636,600.00000000,275.92000000
1145,"Fabrikam Home and Vacation Moviemaker 1/2"" 3mm M300 Orange",Cameras and camcorders,Fabrikam,40186.00000000,18479.88000000,21706.12000000,71,19,19,0.54014134,2115.05263158,3.73684211,566.00000000,260.28000000
1146,"Fabrikam Home and vacation moviemaker 1/3"" 8.5mm M200 Blue",Cameras and camcorders,Fabrikam,21522.00000000,9897.06000000,11624.94000000,34,14,14,0.54014218,1537.28571429,2.42857143,633.00000000,291.09000000
1147,Fabrikam Home and vacation moviemaker 2/3'' 17mm M103 Black,Cameras and camcorders,Fabrikam,29475.00000000,13554.45000000,15920.55000000,45,13,13,0.54013740,2267.30769231,3.46153846,655.00000000,301.21000000
1148,Fabrikam Budget Movie-Maker 1'' 25mm E400 Black,Cameras and camcorders,Fabrikam,16036.00000000,8175.70000000,7860.30000000,38,15,15,0.49016588,1069.06666667,2.53333333,422.00000000,215.15000000
1149,Fabrikam Budget Movie-Maker 1/2'' 3mm E300 Black,Cameras and camcorders,Fabrikam,15120.00000000,7708.75000000,7411.25000000,35,10,10,0.49016204,1512.00000000,3.50000000,432.00000000,220.25000000
115,WWI Wireless Transmitter and Bluetooth Headphones X250 Silver,Audio,Wide World Importers,69247.23000000,22943.91000000,46303.32000000,277,82,82,0.66866675,844.47841463,3.37804878,249.99000000,82.83000000
1150,Fabrikam Budget Movie-Maker 1/3'' 8.5mm E200 Black,Cameras and camcorders,Fabrikam,21372.00000000,10896.08000000,10475.92000000,52,13,13,0.49017032,1644.00000000,4.00000000,411.00000000,209.54000000
1151,Fabrikam Budget Movie-Maker 2/3'' 17mm E100 Black,Cameras and camcorders,Fabrikam,18040.00000000,9197.32000000,8842.68000000,44,18,18,0.49017073,1002.22222222,2.44444444,410.00000000,209.03000000
1152,"Fabrikam Trendsetter 1"" 25mm X400 Blue",Cameras and camcorders,Fabrikam,40000.00000000,13252.80000000,26747.20000000,40,12,12,0.66868000,3333.33333333,3.33333333,1000.00000000,331.32000000
1153,Fabrikam Trendsetter 1/2'' 3mm X300 Black,Cameras and camcorders,Fabrikam,23976.00000000,7943.76000000,16032.24000000,24,12,12,0.66867868,1998.00000000,2.00000000,999.00000000,330.99000000
1154,"Fabrikam Trendsetter 1/3"" 8.5mm X200 Blue",Cameras and camcorders,Fabrikam,64870.00000000,21492.90000000,43377.10000000,65,14,14,0.66867735,4633.57142857,4.64285714,998.00000000,330.66000000
1155,Fabrikam Trendsetter 2/3'' 17mm X100 Black,Cameras and camcorders,Fabrikam,37240.00000000,12338.22000000,24901.78000000,38,11,11,0.66868367,3385.45454545,3.45454545,980.00000000,324.69000000
1156,Fabrikam Independent Filmmaker 1'' 25mm X400 Black,Cameras and camcorders,Fabrikam,65600.00000000,21734.51000000,43865.49000000,41,13,13,0.66868125,5046.15384615,3.15384615,1600.00000000,530.11000000
1157,"Fabrikam Independent Filmmaker 1/2"" 3mm X300 Orange",Cameras and camcorders,Fabrikam,69520.00000000,23033.56000000,46486.44000000,44,15,15,0.66867722,4634.66666667,2.93333333,1580.00000000,523.49000000
1158,Fabrikam Independent Filmmaker 1/3'' 8.5mm X200 Black,Cameras and camcorders,Fabrikam,65520.00000000,21708.12000000,43811.88000000,42,17,17,0.66867949,3854.11764706,2.47058824,1560.00000000,516.86000000
1159,"Fabrikam Independent Filmmaker 2/3"" 17mm X100 Blue",Cameras and camcorders,Fabrikam,30400.00000000,10072.20000000,20327.80000000,20,4,4,0.66867763,7600.00000000,5.00000000,1520.00000000,503.61000000
116,"Adventure Works 20"" CRT TV E15 Silver",TV and Video,Adventure Works,19378.86000000,9880.38000000,9498.48000000,114,32,32,0.49014648,605.58937500,3.56250000,169.99000000,86.67000000
1160,"Fabrikam Business Videographer 1"" 25mm M600 Blue",Cameras and camcorders,Fabrikam,29370.00000000,13506.24000000,15863.76000000,33,14,14,0.54013483,2097.85714286,2.35714286,890.00000000,409.28000000
1161,Fabrikam Business Videographer 1/2'' 3mm M500 Black,Cameras and camcorders,Fabrikam,29920.00000000,13759.12000000,16160.88000000,34,12,12,0.54013636,2493.33333333,2.83333333,880.00000000,404.68000000
1162,Fabrikam Business Videographer 1/3'' 8.5mm M380 Black,Cameras and camcorders,Fabrikam,41280.00000000,18983.04000000,22296.96000000,48,15,15,0.54013953,2752.00000000,3.20000000,860.00000000,395.48000000
1163,Fabrikam Business Videographer 2/3'' 17mm M280 Black,Cameras and camcorders,Fabrikam,39100.00000000,17980.48000000,21119.52000000,46,13,13,0.54014118,3007.69230769,3.53846154,850.00000000,390.88000000
1164,Fabrikam Social videographer 1'' 25mm E400 Black,Cameras and camcorders,Fabrikam,10980.00000000,5597.97000000,5382.03000000,61,17,17,0.49016667,645.88235294,3.58823529,180.00000000,91.77000000
1165,Fabrikam Social Videographer 1/2'' 3mm E300 Black,Cameras and camcorders,Fabrikam,7310.00000000,3726.81000000,3583.19000000,43,11,11,0.49017647,664.54545455,3.90909091,170.00000000,86.67000000
1166,Fabrikam Social Videographer 1/3'' 8.5mm E200 Black,Cameras and camcorders,Fabrikam,7590.00000000,3869.52000000,3720.48000000,46,12,12,0.49018182,632.50000000,3.83333333,165.00000000,84.12000000
1167,Fabrikam Social Videographer 2/3'' 17mm E100 Black,Cameras and camcorders,Fabrikam,3360.00000000,1712.97000000,1647.03000000,21,6,6,0.49018750,560.00000000,3.50000000,160.00000000,81.57000000
1168,Fabrikam Home and Vacation Moviemaker 1'' 25mm M400 White,Cameras and camcorders,Fabrikam,15000.00000000,6898.00000000,8102.00000000,25,8,8,0.54013333,1875.00000000,3.12500000,600.00000000,275.92000000
1169,Fabrikam Home and Vacation Moviemaker 1/2'' 3mm M300 White,Cameras and camcorders,Fabrikam,18112.00000000,8328.96000000,9783.04000000,32,11,11,0.54014134,1646.54545455,2.90909091,566.00000000,260.28000000
117,"Adventure Works 20"" CRT TV E15 Black",TV and Video,Adventure Works,19548.85000000,9967.05000000,9581.80000000,115,40,39,0.49014648,488.72125000,2.87500000,169.99000000,86.67000000
1170,Fabrikam Home and Vacation Moviemaker 1/3'' 8.5mm M200 White,Cameras and camcorders,Fabrikam,32283.00000000,14845.59000000,17437.41000000,51,16,16,0.54014218,2017.68750000,3.18750000,633.00000000,291.09000000
1171,Fabrikam Home and Vacation Moviemaker 2/3'' 17mm M103 White,Cameras and camcorders,Fabrikam,20305.00000000,9337.51000000,10967.49000000,31,14,14,0.54013740,1450.35714286,2.21428571,655.00000000,301.21000000
1172,Fabrikam Budget Moviemaker 1'' 25mm E400 White,Cameras and camcorders,Fabrikam,24054.00000000,12263.55000000,11790.45000000,57,18,18,0.49016588,1336.33333333,3.16666667,422.00000000,215.15000000
1173,Fabrikam Budget Moviemaker 1/2'' 3mm E300 White,Cameras and camcorders,Fabrikam,16848.00000000,8589.75000000,8258.25000000,39,9,9,0.49016204,1872.00000000,4.33333333,432.00000000,220.25000000
1174,Fabrikam Budget Moviemaker 1/3'' 8.5mm E200 White,Cameras and camcorders,Fabrikam,13152.00000000,6705.28000000,6446.72000000,32,12,12,0.49017032,1096.00000000,2.66666667,411.00000000,209.54000000
1175,Fabrikam Budget Moviemaker 2/3'' 17mm E100 White,Cameras and camcorders,Fabrikam,13940.00000000,7107.02000000,6832.98000000,34,12,12,0.49017073,1161.66666667,2.83333333,410.00000000,209.03000000
1176,Fabrikam Trendsetter 1'' 25mm X400 White,Cameras and camcorders,Fabrikam,59000.00000000,19547.88000000,39452.12000000,59,18,18,0.66868000,3277.77777778,3.27777778,1000.00000000,331.32000000
1177,Fabrikam Trendsetter 1/2'' 3mm X300 White,Cameras and camcorders,Fabrikam,54945.00000000,18204.45000000,36740.55000000,55,20,20,0.66867868,2747.25000000,2.75000000,999.00000000,330.99000000
1178,Fabrikam Trendsetter 1/3'' 8.5mm X200 White,Cameras and camcorders,Fabrikam,22954.00000000,7605.18000000,15348.82000000,23,7,7,0.66867735,3279.14285714,3.28571429,998.00000000,330.66000000
1179,Fabrikam Trendsetter 2/3'' 17mm X100 White,Cameras and camcorders,Fabrikam,80360.00000000,26624.58000000,53735.42000000,82,22,22,0.66868367,3652.72727273,3.72727273,980.00000000,324.69000000
118,"Adventure Works 20"" CRT TV E15 White",TV and Video,Adventure Works,19208.87000000,9793.71000000,9415.16000000,113,40,40,0.49014648,480.22175000,2.82500000,169.99000000,86.67000000
1180,Fabrikam Independent filmmaker 1'' 25mm X400 White,Cameras and camcorders,Fabrikam,62400.00000000,20674.29000000,41725.71000000,39,13,13,0.66868125,4800.00000000,3.00000000,1600.00000000,530.11000000
1181,Fabrikam Independent filmmaker 1/2'' 3mm X300 White,Cameras and camcorders,Fabrikam,75840.00000000,25127.52000000,50712.48000000,48,17,17,0.66867722,4461.17647059,2.82352941,1580.00000000,523.49000000
1182,Fabrikam Independent filmmaker 1/3'' 8.5mm X200 White,Cameras and camcorders,Fabrikam,62400.00000000,20674.40000000,41725.60000000,40,11,11,0.66867949,5672.72727273,3.63636364,1560.00000000,516.86000000
1183,Fabrikam Independent filmmaker 2/3'' 17mm X100 White,Cameras and camcorders,Fabrikam,47120.00000000,15611.91000000,31508.09000000,31,12,12,0.66867763,3926.66666667,2.58333333,1520.00000000,503.61000000
1184,Fabrikam Business Videographer 1'' 25mm M600 White,Cameras and camcorders,Fabrikam,64080.00000000,29468.16000000,34611.84000000,72,16,16,0.54013483,4005.00000000,4.50000000,890.00000000,409.28000000
1185,"Fabrikam Business Videographer 1/2"" 3mm M500 Orange",Cameras and camcorders,Fabrikam,26400.00000000,12140.40000000,14259.60000000,30,12,12,0.54013636,2200.00000000,2.50000000,880.00000000,404.68000000
1186,"Fabrikam Business Videographer 1/3"" 8.5mm M380 Orange",Cameras and camcorders,Fabrikam,35260.00000000,16214.68000000,19045.32000000,41,12,12,0.54013953,2938.33333333,3.41666667,860.00000000,395.48000000
1187,"Fabrikam Business Videographer 2/3"" 17mm M280 Orange",Cameras and camcorders,Fabrikam,36550.00000000,16807.84000000,19742.16000000,43,11,11,0.54014118,3322.72727273,3.90909091,850.00000000,390.88000000
1188,"Fabrikam Social Videographer 1"" 25mm E400 Orange",Cameras and camcorders,Fabrikam,9000.00000000,4588.50000000,4411.50000000,50,16,16,0.49016667,562.50000000,3.12500000,180.00000000,91.77000000
1189,"Fabrikam Social Videographer 1/2"" 3mm E300 Orange",Cameras and camcorders,Fabrikam,4080.00000000,2080.08000000,1999.92000000,24,9,9,0.49017647,453.33333333,2.66666667,170.00000000,86.67000000
119,"Adventure Works 13"" Color TV E25 Silver",TV and Video,Adventure Works,13678.86000000,6973.38000000,6705.48000000,114,36,36,0.49020752,379.96833333,3.16666667,119.99000000,61.17000000
1190,"Fabrikam Social Videographer 1/3"" 8.5mm E200 Orange",Cameras and camcorders,Fabrikam,5610.00000000,2860.08000000,2749.92000000,34,15,15,0.49018182,374.00000000,2.26666667,165.00000000,84.12000000
1191,"Fabrikam Social Videographer 2/3"" 17mm E100 Orange",Cameras and camcorders,Fabrikam,8960.00000000,4567.92000000,4392.08000000,56,15,15,0.49018750,597.33333333,3.73333333,160.00000000,81.57000000
1192,Fabrikam Home and Vacation Moviemaker 1'' 25mm M400 Grey,Cameras and camcorders,Fabrikam,47400.00000000,21797.68000000,25602.32000000,79,18,18,0.54013333,2633.33333333,4.38888889,600.00000000,275.92000000
1193,Fabrikam Home and Vacation Moviemaker 1/2'' 3mm M300 Grey,Cameras and camcorders,Fabrikam,24904.00000000,11452.32000000,13451.68000000,44,15,15,0.54014134,1660.26666667,2.93333333,566.00000000,260.28000000
1194,Fabrikam Home and Vacation Moviemaker 1/3'' 8.5mm M200 Grey,Cameras and camcorders,Fabrikam,30384.00000000,13972.32000000,16411.68000000,48,16,16,0.54014218,1899.00000000,3.00000000,633.00000000,291.09000000
1195,Fabrikam Home and Vacation Moviemaker 2/3'' 17mm M103 Grey,Cameras and camcorders,Fabrikam,27510.00000000,12650.82000000,14859.18000000,42,12,12,0.54013740,2292.50000000,3.50000000,655.00000000,301.21000000
1196,Fabrikam Budget Moviemaker 1'' 25mm E400 Grey,Cameras and camcorders,Fabrikam,15614.00000000,7960.55000000,7653.45000000,37,13,13,0.49016588,1201.07692308,2.84615385,422.00000000,215.15000000
1197,Fabrikam Budget Moviemaker 1/2'' 3mm E300 Grey,Cameras and camcorders,Fabrikam,20304.00000000,10351.75000000,9952.25000000,47,12,12,0.49016204,1692.00000000,3.91666667,432.00000000,220.25000000
1198,Fabrikam Budget Moviemaker 1/3'' 8.5mm E200 Grey,Cameras and camcorders,Fabrikam,7398.00000000,3771.72000000,3626.28000000,18,11,11,0.49017032,672.54545455,1.63636364,411.00000000,209.54000000
1199,Fabrikam Budget Moviemaker 2/3'' 17mm E100 Grey,Cameras and camcorders,Fabrikam,22960.00000000,11705.68000000,11254.32000000,56,16,16,0.49017073,1435.00000000,3.50000000,410.00000000,209.03000000
12,Contoso 4GB Flash MP3 Player E401 Blue,Audio,Contoso,3573.28000000,1643.12000000,1930.16000000,46,18,18,0.54016478,198.51555556,2.55555556,77.68000000,35.72000000
120,"Adventure Works 13"" Color TV E25 Black",TV and Video,Adventure Works,13918.84000000,7095.72000000,6823.12000000,116,39,39,0.49020752,356.89333333,2.97435897,119.99000000,61.17000000
1200,Fabrikam Trendsetter 1'' 25mm X400 Grey,Cameras and camcorders,Fabrikam,27000.00000000,8945.64000000,18054.36000000,27,10,10,0.66868000,2700.00000000,2.70000000,1000.00000000,331.32000000
1201,Fabrikam Trendsetter 1/2'' 3mm X300 Grey,Cameras and camcorders,Fabrikam,30969.00000000,10260.69000000,20708.31000000,31,11,11,0.66867868,2815.36363636,2.81818182,999.00000000,330.99000000
1202,Fabrikam Trendsetter 1/3'' 8.5mm X200 Grey,Cameras and camcorders,Fabrikam,39920.00000000,13226.40000000,26693.60000000,40,12,12,0.66867735,3326.66666667,3.33333333,998.00000000,330.66000000
1203,Fabrikam Trendsetter 2/3'' 17mm X100 Grey,Cameras and camcorders,Fabrikam,62720.00000000,20780.16000000,41939.84000000,64,17,17,0.66868367,3689.41176471,3.76470588,980.00000000,324.69000000
1204,Fabrikam Independent Filmmaker 1'' 25mm X400 Grey,Cameras and camcorders,Fabrikam,54400.00000000,18023.74000000,36376.26000000,34,12,12,0.66868125,4533.33333333,2.83333333,1600.00000000,530.11000000
1205,Fabrikam Independent Filmmaker 1/2'' 3mm X300 Grey,Cameras and camcorders,Fabrikam,33180.00000000,10993.29000000,22186.71000000,21,6,6,0.66867722,5530.00000000,3.50000000,1580.00000000,523.49000000
1206,Fabrikam Independent Filmmaker 1/3'' 8.5mm X200 Grey,Cameras and camcorders,Fabrikam,132600.00000000,43933.10000000,88666.90000000,85,17,17,0.66867949,7800.00000000,5.00000000,1560.00000000,516.86000000
1207,Fabrikam Independent Filmmaker 2/3'' 17mm X100 Grey,Cameras and camcorders,Fabrikam,72960.00000000,24173.28000000,48786.72000000,48,13,13,0.66867763,5612.30769231,3.69230769,1520.00000000,503.61000000
1208,Fabrikam Business Videographer 1'' 25mm M600 Grey,Cameras and camcorders,Fabrikam,53400.00000000,24556.80000000,28843.20000000,60,17,17,0.54013483,3141.17647059,3.52941176,890.00000000,409.28000000
1209,Fabrikam Business Videographer 1/2'' 3mm M500 Grey,Cameras and camcorders,Fabrikam,58960.00000000,27113.56000000,31846.44000000,67,19,19,0.54013636,3103.15789474,3.52631579,880.00000000,404.68000000
121,"Adventure Works 13"" Color TV E25 White",TV and Video,Adventure Works,11519.04000000,5872.32000000,5646.72000000,96,34,34,0.49020752,338.79529412,2.82352941,119.99000000,61.17000000
1210,Fabrikam Business Videographer 1/3'' 8.5mm M380 Grey,Cameras and camcorders,Fabrikam,37840.00000000,17401.12000000,20438.88000000,44,17,16,0.54013953,2225.88235294,2.58823529,860.00000000,395.48000000
1211,Fabrikam Business Videographer 2/3'' 17mm M280 Grey,Cameras and camcorders,Fabrikam,34000.00000000,15635.20000000,18364.80000000,40,15,15,0.54014118,2266.66666667,2.66666667,850.00000000,390.88000000
1212,Fabrikam Social Videographer 1'' 25mm E400 Grey,Cameras and camcorders,Fabrikam,7560.00000000,3854.34000000,3705.66000000,42,11,11,0.49016667,687.27272727,3.81818182,180.00000000,91.77000000
1213,Fabrikam Social Videographer 1/2'' 3mm E300 Grey,Cameras and camcorders,Fabrikam,11730.00000000,5980.23000000,5749.77000000,69,21,21,0.49017647,558.57142857,3.28571429,170.00000000,86.67000000
1214,Fabrikam Social Videographer 1/3'' 8.5mm E200 Grey,Cameras and camcorders,Fabrikam,6105.00000000,3112.44000000,2992.56000000,37,12,12,0.49018182,508.75000000,3.08333333,165.00000000,84.12000000
1215,Fabrikam Social Videographer 2/3'' 17mm E100 Grey,Cameras and camcorders,Fabrikam,8320.00000000,4241.64000000,4078.36000000,52,15,15,0.49018750,554.66666667,3.46666667,160.00000000,81.57000000
1216,Fabrikam Home and Vacation Moviemaker 1'' 25mm M400 Black,Cameras and camcorders,Fabrikam,27280.00000000,12545.28000000,14734.72000000,44,13,13,0.54012903,2098.46153846,3.38461538,620.00000000,285.12000000
1217,Fabrikam Home and Vacation Moviemaker 1/2'' 3mm M300 Black,Cameras and camcorders,Fabrikam,8340.00000000,3835.20000000,4504.80000000,15,5,5,0.54014388,1668.00000000,3.00000000,556.00000000,255.68000000
1218,Fabrikam Home and Vacation Moviemaker 1/3'' 8.5mm M200 Black,Cameras and camcorders,Fabrikam,21692.00000000,9975.26000000,11716.74000000,34,11,11,0.54014107,1972.00000000,3.09090909,638.00000000,293.39000000
1219,"Fabrikam Home and Vacation Moviemaker 2/3"" 17mm M103 Blue",Cameras and camcorders,Fabrikam,35245.00000000,16207.93000000,19037.07000000,53,17,17,0.54013534,2073.23529412,3.11764706,665.00000000,305.81000000
122,"Adventure Works 19"" Portable LCD HDTV M110 Silver",TV and Video,Adventure Works,33598.80000000,15451.20000000,18147.60000000,120,32,32,0.54012643,1049.96250000,3.75000000,279.99000000,128.76000000
1220,Fabrikam Budget Moviemaker 1'' 25mm E400 Black,Cameras and camcorders,Fabrikam,22600.00000000,11522.00000000,11078.00000000,50,11,11,0.49017699,2054.54545455,4.54545455,452.00000000,230.44000000
1221,Fabrikam Budget Moviemaker 1/2'' 3mm E300 Black,Cameras and camcorders,Fabrikam,19280.00000000,9829.60000000,9450.40000000,40,13,13,0.49016598,1483.07692308,3.07692308,482.00000000,245.74000000
1222,Fabrikam Budget Moviemaker 1/3'' 8.5mm E200 Black,Cameras and camcorders,Fabrikam,7758.00000000,3955.32000000,3802.68000000,18,9,9,0.49016241,862.00000000,2.00000000,431.00000000,219.74000000
1223,Fabrikam Budget Moviemaker 2/3'' 17mm E100 Black,Cameras and camcorders,Fabrikam,39560.00000000,20168.72000000,19391.28000000,86,19,19,0.49017391,2082.10526316,4.52631579,460.00000000,234.52000000
1224,Fabrikam Trendsetter 1'' 25mm X400 Black,Cameras and camcorders,Fabrikam,38110.00000000,12626.62000000,25483.38000000,37,12,12,0.66867961,3175.83333333,3.08333333,1030.00000000,341.26000000
1225,"Fabrikam Trendsetter 1/2"" 3mm X300 Orange",Cameras and camcorders,Fabrikam,58000.00000000,19216.56000000,38783.44000000,58,17,17,0.66868000,3411.76470588,3.41176471,1000.00000000,331.32000000
1226,Fabrikam Trendsetter 1/3'' 8.5mm X200 Black,Cameras and camcorders,Fabrikam,70929.00000000,23500.29000000,47428.71000000,71,21,21,0.66867868,3377.57142857,3.38095238,999.00000000,330.99000000
1227,"Fabrikam Trendsetter 2/3"" 17mm X100 Orange",Cameras and camcorders,Fabrikam,37544.00000000,12438.92000000,25105.08000000,38,17,17,0.66868421,2208.47058824,2.23529412,988.00000000,327.34000000
1228,"Fabrikam Independent Filmmaker 1"" 25mm X400 Blue",Cameras and camcorders,Fabrikam,81000.00000000,26837.00000000,54163.00000000,50,19,19,0.66867901,4263.15789474,2.63157895,1620.00000000,536.74000000
1229,Fabrikam Independent Filmmaker 1/2'' 3mm X300 Black,Cameras and camcorders,Fabrikam,59280.00000000,19640.68000000,39639.32000000,38,15,15,0.66867949,3952.00000000,2.53333333,1560.00000000,516.86000000
123,"Adventure Works 19"" Portable LCD HDTV M110 Black",TV and Video,Adventure Works,31078.89000000,14292.36000000,16786.53000000,111,34,34,0.54012643,914.08500000,3.26470588,279.99000000,128.76000000
1230,"Fabrikam Independent Filmmaker 1/3"" 8.5mm X200 Blue",Cameras and camcorders,Fabrikam,38250.00000000,12673.00000000,25577.00000000,25,10,10,0.66867974,3825.00000000,2.50000000,1530.00000000,506.92000000
1231,Fabrikam Independent Filmmaker 2/3'' 17mm X100 Black,Cameras and camcorders,Fabrikam,63000.00000000,20873.16000000,42126.84000000,42,13,13,0.66868000,4846.15384615,3.23076923,1500.00000000,496.98000000
1232,Fabrikam Business Videographer 1'' 25mm M600 Black,Cameras and camcorders,Fabrikam,44400.00000000,20418.00000000,23982.00000000,50,15,15,0.54013514,2960.00000000,3.33333333,888.00000000,408.36000000
1233,"Fabrikam Business Videographer 1/2"" 3mm M500 Blue",Cameras and camcorders,Fabrikam,40388.00000000,18572.96000000,21815.04000000,46,15,15,0.54013667,2692.53333333,3.06666667,878.00000000,403.76000000
1234,"Fabrikam Business Videographer 1/3"" 8.5mm M380 Blue",Cameras and camcorders,Fabrikam,14552.00000000,6691.88000000,7860.12000000,17,7,7,0.54014019,2078.85714286,2.42857143,856.00000000,393.64000000
1235,"Fabrikam Business Videographer 2/3"" 17mm M280 Blue",Cameras and camcorders,Fabrikam,33520.00000000,15414.80000000,18105.20000000,40,12,12,0.54013126,2793.33333333,3.33333333,838.00000000,385.37000000
1236,"Fabrikam Social Videographer 1"" 25mm E400 Blue",Cameras and camcorders,Fabrikam,6768.00000000,3450.60000000,3317.40000000,36,13,13,0.49015957,520.61538462,2.76923077,188.00000000,95.85000000
1237,"Fabrikam Social Videographer 1/2"" 3mm E300 Blue",Cameras and camcorders,Fabrikam,4628.00000000,2359.50000000,2268.50000000,26,10,10,0.49016854,462.80000000,2.60000000,178.00000000,90.75000000
1238,"Fabrikam Social Videographer 1/3"" 8.5mm E200 Blue",Cameras and camcorders,Fabrikam,8232.00000000,4196.85000000,4035.15000000,49,13,13,0.49017857,633.23076923,3.76923077,168.00000000,85.65000000
1239,"Fabrikam Social Videographer 2/3"" 17mm E100 Blue",Cameras and camcorders,Fabrikam,6636.00000000,3383.10000000,3252.90000000,42,14,14,0.49018987,474.00000000,3.00000000,158.00000000,80.55000000
124,"Adventure Works 19"" Portable LCD HDTV M110 White",TV and Video,Adventure Works,32758.83000000,15064.92000000,17693.91000000,117,38,38,0.54012643,862.07447368,3.07894737,279.99000000,128.76000000
1240,Fabrikam Business Videographer 1/2'' 3mm M500 White,Cameras and camcorders,Fabrikam,48290.00000000,22206.80000000,26083.20000000,55,15,15,0.54013667,3219.33333333,3.66666667,878.00000000,403.76000000
1241,Fabrikam Business Videographer 1/3'' 8.5mm M380 White,Cameras and camcorders,Fabrikam,29104.00000000,13383.76000000,15720.24000000,34,12,12,0.54014019,2425.33333333,2.83333333,856.00000000,393.64000000
1242,Fabrikam Business Videographer 2/3'' 17mm M280 White,Cameras and camcorders,Fabrikam,41062.00000000,18883.13000000,22178.87000000,49,17,17,0.54013126,2415.41176471,2.88235294,838.00000000,385.37000000
1243,Fabrikam Social Videographer 1'' 25mm E400 White,Cameras and camcorders,Fabrikam,7708.00000000,3929.85000000,3778.15000000,41,12,12,0.49015957,642.33333333,3.41666667,188.00000000,95.85000000
1244,Fabrikam Social Videographer 1/2'' 3mm E300 White,Cameras and camcorders,Fabrikam,7476.00000000,3811.50000000,3664.50000000,42,16,16,0.49016854,467.25000000,2.62500000,178.00000000,90.75000000
1245,Fabrikam Social Videographer 1/3'' 8.5mm E200 White,Cameras and camcorders,Fabrikam,9912.00000000,5053.35000000,4858.65000000,59,19,19,0.49017857,521.68421053,3.10526316,168.00000000,85.65000000
1246,Fabrikam Social Videographer 2/3'' 17mm E100 White,Cameras and camcorders,Fabrikam,7268.00000000,3705.30000000,3562.70000000,46,16,16,0.49018987,454.25000000,2.87500000,158.00000000,80.55000000
1247,Contoso Rechargeable Li-Ion Battery Pack E300 Silver,Cameras and camcorders,Contoso,3199.36000000,1631.36000000,1568.00000000,64,19,19,0.49009802,168.38736842,3.36842105,49.99000000,25.49000000
1248,Contoso Rechargeable Li-Ion Battery Pack E300 Black,Cameras and camcorders,Contoso,2999.40000000,1529.40000000,1470.00000000,60,16,16,0.49009802,187.46250000,3.75000000,49.99000000,25.49000000
1249,Contoso Rechargeable Li-Ion Battery Pack E300 White,Cameras and camcorders,Contoso,3849.23000000,1962.73000000,1886.50000000,77,22,22,0.49009802,174.96500000,3.50000000,49.99000000,25.49000000
125,"Adventure Works 19"" Color Digital TV E35 Silver",TV and Video,Adventure Works,13479.60000000,6872.34000000,6607.26000000,94,35,35,0.49016736,385.13142857,2.68571429,143.40000000,73.11000000
1250,Contoso Travel Charger for S-Series Battery E302 Silver,Cameras and camcorders,Contoso,4499.25000000,2293.50000000,2205.75000000,75,22,22,0.49024837,204.51136364,3.40909091,59.99000000,30.58000000
1251,Contoso Travel Charger for S-Series Battery E302 Black,Cameras and camcorders,Contoso,4259.29000000,2171.18000000,2088.11000000,71,27,27,0.49024837,157.75148148,2.62962963,59.99000000,30.58000000
1252,Contoso Travel Charger for S-Series Battery E302 White,Cameras and camcorders,Contoso,3419.43000000,1743.06000000,1676.37000000,57,20,20,0.49024837,170.97150000,2.85000000,59.99000000,30.58000000
1253,Contoso General Carrying Case E304 Silver,Cameras and camcorders,Contoso,1059.47000000,540.07000000,519.40000000,53,17,17,0.49024512,62.32176471,3.11764706,19.99000000,10.19000000
1254,Contoso General Carrying Case E304 Black,Cameras and camcorders,Contoso,1199.40000000,611.40000000,588.00000000,60,21,21,0.49024512,57.11428571,2.85714286,19.99000000,10.19000000
1255,Contoso General Carrying Case E304 White,Cameras and camcorders,Contoso,1379.31000000,703.11000000,676.20000000,69,24,24,0.49024512,57.47125000,2.87500000,19.99000000,10.19000000
1256,Contoso General Carrying Case E304 Blue,Cameras and camcorders,Contoso,1719.14000000,876.34000000,842.80000000,86,24,24,0.49024512,71.63083333,3.58333333,19.99000000,10.19000000
1257,Contoso Cyber Shot Digital Cameras Adapter E306 Pink,Cameras and camcorders,Contoso,1119.72000000,570.92000000,548.80000000,28,10,10,0.49012253,111.97200000,2.80000000,39.99000000,20.39000000
1258,Contoso Cyber Shot Digital Cameras Adapter E306 Blue,Cameras and camcorders,Contoso,2759.31000000,1406.91000000,1352.40000000,69,23,23,0.49012253,119.97000000,3.00000000,39.99000000,20.39000000
1259,Contoso Cyber Shot Digital Cameras Adapter E306 Black,Cameras and camcorders,Contoso,4038.99000000,2059.39000000,1979.60000000,101,25,25,0.49012253,161.55960000,4.04000000,39.99000000,20.39000000
126,"Adventure Works 19"" Color Digital TV E35 Black",TV and Video,Adventure Works,18928.80000000,9650.52000000,9278.28000000,132,36,36,0.49016736,525.80000000,3.66666667,143.40000000,73.11000000
1260,Contoso Multi-Use Terminal Cable E308 Silver,Cameras and camcorders,Contoso,2478.33000000,1263.62000000,1214.71000000,67,20,20,0.49013247,123.91650000,3.35000000,36.99000000,18.86000000
1261,Contoso Multi-Use Terminal Cable E308 White,Cameras and camcorders,Contoso,2848.23000000,1452.22000000,1396.01000000,77,21,21,0.49013247,135.63000000,3.66666667,36.99000000,18.86000000
1262,Contoso Multi-Use Terminal Cable E308 Black,Cameras and camcorders,Contoso,1997.46000000,1018.44000000,979.02000000,54,17,17,0.49013247,117.49764706,3.17647059,36.99000000,18.86000000
1263,Contoso Rechargeable Battery Pack E310 Silver,Cameras and camcorders,Contoso,1959.72000000,999.04000000,960.68000000,28,13,13,0.49021289,150.74769231,2.15384615,69.99000000,35.68000000
1264,Contoso Rechargeable Battery Pack E310 Black,Cameras and camcorders,Contoso,3429.51000000,1748.32000000,1681.19000000,49,16,16,0.49021289,214.34437500,3.06250000,69.99000000,35.68000000
1265,Contoso Rechargeable Battery Pack E310 White,Cameras and camcorders,Contoso,2519.64000000,1284.48000000,1235.16000000,36,15,15,0.49021289,167.97600000,2.40000000,69.99000000,35.68000000
1266,Contoso Carrying Case E312 Silver,Cameras and camcorders,Contoso,3946.84000000,2012.13000000,1934.71000000,79,24,24,0.49019215,164.45166667,3.29166667,49.96000000,25.47000000
1267,Contoso Carrying Case E312 Pink,Cameras and camcorders,Contoso,4746.20000000,2419.65000000,2326.55000000,95,19,19,0.49019215,249.80000000,5.00000000,49.96000000,25.47000000
1268,Contoso Carrying Case E312 White,Cameras and camcorders,Contoso,3147.48000000,1604.61000000,1542.87000000,63,21,21,0.49019215,149.88000000,3.00000000,49.96000000,25.47000000
1269,Contoso Carrying Case E312 Blue,Cameras and camcorders,Contoso,2797.76000000,1426.32000000,1371.44000000,56,15,15,0.49019215,186.51733333,3.73333333,49.96000000,25.47000000
127,"Adventure Works 19"" Color Digital TV E35 White",TV and Video,Adventure Works,15343.80000000,7822.77000000,7521.03000000,107,33,33,0.49016736,464.96363636,3.24242424,143.40000000,73.11000000
1270,Contoso Lens Cap Keeper E314 Pink,Cameras and camcorders,Contoso,500.40000000,254.88000000,245.52000000,72,21,21,0.49064748,23.82857143,3.42857143,6.95000000,3.54000000
1271,Contoso Lens Cap Keeper E314 Yellow,Cameras and camcorders,Contoso,472.60000000,240.72000000,231.88000000,68,23,23,0.49064748,20.54782609,2.95652174,6.95000000,3.54000000
1272,Contoso Lens Cap Keeper E314 White,Cameras and camcorders,Contoso,562.95000000,286.74000000,276.21000000,81,23,23,0.49064748,24.47608696,3.52173913,6.95000000,3.54000000
1273,Contoso Lens Cap Keeper E314 Silver,Cameras and camcorders,Contoso,382.25000000,194.70000000,187.55000000,55,20,20,0.49064748,19.11250000,2.75000000,6.95000000,3.54000000
1274,Contoso Digital Cameras Lightweight Tripod E316 White,Cameras and camcorders,Contoso,3753.36000000,1913.76000000,1839.60000000,72,21,21,0.49012085,178.73142857,3.42857143,52.13000000,26.58000000
1275,Contoso Digital Cameras Lightweight Tripod E316 Black,Cameras and camcorders,Contoso,1616.03000000,823.98000000,792.05000000,31,12,12,0.49012085,134.66916667,2.58333333,52.13000000,26.58000000
1276,Contoso Digital Cameras Lightweight Tripod E316 Pink,Cameras and camcorders,Contoso,3857.62000000,1966.92000000,1890.70000000,74,20,20,0.49012085,192.88100000,3.70000000,52.13000000,26.58000000
1277,Contoso Digital Cameras Lightweight Tripod E316 Silver,Cameras and camcorders,Contoso,4378.92000000,2232.72000000,2146.20000000,84,22,22,0.49012085,199.04181818,3.81818182,52.13000000,26.58000000
1278,Contoso General Soft Carrying Case E318 Blue,Cameras and camcorders,Contoso,854.43000000,435.48000000,418.95000000,57,17,17,0.49032688,50.26058824,3.35294118,14.99000000,7.64000000
1279,Contoso General Soft Carrying Case E318 Black,Cameras and camcorders,Contoso,1394.07000000,710.52000000,683.55000000,93,25,25,0.49032688,55.76280000,3.72000000,14.99000000,7.64000000
128,"Adventure Works 19"" Color Digital TV E35 Brown",TV and Video,Adventure Works,19932.60000000,10162.29000000,9770.31000000,139,42,42,0.49016736,474.58571429,3.30952381,143.40000000,73.11000000
1280,Contoso General Soft Carrying Case E318 Silver,Cameras and camcorders,Contoso,764.49000000,389.64000000,374.85000000,51,20,20,0.49032688,38.22450000,2.55000000,14.99000000,7.64000000
1281,Contoso General Soft Carrying Case E318 White,Cameras and camcorders,Contoso,1394.07000000,710.52000000,683.55000000,93,25,25,0.49032688,55.76280000,3.72000000,14.99000000,7.64000000
1282,Contoso Mini Battery Charger Kit E320 Red,Cameras and camcorders,Contoso,1874.25000000,955.50000000,918.75000000,75,26,26,0.49019608,72.08653846,2.88461538,24.99000000,12.74000000
1283,Contoso Mini Battery Charger Kit E320 White,Cameras and camcorders,Contoso,1349.46000000,687.96000000,661.50000000,54,25,25,0.49019608,53.97840000,2.16000000,24.99000000,12.74000000
1284,Contoso Mini Battery Charger Kit E320 Black,Cameras and camcorders,Contoso,1949.22000000,993.72000000,955.50000000,78,27,27,0.49019608,72.19333333,2.88888889,24.99000000,12.74000000
1285,Contoso Mini Battery Charger Kit E320 Silver,Cameras and camcorders,Contoso,774.69000000,394.94000000,379.75000000,31,14,14,0.49019608,55.33500000,2.21428571,24.99000000,12.74000000
1286,Contoso Genuine Leather Grip Belt E322 Black,Cameras and camcorders,Contoso,3743.52000000,1908.48000000,1835.04000000,48,19,19,0.49019105,197.02736842,2.52631579,77.99000000,39.76000000
1287,Contoso Genuine Leather Grip Belt E322 White,Cameras and camcorders,Contoso,4445.43000000,2266.32000000,2179.11000000,57,25,25,0.49019105,177.81720000,2.28000000,77.99000000,39.76000000
1288,Contoso Genuine Leather Grip Belt E322 Silver,Cameras and camcorders,Contoso,3509.55000000,1789.20000000,1720.35000000,45,17,17,0.49019105,206.44411765,2.64705882,77.99000000,39.76000000
1289,Contoso Genuine Leather Grip Belt E322 Grey,Cameras and camcorders,Contoso,5537.29000000,2822.96000000,2714.33000000,71,23,23,0.49019105,240.75173913,3.08695652,77.99000000,39.76000000
129,"Adventure Works 20"" Analog CRT TV E45 Silver",TV and Video,Adventure Works,19000.00000000,9687.15000000,9312.85000000,95,24,24,0.49015000,791.66666667,3.95833333,200.00000000,101.97000000
1290,Contoso Macro Zoom Lens X300 Silver,Cameras and camcorders,Contoso,13195.80000000,4372.20000000,8823.60000000,36,11,11,0.66866730,1199.61818182,3.27272727,366.55000000,121.45000000
1291,Contoso Macro Zoom Lens X300 White,Cameras and camcorders,Contoso,27124.70000000,8987.30000000,18137.40000000,74,23,23,0.66866730,1179.33478261,3.21739130,366.55000000,121.45000000
1292,Contoso Macro Zoom Lens X300 Black,Cameras and camcorders,Contoso,34822.25000000,11537.75000000,23284.50000000,95,34,34,0.66866730,1024.18382353,2.79411765,366.55000000,121.45000000
1293,Contoso Telephoto Conversion Lens X400 Silver,Cameras and camcorders,Contoso,24990.00000000,8279.88000000,16710.12000000,42,14,14,0.66867227,1785.00000000,3.00000000,595.00000000,197.14000000
1294,Contoso Telephoto Conversion Lens X400 White,Cameras and camcorders,Contoso,26775.00000000,8871.30000000,17903.70000000,45,24,24,0.66867227,1115.62500000,1.87500000,595.00000000,197.14000000
1295,Contoso Telephoto Conversion Lens X400 Black,Cameras and camcorders,Contoso,33320.00000000,11039.84000000,22280.16000000,56,20,20,0.66867227,1666.00000000,2.80000000,595.00000000,197.14000000
1296,Contoso USB Cable M250 Black,Cameras and camcorders,Contoso,2300.00000000,1058.00000000,1242.00000000,92,24,24,0.54000000,95.83333333,3.83333333,25.00000000,11.50000000
1297,Contoso USB Cable M250 White,Cameras and camcorders,Contoso,1700.00000000,782.00000000,918.00000000,68,29,28,0.54000000,58.62068966,2.34482759,25.00000000,11.50000000
1298,Contoso USB Cable M250 Yellow,Cameras and camcorders,Contoso,2175.00000000,1000.50000000,1174.50000000,87,23,23,0.54000000,94.56521739,3.78260870,25.00000000,11.50000000
1299,Contoso USB Cable M250 Blue,Cameras and camcorders,Contoso,750.00000000,345.00000000,405.00000000,30,12,12,0.54000000,62.50000000,2.50000000,25.00000000,11.50000000
13,Contoso 4GB Flash MP3 Player E401 Black,Audio,Contoso,5515.28000000,2536.12000000,2979.16000000,71,21,21,0.54016478,262.63238095,3.38095238,77.68000000,35.72000000
130,"Adventure Works 20"" Analog CRT TV E45 Black",TV and Video,Adventure Works,12800.00000000,6526.08000000,6273.92000000,64,27,27,0.49015000,474.07407407,2.37037037,200.00000000,101.97000000
1300,Contoso Telephoto Conversion Lens M350 Black,Cameras and camcorders,Contoso,7980.00000000,3669.96000000,4310.04000000,84,28,28,0.54010526,285.00000000,3.00000000,95.00000000,43.69000000
1301,Contoso Telephoto Conversion Lens M350 White,Cameras and camcorders,Contoso,6460.00000000,2970.92000000,3489.08000000,68,21,21,0.54010526,307.61904762,3.23809524,95.00000000,43.69000000
1302,Contoso Telephoto Conversion Lens M350 Silver,Cameras and camcorders,Contoso,6935.00000000,3189.37000000,3745.63000000,73,20,20,0.54010526,346.75000000,3.65000000,95.00000000,43.69000000
1303,Contoso Telephoto Conversion Lens M350 Blue,Cameras and camcorders,Contoso,7885.00000000,3626.27000000,4258.73000000,83,23,23,0.54010526,342.82608696,3.60869565,95.00000000,43.69000000
1304,Contoso Lens Adapter M450 White,Cameras and camcorders,Contoso,3332.00000000,1532.23000000,1799.77000000,49,21,21,0.54014706,158.66666667,2.33333333,68.00000000,31.27000000
1305,Contoso Lens Adapter M450 Silver,Cameras and camcorders,Contoso,5508.00000000,2532.87000000,2975.13000000,81,18,18,0.54014706,306.00000000,4.50000000,68.00000000,31.27000000
1306,Contoso Lens Adapter M450 Black,Cameras and camcorders,Contoso,4828.00000000,2220.17000000,2607.83000000,71,19,19,0.54014706,254.10526316,3.73684211,68.00000000,31.27000000
1307,Contoso Lens Adapter M450 Grey,Cameras and camcorders,Contoso,5848.00000000,2689.22000000,3158.78000000,86,19,19,0.54014706,307.78947368,4.52631579,68.00000000,31.27000000
1308,Contoso Digital Camera/Camcorder USB Cable E324 Purple,Cameras and camcorders,Contoso,2716.00000000,1385.16000000,1330.84000000,97,22,22,0.49000000,123.45454545,4.40909091,28.00000000,14.28000000
1309,Contoso Digital Camera/Camcorder USB Cable E324 Black,Cameras and camcorders,Contoso,1484.00000000,756.84000000,727.16000000,53,14,14,0.49000000,106.00000000,3.78571429,28.00000000,14.28000000
131,"Adventure Works 20"" Analog CRT TV E45 White",TV and Video,Adventure Works,19000.00000000,9687.15000000,9312.85000000,95,33,33,0.49015000,575.75757576,2.87878788,200.00000000,101.97000000
1310,Contoso Digital Camera/Camcorder USB Cable E324 Silver,Cameras and camcorders,Contoso,1232.00000000,628.32000000,603.68000000,44,14,14,0.49000000,88.00000000,3.14285714,28.00000000,14.28000000
1311,Contoso Digital Camera/Camcorder USB Cable E324 White,Cameras and camcorders,Contoso,2604.00000000,1328.04000000,1275.96000000,93,26,26,0.49000000,100.15384615,3.57692308,28.00000000,14.28000000
1312,Contoso Conversion Lens M550 Blue,Cameras and camcorders,Contoso,11070.00000000,5090.58000000,5979.42000000,54,21,21,0.54014634,527.14285714,2.57142857,205.00000000,94.27000000
1313,Contoso Conversion Lens M550 Black,Cameras and camcorders,Contoso,15375.00000000,7070.25000000,8304.75000000,75,26,26,0.54014634,591.34615385,2.88461538,205.00000000,94.27000000
1314,Contoso Conversion Lens M550 Silver,Cameras and camcorders,Contoso,11480.00000000,5279.12000000,6200.88000000,56,19,19,0.54014634,604.21052632,2.94736842,205.00000000,94.27000000
1315,Contoso Conversion Lens M550 Pink,Cameras and camcorders,Contoso,11480.00000000,5279.12000000,6200.88000000,56,20,20,0.54014634,574.00000000,2.80000000,205.00000000,94.27000000
1316,Contoso Single-line phones E10 Black,Cell phones,Contoso,519.48000000,264.68000000,254.80000000,52,18,18,0.49049049,28.86000000,2.88888889,9.99000000,5.09000000
1317,Contoso Dual Handset Cordless Phone System  E20 Black,Cell phones,Contoso,701.46000000,357.48000000,343.98000000,54,20,20,0.49037721,35.07300000,2.70000000,12.99000000,6.62000000
1318,Contoso 3 Handset Cordless Phone System  E30 Black,Cell phones,Contoso,968.43000000,493.62000000,474.81000000,57,18,18,0.49028840,53.80166667,3.16666667,16.99000000,8.66000000
1319,Contoso Multi-line phones M30 Black,Cell phones,Contoso,1793.22000000,824.46000000,968.76000000,78,23,22,0.54023488,77.96608696,3.39130435,22.99000000,10.57000000
132,"Adventure Works 20"" Analog CRT TV E45 Brown",TV and Video,Adventure Works,18200.00000000,9279.27000000,8920.73000000,91,33,33,0.49015000,551.51515152,2.75757576,200.00000000,101.97000000
1320,Contoso KSU-less key system M38 Black,Cell phones,Contoso,1457.46000000,670.14000000,787.32000000,54,17,17,0.54020007,85.73294118,3.17647059,26.99000000,12.41000000
1321,Contoso Hybrid system M60 Black,Cell phones,Contoso,985.66000000,453.22000000,532.44000000,34,14,14,0.54018627,70.40428571,2.42857143,28.99000000,13.33000000
1322,Contoso Private Branch Exchange M88 Black,Cell phones,Contoso,3068.07000000,1410.81000000,1657.26000000,93,27,27,0.54016369,113.63222222,3.44444444,32.99000000,15.17000000
1323,Contoso 4 Handset Cordless Phone System M86 Black,Cell phones,Contoso,2015.44000000,926.80000000,1088.64000000,56,19,19,0.54015004,106.07578947,2.94736842,35.99000000,16.55000000
1324,Contoso Private Automatic Branch Exchange M65 Black,Cell phones,Contoso,2300.41000000,1057.87000000,1242.54000000,59,19,19,0.54013850,121.07421053,3.10526316,38.99000000,17.93000000
1325,Contoso Electronic Private Automatic Branch Exchange M90 Black,Cell phones,Contoso,3199.20000000,1471.20000000,1728.00000000,80,24,24,0.54013503,133.30000000,3.33333333,39.99000000,18.39000000
1326,Contoso Centrex Phone System L10 Black,Cell phones,Contoso,2665.38000000,882.88000000,1782.50000000,62,16,16,0.66876018,166.58625000,3.87500000,42.99000000,14.24000000
1327,Contoso In front of Centrex L15 Black,Cell phones,Contoso,4370.07000000,1448.01000000,2922.06000000,93,26,26,0.66865290,168.07961538,3.57692308,46.99000000,15.57000000
1328,Contoso behind Centrex X15 Black,Cell phones,Contoso,2899.42000000,960.48000000,1938.94000000,58,23,23,0.66873375,126.06173913,2.52173913,49.99000000,16.56000000
1329,Contoso Phone with 13-Number Memory (210) M301 Black,Cell phones,Contoso,1138.33000000,523.27000000,615.06000000,67,24,24,0.54031783,47.43041667,2.79166667,16.99000000,7.81000000
133,"Adventure Works 20"" LCD HDTV M120 Silver",TV and Video,Adventure Works,40244.25000000,18506.95000000,21737.30000000,115,32,32,0.54013430,1257.63281250,3.59375000,349.95000000,160.93000000
1330,Contoso Expandable Cordless Phone System M008 Black,Cell phones,Contoso,1287.44000000,591.92000000,695.52000000,56,20,20,0.54023488,64.37200000,2.80000000,22.99000000,10.57000000
1331,Contoso Phone System Accessory Handset with Charger M308 Black,Cell phones,Contoso,2510.07000000,1154.13000000,1355.94000000,93,20,20,0.54020007,125.50350000,4.65000000,26.99000000,12.41000000
1332,Contoso 2-Line Corded Cordless Telephone M202 Black,Cell phones,Contoso,2203.24000000,1013.08000000,1190.16000000,76,18,18,0.54018627,122.40222222,4.22222222,28.99000000,13.33000000
1333,Contoso 4-Line Corded Cordless Telephone M203 Black,Cell phones,Contoso,2111.36000000,970.88000000,1140.48000000,64,20,20,0.54016369,105.56800000,3.20000000,32.99000000,15.17000000
1334,Contoso Expandable 3-Handset Cordless Phone System M204 Black,Cell phones,Contoso,2591.28000000,1191.60000000,1399.68000000,72,20,20,0.54015004,129.56400000,3.60000000,35.99000000,16.55000000
1335,Contoso Expandable 2-Handset Cordless Phone System M205 Black,Cell phones,Contoso,1326.27000000,609.84000000,716.43000000,33,16,16,0.54018413,82.89187500,2.06250000,40.19000000,18.48000000
1336,Contoso Expandable 4-Handset Cordless Phone System M206 Black,Cell phones,Contoso,1927.64000000,886.60000000,1041.04000000,44,16,16,0.54005935,120.47750000,2.75000000,43.81000000,20.15000000
1337,Contoso Expandable1-Handset Cordless Phone System M207 Black,Cell phones,Contoso,3558.00000000,1636.50000000,1921.50000000,75,21,21,0.54005059,169.42857143,3.57142857,47.44000000,21.82000000
1338,Contoso Digital Cordless Expansion Handset Phone M900 Black,Cell phones,Contoso,1946.41000000,895.03000000,1051.38000000,59,17,17,0.54016369,114.49470588,3.47058824,32.99000000,15.17000000
1339,Contoso 2-Line Speakerphone M109 Black,Cell phones,Contoso,1835.49000000,844.05000000,991.44000000,51,16,16,0.54015004,114.71812500,3.18750000,35.99000000,16.55000000
134,"Adventure Works 20"" LCD HDTV M120 Black",TV and Video,Adventure Works,36394.80000000,16736.72000000,19658.08000000,104,27,27,0.54013430,1347.95555556,3.85185185,349.95000000,160.93000000
1340,Contoso Phone with Memory Dialing-single line E88 Black,Cell phones,Contoso,823.02000000,419.34000000,403.68000000,58,23,23,0.49048626,35.78347826,2.52173913,14.19000000,7.23000000
1341,Contoso Phone with Memory Dialing-2 lines E90 Black,Cell phones,Contoso,1104.00000000,563.04000000,540.96000000,69,24,24,0.49000000,46.00000000,2.87500000,16.00000000,8.16000000
1342,Contoso Integrated Business Phone With card L10 Black,Cell phones,Contoso,1932.00000000,640.32000000,1291.68000000,46,15,15,0.66857143,128.80000000,3.06666667,42.00000000,13.92000000
1343,Contoso Integrated Business Phone L08 Black,Cell phones,Contoso,868.00000000,287.56000000,580.44000000,28,11,11,0.66870968,78.90909091,2.54545455,31.00000000,10.27000000
1344,Contoso Phone for MSN E200 Black,Cell phones,Contoso,624.00000000,318.24000000,305.76000000,39,13,13,0.49000000,48.00000000,3.00000000,16.00000000,8.16000000
1345,Contoso 4-Line Expandable Cordless Phone System M900 Black,Cell phones,Contoso,1408.00000000,647.68000000,760.32000000,64,22,22,0.54000000,64.00000000,2.90909091,22.00000000,10.12000000
1346,Contoso Lifestyles Series - Big Button Cordless phone M800 Black,Cell phones,Contoso,1219.00000000,560.74000000,658.26000000,53,18,18,0.54000000,67.72222222,2.94444444,23.00000000,10.58000000
1347,Contoso Bedroom Phone with AM/FM Stereo and Call Waiting Caller ID M600 Black,Cell phones,Contoso,945.00000000,434.70000000,510.30000000,45,12,12,0.54000000,78.75000000,3.75000000,21.00000000,9.66000000
1348,Contoso Waterproof Accessory Handset and Charging Cradle M609 Black,Cell phones,Contoso,850.63000000,391.09000000,459.54000000,37,13,13,0.54023488,65.43307692,2.84615385,22.99000000,10.57000000
1349,Contoso Single-line phones E10 White,Cell phones,Contoso,759.24000000,386.84000000,372.40000000,76,22,22,0.49049049,34.51090909,3.45454545,9.99000000,5.09000000
135,"Adventure Works 20"" LCD HDTV M120 White",TV and Video,Adventure Works,45493.50000000,20920.90000000,24572.60000000,130,37,37,0.54013430,1229.55405405,3.51351351,349.95000000,160.93000000
1350,Contoso Dual Handset Cordless Phone System E20 White,Cell phones,Contoso,727.44000000,370.72000000,356.72000000,56,22,22,0.49037721,33.06545455,2.54545455,12.99000000,6.62000000
1351,Contoso 3 Handset Cordless Phone System E30 White,Cell phones,Contoso,628.63000000,320.42000000,308.21000000,37,14,14,0.49028840,44.90214286,2.64285714,16.99000000,8.66000000
1352,Contoso Multi-line phones M30 White,Cell phones,Contoso,1816.21000000,835.03000000,981.18000000,79,25,25,0.54023488,72.64840000,3.16000000,22.99000000,10.57000000
1353,Contoso KSU-less key system M38 White,Cell phones,Contoso,1268.53000000,583.27000000,685.26000000,47,16,16,0.54020007,79.28312500,2.93750000,26.99000000,12.41000000
1354,Contoso Hybrid system M60 White,Cell phones,Contoso,1681.42000000,773.14000000,908.28000000,58,20,20,0.54018627,84.07100000,2.90000000,28.99000000,13.33000000
1355,Contoso Private Branch Exchange M88 White,Cell phones,Contoso,1121.66000000,515.78000000,605.88000000,34,16,15,0.54016369,70.10375000,2.12500000,32.99000000,15.17000000
1356,Contoso 4 Handset Cordless Phone System M86 White,Cell phones,Contoso,2699.25000000,1241.25000000,1458.00000000,75,22,22,0.54015004,122.69318182,3.40909091,35.99000000,16.55000000
1357,Contoso Private Automatic Branch Exchange M65 White,Cell phones,Contoso,2222.43000000,1022.01000000,1200.42000000,57,20,20,0.54013850,111.12150000,2.85000000,38.99000000,17.93000000
1358,Contoso Electronic Private Automatic Branch Exchange M90 White,Cell phones,Contoso,2959.26000000,1360.86000000,1598.40000000,74,22,22,0.54013503,134.51181818,3.36363636,39.99000000,18.39000000
1359,Contoso Centrex Phone System L10 White,Cell phones,Contoso,2966.31000000,982.56000000,1983.75000000,69,21,21,0.66876018,141.25285714,3.28571429,42.99000000,14.24000000
136,"Adventure Works 20"" LCD HDTV M120 Brown",TV and Video,Adventure Works,29045.85000000,13357.19000000,15688.66000000,83,32,32,0.54013430,907.68281250,2.59375000,349.95000000,160.93000000
1360,Contoso In front of Centrex L15 White,Cell phones,Contoso,3853.18000000,1276.74000000,2576.44000000,82,19,19,0.66865290,202.79894737,4.31578947,46.99000000,15.57000000
1361,Contoso Behind Centrex X15 White,Cell phones,Contoso,3699.26000000,1225.44000000,2473.82000000,74,20,20,0.66873375,184.96300000,3.70000000,49.99000000,16.56000000
1362,Contoso Phone with 13-Number Memory (210) M301 White,Cell phones,Contoso,917.46000000,421.74000000,495.72000000,54,16,16,0.54031783,57.34125000,3.37500000,16.99000000,7.81000000
1363,Contoso Expandable Cordless Phone System M008 White,Cell phones,Contoso,1379.40000000,634.20000000,745.20000000,60,17,17,0.54023488,81.14117647,3.52941176,22.99000000,10.57000000
1364,Contoso Phone System Accessory Handset with Charger M308 White,Cell phones,Contoso,1943.28000000,893.52000000,1049.76000000,72,25,25,0.54020007,77.73120000,2.88000000,26.99000000,12.41000000
1365,Contoso 2-Line Corded Cordless Telephone M202 White,Cell phones,Contoso,1420.51000000,653.17000000,767.34000000,49,15,15,0.54018627,94.70066667,3.26666667,28.99000000,13.33000000
1366,Contoso 4-Line Corded Cordless Telephone M203 White,Cell phones,Contoso,1781.46000000,819.18000000,962.28000000,54,21,21,0.54016369,84.83142857,2.57142857,32.99000000,15.17000000
1367,Contoso Expandable 3-Handset Cordless Phone System M204 White,Cell phones,Contoso,2159.40000000,993.00000000,1166.40000000,60,23,23,0.54015004,93.88695652,2.60869565,35.99000000,16.55000000
1368,Contoso Expandable 2-Handset Cordless Phone System M205 White,Cell phones,Contoso,2130.07000000,979.44000000,1150.63000000,53,20,20,0.54018413,106.50350000,2.65000000,40.19000000,18.48000000
1369,Contoso Expandable 4-Handset Cordless Phone System M206 White,Cell phones,Contoso,2365.74000000,1088.10000000,1277.64000000,54,22,22,0.54005935,107.53363636,2.45454545,43.81000000,20.15000000
137,"Adventure Works 32"" LCD HDTV M130 Silver",TV and Video,Adventure Works,55498.89000000,25522.23000000,29976.66000000,111,37,37,0.54013080,1499.97000000,3.00000000,499.99000000,229.93000000
1370,Contoso Expandable1-Handset Cordless Phone System M207 White,Cell phones,Contoso,2798.96000000,1287.38000000,1511.58000000,59,23,23,0.54005059,121.69391304,2.56521739,47.44000000,21.82000000
1371,Contoso Digital Cordless Expansion Handset Phone M900 White,Cell phones,Contoso,1088.67000000,500.61000000,588.06000000,33,13,13,0.54016369,83.74384615,2.53846154,32.99000000,15.17000000
1372,Contoso 2-Line Speakerphone M109 White,Cell phones,Contoso,3167.12000000,1456.40000000,1710.72000000,88,26,26,0.54015004,121.81230769,3.38461538,35.99000000,16.55000000
1373,Contoso Phone with Memory Dialing-single line E88 White,Cell phones,Contoso,879.78000000,448.26000000,431.52000000,62,18,18,0.49048626,48.87666667,3.44444444,14.19000000,7.23000000
1374,Contoso Phone with Memory Dialing-2 lines E90 White,Cell phones,Contoso,976.00000000,497.76000000,478.24000000,61,20,19,0.49000000,48.80000000,3.05000000,16.00000000,8.16000000
1375,Contoso Integrated Business Phone With card L10 White,Cell phones,Contoso,3234.00000000,1071.84000000,2162.16000000,77,23,23,0.66857143,140.60869565,3.34782609,42.00000000,13.92000000
1376,Contoso Integrated Business Phone L08 White,Cell phones,Contoso,1333.00000000,441.61000000,891.39000000,43,14,14,0.66870968,95.21428571,3.07142857,31.00000000,10.27000000
1377,Contoso Phone for MSN E200 White,Cell phones,Contoso,880.00000000,448.80000000,431.20000000,55,16,16,0.49000000,55.00000000,3.43750000,16.00000000,8.16000000
1378,Contoso 4-Line Expandable Cordless Phone System M900 White,Cell phones,Contoso,1144.00000000,526.24000000,617.76000000,52,16,16,0.54000000,71.50000000,3.25000000,22.00000000,10.12000000
1379,Contoso Lifestyles Series - Big Button Cordless phone M800 White,Cell phones,Contoso,1288.00000000,592.48000000,695.52000000,56,16,16,0.54000000,80.50000000,3.50000000,23.00000000,10.58000000
138,"Adventure Works 32"" LCD HDTV M130 Black",TV and Video,Adventure Works,78998.42000000,36328.94000000,42669.48000000,158,48,48,0.54013080,1645.80041667,3.29166667,499.99000000,229.93000000
1380,Contoso Bedroom Phone with AM/FM Stereo and Call Waiting Caller ID M600 White,Cell phones,Contoso,1197.00000000,550.62000000,646.38000000,57,21,21,0.54000000,57.00000000,2.71428571,21.00000000,9.66000000
1381,Contoso Waterproof Accessory Handset and Charging Cradle M609 White,Cell phones,Contoso,1563.32000000,718.76000000,844.56000000,68,16,16,0.54023488,97.70750000,4.25000000,22.99000000,10.57000000
1382,Contoso Single-line phones E10 Grey,Cell phones,Contoso,379.62000000,193.42000000,186.20000000,38,11,11,0.49049049,34.51090909,3.45454545,9.99000000,5.09000000
1383,Contoso Dual Handset Cordless Phone System E20 Grey,Cell phones,Contoso,584.55000000,297.90000000,286.65000000,45,16,16,0.49037721,36.53437500,2.81250000,12.99000000,6.62000000
1384,Contoso 3 Handset Cordless Phone System E30 Grey,Cell phones,Contoso,713.58000000,363.72000000,349.86000000,42,15,15,0.49028840,47.57200000,2.80000000,16.99000000,8.66000000
1385,Contoso Multi-line phones M30 Grey,Cell phones,Contoso,2092.09000000,961.87000000,1130.22000000,91,24,24,0.54023488,87.17041667,3.79166667,22.99000000,10.57000000
1386,Contoso KSU-less key system M38 Grey,Cell phones,Contoso,2159.20000000,992.80000000,1166.40000000,80,22,22,0.54020007,98.14545455,3.63636364,26.99000000,12.41000000
1387,Contoso Hybrid system M60 Grey,Cell phones,Contoso,2116.27000000,973.09000000,1143.18000000,73,25,25,0.54018627,84.65080000,2.92000000,28.99000000,13.33000000
1388,Contoso Private Branch Exchange M88 Grey,Cell phones,Contoso,2507.24000000,1152.92000000,1354.32000000,76,21,21,0.54016369,119.39238095,3.61904762,32.99000000,15.17000000
1389,Contoso 4 Handset Cordless Phone System M86 Grey,Cell phones,Contoso,2159.40000000,993.00000000,1166.40000000,60,17,17,0.54015004,127.02352941,3.52941176,35.99000000,16.55000000
139,"Adventure Works 32"" LCD HDTV M130 White",TV and Video,Adventure Works,43999.12000000,20233.84000000,23765.28000000,88,27,27,0.54013080,1629.59703704,3.25925926,499.99000000,229.93000000
1390,Contoso Private Automatic Branch Exchange M65 Grey,Cell phones,Contoso,1481.62000000,681.34000000,800.28000000,38,15,15,0.54013850,98.77466667,2.53333333,38.99000000,17.93000000
1391,Contoso Electronic Private Automatic Branch Exchange M90 Grey,Cell phones,Contoso,2119.47000000,974.67000000,1144.80000000,53,18,18,0.54013503,117.74833333,2.94444444,39.99000000,18.39000000
1392,Contoso Centrex Phone System L10 Grey,Cell phones,Contoso,2536.41000000,840.16000000,1696.25000000,59,18,18,0.66876018,140.91166667,3.27777778,42.99000000,14.24000000
1393,Contoso In front of Centrex L15 Grey,Cell phones,Contoso,2819.40000000,934.20000000,1885.20000000,60,19,19,0.66865290,148.38947368,3.15789474,46.99000000,15.57000000
1394,Contoso behind Centrex X15 Grey,Cell phones,Contoso,3899.22000000,1291.68000000,2607.54000000,78,25,25,0.66873375,155.96880000,3.12000000,49.99000000,16.56000000
1395,Contoso Phone with 13-Number Memory (210) M301 Grey,Cell phones,Contoso,849.50000000,390.50000000,459.00000000,50,19,19,0.54031783,44.71052632,2.63157895,16.99000000,7.81000000
1396,Contoso Expandable Cordless Phone System M008 Grey,Cell phones,Contoso,942.59000000,433.37000000,509.22000000,41,14,14,0.54023488,67.32785714,2.92857143,22.99000000,10.57000000
1397,Contoso Phone System Accessory Handset with Charger M308 Grey,Cell phones,Contoso,1619.40000000,744.60000000,874.80000000,60,17,17,0.54020007,95.25882353,3.52941176,26.99000000,12.41000000
1398,Contoso 2-Line Corded Cordless Telephone M202 Grey,Cell phones,Contoso,1304.55000000,599.85000000,704.70000000,45,14,14,0.54018627,93.18214286,3.21428571,28.99000000,13.33000000
1399,Contoso 4-Line Corded Cordless Telephone M203 Grey,Cell phones,Contoso,2969.10000000,1365.30000000,1603.80000000,90,30,30,0.54016369,98.97000000,3.00000000,32.99000000,15.17000000
14,Contoso 4GB Flash MP3 Player E401 Silver,Audio,Contoso,4660.80000000,2143.20000000,2517.60000000,60,24,24,0.54016478,194.20000000,2.50000000,77.68000000,35.72000000
140,"Adventure Works 32"" LCD HDTV M130 Brown",TV and Video,Adventure Works,60498.79000000,27821.53000000,32677.26000000,121,41,41,0.54013080,1475.58024390,2.95121951,499.99000000,229.93000000
1400,Contoso Expandable 3-Handset Cordless Phone System M204 Grey,Cell phones,Contoso,1439.60000000,662.00000000,777.60000000,40,14,14,0.54015004,102.82857143,2.85714286,35.99000000,16.55000000
1401,Contoso Expandable 2-Handset Cordless Phone System M205 Grey,Cell phones,Contoso,2009.50000000,924.00000000,1085.50000000,50,17,17,0.54018413,118.20588235,2.94117647,40.19000000,18.48000000
1402,Contoso Expandable 4-Handset Cordless Phone System M206 Grey,Cell phones,Contoso,2497.17000000,1148.55000000,1348.62000000,57,17,17,0.54005935,146.89235294,3.35294118,43.81000000,20.15000000
1403,Contoso Expandable1-Handset Cordless Phone System M207 Grey,Cell phones,Contoso,2514.32000000,1156.46000000,1357.86000000,53,18,18,0.54005059,139.68444444,2.94444444,47.44000000,21.82000000
1404,Contoso Digital Cordless Expansion Handset Phone M900 Grey,Cell phones,Contoso,1121.66000000,515.78000000,605.88000000,34,16,16,0.54016369,70.10375000,2.12500000,32.99000000,15.17000000
1405,Contoso 2-Line Speakerphone M109 Grey,Cell phones,Contoso,1835.49000000,844.05000000,991.44000000,51,17,17,0.54015004,107.97000000,3.00000000,35.99000000,16.55000000
1406,Contoso Phone with Memory Dialing-single line E88 Grey,Cell phones,Contoso,1050.06000000,535.02000000,515.04000000,74,25,25,0.49048626,42.00240000,2.96000000,14.19000000,7.23000000
1407,Contoso Phone with Memory Dialing-2 lines E90 Grey,Cell phones,Contoso,800.00000000,408.00000000,392.00000000,50,24,24,0.49000000,33.33333333,2.08333333,16.00000000,8.16000000
1408,"The Phone Company Touch Screen Phone 1600 TFT-2.2"" L200 Black",Cell phones,The Phone Company,96278.00000000,31899.14000000,64378.86000000,182,52,52,0.66867675,1851.50000000,3.50000000,529.00000000,175.27000000
1409,"The Phone Company Touch Screen Phone 1600 TFT-1.4"" L250 Black",Cell phones,The Phone Company,110143.00000000,36493.05000000,73649.95000000,187,56,56,0.66867572,1966.83928571,3.33928571,589.00000000,195.15000000
141,"Adventure Works 15.6"" LCD TV M130W Silver",TV and Video,Adventure Works,31498.95000000,16058.70000000,15440.25000000,105,34,34,0.49018301,926.43970588,3.08823529,299.99000000,152.94000000
1410,"The Phone Company Touch Screen Phones 26-2.2"" M200 Black",Cell phones,The Phone Company,33120.00000000,15230.88000000,17889.12000000,144,50,50,0.54013043,662.40000000,2.88000000,230.00000000,105.77000000
1411,"The Phone Company Touch Screen Phones 26-1.4"" M250 Black",Cell phones,The Phone Company,47168.00000000,21690.24000000,25477.76000000,176,56,56,0.54014925,842.28571429,3.14285714,268.00000000,123.24000000
1412,The Phone Company Touch Screen Phones 4-Wire/On-wall M302 Black,Cell phones,The Phone Company,54621.00000000,25118.10000000,29502.90000000,189,55,55,0.54013841,993.10909091,3.43636364,289.00000000,132.90000000
1413,The Phone Company Touch Screen Phones SAW/Built-in M801 Black,Cell phones,The Phone Company,43056.00000000,19800.00000000,23256.00000000,144,45,45,0.54013378,956.80000000,3.20000000,299.00000000,137.50000000
1414,The Phone Company Touch Screen Phones 5-Wire/Built-in M500 Black,Cell phones,The Phone Company,46592.00000000,21426.86000000,25165.14000000,182,55,55,0.54011719,847.12727273,3.30909091,256.00000000,117.73000000
1415,The Phone Company Touch Screen Phones Infrared M901 Black,Cell phones,The Phone Company,49500.00000000,22763.40000000,26736.60000000,165,54,54,0.54013333,916.66666667,3.05555556,300.00000000,137.96000000
1416,The Phone Company Touch Screen Phones Capacitive M908 Black,Cell phones,The Phone Company,50204.00000000,23087.32000000,27116.68000000,163,54,54,0.54012987,929.70370370,3.01851852,308.00000000,141.64000000
1417,The Phone Company Touch Screen Phones 4-Wire/ Built-in M205 Black,Cell phones,The Phone Company,41004.00000000,18855.72000000,22148.28000000,153,51,51,0.54014925,804.00000000,3.00000000,268.00000000,123.24000000
1418,The Phone Company Touch Screen Phones SAW/On-wall M806 Black,Cell phones,The Phone Company,40141.00000000,18459.38000000,21681.62000000,137,48,47,0.54013652,836.27083333,2.85416667,293.00000000,134.74000000
1419,The Phone Company Touch Screen Phones 5-Wire/On-wall M508 Black,Cell phones,The Phone Company,38442.00000000,17678.85000000,20763.15000000,149,51,51,0.54011628,753.76470588,2.92156863,258.00000000,118.65000000
142,"Adventure Works 15.6"" LCD TV M130W Black",TV and Video,Adventure Works,39298.69000000,20035.14000000,19263.55000000,131,34,34,0.49018301,1155.84382353,3.85294118,299.99000000,152.94000000
1420,The Phone Company Finger Touch Screen Phones M30 Black,Cell phones,The Phone Company,32636.00000000,15007.64000000,17628.36000000,164,54,54,0.54015075,604.37037037,3.03703704,199.00000000,91.51000000
1421,"The Phone Company Pen Touch Screen Phones-2.6"" M320 Black",Cell phones,The Phone Company,45240.00000000,20804.16000000,24435.84000000,156,52,52,0.54013793,870.00000000,3.00000000,290.00000000,133.36000000
1422,The Phone Company Sharp Touch Screen Phones M910 Black,Cell phones,The Phone Company,47257.00000000,21731.94000000,25525.06000000,157,50,50,0.54013289,945.14000000,3.14000000,301.00000000,138.42000000
1423,The Phone Company Touch Screen Phones - CRT M11 Black,Cell phones,The Phone Company,27783.00000000,12775.77000000,15007.23000000,147,52,52,0.54015873,534.28846154,2.82692308,189.00000000,86.91000000
1424,The Phone Company Touch Screen Phones - LCD M12 Black,Cell phones,The Phone Company,33000.00000000,15175.05000000,17824.95000000,165,48,48,0.54015000,687.50000000,3.43750000,200.00000000,91.97000000
1425,"The Phone Company Touch Screen Phone 1600 TFT-2.2"" L200 Grey",Cell phones,The Phone Company,79879.00000000,26465.77000000,53413.23000000,151,51,50,0.66867675,1566.25490196,2.96078431,529.00000000,175.27000000
1426,"The Phone Company Touch Screen Phone 1600 TFT-1.4"" L250 Grey",Cell phones,The Phone Company,104253.00000000,34541.55000000,69711.45000000,177,57,57,0.66867572,1829.00000000,3.10526316,589.00000000,195.15000000
1427,"The Phone Company Touch Screen Phones 26-2.2"" M200 Grey",Cell phones,The Phone Company,44850.00000000,20625.15000000,24224.85000000,195,60,60,0.54013043,747.50000000,3.25000000,230.00000000,105.77000000
1428,"The Phone Company Touch Screen Phones 26-1.4"" M250 Grey",Cell phones,The Phone Company,45828.00000000,21074.04000000,24753.96000000,171,49,49,0.54014925,935.26530612,3.48979592,268.00000000,123.24000000
1429,The Phone Company Touch Screen Phones 4-Wire/On-wall M302 Grey,Cell phones,The Phone Company,33813.00000000,15549.30000000,18263.70000000,117,40,40,0.54013841,845.32500000,2.92500000,289.00000000,132.90000000
143,"Adventure Works 15.6"" LCD TV M130W White",TV and Video,Adventure Works,44698.51000000,22788.06000000,21910.45000000,149,45,45,0.49018301,993.30022222,3.31111111,299.99000000,152.94000000
1430,The Phone Company Touch Screen Phones SAW/Built-in M801 Grey,Cell phones,The Phone Company,42757.00000000,19662.50000000,23094.50000000,143,50,50,0.54013378,855.14000000,2.86000000,299.00000000,137.50000000
1431,The Phone Company Touch Screen Phones 5-Wire/Built-in M500 Grey,Cell phones,The Phone Company,43520.00000000,20014.10000000,23505.90000000,170,64,64,0.54011719,680.00000000,2.65625000,256.00000000,117.73000000
1432,The Phone Company Touch Screen Phones Infrared M901 Grey,Cell phones,The Phone Company,57600.00000000,26488.32000000,31111.68000000,192,51,51,0.54013333,1129.41176471,3.76470588,300.00000000,137.96000000
1433,The Phone Company Touch Screen Phones Capacitive M908 Grey,Cell phones,The Phone Company,47740.00000000,21954.20000000,25785.80000000,155,48,46,0.54012987,994.58333333,3.22916667,308.00000000,141.64000000
1434,The Phone Company Touch Screen Phones 4-Wire/ Built-in M205 Grey,Cell phones,The Phone Company,56280.00000000,25880.40000000,30399.60000000,210,64,64,0.54014925,879.37500000,3.28125000,268.00000000,123.24000000
1435,The Phone Company Touch Screen Phones SAW/On-wall M806 Grey,Cell phones,The Phone Company,37797.00000000,17381.46000000,20415.54000000,129,45,45,0.54013652,839.93333333,2.86666667,293.00000000,134.74000000
1436,The Phone Company Touch Screen Phones 5-Wire/On-wall M508 Grey,Cell phones,The Phone Company,47472.00000000,21831.60000000,25640.40000000,184,56,55,0.54011628,847.71428571,3.28571429,258.00000000,118.65000000
1437,The Phone Company Finger Touch Screen Phones M30 Grey,Cell phones,The Phone Company,37213.00000000,17112.37000000,20100.63000000,187,60,59,0.54015075,620.21666667,3.11666667,199.00000000,91.51000000
1438,The Phone Company Pen Touch Screen Phones M320 Grey,Cell phones,The Phone Company,49300.00000000,22671.20000000,26628.80000000,170,59,59,0.54013793,835.59322034,2.88135593,290.00000000,133.36000000
1439,The Phone Company Sharp Touch Screen Phones M910 Grey,Cell phones,The Phone Company,57190.00000000,26299.80000000,30890.20000000,190,58,58,0.54013289,986.03448276,3.27586207,301.00000000,138.42000000
144,"Adventure Works 15.6"" LCD TV M130W Brown",TV and Video,Adventure Works,33598.88000000,17129.28000000,16469.60000000,112,43,43,0.49018301,781.36930233,2.60465116,299.99000000,152.94000000
1440,The Phone Company Touch Screen Phones - CRT M11 Grey,Cell phones,The Phone Company,32697.00000000,15035.43000000,17661.57000000,173,57,57,0.54015873,573.63157895,3.03508772,189.00000000,86.91000000
1441,The Phone Company Touch Screen Phones - LCD M12 Grey,Cell phones,The Phone Company,29200.00000000,13427.62000000,15772.38000000,146,45,45,0.54015000,648.88888889,3.24444444,200.00000000,91.97000000
1442,"The Phone Company Touch Screen Phone 1600 TFT-2.2"" L200 Gold",Cell phones,The Phone Company,59777.00000000,19805.51000000,39971.49000000,113,43,43,0.66867675,1390.16279070,2.62790698,529.00000000,175.27000000
1443,"The Phone Company Touch Screen Phone 1600 TFT-1.4"" L250 Gold",Cell phones,The Phone Company,118389.00000000,39225.15000000,79163.85000000,201,58,58,0.66867572,2041.18965517,3.46551724,589.00000000,195.15000000
1444,"The Phone Company Touch Screen Phones 26-2.2"" M200 Gold",Cell phones,The Phone Company,43930.00000000,20202.07000000,23727.93000000,191,61,61,0.54013043,720.16393443,3.13114754,230.00000000,105.77000000
1445,"The Phone Company Touch Screen Phones 26-1.4"" M250 Gold",Cell phones,The Phone Company,52528.00000000,24155.04000000,28372.96000000,196,54,54,0.54014925,972.74074074,3.62962963,268.00000000,123.24000000
1446,The Phone Company Touch Screen Phones 4-Wire/On-wall M302 Gold,Cell phones,The Phone Company,43928.00000000,20200.80000000,23727.20000000,152,56,56,0.54013841,784.42857143,2.71428571,289.00000000,132.90000000
1447,The Phone Company Touch Screen Phones SAW/Built-in M801 Gold,Cell phones,The Phone Company,54418.00000000,25025.00000000,29393.00000000,182,57,57,0.54013378,954.70175439,3.19298246,299.00000000,137.50000000
1448,The Phone Company Touch Screen Phones 5-Wire/Built-in M500 Gold,Cell phones,The Phone Company,35840.00000000,16482.20000000,19357.80000000,140,47,47,0.54011719,762.55319149,2.97872340,256.00000000,117.73000000
1449,The Phone Company Touch Screen Phones Infrared M901 Gold,Cell phones,The Phone Company,67200.00000000,30903.04000000,36296.96000000,224,65,65,0.54013333,1033.84615385,3.44615385,300.00000000,137.96000000
145,"Adventure Works 52"" LCD HDTV X590 Silver",TV and Video,Adventure Works,353798.78000000,117220.04000000,236578.74000000,122,31,31,0.66868162,11412.86387097,3.93548387,2899.99000000,960.82000000
1450,The Phone Company Touch Screen Phones Capacitive M908 Gold,Cell phones,The Phone Company,53592.00000000,24645.36000000,28946.64000000,174,52,52,0.54012987,1030.61538462,3.34615385,308.00000000,141.64000000
1451,The Phone Company Touch Screen Phones 4-Wire/ Built-in M205 Gold,Cell phones,The Phone Company,34840.00000000,16021.20000000,18818.80000000,130,45,45,0.54014925,774.22222222,2.88888889,268.00000000,123.24000000
1452,The Phone Company Touch Screen Phones SAW/On-wall M806 Gold,Cell phones,The Phone Company,43950.00000000,20211.00000000,23739.00000000,150,54,54,0.54013652,813.88888889,2.77777778,293.00000000,134.74000000
1453,The Phone Company Touch Screen Phones 5-Wire/On-wall M508 Gold,Cell phones,The Phone Company,55986.00000000,25747.05000000,30238.95000000,217,75,75,0.54011628,746.48000000,2.89333333,258.00000000,118.65000000
1454,The Phone Company Finger Touch Screen Phones M30 Gold,Cell phones,The Phone Company,38606.00000000,17752.94000000,20853.06000000,194,58,57,0.54015075,665.62068966,3.34482759,199.00000000,91.51000000
1455,The Phone Company Pen Touch Screen Phones M320 Gold,Cell phones,The Phone Company,55100.00000000,25338.40000000,29761.60000000,190,54,54,0.54013793,1020.37037037,3.51851852,290.00000000,133.36000000
1456,The Phone Company Sharp Touch Screen Phones M910 Gold,Cell phones,The Phone Company,55986.00000000,25746.12000000,30239.88000000,186,55,55,0.54013289,1017.92727273,3.38181818,301.00000000,138.42000000
1457,The Phone Company Touch Screen Phones - CRT M11 Gold,Cell phones,The Phone Company,32319.00000000,14861.61000000,17457.39000000,171,55,55,0.54015873,587.61818182,3.10909091,189.00000000,86.91000000
1458,The Phone Company Touch Screen Phones - LCD M12 Gold,Cell phones,The Phone Company,51200.00000000,23544.32000000,27655.68000000,256,71,71,0.54015000,721.12676056,3.60563380,200.00000000,91.97000000
1459,Contoso Touch Screen Phones 5-Wire/Built-in M500 Black,Cell phones,Contoso,53504.00000000,24605.57000000,28898.43000000,209,64,64,0.54011719,836.00000000,3.26562500,256.00000000,117.73000000
146,"Adventure Works 52"" LCD HDTV X590 Black",TV and Video,Adventure Works,374098.71000000,123945.78000000,250152.93000000,129,44,44,0.66868162,8502.24340909,2.93181818,2899.99000000,960.82000000
1460,Contoso Touch Screen Phones Infrared M901 Black,Cell phones,Contoso,53100.00000000,24418.92000000,28681.08000000,177,51,51,0.54013333,1041.17647059,3.47058824,300.00000000,137.96000000
1461,Contoso Touch Screen Phones Capacitive M908 Black,Cell phones,Contoso,48664.00000000,22379.12000000,26284.88000000,158,51,51,0.54012987,954.19607843,3.09803922,308.00000000,141.64000000
1462,Contoso Touch Screen Phones 4-Wire/ Built-in M205 Black,Cell phones,Contoso,53600.00000000,24648.00000000,28952.00000000,200,59,59,0.54014925,908.47457627,3.38983051,268.00000000,123.24000000
1463,Contoso Touch Screen Phones SAW/On-wall M806 Black,Cell phones,Contoso,45708.00000000,21019.44000000,24688.56000000,156,52,52,0.54013652,879.00000000,3.00000000,293.00000000,134.74000000
1464,Contoso Touch Screen Phones 5-Wire/On-wall M508 Black,Cell phones,Contoso,42054.00000000,19339.95000000,22714.05000000,163,56,56,0.54011628,750.96428571,2.91071429,258.00000000,118.65000000
1465,Contoso Finger Touch Screen Phones M30 Black,Cell phones,Contoso,44377.00000000,20406.73000000,23970.27000000,223,69,69,0.54015075,643.14492754,3.23188406,199.00000000,91.51000000
1466,Contoso Pen Touch Screen Phones M320 Black,Cell phones,Contoso,47560.00000000,21871.04000000,25688.96000000,164,48,48,0.54013793,990.83333333,3.41666667,290.00000000,133.36000000
1467,Contoso Sharp Touch Screen Phones M910 Black,Cell phones,Contoso,49063.00000000,22562.46000000,26500.54000000,163,55,55,0.54013289,892.05454545,2.96363636,301.00000000,138.42000000
1468,Contoso Touch Screen Phones - CRT M11 Black,Cell phones,Contoso,22869.00000000,10516.11000000,12352.89000000,121,48,48,0.54015873,476.43750000,2.52083333,189.00000000,86.91000000
1469,Contoso Touch Screen Phones  - LCD M12 Black,Cell phones,Contoso,41800.00000000,19221.73000000,22578.27000000,209,77,77,0.54015000,542.85714286,2.71428571,200.00000000,91.97000000
147,"Adventure Works 52"" LCD HDTV X590 White",TV and Video,Adventure Works,394398.64000000,130671.52000000,263727.12000000,136,40,40,0.66868162,9859.96600000,3.40000000,2899.99000000,960.82000000
1470,The Phone Company Smart phones without camera E100 Black,Cell phones,The Phone Company,15480.00000000,7892.40000000,7587.60000000,120,37,37,0.49015504,418.37837838,3.24324324,129.00000000,65.77000000
1471,The Phone Company Microsoft Windows Mobile M200 Black,Cell phones,The Phone Company,16488.00000000,7582.32000000,8905.68000000,72,24,24,0.54013100,687.00000000,3.00000000,229.00000000,105.31000000
1472,The Phone Company Smart phones 4 GB of Memory M300 Black,Cell phones,The Phone Company,25095.00000000,11540.55000000,13554.45000000,105,31,31,0.54012552,809.51612903,3.38709677,239.00000000,109.91000000
1473,The Phone Company Smart phones 8 GB of Memory M400 Black,Cell phones,The Phone Company,23941.00000000,11009.30000000,12931.70000000,89,28,28,0.54014870,855.03571429,3.17857143,269.00000000,123.70000000
1474,The Phone Company Smart phones 160x160 M26 Black,Cell phones,The Phone Company,11232.00000000,5165.10000000,6066.90000000,54,22,22,0.54014423,510.54545455,2.45454545,208.00000000,95.65000000
1475,The Phone Company Smart phones 6-LINE SCREEN M21 Black,Cell phones,The Phone Company,31970.00000000,14702.03000000,17267.97000000,139,37,37,0.54013043,864.05405405,3.75675676,230.00000000,105.77000000
1476,The Phone Company Smart phones -320 x 320 M86 Black,Cell phones,The Phone Company,42624.00000000,19601.12000000,23022.88000000,148,44,44,0.54013889,968.72727273,3.36363636,288.00000000,132.44000000
1477,The Phone Company Smart phones Unlocked M300 Black,Cell phones,The Phone Company,14151.00000000,6507.34000000,7643.66000000,53,23,23,0.54014981,615.26086957,2.30434783,267.00000000,122.78000000
1478,The Phone Company Smart phones Expert M400 Black,Cell phones,The Phone Company,25500.00000000,11726.60000000,13773.40000000,85,29,29,0.54013333,879.31034483,2.93103448,300.00000000,137.96000000
1479,The Phone Company Smart phones Unlocked International M800 Black,Cell phones,The Phone Company,33790.00000000,15539.04000000,18250.96000000,109,39,39,0.54012903,866.41025641,2.79487179,310.00000000,142.56000000
148,"Adventure Works 52"" LCD HDTV X590 Brown",TV and Video,Adventure Works,310298.93000000,102807.74000000,207491.19000000,107,36,36,0.66868162,8619.41472222,2.97222222,2899.99000000,960.82000000
1480,The Phone Company Smart phones without camera E100 Grey,Cell phones,The Phone Company,15609.00000000,7958.17000000,7650.83000000,121,38,38,0.49015504,410.76315789,3.18421053,129.00000000,65.77000000
1481,The Phone Company Microsoft Windows Mobile M200 Grey,Cell phones,The Phone Company,28625.00000000,13163.75000000,15461.25000000,125,38,38,0.54013100,753.28947368,3.28947368,229.00000000,105.31000000
1482,The Phone Company Smart phones 4 GB of Memory M300 Grey,Cell phones,The Phone Company,24617.00000000,11320.73000000,13296.27000000,103,33,33,0.54012552,745.96969697,3.12121212,239.00000000,109.91000000
1483,The Phone Company Smart phones 8 GB of Memory M400 Grey,Cell phones,The Phone Company,30397.00000000,13978.10000000,16418.90000000,113,37,37,0.54014870,821.54054054,3.05405405,269.00000000,123.70000000
1484,The Phone Company Smart phones 160x160 M26 Grey,Cell phones,The Phone Company,23920.00000000,10999.75000000,12920.25000000,115,38,38,0.54014423,629.47368421,3.02631579,208.00000000,95.65000000
1485,The Phone Company Smart phones 6-LINE SCREEN M21 Grey,Cell phones,The Phone Company,24610.00000000,11317.39000000,13292.61000000,107,34,34,0.54013043,723.82352941,3.14705882,230.00000000,105.77000000
1486,The Phone Company Smart phones 320 x 320 M86 Grey,Cell phones,The Phone Company,34560.00000000,15892.80000000,18667.20000000,120,36,36,0.54013889,960.00000000,3.33333333,288.00000000,132.44000000
1487,The Phone Company Smart phones Unlocked M300 Grey,Cell phones,The Phone Company,23229.00000000,10681.86000000,12547.14000000,87,30,30,0.54014981,774.30000000,2.90000000,267.00000000,122.78000000
1488,The Phone Company Smart phones Expert M400 Grey,Cell phones,The Phone Company,29100.00000000,13382.12000000,15717.88000000,97,27,27,0.54013333,1077.77777778,3.59259259,300.00000000,137.96000000
1489,The Phone Company Smart phones Unlocked International M800 Grey,Cell phones,The Phone Company,31310.00000000,14398.56000000,16911.44000000,101,28,28,0.54012903,1118.21428571,3.60714286,310.00000000,142.56000000
149,"Adventure Works 40"" LCD HDTV M690 Silver",TV and Video,Adventure Works,109017.24000000,36119.20000000,72898.04000000,92,34,34,0.66868360,3206.38941176,2.70588235,1184.97000000,392.60000000
1490,The Phone Company Smart phones without camera E100 White,Cell phones,The Phone Company,13674.00000000,6971.62000000,6702.38000000,106,41,41,0.49015504,333.51219512,2.58536585,129.00000000,65.77000000
1491,The Phone Company Microsoft Windows Mobile M200 White,Cell phones,The Phone Company,24045.00000000,11057.55000000,12987.45000000,105,36,36,0.54013100,667.91666667,2.91666667,229.00000000,105.31000000
1492,The Phone Company Smart phones 4 GB of Memory M300 White,Cell phones,The Phone Company,15057.00000000,6924.33000000,8132.67000000,63,24,24,0.54012552,627.37500000,2.62500000,239.00000000,109.91000000
1493,The Phone Company Smart phones 8 GB of Memory M400 White,Cell phones,The Phone Company,26362.00000000,12122.60000000,14239.40000000,98,32,32,0.54014870,823.81250000,3.06250000,269.00000000,123.70000000
1494,The Phone Company Smart phones 160x160 M26 White,Cell phones,The Phone Company,22672.00000000,10425.85000000,12246.15000000,109,44,44,0.54014423,515.27272727,2.47727273,208.00000000,95.65000000
1495,The Phone Company Smart phones 6-LINE SCREEN M21 White,Cell phones,The Phone Company,23690.00000000,10894.31000000,12795.69000000,103,34,34,0.54013043,696.76470588,3.02941176,230.00000000,105.77000000
1496,The Phone Company Smart phones 320 x 320 M86 White,Cell phones,The Phone Company,29952.00000000,13773.76000000,16178.24000000,104,33,33,0.54013889,907.63636364,3.15151515,288.00000000,132.44000000
1497,The Phone Company Smart phones Unlocked M300 White,Cell phones,The Phone Company,25632.00000000,11786.88000000,13845.12000000,96,33,33,0.54014981,776.72727273,2.90909091,267.00000000,122.78000000
1498,The Phone Company Smart phones Expert M400 White,Cell phones,The Phone Company,26400.00000000,12140.48000000,14259.52000000,88,32,32,0.54013333,825.00000000,2.75000000,300.00000000,137.96000000
1499,The Phone Company Smart phones Unlocked International M800 White,Cell phones,The Phone Company,21080.00000000,9694.08000000,11385.92000000,68,25,25,0.54012903,843.20000000,2.72000000,310.00000000,142.56000000
15,Contoso 4GB Flash MP3 Player E401 White,Audio,Contoso,7845.68000000,3607.72000000,4237.96000000,101,26,26,0.54016478,301.75692308,3.88461538,77.68000000,35.72000000
150,"Adventure Works 40"" LCD HDTV M690 Black",TV and Video,Adventure Works,114942.09000000,38082.20000000,76859.89000000,97,33,33,0.66868360,3483.09363636,2.93939394,1184.97000000,392.60000000
1500,The Phone Company Smart phones without camera E100 Pink,Cell phones,The Phone Company,13158.00000000,6708.54000000,6449.46000000,102,31,31,0.49015504,424.45161290,3.29032258,129.00000000,65.77000000
1501,The Phone Company Microsoft Windows Mobile M200 Pink,Cell phones,The Phone Company,22900.00000000,10531.00000000,12369.00000000,100,32,32,0.54013100,715.62500000,3.12500000,229.00000000,105.31000000
1502,The Phone Company Smart phones 4 GB of Memory M300 Pink,Cell phones,The Phone Company,31070.00000000,14288.30000000,16781.70000000,130,43,43,0.54012552,722.55813953,3.02325581,239.00000000,109.91000000
1503,The Phone Company Smart phones 8 GB of Memory M400 Pink,Cell phones,The Phone Company,16140.00000000,7422.00000000,8718.00000000,60,21,21,0.54014870,768.57142857,2.85714286,269.00000000,123.70000000
1504,The Phone Company Smart phones 160x160 M26 Pink,Cell phones,The Phone Company,19552.00000000,8991.10000000,10560.90000000,94,30,30,0.54014423,651.73333333,3.13333333,208.00000000,95.65000000
1505,The Phone Company Smart phones 6-LINE SCREEN M21 Pink,Cell phones,The Phone Company,18860.00000000,8673.14000000,10186.86000000,82,31,31,0.54013043,608.38709677,2.64516129,230.00000000,105.77000000
1506,The Phone Company Smart phones 320 x 320 M86 Pink,Cell phones,The Phone Company,40608.00000000,18674.04000000,21933.96000000,141,40,40,0.54013889,1015.20000000,3.52500000,288.00000000,132.44000000
1507,The Phone Company Smart phones Unlocked M300 Pink,Cell phones,The Phone Company,17889.00000000,8226.26000000,9662.74000000,67,23,23,0.54014981,777.78260870,2.91304348,267.00000000,122.78000000
1508,The Phone Company Smart phones Expert M400 Pink,Cell phones,The Phone Company,19500.00000000,8967.40000000,10532.60000000,65,22,22,0.54013333,886.36363636,2.95454545,300.00000000,137.96000000
1509,The Phone Company Smart phones Unlocked International M800 Pink,Cell phones,The Phone Company,36580.00000000,16822.08000000,19757.92000000,118,35,35,0.54012903,1045.14285714,3.37142857,310.00000000,142.56000000
151,"Adventure Works 40"" LCD HDTV M690 White",TV and Video,Adventure Works,99537.48000000,32978.40000000,66559.08000000,84,29,29,0.66868360,3432.32689655,2.89655172,1184.97000000,392.60000000
1510,The Phone Company Smart phones without camera E100 Gold,Cell phones,The Phone Company,14577.00000000,7432.01000000,7144.99000000,113,33,33,0.49015504,441.72727273,3.42424242,129.00000000,65.77000000
1511,The Phone Company Microsoft Windows Mobile M200 Gold,Cell phones,The Phone Company,24503.00000000,11268.17000000,13234.83000000,107,35,35,0.54013100,700.08571429,3.05714286,229.00000000,105.31000000
1512,The Phone Company Smart phones 4 GB of Memory M300 Gold,Cell phones,The Phone Company,27963.00000000,12859.47000000,15103.53000000,117,36,36,0.54012552,776.75000000,3.25000000,239.00000000,109.91000000
1513,The Phone Company Smart phones 8 GB of Memory M400 Gold,Cell phones,The Phone Company,36046.00000000,16575.80000000,19470.20000000,134,45,45,0.54014870,801.02222222,2.97777778,269.00000000,123.70000000
1514,The Phone Company Smart phones 160x160 M26 Gold,Cell phones,The Phone Company,19344.00000000,8895.45000000,10448.55000000,93,28,28,0.54014423,690.85714286,3.32142857,208.00000000,95.65000000
1515,The Phone Company Smart phones 6-LINE SCREEN M21 Gold,Cell phones,The Phone Company,20930.00000000,9625.07000000,11304.93000000,91,33,33,0.54013043,634.24242424,2.75757576,230.00000000,105.77000000
1516,The Phone Company Smart phones 320 x 320 M86 Gold,Cell phones,The Phone Company,25920.00000000,11919.60000000,14000.40000000,90,33,33,0.54013889,785.45454545,2.72727273,288.00000000,132.44000000
1517,The Phone Company Smart phones Unlocked M300 Gold,Cell phones,The Phone Company,31773.00000000,14610.82000000,17162.18000000,119,31,31,0.54014981,1024.93548387,3.83870968,267.00000000,122.78000000
1518,The Phone Company Smart phones Expert M400 Gold,Cell phones,The Phone Company,30900.00000000,14209.88000000,16690.12000000,103,36,36,0.54013333,858.33333333,2.86111111,300.00000000,137.96000000
1519,The Phone Company Smart phones Unlocked International M800 Gold,Cell phones,The Phone Company,19530.00000000,8981.28000000,10548.72000000,63,24,24,0.54012903,813.75000000,2.62500000,310.00000000,142.56000000
152,"Adventure Works 40"" LCD HDTV M690 Brown",TV and Video,Adventure Works,125606.82000000,41615.60000000,83991.22000000,106,39,39,0.66868360,3220.68769231,2.71794872,1184.97000000,392.60000000
1520,The Phone Company PDA Wifi 3.5-inch M200 Black,Cell phones,The Phone Company,34440.00000000,15837.48000000,18602.52000000,123,42,42,0.54014286,820.00000000,2.92857143,280.00000000,128.76000000
1521,The Phone Company PDA Wifi 3.7-inch M250 Black,Cell phones,The Phone Company,33790.00000000,15539.04000000,18250.96000000,109,40,40,0.54012903,844.75000000,2.72500000,310.00000000,142.56000000
1522,The Phone Company PDA Wifi 4.7-inch L290 Black,Cell phones,The Phone Company,32300.00000000,10701.50000000,21598.50000000,85,28,28,0.66868421,1153.57142857,3.03571429,380.00000000,125.90000000
1523,The Phone Company PDA Phone 3.5 inches M320 Black,Cell phones,The Phone Company,27209.00000000,12512.50000000,14696.50000000,91,32,32,0.54013378,850.28125000,2.84375000,299.00000000,137.50000000
1524,The Phone Company PDA Phone 3.7 inches M340 Black,Cell phones,The Phone Company,42570.00000000,19577.04000000,22992.96000000,129,39,39,0.54012121,1091.53846154,3.30769231,330.00000000,151.76000000
1525,The Phone Company PDA Phone 4.7 inches L360 Black,Cell phones,The Phone Company,41004.00000000,13585.38000000,27418.62000000,102,27,27,0.66868159,1518.66666667,3.77777778,402.00000000,133.19000000
1526,The Phone Company PDA Phone Unlocked 3.7 inches M510 Black,Cell phones,The Phone Company,24276.00000000,11163.90000000,13112.10000000,102,34,34,0.54012605,714.00000000,3.00000000,238.00000000,109.45000000
1527,The Phone Company PDA Phone Unlocked 3.5 inches M530 Black,Cell phones,The Phone Company,34840.00000000,16021.20000000,18818.80000000,130,36,36,0.54014925,967.77777778,3.61111111,268.00000000,123.24000000
1528,The Phone Company PDA Phone Unlocked 4.7 inches L550 Black,Cell phones,The Phone Company,31106.00000000,10306.18000000,20799.82000000,103,34,34,0.66867550,914.88235294,3.02941176,302.00000000,100.06000000
1529,The Phone Company PDA Handheld 3.5 inch M610 Black,Cell phones,The Phone Company,24735.00000000,11375.19000000,13359.81000000,97,34,34,0.54011765,727.50000000,2.85294118,255.00000000,117.27000000
153,"Adventure Works 26"" 720p LCD HDTV M140 Silver",TV and Video,Adventure Works,46057.06000000,21179.76000000,24877.30000000,98,38,38,0.54014086,1212.02789474,2.57894737,469.97000000,216.12000000
1530,The Phone Company PDA Handheld 3.7 inch M630 Black,Cell phones,The Phone Company,27664.00000000,12721.28000000,14942.72000000,104,36,36,0.54015038,768.44444444,2.88888889,266.00000000,122.32000000
1531,The Phone Company PDA Handheld 4.7 inch L650 Black,Cell phones,The Phone Company,34232.00000000,11341.44000000,22890.56000000,88,36,36,0.66868895,950.88888889,2.44444444,389.00000000,128.88000000
1532,The Phone Company PDA Palm 3.5 inch M810 Black,Cell phones,The Phone Company,27720.00000000,12747.24000000,14972.76000000,99,31,31,0.54014286,894.19354839,3.19354839,280.00000000,128.76000000
1533,The Phone Company PDA Palm 3.7 inch M830 Black,Cell phones,The Phone Company,28704.00000000,13200.00000000,15504.00000000,96,40,40,0.54013378,717.60000000,2.40000000,299.00000000,137.50000000
1534,The Phone Company PDA Palm 4.7 inch L850 Black,Cell phones,The Phone Company,26268.00000000,8703.42000000,17564.58000000,66,22,22,0.66866834,1194.00000000,3.00000000,398.00000000,131.87000000
1535,The Phone Company PDA GPS Phone 3.5 inch M910 Black,Cell phones,The Phone Company,28408.00000000,13063.44000000,15344.56000000,106,30,30,0.54014925,946.93333333,3.53333333,268.00000000,123.24000000
1536,The Phone Company PDA GPS Phone 3.7 inch M930 Black,Cell phones,The Phone Company,37548.00000000,17267.04000000,20280.96000000,126,36,36,0.54013423,1043.00000000,3.50000000,298.00000000,137.04000000
1537,The Phone Company PDA GPS Phone 4.7 inch L950 Black,Cell phones,The Phone Company,41952.00000000,13900.02000000,28051.98000000,114,36,36,0.66866848,1165.33333333,3.16666667,368.00000000,121.93000000
1538,The Phone Company PDA Wifi 3.5-inch M200 Silver,Cell phones,The Phone Company,29680.00000000,13648.56000000,16031.44000000,106,31,31,0.54014286,957.41935484,3.41935484,280.00000000,128.76000000
1539,The Phone Company PDA Wifi 3.7-inch M250 Silver,Cell phones,The Phone Company,30070.00000000,13828.32000000,16241.68000000,97,35,35,0.54012903,859.14285714,2.77142857,310.00000000,142.56000000
154,"Adventure Works 26"" 720p LCD HDTV M140 Black",TV and Video,Adventure Works,62975.98000000,28960.08000000,34015.90000000,134,45,45,0.54014086,1399.46622222,2.97777778,469.97000000,216.12000000
1540,The Phone Company PDA Wifi 4.7-inch L290 Silver,Cell phones,The Phone Company,37240.00000000,12338.20000000,24901.80000000,98,32,32,0.66868421,1163.75000000,3.06250000,380.00000000,125.90000000
1541,The Phone Company PDA Phone 3.5 inches M320 Silver,Cell phones,The Phone Company,24219.00000000,11137.50000000,13081.50000000,81,29,29,0.54013378,835.13793103,2.79310345,299.00000000,137.50000000
1542,The Phone Company PDA Phone 3.7 inches M340 Silver,Cell phones,The Phone Company,22110.00000000,10167.92000000,11942.08000000,67,23,23,0.54012121,961.30434783,2.91304348,330.00000000,151.76000000
1543,The Phone Company PDA Phone 4.7 inches L360 Silver,Cell phones,The Phone Company,40602.00000000,13452.19000000,27149.81000000,101,32,32,0.66868159,1268.81250000,3.15625000,402.00000000,133.19000000
1544,The Phone Company PDA Phone Unlocked 3.7 inches M510 Silver,Cell phones,The Phone Company,26894.00000000,12367.85000000,14526.15000000,113,30,30,0.54012605,896.46666667,3.76666667,238.00000000,109.45000000
1545,The Phone Company PDA Phone Unlocked 3.5 inches M530 Silver,Cell phones,The Phone Company,28140.00000000,12940.20000000,15199.80000000,105,32,32,0.54014925,879.37500000,3.28125000,268.00000000,123.24000000
1546,The Phone Company PDA Phone Unlocked 4.7 inches L550 Silver,Cell phones,The Phone Company,29294.00000000,9705.82000000,19588.18000000,97,37,37,0.66867550,791.72972973,2.62162162,302.00000000,100.06000000
1547,The Phone Company PDA Handheld 3.5 inch M610 Silver,Cell phones,The Phone Company,26775.00000000,12313.35000000,14461.65000000,105,32,32,0.54011765,836.71875000,3.28125000,255.00000000,117.27000000
1548,The Phone Company PDA Handheld 3.7 inch M630 Silver,Cell phones,The Phone Company,28994.00000000,13332.88000000,15661.12000000,109,38,38,0.54015038,763.00000000,2.86842105,266.00000000,122.32000000
1549,The Phone Company PDA Handheld 4.7 inch L650 Silver,Cell phones,The Phone Company,33065.00000000,10954.80000000,22110.20000000,85,27,27,0.66868895,1224.62962963,3.14814815,389.00000000,128.88000000
155,"Adventure Works 26"" 720p LCD HDTV M140 White",TV and Video,Adventure Works,39477.48000000,18154.08000000,21323.40000000,84,26,26,0.54014086,1518.36461538,3.23076923,469.97000000,216.12000000
1550,The Phone Company PDA Palm 3.5 inch M810 Silver,Cell phones,The Phone Company,30800.00000000,14163.60000000,16636.40000000,110,37,37,0.54014286,832.43243243,2.97297297,280.00000000,128.76000000
1551,The Phone Company PDA Palm 3.7 inch M830 Silver,Cell phones,The Phone Company,22724.00000000,10450.00000000,12274.00000000,76,25,25,0.54013378,908.96000000,3.04000000,299.00000000,137.50000000
1552,The Phone Company PDA Palm 4.7 inch L850 Silver,Cell phones,The Phone Company,41790.00000000,13846.35000000,27943.65000000,105,33,33,0.66866834,1266.36363636,3.18181818,398.00000000,131.87000000
1553,The Phone Company PDA GPS Phone 3.5 inch M910 Silver,Cell phones,The Phone Company,16884.00000000,7764.12000000,9119.88000000,63,28,28,0.54014925,603.00000000,2.25000000,268.00000000,123.24000000
1554,The Phone Company PDA GPS Phone 3.7 inch M930 Silver,Cell phones,The Phone Company,32780.00000000,15074.40000000,17705.60000000,110,36,36,0.54013423,910.55555556,3.05555556,298.00000000,137.04000000
1555,The Phone Company PDA GPS Phone 4.7 inch L950 Silver,Cell phones,The Phone Company,40480.00000000,13412.30000000,27067.70000000,110,36,36,0.66866848,1124.44444444,3.05555556,368.00000000,121.93000000
1556,The Phone Company PDA Wifi 3.5-inch M200 White,Cell phones,The Phone Company,37800.00000000,17382.60000000,20417.40000000,135,36,36,0.54014286,1050.00000000,3.75000000,280.00000000,128.76000000
1557,The Phone Company PDA Wifi 3.7-inch M250 White,Cell phones,The Phone Company,33480.00000000,15396.48000000,18083.52000000,108,34,34,0.54012903,984.70588235,3.17647059,310.00000000,142.56000000
1558,The Phone Company PDA Wifi 4.7-inch L290 White,Cell phones,The Phone Company,44460.00000000,14730.30000000,29729.70000000,117,40,40,0.66868421,1111.50000000,2.92500000,380.00000000,125.90000000
1559,The Phone Company PDA Phone 3.5 inches M320 White,Cell phones,The Phone Company,25714.00000000,11825.00000000,13889.00000000,86,30,30,0.54013378,857.13333333,2.86666667,299.00000000,137.50000000
156,"Adventure Works 26"" 720p LCD HDTV M140 Brown",TV and Video,Adventure Works,53576.58000000,24637.68000000,28938.90000000,114,34,34,0.54014086,1575.78176471,3.35294118,469.97000000,216.12000000
1560,The Phone Company PDA Phone 3.7 inches M340 White,Cell phones,The Phone Company,24420.00000000,11230.24000000,13189.76000000,74,26,26,0.54012121,939.23076923,2.84615385,330.00000000,151.76000000
1561,The Phone Company PDA Phone 4.7 inches L360 White,Cell phones,The Phone Company,39396.00000000,13052.62000000,26343.38000000,98,36,36,0.66868159,1094.33333333,2.72222222,402.00000000,133.19000000
1562,The Phone Company PDA Phone Unlocked 3.7 inches M510 White,Cell phones,The Phone Company,19516.00000000,8974.90000000,10541.10000000,82,27,27,0.54012605,722.81481481,3.03703704,238.00000000,109.45000000
1563,The Phone Company PDA Phone Unlocked 3.5 inches M530 White,Cell phones,The Phone Company,33500.00000000,15405.00000000,18095.00000000,125,37,37,0.54014925,905.40540541,3.37837838,268.00000000,123.24000000
1564,The Phone Company PDA Phone Unlocked 4.7 inches L550 White,Cell phones,The Phone Company,26878.00000000,8905.34000000,17972.66000000,89,31,31,0.66867550,867.03225806,2.87096774,302.00000000,100.06000000
1565,The Phone Company PDA Handheld 3.5 inch M610 White,Cell phones,The Phone Company,26010.00000000,11961.54000000,14048.46000000,102,37,37,0.54011765,702.97297297,2.75675676,255.00000000,117.27000000
1566,The Phone Company PDA Handheld 3.7 inch M630 White,Cell phones,The Phone Company,25802.00000000,11865.04000000,13936.96000000,97,32,32,0.54015038,806.31250000,3.03125000,266.00000000,122.32000000
1567,The Phone Company PDA Handheld 4.7 inch L650 White,Cell phones,The Phone Company,39678.00000000,13145.76000000,26532.24000000,102,27,27,0.66868895,1469.55555556,3.77777778,389.00000000,128.88000000
1568,The Phone Company PDA Palm 3.5 inch M810 White,Cell phones,The Phone Company,17920.00000000,8240.64000000,9679.36000000,64,25,25,0.54014286,716.80000000,2.56000000,280.00000000,128.76000000
1569,The Phone Company PDA Palm 3.7 inch M830 White,Cell phones,The Phone Company,34983.00000000,16087.50000000,18895.50000000,117,36,36,0.54013378,971.75000000,3.25000000,299.00000000,137.50000000
157,"Adventure Works 37"" 1080p LCD HDTV M150W Silver",TV and Video,Adventure Works,161698.53000000,74359.95000000,87338.58000000,147,42,42,0.54013218,3849.96500000,3.50000000,1099.99000000,505.85000000
1570,The Phone Company PDA Palm 4.7 inch L850 White,Cell phones,The Phone Company,32238.00000000,10681.47000000,21556.53000000,81,31,31,0.66866834,1039.93548387,2.61290323,398.00000000,131.87000000
1571,SV DVD Player M100 Black,"Music, Movies and Audio Books",Southridge Video,19034.66000000,8754.14000000,10280.52000000,334,103,103,0.54009475,184.80252427,3.24271845,56.99000000,26.21000000
1572,SV DVD Player M110 Silver,"Music, Movies and Audio Books",Southridge Video,17744.94000000,8161.02000000,9583.92000000,306,101,101,0.54009312,175.69247525,3.02970297,57.99000000,26.67000000
1573,SV DVD Player M120 White,"Music, Movies and Audio Books",Southridge Video,23831.96000000,10960.52000000,12871.44000000,404,116,115,0.54009154,205.44793103,3.48275862,58.99000000,27.13000000
1574,SV DVD Player M130 Grey,"Music, Movies and Audio Books",Southridge Video,15537.41000000,7145.81000000,8391.60000000,259,94,94,0.54009002,165.29159574,2.75531915,59.99000000,27.59000000
1575,SV DVD Player M140 Gold,"Music, Movies and Audio Books",Southridge Video,16772.25000000,7713.75000000,9058.50000000,275,90,89,0.54008854,186.35833333,3.05555556,60.99000000,28.05000000
1576,SV DVD Movies E100 Yellow,"Music, Movies and Audio Books",Southridge Video,3793.08000000,1933.04000000,1860.04000000,292,98,98,0.49037721,38.70489796,2.97959184,12.99000000,6.62000000
1577,SV DVD Recorder L200 Black,"Music, Movies and Audio Books",Southridge Video,63510.00000000,21042.40000000,42467.60000000,290,86,86,0.66867580,738.48837209,3.37209302,219.00000000,72.56000000
1578,SV DVD Recorder L210 Silver,"Music, Movies and Audio Books",Southridge Video,81468.00000000,26992.32000000,54475.68000000,372,118,117,0.66867580,690.40677966,3.15254237,219.00000000,72.56000000
1579,SV DVD Recorder L220 White,"Music, Movies and Audio Books",Southridge Video,64824.00000000,21477.76000000,43346.24000000,296,91,91,0.66867580,712.35164835,3.25274725,219.00000000,72.56000000
158,"Adventure Works 37"" 1080p LCD HDTV M150W Black",TV and Video,Adventure Works,129798.82000000,59690.30000000,70108.52000000,118,36,36,0.54013218,3605.52277778,3.27777778,1099.99000000,505.85000000
1580,SV DVD Recorder L230 Grey,"Music, Movies and Audio Books",Southridge Video,64605.00000000,21405.20000000,43199.80000000,295,104,104,0.66867580,621.20192308,2.83653846,219.00000000,72.56000000
1581,SV DVD Recorder L240 Gold,"Music, Movies and Audio Books",Southridge Video,77745.00000000,25758.80000000,51986.20000000,355,108,107,0.66867580,719.86111111,3.28703704,219.00000000,72.56000000
1582,SV DVD 48 DVD Storage Binder M50 Black,"Music, Movies and Audio Books",Southridge Video,4965.24000000,2282.52000000,2682.72000000,276,99,99,0.54030017,50.15393939,2.78787879,17.99000000,8.27000000
1583,SV DVD 58 DVD Storage Binder M55 Black,"Music, Movies and Audio Books",Southridge Video,4514.25000000,2076.75000000,2437.50000000,325,105,105,0.53995680,42.99285714,3.09523810,13.89000000,6.39000000
1584,SV DVD 38 DVD Storage Binder E25 Black,"Music, Movies and Audio Books",Southridge Video,2907.09000000,1481.19000000,1425.90000000,291,89,89,0.49049049,32.66393258,3.26966292,9.99000000,5.09000000
1585,SV DVD 60 DVD Storage Binder L20 Black,"Music, Movies and Audio Books",Southridge Video,6981.45000000,2311.90000000,4669.55000000,305,96,96,0.66885103,72.72343750,3.17708333,22.89000000,7.58000000
1586,SV DVD 55DVD Storage Binder M56 Black,"Music, Movies and Audio Books",Southridge Video,4684.20000000,2153.40000000,2530.80000000,370,112,112,0.54028436,41.82321429,3.30357143,12.66000000,5.82000000
1587,SV DVD 48 DVD Storage Binder M50 Silver,"Music, Movies and Audio Books",Southridge Video,5019.21000000,2307.33000000,2711.88000000,279,90,90,0.54030017,55.76900000,3.10000000,17.99000000,8.27000000
1588,SV DVD 58 DVD Storage Binder M55 Silver,"Music, Movies and Audio Books",Southridge Video,4180.89000000,1923.39000000,2257.50000000,301,98,97,0.53995680,42.66214286,3.07142857,13.89000000,6.39000000
1589,SV DVD 38 DVD Storage Binder E25 Silver,"Music, Movies and Audio Books",Southridge Video,3216.78000000,1638.98000000,1577.80000000,322,95,95,0.49049049,33.86084211,3.38947368,9.99000000,5.09000000
159,"Adventure Works 37"" 1080p LCD HDTV M150W White",TV and Video,Adventure Works,167198.48000000,76889.20000000,90309.28000000,152,43,43,0.54013218,3888.33674419,3.53488372,1099.99000000,505.85000000
1590,SV DVD 60 DVD Storage Binder L20 Silver,"Music, Movies and Audio Books",Southridge Video,7095.90000000,2349.80000000,4746.10000000,310,93,93,0.66885103,76.30000000,3.33333333,22.89000000,7.58000000
1591,SV DVD 55DVD Storage Binder M56 Silver,"Music, Movies and Audio Books",Southridge Video,4127.16000000,1897.32000000,2229.84000000,326,96,96,0.54028436,42.99125000,3.39583333,12.66000000,5.82000000
1592,SV DVD 48 DVD Storage Binder M50 Red,"Music, Movies and Audio Books",Southridge Video,4965.24000000,2282.52000000,2682.72000000,276,93,93,0.54030017,53.38967742,2.96774194,17.99000000,8.27000000
1593,SV DVD 58 DVD Storage Binder M55 Red,"Music, Movies and Audio Books",Southridge Video,4555.92000000,2095.92000000,2460.00000000,328,108,107,0.53995680,42.18444444,3.03703704,13.89000000,6.39000000
1594,SV DVD 38 DVD Storage Binder E25 Red,"Music, Movies and Audio Books",Southridge Video,3476.52000000,1771.32000000,1705.20000000,348,111,110,0.49049049,31.32000000,3.13513514,9.99000000,5.09000000
1595,SV DVD 60 DVD Storage Binder L20 Red,"Music, Movies and Audio Books",Southridge Video,6340.53000000,2099.66000000,4240.87000000,277,95,95,0.66885103,66.74242105,2.91578947,22.89000000,7.58000000
1596,SV DVD 55DVD Storage Binder M56 Red,"Music, Movies and Audio Books",Southridge Video,4658.88000000,2141.76000000,2517.12000000,368,114,114,0.54028436,40.86736842,3.22807018,12.66000000,5.82000000
1597,SV DVD External DVD Burner M200 Black,"Music, Movies and Audio Books",Southridge Video,22225.92000000,10222.08000000,12003.84000000,384,119,119,0.54008293,186.77243697,3.22689076,57.88000000,26.62000000
1598,SV DVD External DVD Burner M200 Grey,"Music, Movies and Audio Books",Southridge Video,16032.76000000,7373.74000000,8659.02000000,277,87,87,0.54008293,184.28459770,3.18390805,57.88000000,26.62000000
1599,SV DVD External DVD Burner M200 Blue,"Music, Movies and Audio Books",Southridge Video,17190.36000000,7906.14000000,9284.22000000,297,102,102,0.54008293,168.53294118,2.91176471,57.88000000,26.62000000
16,Contoso 8GB Super-Slim MP3/Video Player M800 White,Audio,Contoso,4727.85000000,2174.08000000,2553.77000000,43,21,21,0.54015462,225.13571429,2.04761905,109.95000000,50.56000000
160,"Adventure Works 37"" 1080p LCD HDTV M150W Brown",TV and Video,Adventure Works,116598.94000000,53620.10000000,62978.84000000,106,35,35,0.54013218,3331.39828571,3.02857143,1099.99000000,505.85000000
1600,SV DVD External DVD Burner M200 Silver,"Music, Movies and Audio Books",Southridge Video,16437.92000000,7560.08000000,8877.84000000,284,101,101,0.54008293,162.75168317,2.81188119,57.88000000,26.62000000
1601,SV DVD 9-Inch Player Portable M300 Black,"Music, Movies and Audio Books",Southridge Video,50716.83000000,23321.69000000,27395.14000000,317,103,100,0.54015876,492.39640777,3.07766990,159.99000000,73.57000000
1602,SV DVD 12-Inch Player Portable M400 Black,"Music, Movies and Audio Books",Southridge Video,60476.64000000,27810.72000000,32665.92000000,336,108,107,0.54014112,559.96888889,3.11111111,179.99000000,82.77000000
1603,SV DVD 7-Inch Player Portable E200 Black,"Music, Movies and Audio Books",Southridge Video,32117.08000000,16375.36000000,15741.72000000,292,99,99,0.49013547,324.41494949,2.94949495,109.99000000,56.08000000
1604,SV DVD 14-Inch Player Portable L100 Black,"Music, Movies and Audio Books",Southridge Video,79556.94000000,26358.84000000,53198.10000000,306,105,105,0.66867956,757.68514286,2.91428571,259.99000000,86.14000000
1605,SV DVD 15-Inch Player Portable L200 Black,"Music, Movies and Audio Books",Southridge Video,98596.60000000,32667.20000000,65929.40000000,340,100,100,0.66867823,985.96600000,3.40000000,289.99000000,96.08000000
1606,SV DVD 9-Inch Player Portable M300 Silver,"Music, Movies and Audio Books",Southridge Video,42237.36000000,19422.48000000,22814.88000000,264,94,94,0.54015876,449.33361702,2.80851064,159.99000000,73.57000000
1607,SV DVD 12-Inch Player Portable M400 Silver,"Music, Movies and Audio Books",Southridge Video,55256.93000000,25410.39000000,29846.54000000,307,91,91,0.54014112,607.21901099,3.37362637,179.99000000,82.77000000
1608,SV DVD 7-Inch Player Portable E200 Silver,"Music, Movies and Audio Books",Southridge Video,36186.71000000,18450.32000000,17736.39000000,329,95,94,0.49013547,380.91273684,3.46315789,109.99000000,56.08000000
1609,SV DVD 14-Inch Player Portable L100 Silver,"Music, Movies and Audio Books",Southridge Video,101656.09000000,33680.74000000,67975.35000000,391,121,121,0.66867956,840.13297521,3.23140496,259.99000000,86.14000000
161,"Adventure Works 52"" LCD HDTV X790W Silver",TV and Video,Adventure Works,162404.40000000,53808.06000000,108596.34000000,102,35,35,0.66867856,4640.12571429,2.91428571,1592.20000000,527.53000000
1610,SV DVD 15-Inch Player Portable L200 Silver,"Music, Movies and Audio Books",Southridge Video,87866.97000000,29112.24000000,58754.73000000,303,90,90,0.66867823,976.29966667,3.36666667,289.99000000,96.08000000
1611,SV DVD 9-Inch Player Portable M300 White,"Music, Movies and Audio Books",Southridge Video,45917.13000000,21114.59000000,24802.54000000,287,86,85,0.54015876,533.92011628,3.33720930,159.99000000,73.57000000
1612,SV DVD 12-Inch Player Portable M400 White,"Music, Movies and Audio Books",Southridge Video,72175.99000000,33190.77000000,38985.22000000,401,116,116,0.54014112,622.20681034,3.45689655,179.99000000,82.77000000
1613,SV DVD 7-Inch Player Portable E200 White,"Music, Movies and Audio Books",Southridge Video,40146.35000000,20469.20000000,19677.15000000,365,110,110,0.49013547,364.96681818,3.31818182,109.99000000,56.08000000
1614,SV DVD 14-Inch Player Portable L100 White,"Music, Movies and Audio Books",Southridge Video,88396.60000000,29287.60000000,59109.00000000,340,113,112,0.66867956,782.27079646,3.00884956,259.99000000,86.14000000
1615,SV DVD 15-Inch Player Portable L200 White,"Music, Movies and Audio Books",Southridge Video,74527.43000000,24692.56000000,49834.87000000,257,96,96,0.66867823,776.32739583,2.67708333,289.99000000,96.08000000
1616,Contoso DVD Player M100 Black,"Music, Movies and Audio Books",Contoso,21428.24000000,9854.96000000,11573.28000000,376,120,120,0.54009475,178.56866667,3.13333333,56.99000000,26.21000000
1617,Contoso DVD Player M110 Silver,"Music, Movies and Audio Books",Contoso,20876.40000000,9601.20000000,11275.20000000,360,109,109,0.54009312,191.52660550,3.30275229,57.99000000,26.67000000
1618,Contoso DVD Player M120 White,"Music, Movies and Audio Books",Contoso,17107.10000000,7867.70000000,9239.40000000,290,90,90,0.54009154,190.07888889,3.22222222,58.99000000,27.13000000
1619,Contoso DVD Player M130 Grey,"Music, Movies and Audio Books",Contoso,20756.54000000,9546.14000000,11210.40000000,346,112,111,0.54009002,185.32625000,3.08928571,59.99000000,27.59000000
162,"Adventure Works 52"" LCD HDTV X790W Black",TV and Video,Adventure Works,125783.80000000,41674.87000000,84108.93000000,79,30,30,0.66867856,4192.79333333,2.63333333,1592.20000000,527.53000000
1620,Contoso DVD Player M140 Gold,"Music, Movies and Audio Books",Contoso,15857.40000000,7293.00000000,8564.40000000,260,85,84,0.54008854,186.55764706,3.05882353,60.99000000,28.05000000
1621,Contoso DVD Movies E100 Yellow,"Music, Movies and Audio Books",Contoso,4481.55000000,2283.90000000,2197.65000000,345,103,102,0.49037721,43.51019417,3.34951456,12.99000000,6.62000000
1622,Contoso DVD Recorder L200 Black,"Music, Movies and Audio Books",Contoso,68547.00000000,22711.28000000,45835.72000000,313,104,103,0.66867580,659.10576923,3.00961538,219.00000000,72.56000000
1623,Contoso DVD Recorder L210 Silver,"Music, Movies and Audio Books",Contoso,65700.00000000,21768.00000000,43932.00000000,300,88,88,0.66867580,746.59090909,3.40909091,219.00000000,72.56000000
1624,Contoso DVD Recorder L220 White,"Music, Movies and Audio Books",Contoso,61977.00000000,20534.48000000,41442.52000000,283,95,94,0.66867580,652.38947368,2.97894737,219.00000000,72.56000000
1625,Contoso DVD Recorder L230 Grey,"Music, Movies and Audio Books",Contoso,81249.00000000,26919.76000000,54329.24000000,371,118,118,0.66867580,688.55084746,3.14406780,219.00000000,72.56000000
1626,Contoso DVD Recorder L240 Gold,"Music, Movies and Audio Books",Contoso,59349.00000000,19663.76000000,39685.24000000,271,85,84,0.66867580,698.22352941,3.18823529,219.00000000,72.56000000
1627,Contoso DVD 48 DVD Storage Binder M50 Black,"Music, Movies and Audio Books",Contoso,5379.01000000,2472.73000000,2906.28000000,299,92,92,0.54030017,58.46750000,3.25000000,17.99000000,8.27000000
1628,Contoso DVD 58 DVD Storage Binder M55 Black,"Music, Movies and Audio Books",Contoso,4417.02000000,2032.02000000,2385.00000000,318,100,100,0.53995680,44.17020000,3.18000000,13.89000000,6.39000000
1629,Contoso DVD 38 DVD Storage Binder E25 Black,"Music, Movies and Audio Books",Contoso,3556.44000000,1812.04000000,1744.40000000,356,114,113,0.49049049,31.19684211,3.12280702,9.99000000,5.09000000
163,"Adventure Works 52"" LCD HDTV X790W White",TV and Video,Adventure Works,189471.80000000,62776.07000000,126695.73000000,119,38,38,0.66867856,4986.10000000,3.13157895,1592.20000000,527.53000000
1630,Contoso DVD 60 DVD Storage Binder L20 Black,"Music, Movies and Audio Books",Contoso,5814.06000000,1925.32000000,3888.74000000,254,91,91,0.66885103,63.89076923,2.79120879,22.89000000,7.58000000
1631,Contoso DVD 55DVD Storage Binder M56 Black,"Music, Movies and Audio Books",Contoso,4089.18000000,1879.86000000,2209.32000000,323,99,99,0.54028436,41.30484848,3.26262626,12.66000000,5.82000000
1632,Contoso DVD 48 DVD Storage Binder M50 Silver,"Music, Movies and Audio Books",Contoso,6260.52000000,2877.96000000,3382.56000000,348,108,108,0.54030017,57.96777778,3.22222222,17.99000000,8.27000000
1633,Contoso DVD 58 DVD Storage Binder M55 Silver,"Music, Movies and Audio Books",Contoso,4014.21000000,1846.71000000,2167.50000000,289,98,98,0.53995680,40.96132653,2.94897959,13.89000000,6.39000000
1634,Contoso DVD 38 DVD Storage Binder E25 Silver,"Music, Movies and Audio Books",Contoso,2827.17000000,1440.47000000,1386.70000000,283,97,96,0.49049049,29.14608247,2.91752577,9.99000000,5.09000000
1635,Contoso DVD 60 DVD Storage Binder L20 Silver,"Music, Movies and Audio Books",Contoso,7118.79000000,2357.38000000,4761.41000000,311,98,98,0.66885103,72.64071429,3.17346939,22.89000000,7.58000000
1636,Contoso DVD 55DVD Storage Binder M56 Silver,"Music, Movies and Audio Books",Contoso,4810.80000000,2211.60000000,2599.20000000,380,122,122,0.54028436,39.43278689,3.11475410,12.66000000,5.82000000
1637,Contoso DVD 48 DVD Storage Binder M50 Red,"Music, Movies and Audio Books",Contoso,6332.48000000,2911.04000000,3421.44000000,352,107,107,0.54030017,59.18205607,3.28971963,17.99000000,8.27000000
1638,Contoso DVD 58 DVD Storage Binder M55 Red,"Music, Movies and Audio Books",Contoso,4375.35000000,2012.85000000,2362.50000000,315,111,111,0.53995680,39.41756757,2.83783784,13.89000000,6.39000000
1639,Contoso DVD 38 DVD Storage Binder E25 Red,"Music, Movies and Audio Books",Contoso,3056.94000000,1557.54000000,1499.40000000,306,97,97,0.49049049,31.51484536,3.15463918,9.99000000,5.09000000
164,"Adventure Works 52"" LCD HDTV X790W Brown",TV and Video,Adventure Works,199025.00000000,65941.25000000,133083.75000000,125,37,37,0.66867856,5379.05405405,3.37837838,1592.20000000,527.53000000
1640,Contoso DVD 60 DVD Storage Binder L20 Red,"Music, Movies and Audio Books",Contoso,6088.74000000,2016.28000000,4072.46000000,266,96,96,0.66885103,63.42437500,2.77083333,22.89000000,7.58000000
1641,Contoso DVD 55DVD Storage Binder M56 Red,"Music, Movies and Audio Books",Contoso,4519.62000000,2077.74000000,2441.88000000,357,115,115,0.54028436,39.30104348,3.10434783,12.66000000,5.82000000
1642,Contoso DVD External DVD Burner M200 Black,"Music, Movies and Audio Books",Contoso,16090.64000000,7400.36000000,8690.28000000,278,96,95,0.54008293,167.61083333,2.89583333,57.88000000,26.62000000
1643,Contoso DVD External DVD Burner M200 Grey,"Music, Movies and Audio Books",Contoso,20836.80000000,9583.20000000,11253.60000000,360,111,111,0.54008293,187.71891892,3.24324324,57.88000000,26.62000000
1644,Contoso DVD External DVD Burner M200 Blue,"Music, Movies and Audio Books",Contoso,18290.08000000,8411.92000000,9878.16000000,316,99,99,0.54008293,184.74828283,3.19191919,57.88000000,26.62000000
1645,Contoso DVD External DVD Burner M200 Silver,"Music, Movies and Audio Books",Contoso,19794.96000000,9104.04000000,10690.92000000,342,110,108,0.54008293,179.95418182,3.10909091,57.88000000,26.62000000
1646,Contoso DVD 9-Inch Player Portable M300 Black,"Music, Movies and Audio Books",Contoso,56796.45000000,26117.35000000,30679.10000000,355,113,113,0.54015876,502.62345133,3.14159292,159.99000000,73.57000000
1647,Contoso DVD 12-Inch Player Portable M400 Black,"Music, Movies and Audio Books",Contoso,59216.71000000,27231.33000000,31985.38000000,329,100,99,0.54014112,592.16710000,3.29000000,179.99000000,82.77000000
1648,Contoso DVD 7-Inch Player Portable E200 Black,"Music, Movies and Audio Books",Contoso,41356.24000000,21086.08000000,20270.16000000,376,118,118,0.49013547,350.47661017,3.18644068,109.99000000,56.08000000
1649,Contoso DVD 14-Inch Player Portable L100 Black,"Music, Movies and Audio Books",Contoso,90736.51000000,30062.86000000,60673.65000000,349,103,102,0.66867956,880.93699029,3.38834951,259.99000000,86.14000000
165,"Adventure Works 42"" LCD HDTV M55 Black",TV and Video,Adventure Works,102310.34000000,52160.84000000,50149.50000000,134,43,43,0.49017040,2379.31023256,3.11627907,763.51000000,389.26000000
1650,Contoso DVD 15-Inch Player Portable L200 Black,"Music, Movies and Audio Books",Contoso,95986.69000000,31802.48000000,64184.21000000,331,98,97,0.66867823,979.45602041,3.37755102,289.99000000,96.08000000
1651,Contoso DVD 9-Inch Player Portable M300 Silver,"Music, Movies and Audio Books",Contoso,53756.64000000,24719.52000000,29037.12000000,336,103,102,0.54015876,521.90912621,3.26213592,159.99000000,73.57000000
1652,Contoso DVD 12-Inch Player Portable M400 Silver,"Music, Movies and Audio Books",Contoso,66596.30000000,30624.90000000,35971.40000000,370,118,118,0.54014112,564.37542373,3.13559322,179.99000000,82.77000000
1653,Contoso DVD 7-Inch Player Portable E200 Silver,"Music, Movies and Audio Books",Contoso,40916.28000000,20861.76000000,20054.52000000,372,109,108,0.49013547,375.37871560,3.41284404,109.99000000,56.08000000
1654,Contoso DVD 14-Inch Player Portable L100 Silver,"Music, Movies and Audio Books",Contoso,79036.96000000,26186.56000000,52850.40000000,304,89,89,0.66867956,888.05573034,3.41573034,259.99000000,86.14000000
1655,Contoso DVD 15-Inch Player Portable L200 Silver,"Music, Movies and Audio Books",Contoso,94246.75000000,31226.00000000,63020.75000000,325,98,98,0.66867823,961.70153061,3.31632653,289.99000000,96.08000000
1656,Contoso DVD 9-Inch Player Portable M300 White,"Music, Movies and Audio Books",Contoso,53276.67000000,24498.81000000,28777.86000000,333,106,106,0.54015876,502.61009434,3.14150943,159.99000000,73.57000000
1657,Contoso DVD 12-Inch Player Portable M400 White,"Music, Movies and Audio Books",Contoso,49317.26000000,22678.98000000,26638.28000000,274,91,90,0.54014112,541.94791209,3.01098901,179.99000000,82.77000000
1658,Contoso DVD 7-Inch Player Portable E200 White,"Music, Movies and Audio Books",Contoso,31787.11000000,16207.12000000,15579.99000000,289,96,96,0.49013547,331.11572917,3.01041667,109.99000000,56.08000000
1659,Contoso DVD 14-Inch Player Portable L100 White,"Music, Movies and Audio Books",Contoso,79296.95000000,26272.70000000,53024.25000000,305,95,95,0.66867956,834.70473684,3.21052632,259.99000000,86.14000000
166,SV 16xDVD M300 Black,TV and Video,Southridge Video,14280.00000000,6566.40000000,7713.60000000,120,39,39,0.54016807,366.15384615,3.07692308,119.00000000,54.72000000
1660,Contoso DVD 15-Inch Player Portable L200 White,"Music, Movies and Audio Books",Contoso,95406.71000000,31610.32000000,63796.39000000,329,108,108,0.66867823,883.39546296,3.04629630,289.99000000,96.08000000
1661,MGS Hand Games for kids E300 Yellow,Games and Toys,Tailspin Toys,1424.50000000,725.20000000,699.30000000,259,85,85,0.49090909,16.75882353,3.04705882,5.50000000,2.80000000
1662,MGS Hand Games for students E400 Yellow,Games and Toys,Tailspin Toys,1349.07000000,687.08000000,661.99000000,193,64,64,0.49070100,21.07921875,3.01562500,6.99000000,3.56000000
1663,MGS Hand Games men M300 Yellow,Games and Toys,Tailspin Toys,1750.06000000,805.18000000,944.88000000,254,84,84,0.53991292,20.83404762,3.02380952,6.89000000,3.17000000
1664,MGS Hand Games women M400 Yellow,Games and Toys,Tailspin Toys,2256.49000000,1036.63000000,1219.86000000,251,74,74,0.54060067,30.49310811,3.39189189,8.99000000,4.13000000
1665,MGS Hand Games for 12-16 boys E600 Yellow,Games and Toys,Tailspin Toys,1302.39000000,662.94000000,639.45000000,261,92,92,0.49098196,14.15641304,2.83695652,4.99000000,2.54000000
1666,MGS Hand Games for Office worker L299 Yellow,Games and Toys,Tailspin Toys,4087.38000000,1355.20000000,2732.18000000,242,69,69,0.66844287,59.23739130,3.50724638,16.89000000,5.60000000
1667,MGS Hand Games for kids E300 Black,Games and Toys,Tailspin Toys,1474.00000000,750.40000000,723.60000000,268,79,79,0.49090909,18.65822785,3.39240506,5.50000000,2.80000000
1668,MGS Hand Games for students E400 Black,Games and Toys,Tailspin Toys,1377.03000000,701.32000000,675.71000000,197,68,68,0.49070100,20.25044118,2.89705882,6.99000000,3.56000000
1669,MGS Hand Games men M300 Black,Games and Toys,Tailspin Toys,1660.49000000,763.97000000,896.52000000,241,77,77,0.53991292,21.56480519,3.12987013,6.89000000,3.17000000
167,SV 8xDVD E100 Black,TV and Video,Southridge Video,6072.00000000,3095.84000000,2976.16000000,88,29,29,0.49014493,209.37931034,3.03448276,69.00000000,35.18000000
1670,MGS Hand Games women M400 Black,Games and Toys,Tailspin Toys,2247.50000000,1032.50000000,1215.00000000,250,79,79,0.54060067,28.44936709,3.16455696,8.99000000,4.13000000
1671,MGS Hand Games for 12-16 boys E600 Black,Games and Toys,Tailspin Toys,1077.84000000,548.64000000,529.20000000,216,74,74,0.49098196,14.56540541,2.91891892,4.99000000,2.54000000
1672,MGS Hand Games for Office worker L299 Black,Games and Toys,Tailspin Toys,4087.38000000,1355.20000000,2732.18000000,242,82,82,0.66844287,49.84609756,2.95121951,16.89000000,5.60000000
1673,MGS Hand Games for kids E300 Red,Games and Toys,Tailspin Toys,1276.00000000,649.60000000,626.40000000,232,68,68,0.49090909,18.76470588,3.41176471,5.50000000,2.80000000
1674,MGS Hand Games for students E400 Red,Games and Toys,Tailspin Toys,1495.86000000,761.84000000,734.02000000,214,69,69,0.49070100,21.67913043,3.10144928,6.99000000,3.56000000
1675,MGS Hand Games men M300 Red,Games and Toys,Tailspin Toys,2590.64000000,1191.92000000,1398.72000000,376,100,98,0.53991292,25.90640000,3.76000000,6.89000000,3.17000000
1676,MGS Hand Games women M400 Red,Games and Toys,Tailspin Toys,2112.65000000,970.55000000,1142.10000000,235,76,76,0.54060067,27.79802632,3.09210526,8.99000000,4.13000000
1677,MGS Hand Games for 12-16 boys E600 Red,Games and Toys,Tailspin Toys,953.09000000,485.14000000,467.95000000,191,65,65,0.49098196,14.66292308,2.93846154,4.99000000,2.54000000
1678,MGS Hand Games for Office worker L299 Red,Games and Toys,Tailspin Toys,4729.20000000,1568.00000000,3161.20000000,280,86,86,0.66844287,54.99069767,3.25581395,16.89000000,5.60000000
1679,MGS Hand Games for kids E300 Silver,Games and Toys,Tailspin Toys,1303.50000000,663.60000000,639.90000000,237,74,74,0.49090909,17.61486486,3.20270270,5.50000000,2.80000000
168,SV 16xDVD M310 Black,TV and Video,Southridge Video,11739.00000000,5398.12000000,6340.88000000,91,29,29,0.54015504,404.79310345,3.13793103,129.00000000,59.32000000
1680,MGS Hand Games for students E400 Silver,Games and Toys,Tailspin Toys,1579.74000000,804.56000000,775.18000000,226,69,69,0.49070100,22.89478261,3.27536232,6.99000000,3.56000000
1681,MGS Hand Games men M300 Silver,Games and Toys,Tailspin Toys,1874.08000000,862.24000000,1011.84000000,272,83,82,0.53991292,22.57927711,3.27710843,6.89000000,3.17000000
1682,MGS Hand Games women M400 Silver,Games and Toys,Tailspin Toys,2670.03000000,1226.61000000,1443.42000000,297,91,91,0.54060067,29.34098901,3.26373626,8.99000000,4.13000000
1683,MGS Hand Games for 12-16 boys E600 Silver,Games and Toys,Tailspin Toys,1187.62000000,604.52000000,583.10000000,238,71,70,0.49098196,16.72704225,3.35211268,4.99000000,2.54000000
1684,MGS Hand Games for Office worker L299 Silver,Games and Toys,Tailspin Toys,3986.04000000,1321.60000000,2664.44000000,236,71,71,0.66844287,56.14140845,3.32394366,16.89000000,5.60000000
1685,SV Hand Games for kids E30 Yellow,Games and Toys,Southridge Video,1034.88000000,528.00000000,506.88000000,192,61,61,0.48979592,16.96524590,3.14754098,5.39000000,2.75000000
1686,SV Hand Games for students E40 Yellow,Games and Toys,Southridge Video,1265.19000000,644.36000000,620.83000000,181,51,51,0.49070100,24.80764706,3.54901961,6.99000000,3.56000000
1687,SV Hand Games men M30 Yellow,Games and Toys,Southridge Video,1568.64000000,720.48000000,848.16000000,228,78,77,0.54069767,20.11076923,2.92307692,6.88000000,3.16000000
1688,SV Hand Games women M40 Yellow,Games and Toys,Southridge Video,2211.12000000,1015.92000000,1195.20000000,249,71,70,0.54054054,31.14253521,3.50704225,8.88000000,4.08000000
1689,SV Hand Games for 12-16 boys E60 Yellow,Games and Toys,Southridge Video,1105.56000000,563.88000000,541.68000000,222,64,64,0.48995984,17.27437500,3.46875000,4.98000000,2.54000000
169,SV 16xDVD M320 Black,TV and Video,Southridge Video,13447.00000000,6183.36000000,7263.64000000,113,38,38,0.54016807,353.86842105,2.97368421,119.00000000,54.72000000
1690,SV Hand Games for Office worker L28 Yellow,Games and Toys,Southridge Video,4281.48000000,1418.76000000,2862.72000000,252,76,75,0.66862861,56.33526316,3.31578947,16.99000000,5.63000000
1691,SV Hand Games for kids E30 Black,Games and Toys,Southridge Video,1175.02000000,599.50000000,575.52000000,218,65,65,0.48979592,18.07723077,3.35384615,5.39000000,2.75000000
1692,SV Hand Games for students E40 Black,Games and Toys,Southridge Video,1453.92000000,740.48000000,713.44000000,208,72,71,0.49070100,20.19333333,2.88888889,6.99000000,3.56000000
1693,SV Hand Games men M30 Black,Games and Toys,Southridge Video,1761.28000000,808.96000000,952.32000000,256,81,81,0.54069767,21.74419753,3.16049383,6.88000000,3.16000000
1694,SV Hand Games women M40 Black,Games and Toys,Southridge Video,2015.76000000,926.16000000,1089.60000000,227,73,73,0.54054054,27.61315068,3.10958904,8.88000000,4.08000000
1695,SV Hand Games for 12-16 boys E60 Black,Games and Toys,Southridge Video,976.08000000,497.84000000,478.24000000,196,67,67,0.48995984,14.56835821,2.92537313,4.98000000,2.54000000
1696,SV Hand Games for Office worker L28 Black,Games and Toys,Southridge Video,4264.49000000,1413.13000000,2851.36000000,251,88,88,0.66862861,48.46011364,2.85227273,16.99000000,5.63000000
1697,SV Hand Games for kids E30 Red,Games and Toys,Southridge Video,1347.50000000,687.50000000,660.00000000,250,77,77,0.48979592,17.50000000,3.24675325,5.39000000,2.75000000
1698,SV Hand Games for students E40 Red,Games and Toys,Southridge Video,1460.91000000,744.04000000,716.87000000,209,68,68,0.49070100,21.48397059,3.07352941,6.99000000,3.56000000
1699,SV Hand Games men M30 Red,Games and Toys,Southridge Video,1754.40000000,805.80000000,948.60000000,255,82,81,0.54069767,21.39512195,3.10975610,6.88000000,3.16000000
17,Contoso 8GB Super-Slim MP3/Video Player M800 Red,Audio,Contoso,7476.60000000,3438.08000000,4038.52000000,68,19,19,0.54015462,393.50526316,3.57894737,109.95000000,50.56000000
170,SV 16xDVD M330 Black,TV and Video,Southridge Video,8938.00000000,4110.66000000,4827.34000000,82,25,25,0.54009174,357.52000000,3.28000000,109.00000000,50.13000000
1700,SV Hand Games women M40 Red,Games and Toys,Southridge Video,2006.88000000,922.08000000,1084.80000000,226,77,76,0.54054054,26.06337662,2.93506494,8.88000000,4.08000000
1701,SV Hand Games for 12-16 boys E60 Red,Games and Toys,Southridge Video,1230.06000000,627.38000000,602.68000000,247,73,73,0.48995984,16.85013699,3.38356164,4.98000000,2.54000000
1702,SV Hand Games for Office worker L28 Red,Games and Toys,Southridge Video,3771.78000000,1249.86000000,2521.92000000,222,74,74,0.66862861,50.97000000,3.00000000,16.99000000,5.63000000
1703,SV Hand Games for kids E30 Silver,Games and Toys,Southridge Video,1272.04000000,649.00000000,623.04000000,236,72,72,0.48979592,17.66722222,3.27777778,5.39000000,2.75000000
1704,SV Hand Games for students E40 Silver,Games and Toys,Southridge Video,1894.29000000,964.76000000,929.53000000,271,73,73,0.49070100,25.94917808,3.71232877,6.99000000,3.56000000
1705,SV Hand Games men M30 Silver,Games and Toys,Southridge Video,1885.12000000,865.84000000,1019.28000000,274,81,81,0.54069767,23.27308642,3.38271605,6.88000000,3.16000000
1706,SV Hand Games women M40 Silver,Games and Toys,Southridge Video,2362.08000000,1085.28000000,1276.80000000,266,78,78,0.54054054,30.28307692,3.41025641,8.88000000,4.08000000
1707,MGS Dal of Honor Airborne M150,Games and Toys,Tailspin Toys,7924.69000000,3644.25000000,4280.44000000,113,34,34,0.54013974,233.07911765,3.32352941,70.13000000,32.25000000
1708,MGS Collector's M160,Games and Toys,Tailspin Toys,4979.23000000,2289.75000000,2689.48000000,71,19,19,0.54013974,262.06473684,3.73684211,70.13000000,32.25000000
1709,MGS Gears of War M170,Games and Toys,Tailspin Toys,11711.71000000,5385.75000000,6325.96000000,167,44,44,0.54013974,266.17522727,3.79545455,70.13000000,32.25000000
171,SV 16xDVD E340 Black,TV and Video,Southridge Video,7722.00000000,3551.34000000,4170.66000000,78,27,27,0.54010101,286.00000000,2.88888889,99.00000000,45.53000000
1710,MGS Age of Empires III: The Asian Dynasties M180,Games and Toys,Tailspin Toys,7013.00000000,3225.00000000,3788.00000000,100,30,30,0.54013974,233.76666667,3.33333333,70.13000000,32.25000000
1711,MGS Age of Empires III: The Asian Dynasties M190,Games and Toys,Tailspin Toys,4768.84000000,2193.00000000,2575.84000000,68,23,23,0.54013974,207.34086957,2.95652174,70.13000000,32.25000000
1712,MGS Flight Simulator X Acceleration Expansion Pack M200,Games and Toys,Tailspin Toys,7644.17000000,3515.25000000,4128.92000000,109,28,28,0.54013974,273.00607143,3.89285714,70.13000000,32.25000000
1713,MGS Zoo Tycoon 2: Extinct Animals M210,Games and Toys,Tailspin Toys,3787.02000000,1741.50000000,2045.52000000,54,22,22,0.54013974,172.13727273,2.45454545,70.13000000,32.25000000
1714,MGS Halo 2 for Windows Vista M220,Games and Toys,Tailspin Toys,8485.73000000,3902.25000000,4583.48000000,121,40,40,0.54013974,212.14325000,3.02500000,70.13000000,32.25000000
1715,MGS Shadow-run M230,Games and Toys,Tailspin Toys,6732.48000000,3096.00000000,3636.48000000,96,32,32,0.54013974,210.39000000,3.00000000,70.13000000,32.25000000
1716,MGS Age of Empires III: The War Chiefs M240,Games and Toys,Tailspin Toys,5189.62000000,2386.50000000,2803.12000000,74,28,28,0.54013974,185.34357143,2.64285714,70.13000000,32.25000000
1717,MGS Flight Simulator X M250,Games and Toys,Tailspin Toys,5750.66000000,2644.50000000,3106.16000000,82,28,28,0.54013974,205.38071429,2.92857143,70.13000000,32.25000000
1718,MGS Zoo Tycoon 2: Zookeeper Collection M260,Games and Toys,Tailspin Toys,4979.23000000,2289.75000000,2689.48000000,71,27,27,0.54013974,184.41592593,2.62962963,70.13000000,32.25000000
1719,MGS Zoo Tycoon 2: Marine Mania Expansion Pack M270,Games and Toys,Tailspin Toys,6522.09000000,2999.25000000,3522.84000000,93,31,31,0.54013974,210.39000000,3.00000000,70.13000000,32.25000000
172,SV 22xDVD X680 Black,TV and Video,Southridge Video,18590.00000000,6158.90000000,12431.10000000,110,28,28,0.66869822,663.92857143,3.92857143,169.00000000,55.99000000
1720,MGS Zoo Tycoon 2: African Adventure M280,Games and Toys,Tailspin Toys,6451.96000000,2967.00000000,3484.96000000,92,27,27,0.54013974,238.96148148,3.40740741,70.13000000,32.25000000
1721,MGS Rise of Nations: Rise of Legends M290,Games and Toys,Tailspin Toys,9046.77000000,4160.25000000,4886.52000000,129,39,39,0.54013974,231.96846154,3.30769231,70.13000000,32.25000000
1722,MGS Zoo Tycoon 2: End range Species Expansion Pack E105,Games and Toys,Tailspin Toys,5488.00000000,2797.90000000,2690.10000000,98,28,28,0.49017857,196.00000000,3.50000000,56.00000000,28.55000000
1723,MGS Age of Empires III: The Asian Dynasties E106,Games and Toys,Tailspin Toys,5600.00000000,2855.00000000,2745.00000000,100,24,24,0.49017857,233.33333333,4.16666667,56.00000000,28.55000000
1724,MGS Fable: The Lost Chapters E107,Games and Toys,Tailspin Toys,5320.00000000,2712.25000000,2607.75000000,95,28,28,0.49017857,190.00000000,3.39285714,56.00000000,28.55000000
1725,MGS Dungeon Siege II E105,Games and Toys,Tailspin Toys,5712.00000000,2912.10000000,2799.90000000,102,29,29,0.49017857,196.96551724,3.51724138,56.00000000,28.55000000
1726,MGS Zoo Tycoon 2 E108,Games and Toys,Tailspin Toys,5880.00000000,2997.75000000,2882.25000000,105,34,34,0.49017857,172.94117647,3.08823529,56.00000000,28.55000000
1727,MGS Rise of Nations: Gold Edition M300,Games and Toys,Tailspin Toys,4368.00000000,2008.50000000,2359.50000000,78,27,27,0.54017857,161.77777778,2.88888889,56.00000000,25.75000000
1728,MGS Age of Mythology: Gold Edition M310,Games and Toys,Tailspin Toys,6384.00000000,2936.00000000,3448.00000000,80,25,25,0.54010025,255.36000000,3.20000000,79.80000000,36.70000000
1729,MGS Rise of Nations: Thrones and Patriots M320,Games and Toys,Tailspin Toys,6447.44000000,2964.76000000,3482.68000000,83,30,30,0.54016478,214.91466667,2.76666667,77.68000000,35.72000000
173,SV 8xDVD E120 Black,TV and Video,Southridge Video,8360.70000000,4262.19000000,4098.51000000,93,37,37,0.49021135,225.96486486,2.51351351,89.90000000,45.83000000
1730,MGS Dungeon Siege: Legends of Aranna M330,Games and Toys,Tailspin Toys,8311.76000000,3822.04000000,4489.72000000,107,27,27,0.54016478,307.84296296,3.96296296,77.68000000,35.72000000
1731,MGS King& Myths: The Age Collection M340,Games and Toys,Tailspin Toys,5796.00000000,2665.60000000,3130.40000000,80,20,20,0.54009662,289.80000000,4.00000000,72.45000000,33.32000000
1732,MGS Age of Mythology: The Titans Expansion M350,Games and Toys,Tailspin Toys,7679.70000000,3531.92000000,4147.78000000,106,32,32,0.54009662,239.99062500,3.31250000,72.45000000,33.32000000
1733,MGS Halo: Combat Evolved E109,Games and Toys,Tailspin Toys,2301.79000000,1173.62000000,1128.17000000,101,31,31,0.49012725,74.25129032,3.25806452,22.79000000,11.62000000
1734,MGS Zoo Tycoon Complete Collection E110,Games and Toys,Tailspin Toys,1568.00000000,799.68000000,768.32000000,56,24,24,0.49000000,65.33333333,2.33333333,28.00000000,14.28000000
1735,MGS Flight Simulator 2004: A Century of Flight E111,Games and Toys,Tailspin Toys,3248.00000000,1656.48000000,1591.52000000,116,28,28,0.49000000,116.00000000,4.14285714,28.00000000,14.28000000
1736,MGS Rise of Nations E112,Games and Toys,Tailspin Toys,2912.00000000,1485.12000000,1426.88000000,104,35,35,0.49000000,83.20000000,2.97142857,28.00000000,14.28000000
1737,MGS Freelancer E113,Games and Toys,Tailspin Toys,3472.00000000,1770.72000000,1701.28000000,124,36,36,0.49000000,96.44444444,3.44444444,28.00000000,14.28000000
1738,MGS Impossible Creatures E114,Games and Toys,Tailspin Toys,2464.00000000,1256.64000000,1207.36000000,88,27,27,0.49000000,91.25925926,3.25925926,28.00000000,14.28000000
1739,MGS RalliSport Challenge E115,Games and Toys,Tailspin Toys,2940.00000000,1499.40000000,1440.60000000,105,31,31,0.49000000,94.83870968,3.38709677,28.00000000,14.28000000
174,SV 22xDVD M600 Black,TV and Video,Southridge Video,11691.00000000,3873.60000000,7817.40000000,90,27,27,0.66866821,433.00000000,3.33333333,129.90000000,43.04000000
1740,MGS MechCollection E116,Games and Toys,Tailspin Toys,1904.00000000,971.04000000,932.96000000,68,23,23,0.49000000,82.78260870,2.95652174,28.00000000,14.28000000
1741,MGS MechWarrior 4: Mercenaries E117,Games and Toys,Tailspin Toys,2604.00000000,1328.04000000,1275.96000000,93,30,28,0.49000000,86.80000000,3.10000000,28.00000000,14.28000000
1742,MGS Age of Mythology E118,Games and Toys,Tailspin Toys,2660.00000000,1356.60000000,1303.40000000,95,29,29,0.49000000,91.72413793,3.27586207,28.00000000,14.28000000
1743,MGS Combat Flight Simulator 3 E119,Games and Toys,Tailspin Toys,3276.00000000,1670.76000000,1605.24000000,117,37,37,0.49000000,88.54054054,3.16216216,28.00000000,14.28000000
1744,MGS Zoo Tycoon Marine Mania E120,Games and Toys,Tailspin Toys,2632.00000000,1342.32000000,1289.68000000,94,25,25,0.49000000,105.28000000,3.76000000,28.00000000,14.28000000
1745,MGS MechWarrior 4 Mach Packs X100,Games and Toys,Tailspin Toys,16132.00000000,5344.28000000,10787.72000000,148,42,42,0.66871560,384.09523810,3.52380952,109.00000000,36.11000000
1746,MGS Zoo Tycoon Dinosaur Digs X200,Games and Toys,Tailspin Toys,10137.00000000,3358.23000000,6778.77000000,93,25,25,0.66871560,405.48000000,3.72000000,109.00000000,36.11000000
1747,MGS Dungeon Siege X300,Games and Toys,Tailspin Toys,8720.00000000,2888.80000000,5831.20000000,80,27,27,0.66871560,322.96296296,2.96296296,109.00000000,36.11000000
1748,MGS Classic Flight Collection X400,Games and Toys,Tailspin Toys,12535.00000000,4152.65000000,8382.35000000,115,33,32,0.66871560,379.84848485,3.48484848,109.00000000,36.11000000
1749,MGS Bicycle Board Games X500,Games and Toys,Tailspin Toys,11990.00000000,3972.10000000,8017.90000000,110,31,31,0.66871560,386.77419355,3.54838710,109.00000000,36.11000000
175,SV 16xDVD M350 Black,TV and Video,Southridge Video,15080.10000000,6935.04000000,8145.06000000,129,31,31,0.54011976,486.45483871,4.16129032,116.90000000,53.76000000
1750,MGS Bicycle Card Games X600,Games and Toys,Tailspin Toys,10682.00000000,3538.78000000,7143.22000000,98,32,32,0.66871560,333.81250000,3.06250000,109.00000000,36.11000000
1751,MGS Bicycle Casino Games X700,Games and Toys,Tailspin Toys,8611.00000000,2852.69000000,5758.31000000,79,25,25,0.66871560,344.44000000,3.16000000,109.00000000,36.11000000
1752,MGS Flight Simulator 2002 M360,Games and Toys,Tailspin Toys,8366.00000000,3847.42000000,4518.58000000,94,30,30,0.54011236,278.86666667,3.13333333,89.00000000,40.93000000
1753,MGS Racing Madness 2 M370,Games and Toys,Tailspin Toys,6141.00000000,2824.17000000,3316.83000000,69,25,25,0.54011236,245.64000000,2.76000000,89.00000000,40.93000000
1754,MGS Zoo Tycoon M380,Games and Toys,Tailspin Toys,6408.00000000,2946.96000000,3461.04000000,72,27,27,0.54011236,237.33333333,2.66666667,89.00000000,40.93000000
1755,MGS MechWarrior 4: Knight E121,Games and Toys,Tailspin Toys,6295.30000000,3209.73000000,3085.57000000,97,33,33,0.49013867,190.76666667,2.93939394,64.90000000,33.09000000
1756,MGS Age of Empires II Gold Edition E122,Games and Toys,Tailspin Toys,5516.50000000,2812.65000000,2703.85000000,85,35,35,0.49013867,157.61428571,2.42857143,64.90000000,33.09000000
1757,MGS MechCommander 2 E123,Games and Toys,Tailspin Toys,5701.80000000,2907.00000000,2794.80000000,102,30,30,0.49016100,190.06000000,3.40000000,55.90000000,28.50000000
1758,MGS Train Simulator E124,Games and Toys,Tailspin Toys,4902.38000000,2499.69000000,2402.69000000,97,34,34,0.49010685,144.18764706,2.85294118,50.54000000,25.77000000
1759,MGS MechWarrior 4: Vengeance X800,Games and Toys,Tailspin Toys,8705.87000000,2884.25000000,5821.62000000,83,30,30,0.66870054,290.19566667,2.76666667,104.89000000,34.75000000
176,SV 16xDVD M360 Black,TV and Video,Southridge Video,15862.50000000,7295.00000000,8567.50000000,125,40,40,0.54011032,396.56250000,3.12500000,126.90000000,58.36000000
1760,MGS Return of Arcade Anniversary Edition M390,Games and Toys,Tailspin Toys,11470.80000000,5275.60000000,6195.20000000,121,33,33,0.54008439,347.60000000,3.66666667,94.80000000,43.60000000
1761,MGS Combat Flight Simulator 2 M400,Games and Toys,Tailspin Toys,6531.71000000,3003.75000000,3527.96000000,89,32,32,0.54012808,204.11593750,2.78125000,73.39000000,33.75000000
1762,MGS Age of Empires II: The Conquerors Expansion E125,Games and Toys,Tailspin Toys,2919.27000000,1488.00000000,1431.27000000,93,31,31,0.49028353,94.17000000,3.00000000,31.39000000,16.00000000
1763,MGS Flight Simulator 2000 M410,Games and Toys,Tailspin Toys,7880.25000000,3623.73000000,4256.52000000,79,27,27,0.54015038,291.86111111,2.92592593,99.75000000,45.87000000
1764,MGS Age of Empires II: The Age of Kings E126,Games and Toys,Tailspin Toys,3322.80000000,1694.06000000,1628.74000000,71,26,26,0.49017094,127.80000000,2.73076923,46.80000000,23.86000000
1765,MGS Age of Empires Expansion: The Rise of Rome X900,Games and Toys,Tailspin Toys,48502.80000000,16069.59000000,32433.21000000,81,29,29,0.66868737,1672.51034483,2.79310345,598.80000000,198.39000000
1766,MGS Age of Empires 2008new M420,Games and Toys,Tailspin Toys,6804.00000000,3128.58000000,3675.42000000,126,34,34,0.54018519,200.11764706,3.70588235,54.00000000,24.83000000
1767,MGS Dal of Honor Airborne 2008 M430,Games and Toys,Tailspin Toys,3672.00000000,1689.12000000,1982.88000000,108,33,33,0.54000000,111.27272727,3.27272727,34.00000000,15.64000000
1768,MGS Empires Collector's 2008 M440,Games and Toys,Tailspin Toys,2856.00000000,1313.76000000,1542.24000000,84,29,29,0.54000000,98.48275862,2.89655172,34.00000000,15.64000000
1769,MGS Gears of War 2008 M450,Games and Toys,Tailspin Toys,4386.00000000,2017.56000000,2368.44000000,129,36,36,0.54000000,121.83333333,3.58333333,34.00000000,15.64000000
177,SV 8xDVD E130 Black,TV and Video,Southridge Video,5974.50000000,3046.05000000,2928.45000000,105,32,32,0.49015817,186.70312500,3.28125000,56.90000000,29.01000000
1770,MGS Age of Empires III: The Asian Dynasties 2008 E126,Games and Toys,Tailspin Toys,2822.00000000,1438.39000000,1383.61000000,83,34,34,0.49029412,83.00000000,2.44117647,34.00000000,17.33000000
1771,MGS Age of Empires III: The Asian Dynasties 2009 E127,Games and Toys,Tailspin Toys,1836.00000000,935.82000000,900.18000000,54,22,22,0.49029412,83.45454545,2.45454545,34.00000000,17.33000000
1772,MGS Flight Simulator X Acceleration Expansion Pack 2009 E128,Games and Toys,Tailspin Toys,3740.00000000,1906.30000000,1833.70000000,110,35,35,0.49029412,106.85714286,3.14285714,34.00000000,17.33000000
1773,MGS Zoo Tycoon 2: Extinct Animals 2008 E129,Games and Toys,Tailspin Toys,4300.00000000,2192.00000000,2108.00000000,100,32,32,0.49023256,134.37500000,3.12500000,43.00000000,21.92000000
1774,MGS Halo 2 for Windows Vista 2009 E130,Games and Toys,Tailspin Toys,2494.00000000,1271.36000000,1222.64000000,58,25,25,0.49023256,99.76000000,2.32000000,43.00000000,21.92000000
1775,MGS Shadow-run 2008 E131,Games and Toys,Tailspin Toys,3999.00000000,2038.56000000,1960.44000000,93,25,25,0.49023256,159.96000000,3.72000000,43.00000000,21.92000000
1776,MGS Age of Empires III: The War Chiefs 2007 E132,Games and Toys,Tailspin Toys,2838.00000000,1446.72000000,1391.28000000,66,25,25,0.49023256,113.52000000,2.64000000,43.00000000,21.92000000
1777,MGS Flight Simulator X 2008 E133,Games and Toys,Tailspin Toys,3827.00000000,1950.88000000,1876.12000000,89,29,29,0.49023256,131.96551724,3.06896552,43.00000000,21.92000000
1778,MGS Zoo Tycoon 2: Zookeeper Collection 2008 E134,Games and Toys,Tailspin Toys,3182.00000000,1622.08000000,1559.92000000,74,24,24,0.49023256,132.58333333,3.08333333,43.00000000,21.92000000
1779,MGS Zoo Tycoon2: Marine Mania Expansion Pack 2008 E135,Games and Toys,Tailspin Toys,4601.00000000,2345.44000000,2255.56000000,107,32,32,0.49023256,143.78125000,3.34375000,43.00000000,21.92000000
178,SV 8xDVD E140 Black,TV and Video,Southridge Video,4686.00000000,2389.15000000,2296.85000000,71,20,20,0.49015152,234.30000000,3.55000000,66.00000000,33.65000000
1780,MGS Zoo Tycoon 2: African Adventure 2008 E136,Games and Toys,Tailspin Toys,4128.00000000,2104.32000000,2023.68000000,96,35,35,0.49023256,117.94285714,2.74285714,43.00000000,21.92000000
1781,MGS Rise of Nations: Rise of Legends 2008 E137,Games and Toys,Tailspin Toys,4386.00000000,2235.84000000,2150.16000000,102,31,31,0.49023256,141.48387097,3.29032258,43.00000000,21.92000000
1782,MGS Zoo Tycoon 2: End Range Species Expansion Pack 2008 E138,Games and Toys,Tailspin Toys,2580.00000000,1315.20000000,1264.80000000,60,26,26,0.49023256,99.23076923,2.30769231,43.00000000,21.92000000
1783,MGS Age of Empires III 2008 E139,Games and Toys,Tailspin Toys,3956.00000000,2016.64000000,1939.36000000,92,31,31,0.49023256,127.61290323,2.96774194,43.00000000,21.92000000
1784,MGS Fable: The Lost Chapters2008 E140,Games and Toys,Tailspin Toys,5633.00000000,2871.52000000,2761.48000000,131,36,36,0.49023256,156.47222222,3.63888889,43.00000000,21.92000000
1785,MGS Dungeon 2007 E141,Games and Toys,Tailspin Toys,4687.00000000,2389.28000000,2297.72000000,109,36,36,0.49023256,130.19444444,3.02777778,43.00000000,21.92000000
1786,MGS Zoo Tycoon 2008 E142,Games and Toys,Tailspin Toys,3440.00000000,1753.60000000,1686.40000000,80,29,29,0.49023256,118.62068966,2.75862069,43.00000000,21.92000000
1787,MGS Rise of Nations: Gold Edition 2009 E143,Games and Toys,Tailspin Toys,3913.00000000,1994.72000000,1918.28000000,91,35,35,0.49023256,111.80000000,2.60000000,43.00000000,21.92000000
1788,MGS Age of Mythology: Gold Edition 2009 E144,Games and Toys,Tailspin Toys,3655.00000000,1863.20000000,1791.80000000,85,31,31,0.49023256,117.90322581,2.74193548,43.00000000,21.92000000
1789,MGS Rise of Nations: Thrones and Patriots2009 E145,Games and Toys,Tailspin Toys,4730.00000000,2411.20000000,2318.80000000,110,32,32,0.49023256,147.81250000,3.43750000,43.00000000,21.92000000
179,SV 16xDVD M300 Silver,TV and Video,Southridge Video,12614.00000000,5800.32000000,6813.68000000,106,35,35,0.54016807,360.40000000,3.02857143,119.00000000,54.72000000
1790,MGS Dungeon Siege: Legends of Aranna 2009 E146,Games and Toys,Tailspin Toys,5891.00000000,3003.04000000,2887.96000000,137,38,38,0.49023256,155.02631579,3.60526316,43.00000000,21.92000000
1791,MGS Kings & Myths: The Age Collection2009 E147,Games and Toys,Tailspin Toys,5160.00000000,2630.40000000,2529.60000000,120,34,34,0.49023256,151.76470588,3.52941176,43.00000000,21.92000000
1792,MGS Age of Mythology: The Titans Expansion 2009 E148,Games and Toys,Tailspin Toys,4515.00000000,2301.60000000,2213.40000000,105,33,33,0.49023256,136.81818182,3.18181818,43.00000000,21.92000000
1793,MGS Halo: Combat Evolved2009 E149,Games and Toys,Tailspin Toys,3053.00000000,1556.32000000,1496.68000000,71,20,20,0.49023256,152.65000000,3.55000000,43.00000000,21.92000000
1794,MGS Zoo Tycoon Complete Collection2009 E150,Games and Toys,Tailspin Toys,4945.00000000,2520.80000000,2424.20000000,115,31,31,0.49023256,159.51612903,3.70967742,43.00000000,21.92000000
1795,MGS Flight Simulator 2009: A Century of Flight E151,Games and Toys,Tailspin Toys,4128.00000000,2104.32000000,2023.68000000,96,30,30,0.49023256,137.60000000,3.20000000,43.00000000,21.92000000
1796,MGS Rise of Nations2009 E152,Games and Toys,Tailspin Toys,4644.00000000,2367.36000000,2276.64000000,108,30,30,0.49023256,154.80000000,3.60000000,43.00000000,21.92000000
1797,MGS Freelancer 2009 E153,Games and Toys,Tailspin Toys,5289.00000000,2696.16000000,2592.84000000,123,34,34,0.49023256,155.55882353,3.61764706,43.00000000,21.92000000
1798,MGS Impossible Creatures2009 E154,Games and Toys,Tailspin Toys,3913.00000000,1994.72000000,1918.28000000,91,26,26,0.49023256,150.50000000,3.50000000,43.00000000,21.92000000
1799,MGS RalliSport Challenge2009 E155,Games and Toys,Tailspin Toys,2808.00000000,1432.08000000,1375.92000000,108,32,32,0.49000000,87.75000000,3.37500000,26.00000000,13.26000000
18,Contoso 8GB Super-Slim MP3/Video Player M800 Green,Audio,Contoso,11874.60000000,5460.48000000,6414.12000000,108,33,33,0.54015462,359.83636364,3.27272727,109.95000000,50.56000000
180,SV 8xDVD E100 Silver,TV and Video,Southridge Video,8832.00000000,4503.04000000,4328.96000000,128,43,43,0.49014493,205.39534884,2.97674419,69.00000000,35.18000000
1800,MGS MechCollection2009 E156,Games and Toys,Tailspin Toys,1792.00000000,913.36000000,878.64000000,56,23,23,0.49031250,77.91304348,2.43478261,32.00000000,16.31000000
1801,MGS MechWarrior4: Mercenaries2009 E157,Games and Toys,Tailspin Toys,2624.00000000,1337.42000000,1286.58000000,82,29,28,0.49031250,90.48275862,2.82758621,32.00000000,16.31000000
1802,MGS Age of Mythology 2009 E158,Games and Toys,Tailspin Toys,3168.00000000,1614.69000000,1553.31000000,99,26,26,0.49031250,121.84615385,3.80769231,32.00000000,16.31000000
1803,MGS Combat Flight Simulator 2009 E159,Games and Toys,Tailspin Toys,2880.00000000,1467.90000000,1412.10000000,90,28,28,0.49031250,102.85714286,3.21428571,32.00000000,16.31000000
1804,MGS Zoo Tycoon Marine Mania 2009 E160,Games and Toys,Tailspin Toys,1568.00000000,799.19000000,768.81000000,49,18,18,0.49031250,87.11111111,2.72222222,32.00000000,16.31000000
1805,MGS MechWarrior 4 Mach Paks2009 E161,Games and Toys,Tailspin Toys,2912.00000000,1484.21000000,1427.79000000,91,30,30,0.49031250,97.06666667,3.03333333,32.00000000,16.31000000
1806,MGS Zoo Tycoon Dinosaur Digs2009 E162,Games and Toys,Tailspin Toys,2624.00000000,1337.42000000,1286.58000000,82,26,26,0.49031250,100.92307692,3.15384615,32.00000000,16.31000000
1807,MGS Dungeon Siege 2009 E163,Games and Toys,Tailspin Toys,3040.00000000,1549.45000000,1490.55000000,95,24,24,0.49031250,126.66666667,3.95833333,32.00000000,16.31000000
1808,MGS Classic Flight Collection2009 E164,Games and Toys,Tailspin Toys,2560.00000000,1304.80000000,1255.20000000,80,26,26,0.49031250,98.46153846,3.07692308,32.00000000,16.31000000
1809,MGS Bicycle Board Games2009 E165,Games and Toys,Tailspin Toys,3328.00000000,1696.24000000,1631.76000000,104,33,33,0.49031250,100.84848485,3.15151515,32.00000000,16.31000000
181,SV 16xDVD M310 Silver,TV and Video,Southridge Video,19479.00000000,8957.32000000,10521.68000000,151,41,41,0.54015504,475.09756098,3.68292683,129.00000000,59.32000000
1810,MGS Bicycle Card Games2009 E166,Games and Toys,Tailspin Toys,2816.00000000,1435.28000000,1380.72000000,88,28,28,0.49031250,100.57142857,3.14285714,32.00000000,16.31000000
1811,MGS Bicycle Casino Games2009 E167,Games and Toys,Tailspin Toys,3456.00000000,1761.48000000,1694.52000000,108,32,32,0.49031250,108.00000000,3.37500000,32.00000000,16.31000000
1812,MGS Flight Simulator 2009 E168,Games and Toys,Tailspin Toys,2752.00000000,1402.66000000,1349.34000000,86,28,28,0.49031250,98.28571429,3.07142857,32.00000000,16.31000000
1813,MGS Racing Madness 2009 E169,Games and Toys,Tailspin Toys,3392.00000000,1728.86000000,1663.14000000,106,34,34,0.49031250,99.76470588,3.11764706,32.00000000,16.31000000
1814,MGS Zoo Tycoon2009 E170,Games and Toys,Tailspin Toys,4128.00000000,2103.99000000,2024.01000000,129,32,32,0.49031250,129.00000000,4.03125000,32.00000000,16.31000000
1815,MGS MechWarrior 4:Knight2009 E171,Games and Toys,Tailspin Toys,3264.00000000,1663.62000000,1600.38000000,102,30,30,0.49031250,108.80000000,3.40000000,32.00000000,16.31000000
1816,MGS Age of Empires II Gold Edition2009 E172,Games and Toys,Tailspin Toys,2432.00000000,1239.56000000,1192.44000000,76,29,29,0.49031250,83.86206897,2.62068966,32.00000000,16.31000000
1817,MGS MechCommander 2009 E173,Games and Toys,Tailspin Toys,4832.00000000,2462.81000000,2369.19000000,151,41,41,0.49031250,117.85365854,3.68292683,32.00000000,16.31000000
1818,MGS Train Simulator 2009 E174,Games and Toys,Tailspin Toys,3744.00000000,1908.27000000,1835.73000000,117,32,32,0.49031250,117.00000000,3.65625000,32.00000000,16.31000000
1819,MGS MechWarrior 4: Vengeance 2009 E175,Games and Toys,Tailspin Toys,2784.00000000,1418.97000000,1365.03000000,87,26,26,0.49031250,107.07692308,3.34615385,32.00000000,16.31000000
182,SV 16xDVD M320 Silver,TV and Video,Southridge Video,18088.00000000,8317.44000000,9770.56000000,152,46,46,0.54016807,393.21739130,3.30434783,119.00000000,54.72000000
1820,MGS Return of Arcade Anniversary Edition 2009 E176,Games and Toys,Tailspin Toys,2784.00000000,1418.97000000,1365.03000000,87,26,26,0.49031250,107.07692308,3.34615385,32.00000000,16.31000000
1821,MGS Combat Flight Simulator 2009 E177,Games and Toys,Tailspin Toys,3488.00000000,1777.79000000,1710.21000000,109,32,32,0.49031250,109.00000000,3.40625000,32.00000000,16.31000000
1822,MGS Age of Empires II: The Conquerors Expansion 2009 E178,Games and Toys,Tailspin Toys,3488.00000000,1777.79000000,1710.21000000,109,34,34,0.49031250,102.58823529,3.20588235,32.00000000,16.31000000
1823,MGS Flight Simulator 2009 E179,Games and Toys,Tailspin Toys,4320.00000000,2201.85000000,2118.15000000,135,43,43,0.49031250,100.46511628,3.13953488,32.00000000,16.31000000
1824,MGS Age of Empires II: The Age of Kings 2009 E180,Games and Toys,Tailspin Toys,4064.00000000,2071.37000000,1992.63000000,127,35,35,0.49031250,116.11428571,3.62857143,32.00000000,16.31000000
1825,MGS Age of Empires Expansion: The Rise of Rome 2009 E181,Games and Toys,Tailspin Toys,3328.00000000,1696.24000000,1631.76000000,104,36,36,0.49031250,92.44444444,2.88888889,32.00000000,16.31000000
1826,"MGS Age of Empires, 2009 E182",Games and Toys,Tailspin Toys,3072.00000000,1565.76000000,1506.24000000,96,25,25,0.49031250,122.88000000,3.84000000,32.00000000,16.31000000
1827,Litware Washer & Dryer 27in L420 White,Home Appliances,Litware,71604.00000000,23723.82000000,47880.18000000,27,9,9,0.66868024,7956.00000000,3.00000000,2652.00000000,878.66000000
1828,Litware Washer & Dryer 25.5in M350 White,Home Appliances,Litware,23868.00000000,10976.04000000,12891.96000000,12,6,6,0.54013575,3978.00000000,2.00000000,1989.00000000,914.67000000
1829,Litware Washer & Dryer 24in M260 White,Home Appliances,Litware,10908.00000000,5016.18000000,5891.82000000,6,3,3,0.54013751,3636.00000000,2.00000000,1818.00000000,836.03000000
183,SV 16xDVD M330 Silver,TV and Video,Southridge Video,13189.00000000,6065.73000000,7123.27000000,121,44,44,0.54009174,299.75000000,2.75000000,109.00000000,50.13000000
1830,Litware Washer & Dryer 21in E214 White,Home Appliances,Litware,15990.00000000,8152.20000000,7837.80000000,10,5,5,0.49016886,3198.00000000,2.00000000,1599.00000000,815.22000000
1831,Litware Washer & Dryer 15.5in E150 White,Home Appliances,Litware,21978.00000000,11205.04000000,10772.96000000,22,7,7,0.49017017,3139.71428571,3.14285714,999.00000000,509.32000000
1832,Litware Washer & Dryer 27in L420 Silver,Home Appliances,Litware,21216.00000000,7029.28000000,14186.72000000,8,4,4,0.66868024,5304.00000000,2.00000000,2652.00000000,878.66000000
1833,Litware Washer & Dryer 25.5in M350 Silver,Home Appliances,Litware,25857.00000000,11890.71000000,13966.29000000,13,5,5,0.54013575,5171.40000000,2.60000000,1989.00000000,914.67000000
1834,Litware Washer & Dryer 24in M260 Silver,Home Appliances,Litware,65448.00000000,30097.08000000,35350.92000000,36,7,7,0.54013751,9349.71428571,5.14285714,1818.00000000,836.03000000
1835,Litware Washer & Dryer 21in E214 Silver,Home Appliances,Litware,27183.00000000,13858.74000000,13324.26000000,17,6,6,0.49016886,4530.50000000,2.83333333,1599.00000000,815.22000000
1836,Litware Washer & Dryer 15.5in E150 Silver,Home Appliances,Litware,21978.00000000,11205.04000000,10772.96000000,22,8,8,0.49017017,2747.25000000,2.75000000,999.00000000,509.32000000
1837,Litware Washer & Dryer 27in L420 Blue,Home Appliances,Litware,31824.00000000,10543.92000000,21280.08000000,12,6,6,0.66868024,5304.00000000,2.00000000,2652.00000000,878.66000000
1838,Litware Washer & Dryer 25.5in M350 Blue,Home Appliances,Litware,13923.00000000,6402.69000000,7520.31000000,7,3,3,0.54013575,4641.00000000,2.33333333,1989.00000000,914.67000000
1839,Litware Washer & Dryer 24in M260 Blue,Home Appliances,Litware,30906.00000000,14212.51000000,16693.49000000,17,4,4,0.54013751,7726.50000000,4.25000000,1818.00000000,836.03000000
184,SV 16xDVD E340 Silver,TV and Video,Southridge Video,13464.00000000,6192.08000000,7271.92000000,136,46,46,0.54010101,292.69565217,2.95652174,99.00000000,45.53000000
1840,Litware Washer & Dryer 21in E214 Blue,Home Appliances,Litware,31980.00000000,16304.40000000,15675.60000000,20,6,6,0.49016886,5330.00000000,3.33333333,1599.00000000,815.22000000
1841,Litware Washer & Dryer 15.5in E150 Blue,Home Appliances,Litware,18981.00000000,9677.08000000,9303.92000000,19,6,6,0.49017017,3163.50000000,3.16666667,999.00000000,509.32000000
1842,Litware Washer & Dryer 27in L420 Green,Home Appliances,Litware,82212.00000000,27238.46000000,54973.54000000,31,5,5,0.66868024,16442.40000000,6.20000000,2652.00000000,878.66000000
1843,Litware Washer & Dryer 25.5in M350 Green,Home Appliances,Litware,67626.00000000,31098.78000000,36527.22000000,34,9,9,0.54013575,7514.00000000,3.77777778,1989.00000000,914.67000000
1844,Litware Washer & Dryer 24in M260 Green,Home Appliances,Litware,34542.00000000,15884.57000000,18657.43000000,19,6,6,0.54013751,5757.00000000,3.16666667,1818.00000000,836.03000000
1845,Litware Washer & Dryer 21in E214 Green,Home Appliances,Litware,20787.00000000,10597.86000000,10189.14000000,13,5,5,0.49016886,4157.40000000,2.60000000,1599.00000000,815.22000000
1846,Litware Washer & Dryer 15.5in E150 Green,Home Appliances,Litware,34965.00000000,17826.20000000,17138.80000000,35,6,6,0.49017017,5827.50000000,5.83333333,999.00000000,509.32000000
1847,NT Washer & Dryer 27in L2700 White,Home Appliances,Northwind Traders,55710.90000000,18458.16000000,37252.74000000,21,5,5,0.66867956,11142.18000000,4.20000000,2652.90000000,878.96000000
1848,NT Washer & Dryer 25.5in M2550 White,Home Appliances,Northwind Traders,57707.10000000,26537.32000000,31169.78000000,29,7,7,0.54013770,8243.87142857,4.14285714,1989.90000000,915.08000000
1849,NT Washer & Dryer 24in M2400 White,Home Appliances,Northwind Traders,10913.40000000,5018.70000000,5894.70000000,6,4,4,0.54013415,2728.35000000,1.50000000,1818.90000000,836.45000000
185,SV 22xDVD X680 Silver,TV and Video,Southridge Video,15886.00000000,5263.06000000,10622.94000000,94,34,34,0.66869822,467.23529412,2.76470588,169.00000000,55.99000000
1850,NT Washer & Dryer 21in E2100 White,Home Appliances,Northwind Traders,12799.20000000,6525.44000000,6273.76000000,8,4,4,0.49016814,3199.80000000,2.00000000,1599.90000000,815.68000000
1851,NT Washer & Dryer 15.5in E1550 White,Home Appliances,Northwind Traders,35996.40000000,18352.08000000,17644.32000000,36,8,8,0.49016902,4499.55000000,4.50000000,999.90000000,509.78000000
1852,NT Washer & Dryer 27in L2700 Silver,Home Appliances,Northwind Traders,63669.60000000,21095.04000000,42574.56000000,24,7,7,0.66867956,9095.65714286,3.42857143,2652.90000000,878.96000000
1853,NT Washer & Dryer 25.5in M2550 Silver,Home Appliances,Northwind Traders,17909.10000000,8235.72000000,9673.38000000,9,4,4,0.54013770,4477.27500000,2.25000000,1989.90000000,915.08000000
1854,NT Washer & Dryer 24in M2400 Silver,Home Appliances,Northwind Traders,10913.40000000,5018.70000000,5894.70000000,6,2,2,0.54013415,5456.70000000,3.00000000,1818.90000000,836.45000000
1855,NT Washer & Dryer 21in E2100 Silver,Home Appliances,Northwind Traders,7999.50000000,4078.40000000,3921.10000000,5,2,2,0.49016814,3999.75000000,2.50000000,1599.90000000,815.68000000
1856,NT Washer & Dryer 15.5in E1550 Silver,Home Appliances,Northwind Traders,13998.60000000,7136.92000000,6861.68000000,14,5,5,0.49016902,2799.72000000,2.80000000,999.90000000,509.78000000
1857,NT Washer & Dryer 27in L2700 Blue,Home Appliances,Northwind Traders,34487.70000000,11426.48000000,23061.22000000,13,2,2,0.66867956,17243.85000000,6.50000000,2652.90000000,878.96000000
1858,NT Washer & Dryer 25.5in M2550 Blue,Home Appliances,Northwind Traders,65666.70000000,30197.64000000,35469.06000000,33,11,11,0.54013770,5969.70000000,3.00000000,1989.90000000,915.08000000
1859,NT Washer & Dryer 24in M2400 Blue,Home Appliances,Northwind Traders,34559.10000000,15892.55000000,18666.55000000,19,5,5,0.54013415,6911.82000000,3.80000000,1818.90000000,836.45000000
186,SV 8xDVD E120 Silver,TV and Video,Southridge Video,10788.00000000,5499.60000000,5288.40000000,120,33,33,0.49021135,326.90909091,3.63636364,89.90000000,45.83000000
1860,NT Washer & Dryer 21in E2100 Blue,Home Appliances,Northwind Traders,15999.00000000,8156.80000000,7842.20000000,10,4,4,0.49016814,3999.75000000,2.50000000,1599.90000000,815.68000000
1861,NT Washer & Dryer 15.5in E1550 Blue,Home Appliances,Northwind Traders,36996.30000000,18861.86000000,18134.44000000,37,8,8,0.49016902,4624.53750000,4.62500000,999.90000000,509.78000000
1862,NT Washer & Dryer 27in L2700 Green,Home Appliances,Northwind Traders,50405.10000000,16700.24000000,33704.86000000,19,3,3,0.66867956,16801.70000000,6.33333333,2652.90000000,878.96000000
1863,NT Washer & Dryer 25.5in M2550 Green,Home Appliances,Northwind Traders,31838.40000000,14641.28000000,17197.12000000,16,5,5,0.54013770,6367.68000000,3.20000000,1989.90000000,915.08000000
1864,NT Washer & Dryer 24in M2400 Green,Home Appliances,Northwind Traders,30921.30000000,14219.65000000,16701.65000000,17,4,4,0.54013415,7730.32500000,4.25000000,1818.90000000,836.45000000
1865,NT Washer & Dryer 21in E2100 Green,Home Appliances,Northwind Traders,23998.50000000,12235.20000000,11763.30000000,15,3,3,0.49016814,7999.50000000,5.00000000,1599.90000000,815.68000000
1866,NT Washer & Dryer 15.5in E1550 Green,Home Appliances,Northwind Traders,8999.10000000,4588.02000000,4411.08000000,9,3,3,0.49016902,2999.70000000,3.00000000,999.90000000,509.78000000
1867,Contoso Washer & Dryer 27in L270 White,Home Appliances,Contoso,26520.00000000,8786.60000000,17733.40000000,10,5,5,0.66868024,5304.00000000,2.00000000,2652.00000000,878.66000000
1868,Contoso Washer & Dryer 25.5in M255 White,Home Appliances,Contoso,21879.00000000,10061.37000000,11817.63000000,11,3,3,0.54013575,7293.00000000,3.66666667,1989.00000000,914.67000000
1869,Contoso Washer & Dryer 24in M240 White,Home Appliances,Contoso,7272.00000000,3344.12000000,3927.88000000,4,2,2,0.54013751,3636.00000000,2.00000000,1818.00000000,836.03000000
187,SV 22xDVD M600 Silver,TV and Video,Southridge Video,17666.40000000,5853.44000000,11812.96000000,136,39,39,0.66866821,452.98461538,3.48717949,129.90000000,43.04000000
1870,Contoso Washer & Dryer 21in E210 White,Home Appliances,Contoso,49569.00000000,25271.82000000,24297.18000000,31,6,6,0.49016886,8261.50000000,5.16666667,1599.00000000,815.22000000
1871,Contoso Washer & Dryer 15.5in E155 White,Home Appliances,Contoso,16983.00000000,8658.44000000,8324.56000000,17,5,5,0.49017017,3396.60000000,3.40000000,999.00000000,509.32000000
1872,Contoso Washer & Dryer 27in L270 Silver,Home Appliances,Contoso,26520.00000000,8786.60000000,17733.40000000,10,3,3,0.66868024,8840.00000000,3.33333333,2652.00000000,878.66000000
1873,Contoso Washer & Dryer 25.5in M255 Silver,Home Appliances,Contoso,39780.00000000,18293.40000000,21486.60000000,20,4,4,0.54013575,9945.00000000,5.00000000,1989.00000000,914.67000000
1874,Contoso Washer & Dryer 24in M240 Silver,Home Appliances,Contoso,58176.00000000,26752.96000000,31423.04000000,32,8,8,0.54013751,7272.00000000,4.00000000,1818.00000000,836.03000000
1875,Contoso Washer & Dryer 21in E210 Silver,Home Appliances,Contoso,20787.00000000,10597.86000000,10189.14000000,13,4,4,0.49016886,5196.75000000,3.25000000,1599.00000000,815.22000000
1876,Contoso Washer & Dryer 15.5in E155 Silver,Home Appliances,Contoso,16983.00000000,8658.44000000,8324.56000000,17,3,3,0.49017017,5661.00000000,5.66666667,999.00000000,509.32000000
1877,Contoso Washer & Dryer 27in L270 Blue,Home Appliances,Contoso,47736.00000000,15815.88000000,31920.12000000,18,7,7,0.66868024,6819.42857143,2.57142857,2652.00000000,878.66000000
1878,Contoso Washer & Dryer 25.5in M255 Blue,Home Appliances,Contoso,25857.00000000,11890.71000000,13966.29000000,13,4,4,0.54013575,6464.25000000,3.25000000,1989.00000000,914.67000000
1879,Contoso Washer & Dryer 24in M240 Blue,Home Appliances,Contoso,14544.00000000,6688.24000000,7855.76000000,8,3,3,0.54013751,4848.00000000,2.66666667,1818.00000000,836.03000000
188,SV 16xDVD M350 Silver,TV and Video,Southridge Video,14261.80000000,6558.72000000,7703.08000000,122,29,29,0.54011976,491.78620690,4.20689655,116.90000000,53.76000000
1880,Contoso Washer & Dryer 21in E210 Blue,Home Appliances,Contoso,31980.00000000,16304.40000000,15675.60000000,20,10,10,0.49016886,3198.00000000,2.00000000,1599.00000000,815.22000000
1881,Contoso Washer & Dryer 15.5in E155 Blue,Home Appliances,Contoso,9990.00000000,5093.20000000,4896.80000000,10,5,5,0.49017017,1998.00000000,2.00000000,999.00000000,509.32000000
1882,Contoso Washer & Dryer 27in L270 Green,Home Appliances,Contoso,37128.00000000,12301.24000000,24826.76000000,14,6,6,0.66868024,6188.00000000,2.33333333,2652.00000000,878.66000000
1883,Contoso Washer & Dryer 25.5in M255 Green,Home Appliances,Contoso,43758.00000000,20122.74000000,23635.26000000,22,7,7,0.54013575,6251.14285714,3.14285714,1989.00000000,914.67000000
1884,Contoso Washer & Dryer 24in M240 Green,Home Appliances,Contoso,38178.00000000,17556.63000000,20621.37000000,21,5,5,0.54013751,7635.60000000,4.20000000,1818.00000000,836.03000000
1886,Contoso Washer & Dryer 15.5in E155 Green,Home Appliances,Contoso,11988.00000000,6111.84000000,5876.16000000,12,3,3,0.49017017,3996.00000000,4.00000000,999.00000000,509.32000000
1887,Contoso Washer & Dryer 27in L270 Red,Home Appliances,Contoso,45084.00000000,14937.22000000,30146.78000000,17,6,6,0.66868024,7514.00000000,2.83333333,2652.00000000,878.66000000
1888,Contoso Washer & Dryer 25.5in M255 Red,Home Appliances,Contoso,39780.00000000,18293.40000000,21486.60000000,20,6,6,0.54013575,6630.00000000,3.33333333,1989.00000000,914.67000000
1889,Contoso Washer & Dryer 24in M240 Red,Home Appliances,Contoso,18180.00000000,8360.30000000,9819.70000000,10,4,4,0.54013751,4545.00000000,2.50000000,1818.00000000,836.03000000
189,SV 16xDVD M360 Silver,TV and Video,Southridge Video,15862.50000000,7295.00000000,8567.50000000,125,40,40,0.54011032,396.56250000,3.12500000,126.90000000,58.36000000
1890,Contoso Washer & Dryer 21in E210 Red,Home Appliances,Contoso,27183.00000000,13858.74000000,13324.26000000,17,5,5,0.49016886,5436.60000000,3.40000000,1599.00000000,815.22000000
1891,Contoso Washer & Dryer 15.5in E155 Red,Home Appliances,Contoso,11988.00000000,6111.84000000,5876.16000000,12,4,4,0.49017017,2997.00000000,3.00000000,999.00000000,509.32000000
1892,Contoso Washer & Dryer 27in L270 Pink,Home Appliances,Contoso,42432.00000000,14058.56000000,28373.44000000,16,5,5,0.66868024,8486.40000000,3.20000000,2652.00000000,878.66000000
1893,Contoso Washer & Dryer 25.5in M255 Pink,Home Appliances,Contoso,13923.00000000,6402.69000000,7520.31000000,7,3,3,0.54013575,4641.00000000,2.33333333,1989.00000000,914.67000000
1894,Contoso Washer & Dryer 24in M240 Pink,Home Appliances,Contoso,41814.00000000,19228.69000000,22585.31000000,23,5,5,0.54013751,8362.80000000,4.60000000,1818.00000000,836.03000000
1895,Contoso Washer & Dryer 21in E210 Pink,Home Appliances,Contoso,25584.00000000,13043.52000000,12540.48000000,16,3,3,0.49016886,8528.00000000,5.33333333,1599.00000000,815.22000000
1896,Contoso Washer & Dryer 15.5in E155 Pink,Home Appliances,Contoso,12987.00000000,6621.16000000,6365.84000000,13,6,6,0.49017017,2164.50000000,2.16666667,999.00000000,509.32000000
1897,Fabrikam Refrigerator 24.7CuFt X9800 White,Home Appliances,Fabrikam,147199.54000000,48770.12000000,98429.42000000,46,12,12,0.66868021,12266.62833333,3.83333333,3199.99000000,1060.22000000
1898,Fabrikam Refrigerator 19CuFt M7600 White,Home Appliances,Fabrikam,13485.00000000,6201.30000000,7283.70000000,15,7,7,0.54013348,1926.42857143,2.14285714,899.00000000,413.42000000
1899,Fabrikam Refrigerator 9.7CuFt M5600 White,Home Appliances,Fabrikam,10846.00000000,4987.62000000,5858.38000000,22,9,9,0.54014199,1205.11111111,2.44444444,493.00000000,226.71000000
19,Contoso 8GB Super-Slim MP3/Video Player M800 Pink,Audio,Contoso,5717.40000000,2629.12000000,3088.28000000,52,19,19,0.54015462,300.91578947,2.73684211,109.95000000,50.56000000
190,SV 8xDVD E130 Silver,TV and Video,Southridge Video,5860.70000000,2988.03000000,2872.67000000,103,34,34,0.49015817,172.37352941,3.02941176,56.90000000,29.01000000
1900,Fabrikam Refrigerator 4.6CuFt E2800 White,Home Appliances,Fabrikam,12599.58000000,6423.48000000,6176.10000000,42,7,7,0.49018301,1799.94000000,6.00000000,299.99000000,152.94000000
1901,Fabrikam Refrigerator 3.2CuFt E1600 White,Home Appliances,Fabrikam,6159.78000000,3140.50000000,3019.28000000,22,6,6,0.49016036,1026.63000000,3.66666667,279.99000000,142.75000000
1902,Fabrikam Refrigerator 1.7CuFt E1200 White,Home Appliances,Fabrikam,2599.80000000,1325.40000000,1274.40000000,20,6,6,0.49019155,433.30000000,3.33333333,129.99000000,66.27000000
1903,Fabrikam Refrigerator 24.7CuFt X9800 Brown,Home Appliances,Fabrikam,73599.77000000,24385.06000000,49214.71000000,23,7,7,0.66868021,10514.25285714,3.28571429,3199.99000000,1060.22000000
1904,Fabrikam Refrigerator 19CuFt M7600 Brown,Home Appliances,Fabrikam,18879.00000000,8681.82000000,10197.18000000,21,6,6,0.54013348,3146.50000000,3.50000000,899.00000000,413.42000000
1905,Fabrikam Refrigerator 9.7CuFt M5600 Brown,Home Appliances,Fabrikam,8874.00000000,4080.78000000,4793.22000000,18,5,5,0.54014199,1774.80000000,3.60000000,493.00000000,226.71000000
1906,Fabrikam Refrigerator 4.6CuFt E2800 Brown,Home Appliances,Fabrikam,4199.86000000,2141.16000000,2058.70000000,14,4,4,0.49018301,1049.96500000,3.50000000,299.99000000,152.94000000
1907,Fabrikam Refrigerator 3.2CuFt E1600 Brown,Home Appliances,Fabrikam,8119.71000000,4139.75000000,3979.96000000,29,10,10,0.49016036,811.97100000,2.90000000,279.99000000,142.75000000
1908,Fabrikam Refrigerator 1.7CuFt E1200 Brown,Home Appliances,Fabrikam,6239.52000000,3180.96000000,3058.56000000,48,13,13,0.49019155,479.96307692,3.69230769,129.99000000,66.27000000
1909,Fabrikam Refrigerator 24.7CuFt X9800 Silver,Home Appliances,Fabrikam,108799.66000000,36047.48000000,72752.18000000,34,9,9,0.66868021,12088.85111111,3.77777778,3199.99000000,1060.22000000
191,SV 8xDVD E140 Silver,TV and Video,Southridge Video,5544.00000000,2826.60000000,2717.40000000,84,32,32,0.49015152,173.25000000,2.62500000,66.00000000,33.65000000
1910,Fabrikam Refrigerator 19CuFt M7600 Silver,Home Appliances,Fabrikam,24273.00000000,11162.34000000,13110.66000000,27,7,7,0.54013348,3467.57142857,3.85714286,899.00000000,413.42000000
1911,Fabrikam Refrigerator 9.7CuFt M5600 Silver,Home Appliances,Fabrikam,15283.00000000,7028.01000000,8254.99000000,31,10,10,0.54014199,1528.30000000,3.10000000,493.00000000,226.71000000
1912,Fabrikam Refrigerator 4.6CuFt E2800 Silver,Home Appliances,Fabrikam,6899.77000000,3517.62000000,3382.15000000,23,9,9,0.49018301,766.64111111,2.55555556,299.99000000,152.94000000
1913,Fabrikam Refrigerator 3.2CuFt E1600 Silver,Home Appliances,Fabrikam,9239.67000000,4710.75000000,4528.92000000,33,8,8,0.49016036,1154.95875000,4.12500000,279.99000000,142.75000000
1914,Fabrikam Refrigerator 1.7CuFt E1200 Silver,Home Appliances,Fabrikam,3249.75000000,1656.75000000,1593.00000000,25,10,10,0.49019155,324.97500000,2.50000000,129.99000000,66.27000000
1915,Fabrikam Refrigerator 24.7CuFt X9800 Green,Home Appliances,Fabrikam,99199.69000000,32866.82000000,66332.87000000,31,8,8,0.66868021,12399.96125000,3.87500000,3199.99000000,1060.22000000
1916,Fabrikam Refrigerator 19CuFt M7600 Green,Home Appliances,Fabrikam,34162.00000000,15709.96000000,18452.04000000,38,9,9,0.54013348,3795.77777778,4.22222222,899.00000000,413.42000000
1917,Fabrikam Refrigerator 9.7CuFt M5600 Green,Home Appliances,Fabrikam,21199.00000000,9748.53000000,11450.47000000,43,10,10,0.54014199,2119.90000000,4.30000000,493.00000000,226.71000000
1918,Fabrikam Refrigerator 4.6CuFt E2800 Green,Home Appliances,Fabrikam,7499.75000000,3823.50000000,3676.25000000,25,9,9,0.49018301,833.30555556,2.77777778,299.99000000,152.94000000
1919,Fabrikam Refrigerator 3.2CuFt E1600 Green,Home Appliances,Fabrikam,9799.65000000,4996.25000000,4803.40000000,35,8,8,0.49016036,1224.95625000,4.37500000,279.99000000,142.75000000
192,Litware Home Theater System 4.1 Channel M410 Black,TV and Video,Litware,16173.00000000,7437.42000000,8735.58000000,27,9,9,0.54013356,1797.00000000,3.00000000,599.00000000,275.46000000
1920,Fabrikam Refrigerator 1.7CuFt E1200 Green,Home Appliances,Fabrikam,3509.73000000,1789.29000000,1720.44000000,27,6,6,0.49019155,584.95500000,4.50000000,129.99000000,66.27000000
1921,Fabrikam Refrigerator 24.7CuFt X9800 Blue,Home Appliances,Fabrikam,86399.73000000,28625.94000000,57773.79000000,27,10,10,0.66868021,8639.97300000,2.70000000,3199.99000000,1060.22000000
1922,Fabrikam Refrigerator 19CuFt M7600 Blue,Home Appliances,Fabrikam,14384.00000000,6614.72000000,7769.28000000,16,8,8,0.54013348,1798.00000000,2.00000000,899.00000000,413.42000000
1923,Fabrikam Refrigerator 9.7CuFt M5600 Blue,Home Appliances,Fabrikam,12325.00000000,5667.75000000,6657.25000000,25,8,8,0.54014199,1540.62500000,3.12500000,493.00000000,226.71000000
1924,Fabrikam Refrigerator 4.6CuFt E2800 Blue,Home Appliances,Fabrikam,8999.70000000,4588.20000000,4411.50000000,30,9,9,0.49018301,999.96666667,3.33333333,299.99000000,152.94000000
1925,Fabrikam Refrigerator 3.2CuFt E1600 Blue,Home Appliances,Fabrikam,6999.75000000,3568.75000000,3431.00000000,25,9,9,0.49016036,777.75000000,2.77777778,279.99000000,142.75000000
1926,Fabrikam Refrigerator 1.7CuFt E1200 Blue,Home Appliances,Fabrikam,2729.79000000,1391.67000000,1338.12000000,21,7,7,0.49019155,389.97000000,3.00000000,129.99000000,66.27000000
1927,Fabrikam Refrigerator 24.7CuFt X9800 Grey,Home Appliances,Fabrikam,147199.54000000,48770.12000000,98429.42000000,46,11,11,0.66868021,13381.77636364,4.18181818,3199.99000000,1060.22000000
1928,Fabrikam Refrigerator 19CuFt M7600 Grey,Home Appliances,Fabrikam,20677.00000000,9508.66000000,11168.34000000,23,7,7,0.54013348,2953.85714286,3.28571429,899.00000000,413.42000000
1929,Fabrikam Refrigerator 9.7CuFt M5600 Grey,Home Appliances,Fabrikam,10846.00000000,4987.62000000,5858.38000000,22,7,7,0.54014199,1549.42857143,3.14285714,493.00000000,226.71000000
193,Litware Home Theater System 5.1 Channel M511 Black,TV and Video,Litware,1398.00000000,642.88000000,755.12000000,2,1,1,0.54014306,1398.00000000,2.00000000,699.00000000,321.44000000
1930,Fabrikam Refrigerator 4.6CuFt E2800 Grey,Home Appliances,Fabrikam,7799.74000000,3976.44000000,3823.30000000,26,10,10,0.49018301,779.97400000,2.60000000,299.99000000,152.94000000
1931,Fabrikam Refrigerator 3.2CuFt E1600 Grey,Home Appliances,Fabrikam,5039.82000000,2569.50000000,2470.32000000,18,8,8,0.49016036,629.97750000,2.25000000,279.99000000,142.75000000
1932,Fabrikam Refrigerator 1.7CuFt E1200 Grey,Home Appliances,Fabrikam,3639.72000000,1855.56000000,1784.16000000,28,12,12,0.49019155,303.31000000,2.33333333,129.99000000,66.27000000
1933,Fabrikam Refrigerator 24.7CuFt X9800 Orange,Home Appliances,Fabrikam,105599.67000000,34987.26000000,70612.41000000,33,9,9,0.66868021,11733.29666667,3.66666667,3199.99000000,1060.22000000
1934,Fabrikam Refrigerator 19CuFt M7600 Orange,Home Appliances,Fabrikam,21576.00000000,9922.08000000,11653.92000000,24,9,9,0.54013348,2397.33333333,2.66666667,899.00000000,413.42000000
1935,Fabrikam Refrigerator 9.7CuFt M5600 Orange,Home Appliances,Fabrikam,10846.00000000,4987.62000000,5858.38000000,22,8,8,0.54014199,1355.75000000,2.75000000,493.00000000,226.71000000
1936,Fabrikam Refrigerator 4.6CuFt E2800 Orange,Home Appliances,Fabrikam,16799.44000000,8564.64000000,8234.80000000,56,16,16,0.49018301,1049.96500000,3.50000000,299.99000000,152.94000000
1937,Fabrikam Refrigerator 3.2CuFt E1600 Orange,Home Appliances,Fabrikam,5879.79000000,2997.75000000,2882.04000000,21,7,7,0.49016036,839.97000000,3.00000000,279.99000000,142.75000000
1938,Fabrikam Refrigerator 1.7CuFt E1200 Orange,Home Appliances,Fabrikam,4419.66000000,2253.18000000,2166.48000000,34,12,12,0.49019155,368.30500000,2.83333333,129.99000000,66.27000000
1939,Litware Refrigerator 24.7CuFt X980 White,Home Appliances,Litware,22399.93000000,7421.54000000,14978.39000000,7,5,5,0.66868021,4479.98600000,1.40000000,3199.99000000,1060.22000000
194,Litware Home Theater System 2.1 Channel E210 Black,TV and Video,Litware,3887.00000000,1981.72000000,1905.28000000,13,3,3,0.49016722,1295.66666667,4.33333333,299.00000000,152.44000000
1940,Litware Refrigerator 19CuFt M760 White,Home Appliances,Litware,30566.00000000,14056.28000000,16509.72000000,34,11,11,0.54013348,2778.72727273,3.09090909,899.00000000,413.42000000
1941,Litware Refrigerator 9.7CuFt M560 White,Home Appliances,Litware,16269.00000000,7481.43000000,8787.57000000,33,12,12,0.54014199,1355.75000000,2.75000000,493.00000000,226.71000000
1942,Litware Refrigerator 4.6CuFt E280 White,Home Appliances,Litware,8399.72000000,4282.32000000,4117.40000000,28,7,7,0.49018301,1199.96000000,4.00000000,299.99000000,152.94000000
1943,Litware Refrigerator 3.2CuFt E160 White,Home Appliances,Litware,3359.88000000,1713.00000000,1646.88000000,12,7,7,0.49016036,479.98285714,1.71428571,279.99000000,142.75000000
1944,Litware Refrigerator 1.7CuFt E120 White,Home Appliances,Litware,1819.86000000,927.78000000,892.08000000,14,5,5,0.49019155,363.97200000,2.80000000,129.99000000,66.27000000
1945,Litware Refrigerator 24.7CuFt X980 Brown,Home Appliances,Litware,76799.76000000,25445.28000000,51354.48000000,24,7,7,0.66868021,10971.39428571,3.42857143,3199.99000000,1060.22000000
1946,Litware Refrigerator 19CuFt M760 Brown,Home Appliances,Litware,30566.00000000,14056.28000000,16509.72000000,34,7,7,0.54013348,4366.57142857,4.85714286,899.00000000,413.42000000
1947,Litware Refrigerator 9.7CuFt M560 Brown,Home Appliances,Litware,22185.00000000,10201.95000000,11983.05000000,45,9,9,0.54014199,2465.00000000,5.00000000,493.00000000,226.71000000
1948,Litware Refrigerator 4.6CuFt E280 Brown,Home Appliances,Litware,5399.82000000,2752.92000000,2646.90000000,18,5,5,0.49018301,1079.96400000,3.60000000,299.99000000,152.94000000
1949,Litware Refrigerator 3.2CuFt E160 Brown,Home Appliances,Litware,6159.78000000,3140.50000000,3019.28000000,22,7,7,0.49016036,879.96857143,3.14285714,279.99000000,142.75000000
195,Litware Home Theater System 5.1 Channel M510 Black,TV and Video,Litware,3195.00000000,1469.25000000,1725.75000000,5,2,2,0.54014085,1597.50000000,2.50000000,639.00000000,293.85000000
1950,Litware Refrigerator 1.7CuFt E120 Brown,Home Appliances,Litware,2209.83000000,1126.59000000,1083.24000000,17,7,7,0.49019155,315.69000000,2.42857143,129.99000000,66.27000000
1951,Litware Refrigerator 24.7CuFt X980 Silver,Home Appliances,Litware,102399.68000000,33927.04000000,68472.64000000,32,9,9,0.66868021,11377.74222222,3.55555556,3199.99000000,1060.22000000
1952,Litware Refrigerator 19CuFt M760 Silver,Home Appliances,Litware,26071.00000000,11989.18000000,14081.82000000,29,11,11,0.54013348,2370.09090909,2.63636364,899.00000000,413.42000000
1953,Litware Refrigerator 9.7CuFt M560 Silver,Home Appliances,Litware,26129.00000000,12015.63000000,14113.37000000,53,16,16,0.54014199,1633.06250000,3.31250000,493.00000000,226.71000000
1954,Litware Refrigerator 4.6CuFt E280 Silver,Home Appliances,Litware,4799.84000000,2447.04000000,2352.80000000,16,5,5,0.49018301,959.96800000,3.20000000,299.99000000,152.94000000
1955,Litware Refrigerator 3.2CuFt E160 Silver,Home Appliances,Litware,11479.59000000,5852.75000000,5626.84000000,41,12,12,0.49016036,956.63250000,3.41666667,279.99000000,142.75000000
1956,Litware Refrigerator 1.7CuFt E120 Silver,Home Appliances,Litware,2469.81000000,1259.13000000,1210.68000000,19,9,9,0.49019155,274.42333333,2.11111111,129.99000000,66.27000000
1957,Litware Refrigerator 24.7CuFt X980 Green,Home Appliances,Litware,92799.71000000,30746.38000000,62053.33000000,29,7,7,0.66868021,13257.10142857,4.14285714,3199.99000000,1060.22000000
1958,Litware Refrigerator 19CuFt M760 Green,Home Appliances,Litware,22475.00000000,10335.50000000,12139.50000000,25,8,8,0.54013348,2809.37500000,3.12500000,899.00000000,413.42000000
1959,Litware Refrigerator 9.7CuFt M560 Green,Home Appliances,Litware,9860.00000000,4534.20000000,5325.80000000,20,9,9,0.54014199,1095.55555556,2.22222222,493.00000000,226.71000000
196,Litware Home Theater System 2.1 Channel E211 Black,TV and Video,Litware,6477.60000000,3302.40000000,3175.20000000,24,5,5,0.49018155,1295.52000000,4.80000000,269.90000000,137.60000000
1960,Litware Refrigerator 4.6CuFt E280 Green,Home Appliances,Litware,8099.73000000,4129.38000000,3970.35000000,27,7,7,0.49018301,1157.10428571,3.85714286,299.99000000,152.94000000
1961,Litware Refrigerator 3.2CuFt E160 Green,Home Appliances,Litware,3919.86000000,1998.50000000,1921.36000000,14,5,5,0.49016036,783.97200000,2.80000000,279.99000000,142.75000000
1962,Litware Refrigerator 1.7CuFt E120 Green,Home Appliances,Litware,2729.79000000,1391.67000000,1338.12000000,21,7,7,0.49019155,389.97000000,3.00000000,129.99000000,66.27000000
1963,Litware Refrigerator 24.7CuFt X980 Blue,Home Appliances,Litware,47999.85000000,15903.30000000,32096.55000000,15,7,7,0.66868021,6857.12142857,2.14285714,3199.99000000,1060.22000000
1964,Litware Refrigerator 19CuFt M760 Blue,Home Appliances,Litware,15283.00000000,7028.14000000,8254.86000000,17,5,5,0.54013348,3056.60000000,3.40000000,899.00000000,413.42000000
1965,Litware Refrigerator 9.7CuFt M560 Blue,Home Appliances,Litware,7395.00000000,3400.65000000,3994.35000000,15,5,5,0.54014199,1479.00000000,3.00000000,493.00000000,226.71000000
1966,Litware Refrigerator 4.6CuFt E280 Blue,Home Appliances,Litware,7499.75000000,3823.50000000,3676.25000000,25,11,11,0.49018301,681.79545455,2.27272727,299.99000000,152.94000000
1967,Litware Refrigerator 3.2CuFt E160 Blue,Home Appliances,Litware,10079.64000000,5139.00000000,4940.64000000,36,9,9,0.49016036,1119.96000000,4.00000000,279.99000000,142.75000000
1968,Litware Refrigerator 1.7CuFt E120 Blue,Home Appliances,Litware,3379.74000000,1723.02000000,1656.72000000,26,9,9,0.49019155,375.52666667,2.88888889,129.99000000,66.27000000
1969,Litware Refrigerator 24.7CuFt X980 Grey,Home Appliances,Litware,76799.76000000,25445.28000000,51354.48000000,24,6,6,0.66868021,12799.96000000,4.00000000,3199.99000000,1060.22000000
197,Litware Home Theater System 2.1 Channel E212 Black,TV and Video,Litware,899.70000000,458.70000000,441.00000000,3,2,2,0.49016339,449.85000000,1.50000000,299.90000000,152.90000000
1970,Litware Refrigerator 19CuFt M760 Grey,Home Appliances,Litware,55738.00000000,25632.04000000,30105.96000000,62,14,14,0.54013348,3981.28571429,4.42857143,899.00000000,413.42000000
1971,Litware Refrigerator 9.7CuFt M560 Grey,Home Appliances,Litware,8874.00000000,4080.78000000,4793.22000000,18,7,7,0.54014199,1267.71428571,2.57142857,493.00000000,226.71000000
1972,Litware Refrigerator 4.6CuFt E280 Grey,Home Appliances,Litware,5099.83000000,2599.98000000,2499.85000000,17,5,5,0.49018301,1019.96600000,3.40000000,299.99000000,152.94000000
1973,Litware Refrigerator 3.2CuFt E160 Grey,Home Appliances,Litware,4199.85000000,2141.25000000,2058.60000000,15,6,6,0.49016036,699.97500000,2.50000000,279.99000000,142.75000000
1974,Litware Refrigerator 1.7CuFt E120 Grey,Home Appliances,Litware,1559.88000000,795.24000000,764.64000000,12,4,4,0.49019155,389.97000000,3.00000000,129.99000000,66.27000000
1975,Litware Refrigerator L1200 Orange,Home Appliances,Litware,105599.67000000,34987.26000000,70612.41000000,33,9,9,0.66868021,11733.29666667,3.66666667,3199.99000000,1060.22000000
1976,Litware Refrigerator 19CuFt M760 Orange,Home Appliances,Litware,38657.00000000,17777.06000000,20879.94000000,43,12,12,0.54013348,3221.41666667,3.58333333,899.00000000,413.42000000
1977,Litware Refrigerator 9.7CuFt M560 Orange,Home Appliances,Litware,17748.00000000,8161.56000000,9586.44000000,36,9,9,0.54014199,1972.00000000,4.00000000,493.00000000,226.71000000
1978,Litware Refrigerator 4.6CuFt E280 Orange,Home Appliances,Litware,5999.80000000,3058.80000000,2941.00000000,20,12,12,0.49018301,499.98333333,1.66666667,299.99000000,152.94000000
1979,Litware Refrigerator 3.2CuFt E160 Orange,Home Appliances,Litware,5879.79000000,2997.75000000,2882.04000000,21,10,10,0.49016036,587.97900000,2.10000000,279.99000000,142.75000000
198,Litware Home Theater System 4.1 Channel M411 Black,TV and Video,Litware,5391.00000000,2479.14000000,2911.86000000,9,3,3,0.54013356,1797.00000000,3.00000000,599.00000000,275.46000000
1980,Litware Refrigerator 1.7CuFt E120 Orange,Home Appliances,Litware,4159.68000000,2120.64000000,2039.04000000,32,7,7,0.49019155,594.24000000,4.57142857,129.99000000,66.27000000
1981,Litware Refrigerator 19CuFt M760 Red,Home Appliances,Litware,36859.00000000,16950.22000000,19908.78000000,41,8,8,0.54013348,4607.37500000,5.12500000,899.00000000,413.42000000
1982,Litware Refrigerator 9.7CuFt M560 Red,Home Appliances,Litware,6409.00000000,2947.23000000,3461.77000000,13,6,6,0.54014199,1068.16666667,2.16666667,493.00000000,226.71000000
1983,Fabrikam Microwave 1.5CuFt X1100 White,Home Appliances,Fabrikam,24639.78000000,8163.68000000,16476.10000000,37,13,13,0.66867886,1895.36769231,2.84615385,665.94000000,220.64000000
1984,Fabrikam Microwave 2.2CuFt M1250 White,Home Appliances,Fabrikam,15199.24000000,6989.72000000,8209.52000000,76,22,22,0.54012701,690.87454545,3.45454545,199.99000000,91.97000000
1985,Fabrikam Microwave 1.6CuFt M1250 White,Home Appliances,Fabrikam,8099.55000000,3724.65000000,4374.90000000,45,16,16,0.54014112,506.22187500,2.81250000,179.99000000,82.77000000
1986,Fabrikam Microwave 1.0CuFt E1100 White,Home Appliances,Fabrikam,8119.42000000,4139.46000000,3979.96000000,58,16,16,0.49017787,507.46375000,3.62500000,139.99000000,71.37000000
1987,Fabrikam Microwave 0.9CuFt E0900 White,Home Appliances,Fabrikam,5899.41000000,3007.82000000,2891.59000000,59,21,21,0.49014901,280.92428571,2.80952381,99.99000000,50.98000000
1988,Fabrikam Microwave 0.8CuFt E0800 White,Home Appliances,Fabrikam,2564.73000000,1307.61000000,1257.12000000,27,9,9,0.49015686,284.97000000,3.00000000,94.99000000,48.43000000
1989,Fabrikam Microwave 1.5CuFt X1100 Silver,Home Appliances,Fabrikam,33297.00000000,11032.00000000,22265.00000000,50,14,14,0.66867886,2378.35714286,3.57142857,665.94000000,220.64000000
199,Litware Home Theater System 4.1 Channel M412 Black,TV and Video,Litware,2845.00000000,1308.30000000,1536.70000000,5,3,3,0.54014060,948.33333333,1.66666667,569.00000000,261.66000000
1990,Fabrikam Microwave 2.2CuFt M1250 Silver,Home Appliances,Fabrikam,14599.27000000,6713.81000000,7885.46000000,73,18,18,0.54012701,811.07055556,4.05555556,199.99000000,91.97000000
1991,Fabrikam Microwave 1.6CuFt M1250 Silver,Home Appliances,Fabrikam,12599.30000000,5793.90000000,6805.40000000,70,18,18,0.54014112,699.96111111,3.88888889,179.99000000,82.77000000
1992,Fabrikam Microwave 1.0CuFt E1100 Silver,Home Appliances,Fabrikam,6579.53000000,3354.39000000,3225.14000000,47,15,15,0.49017787,438.63533333,3.13333333,139.99000000,71.37000000
1993,Fabrikam Microwave 0.9CuFt E0900 Silver,Home Appliances,Fabrikam,4299.57000000,2192.14000000,2107.43000000,43,14,14,0.49014901,307.11214286,3.07142857,99.99000000,50.98000000
1994,Fabrikam Microwave 0.8CuFt E0800 Silver,Home Appliances,Fabrikam,3989.58000000,2034.06000000,1955.52000000,42,16,16,0.49015686,249.34875000,2.62500000,94.99000000,48.43000000
1995,Fabrikam Microwave 1.5CuFt X1100 Grey,Home Appliances,Fabrikam,29301.36000000,9708.16000000,19593.20000000,44,16,16,0.66867886,1831.33500000,2.75000000,665.94000000,220.64000000
1996,Fabrikam Microwave 2.2CuFt M1250 Grey,Home Appliances,Fabrikam,4199.79000000,1931.37000000,2268.42000000,21,10,10,0.54012701,419.97900000,2.10000000,199.99000000,91.97000000
1997,Fabrikam Microwave 1.6CuFt M1250 Grey,Home Appliances,Fabrikam,4319.76000000,1986.48000000,2333.28000000,24,10,10,0.54014112,431.97600000,2.40000000,179.99000000,82.77000000
1998,Fabrikam Microwave 1.0CuFt E1100 Grey,Home Appliances,Fabrikam,4759.66000000,2426.58000000,2333.08000000,34,8,8,0.49017787,594.95750000,4.25000000,139.99000000,71.37000000
1999,Fabrikam Microwave 0.9CuFt E0900 Grey,Home Appliances,Fabrikam,3899.61000000,1988.22000000,1911.39000000,39,14,14,0.49014901,278.54357143,2.78571429,99.99000000,50.98000000
2,Contoso 512MB MP3 Player E51 Blue,Audio,Contoso,1000.23000000,509.74000000,490.49000000,77,23,23,0.49037721,43.48826087,3.34782609,12.99000000,6.62000000
20,Contoso 8GB MP3 Player new model M820 Black,Audio,Contoso,7906.00000000,3635.58000000,4270.42000000,59,18,18,0.54014925,439.22222222,3.27777778,134.00000000,61.62000000
200,Litware Home Theater System 4.1 Channel M413 Black,TV and Video,Litware,6039.00000000,2777.17000000,3261.83000000,11,3,3,0.54012750,2013.00000000,3.66666667,549.00000000,252.47000000
2000,Fabrikam Microwave 0.8CuFt E0800 Grey,Home Appliances,Fabrikam,5889.38000000,3002.66000000,2886.72000000,62,17,17,0.49015686,346.43411765,3.64705882,94.99000000,48.43000000
2001,Fabrikam Microwave 1.5CuFt X1100 Red,Home Appliances,Fabrikam,28635.42000000,9487.52000000,19147.90000000,43,16,16,0.66867886,1789.71375000,2.68750000,665.94000000,220.64000000
2002,Fabrikam Microwave 2.2CuFt M1250 Red,Home Appliances,Fabrikam,6799.66000000,3126.98000000,3672.68000000,34,15,15,0.54012701,453.31066667,2.26666667,199.99000000,91.97000000
2003,Fabrikam Microwave 1.6CuFt M1250 Red,Home Appliances,Fabrikam,2159.88000000,993.24000000,1166.64000000,12,3,3,0.54014112,719.96000000,4.00000000,179.99000000,82.77000000
2004,Fabrikam Microwave 1.0CuFt E1100 Red,Home Appliances,Fabrikam,7699.45000000,3925.35000000,3774.10000000,55,17,17,0.49017787,452.90882353,3.23529412,139.99000000,71.37000000
2005,Fabrikam Microwave 0.9CuFt E0900 Red,Home Appliances,Fabrikam,6899.31000000,3517.62000000,3381.69000000,69,20,20,0.49014901,344.96550000,3.45000000,99.99000000,50.98000000
2006,Fabrikam Microwave 0.8CuFt E0800 Red,Home Appliances,Fabrikam,6459.32000000,3293.24000000,3166.08000000,68,22,22,0.49015686,293.60545455,3.09090909,94.99000000,48.43000000
2007,Fabrikam Microwave 1.5CuFt X1100 Black,Home Appliances,Fabrikam,29967.30000000,9928.80000000,20038.50000000,45,16,16,0.66867886,1872.95625000,2.81250000,665.94000000,220.64000000
2008,Fabrikam Microwave 2.2CuFt M1250 Black,Home Appliances,Fabrikam,14399.28000000,6621.84000000,7777.44000000,72,22,22,0.54012701,654.51272727,3.27272727,199.99000000,91.97000000
2009,Fabrikam Microwave 1.6CuFt M1250 Black,Home Appliances,Fabrikam,9899.45000000,4552.35000000,5347.10000000,55,16,16,0.54014112,618.71562500,3.43750000,179.99000000,82.77000000
201,Litware Home Theater System 5.1 Channel M512 Black,TV and Video,Litware,18873.00000000,8678.88000000,10194.12000000,27,6,6,0.54014306,3145.50000000,4.50000000,699.00000000,321.44000000
2010,Fabrikam Microwave 1.0CuFt E1100 Black,Home Appliances,Fabrikam,5179.63000000,2640.69000000,2538.94000000,37,14,14,0.49017787,369.97357143,2.64285714,139.99000000,71.37000000
2011,Fabrikam Microwave 0.9CuFt E0900 Black,Home Appliances,Fabrikam,4899.51000000,2498.02000000,2401.49000000,49,20,20,0.49014901,244.97550000,2.45000000,99.99000000,50.98000000
2012,Fabrikam Microwave 0.8CuFt E0800 Black,Home Appliances,Fabrikam,3704.61000000,1888.77000000,1815.84000000,39,15,15,0.49015686,246.97400000,2.60000000,94.99000000,48.43000000
2013,Fabrikam Microwave 1.5CuFt X1100 Blue,Home Appliances,Fabrikam,29301.36000000,9708.16000000,19593.20000000,44,13,13,0.66867886,2253.95076923,3.38461538,665.94000000,220.64000000
2014,Fabrikam Microwave 2.2CuFt M1250 Blue,Home Appliances,Fabrikam,11999.40000000,5518.20000000,6481.20000000,60,18,18,0.54012701,666.63333333,3.33333333,199.99000000,91.97000000
2015,Fabrikam Microwave 1.6CuFt M1250 Blue,Home Appliances,Fabrikam,5579.69000000,2565.87000000,3013.82000000,31,16,16,0.54014112,348.73062500,1.93750000,179.99000000,82.77000000
2016,Fabrikam Microwave 1.0CuFt E1100 Blue,Home Appliances,Fabrikam,7839.44000000,3996.72000000,3842.72000000,56,17,17,0.49017787,461.14352941,3.29411765,139.99000000,71.37000000
2017,Fabrikam Microwave 0.9CuFt E0900 Blue,Home Appliances,Fabrikam,3799.62000000,1937.24000000,1862.38000000,38,14,14,0.49014901,271.40142857,2.71428571,99.99000000,50.98000000
2018,Fabrikam Microwave 0.8CuFt E0800 Blue,Home Appliances,Fabrikam,6269.34000000,3196.38000000,3072.96000000,66,18,18,0.49015686,348.29666667,3.66666667,94.99000000,48.43000000
2019,Litware Microwave 1.5CuFt X110 White,Home Appliances,Litware,23307.90000000,7722.40000000,15585.50000000,35,13,13,0.66867886,1792.91538462,2.69230769,665.94000000,220.64000000
202,Litware Home Theater System 5.1 Channel M513 Black,TV and Video,Litware,12402.00000000,5703.30000000,6698.70000000,18,6,6,0.54013062,2067.00000000,3.00000000,689.00000000,316.85000000
2020,Litware Microwave 2.2CuFt M125 White,Home Appliances,Litware,11399.43000000,5242.29000000,6157.14000000,57,17,17,0.54012701,670.55470588,3.35294118,199.99000000,91.97000000
2021,Litware Microwave 1.6CuFt M125 White,Home Appliances,Litware,9539.47000000,4386.81000000,5152.66000000,53,19,19,0.54014112,502.07736842,2.78947368,179.99000000,82.77000000
2022,Litware Microwave 1.0CuFt E110 White,Home Appliances,Litware,5039.64000000,2569.32000000,2470.32000000,36,15,15,0.49017787,335.97600000,2.40000000,139.99000000,71.37000000
2023,Litware Microwave 0.9CuFt E090 White,Home Appliances,Litware,7999.20000000,4078.40000000,3920.80000000,80,19,19,0.49014901,421.01052632,4.21052632,99.99000000,50.98000000
2024,Litware Microwave 0.8CuFt E080 White,Home Appliances,Litware,3799.60000000,1937.20000000,1862.40000000,40,13,13,0.49015686,292.27692308,3.07692308,94.99000000,48.43000000
2025,Litware Microwave 1.5CuFt X110 Silver,Home Appliances,Litware,49279.56000000,16327.36000000,32952.20000000,74,20,20,0.66867886,2463.97800000,3.70000000,665.94000000,220.64000000
2026,Litware Microwave 2.2CuFt M125 Silver,Home Appliances,Litware,5399.73000000,2483.19000000,2916.54000000,27,10,10,0.54012701,539.97300000,2.70000000,199.99000000,91.97000000
2027,Litware Microwave 1.6CuFt M125 Silver,Home Appliances,Litware,7379.59000000,3393.57000000,3986.02000000,41,12,12,0.54014112,614.96583333,3.41666667,179.99000000,82.77000000
2028,Litware Microwave 1.0CuFt E110 Silver,Home Appliances,Litware,9099.35000000,4639.05000000,4460.30000000,65,21,21,0.49017787,433.30238095,3.09523810,139.99000000,71.37000000
2029,Litware Microwave 0.9CuFt E090 Silver,Home Appliances,Litware,3999.60000000,2039.20000000,1960.40000000,40,11,11,0.49014901,363.60000000,3.63636364,99.99000000,50.98000000
203,Litware Home Theater System 7.1 Channel M710 Black,TV and Video,Litware,10387.00000000,3441.36000000,6945.64000000,13,2,2,0.66868586,5193.50000000,6.50000000,799.00000000,264.72000000
2030,Litware Microwave 0.8CuFt E080 Silver,Home Appliances,Litware,3419.64000000,1743.48000000,1676.16000000,36,14,14,0.49015686,244.26000000,2.57142857,94.99000000,48.43000000
2031,Litware Microwave 1.5CuFt X110 Grey,Home Appliances,Litware,23307.90000000,7722.40000000,15585.50000000,35,11,11,0.66867886,2118.90000000,3.18181818,665.94000000,220.64000000
2032,Litware Microwave 2.2CuFt M125 Grey,Home Appliances,Litware,8399.58000000,3862.74000000,4536.84000000,42,12,12,0.54012701,699.96500000,3.50000000,199.99000000,91.97000000
2033,Litware Microwave 1.6CuFt M125 Grey,Home Appliances,Litware,9359.48000000,4304.04000000,5055.44000000,52,18,18,0.54014112,519.97111111,2.88888889,179.99000000,82.77000000
2034,Litware Microwave 1.0CuFt E110 Grey,Home Appliances,Litware,4899.65000000,2497.95000000,2401.70000000,35,11,11,0.49017787,445.42272727,3.18181818,139.99000000,71.37000000
2035,Litware Microwave 0.9CuFt E090 Grey,Home Appliances,Litware,4099.59000000,2090.18000000,2009.41000000,41,13,13,0.49014901,315.35307692,3.15384615,99.99000000,50.98000000
2036,Litware Microwave 0.8CuFt E080 Grey,Home Appliances,Litware,7124.25000000,3632.25000000,3492.00000000,75,19,19,0.49015686,374.96052632,3.94736842,94.99000000,48.43000000
2037,Litware Microwave 1.5CuFt X110 Red,Home Appliances,Litware,50611.44000000,16768.64000000,33842.80000000,76,22,22,0.66867886,2300.52000000,3.45454545,665.94000000,220.64000000
2038,Litware Microwave 2.2CuFt M125 Red,Home Appliances,Litware,7799.61000000,3586.83000000,4212.78000000,39,12,12,0.54012701,649.96750000,3.25000000,199.99000000,91.97000000
2039,Litware Microwave 1.6CuFt M125 Red,Home Appliances,Litware,10439.42000000,4800.66000000,5638.76000000,58,15,15,0.54014112,695.96133333,3.86666667,179.99000000,82.77000000
204,Litware Home Theater System 7.1 Channel X711 Black,TV and Video,Litware,11090.00000000,3674.30000000,7415.70000000,10,3,3,0.66868350,3696.66666667,3.33333333,1109.00000000,367.43000000
2040,Litware Microwave 1.0CuFt E110 Red,Home Appliances,Litware,5739.59000000,2926.17000000,2813.42000000,41,15,15,0.49017787,382.63933333,2.73333333,139.99000000,71.37000000
2041,Litware Microwave 0.9CuFt E090 Red,Home Appliances,Litware,3599.64000000,1835.28000000,1764.36000000,36,14,14,0.49014901,257.11714286,2.57142857,99.99000000,50.98000000
2042,Litware Microwave 0.8CuFt E080 Red,Home Appliances,Litware,3134.67000000,1598.19000000,1536.48000000,33,12,12,0.49015686,261.22250000,2.75000000,94.99000000,48.43000000
2043,Litware Microwave 1.5CuFt X110 Black,Home Appliances,Litware,40622.34000000,13459.04000000,27163.30000000,61,18,18,0.66867886,2256.79666667,3.38888889,665.94000000,220.64000000
2044,Litware Microwave 2.2CuFt M125 Black,Home Appliances,Litware,5799.71000000,2667.13000000,3132.58000000,29,11,11,0.54012701,527.24636364,2.63636364,199.99000000,91.97000000
2045,Litware Microwave 1.6CuFt M125 Black,Home Appliances,Litware,7739.57000000,3559.11000000,4180.46000000,43,14,14,0.54014112,552.82642857,3.07142857,179.99000000,82.77000000
2046,Litware Microwave 1.0CuFt E110 Black,Home Appliances,Litware,5319.62000000,2712.06000000,2607.56000000,38,10,10,0.49017787,531.96200000,3.80000000,139.99000000,71.37000000
2047,Litware Microwave 0.9CuFt E090 Black,Home Appliances,Litware,3299.67000000,1682.34000000,1617.33000000,33,10,10,0.49014901,329.96700000,3.30000000,99.99000000,50.98000000
2048,Litware Microwave 0.8CuFt E080 Black,Home Appliances,Litware,2279.76000000,1162.32000000,1117.44000000,24,11,11,0.49015686,207.25090909,2.18181818,94.99000000,48.43000000
2049,Litware Microwave 1.5CuFt X110 Blue,Home Appliances,Litware,48613.62000000,16106.72000000,32506.90000000,73,19,19,0.66867886,2558.61157895,3.84210526,665.94000000,220.64000000
205,Litware Home Theater System 5.1 Channel M514 Black,TV and Video,Litware,2396.00000000,1101.84000000,1294.16000000,4,2,2,0.54013356,1198.00000000,2.00000000,599.00000000,275.46000000
2050,Litware Microwave 2.2CuFt M125 Blue,Home Appliances,Litware,8799.56000000,4046.68000000,4752.88000000,44,16,16,0.54012701,549.97250000,2.75000000,199.99000000,91.97000000
2051,Litware Microwave 1.6CuFt M125 Blue,Home Appliances,Litware,11159.38000000,5131.74000000,6027.64000000,62,20,20,0.54014112,557.96900000,3.10000000,179.99000000,82.77000000
2052,Litware Microwave 1.0CuFt E110 Blue,Home Appliances,Litware,5879.58000000,2997.54000000,2882.04000000,42,11,11,0.49017787,534.50727273,3.81818182,139.99000000,71.37000000
2053,Litware Microwave 0.9CuFt E090 Blue,Home Appliances,Litware,4099.59000000,2090.18000000,2009.41000000,41,16,16,0.49014901,256.22437500,2.56250000,99.99000000,50.98000000
2054,Litware Microwave 0.8CuFt E080 Blue,Home Appliances,Litware,3514.63000000,1791.91000000,1722.72000000,37,18,18,0.49015686,195.25722222,2.05555556,94.99000000,48.43000000
2055,Contoso Microwave 1.5CuFt X0110 White,Home Appliances,Contoso,22641.96000000,7501.76000000,15140.20000000,34,10,10,0.66867886,2264.19600000,3.40000000,665.94000000,220.64000000
2056,Contoso Microwave 2.2CuFt M0125 White,Home Appliances,Contoso,8999.55000000,4138.65000000,4860.90000000,45,16,16,0.54012701,562.47187500,2.81250000,199.99000000,91.97000000
2057,Contoso Microwave 1.6CuFt M0125 White,Home Appliances,Contoso,12239.32000000,5628.36000000,6610.96000000,68,21,21,0.54014112,582.82476190,3.23809524,179.99000000,82.77000000
2058,Contoso Microwave 1.0CuFt E0110 White,Home Appliances,Contoso,4199.70000000,2141.10000000,2058.60000000,30,8,8,0.49017787,524.96250000,3.75000000,139.99000000,71.37000000
2059,Contoso Microwave 0.9CuFt E0090 White,Home Appliances,Contoso,4699.53000000,2396.06000000,2303.47000000,47,12,12,0.49014901,391.62750000,3.91666667,99.99000000,50.98000000
206,Litware Home Theater System 5.1 Channel M515 Black,TV and Video,Litware,9673.00000000,4448.22000000,5224.78000000,17,6,6,0.54014060,1612.16666667,2.83333333,569.00000000,261.66000000
2060,Contoso Microwave 0.8CuFt E0080 White,Home Appliances,Contoso,4654.51000000,2373.07000000,2281.44000000,49,17,17,0.49015686,273.79470588,2.88235294,94.99000000,48.43000000
2061,Contoso Microwave 1.5CuFt X0110 Silver,Home Appliances,Contoso,38624.52000000,12797.12000000,25827.40000000,58,18,18,0.66867886,2145.80666667,3.22222222,665.94000000,220.64000000
2062,Contoso Microwave 2.2CuFt M0125 Silver,Home Appliances,Contoso,8599.57000000,3954.71000000,4644.86000000,43,11,11,0.54012701,781.77909091,3.90909091,199.99000000,91.97000000
2063,Contoso Microwave 1.6CuFt M0125 Silver,Home Appliances,Contoso,4319.76000000,1986.48000000,2333.28000000,24,9,9,0.54014112,479.97333333,2.66666667,179.99000000,82.77000000
2064,Contoso Microwave 1.0CuFt E0110 Silver,Home Appliances,Contoso,9659.31000000,4924.53000000,4734.78000000,69,18,18,0.49017787,536.62833333,3.83333333,139.99000000,71.37000000
2065,Contoso Microwave 0.9CuFt E0090 Silver,Home Appliances,Contoso,4299.57000000,2192.14000000,2107.43000000,43,13,13,0.49014901,330.73615385,3.30769231,99.99000000,50.98000000
2066,Contoso Microwave 0.8CuFt E0080 Silver,Home Appliances,Contoso,2849.70000000,1452.90000000,1396.80000000,30,13,13,0.49015686,219.20769231,2.30769231,94.99000000,48.43000000
2067,Contoso Microwave 1.5CuFt X0110 Grey,Home Appliances,Contoso,25971.66000000,8604.96000000,17366.70000000,39,13,13,0.66867886,1997.82000000,3.00000000,665.94000000,220.64000000
2068,Contoso Microwave 2.2CuFt M0125 Grey,Home Appliances,Contoso,7399.63000000,3402.89000000,3996.74000000,37,13,13,0.54012701,569.20230769,2.84615385,199.99000000,91.97000000
2069,Contoso Microwave 2.2CuFt M0126 Grey,Home Appliances,Contoso,5939.67000000,2731.41000000,3208.26000000,33,13,13,0.54014112,456.89769231,2.53846154,179.99000000,82.77000000
207,Litware Home Theater System 5.1 Channel M516 Black,TV and Video,Litware,20844.00000000,9585.36000000,11258.64000000,36,9,9,0.54013817,2316.00000000,4.00000000,579.00000000,266.26000000
2070,Contoso Microwave 1.0CuFt E0110 Grey,Home Appliances,Contoso,6999.50000000,3568.50000000,3431.00000000,50,16,16,0.49017787,437.46875000,3.12500000,139.99000000,71.37000000
2071,Contoso Microwave 0.9CuFt E0090 Grey,Home Appliances,Contoso,3899.61000000,1988.22000000,1911.39000000,39,15,15,0.49014901,259.97400000,2.60000000,99.99000000,50.98000000
2072,Contoso Microwave 0.8CuFt E0080 Grey,Home Appliances,Contoso,4084.57000000,2082.49000000,2002.08000000,43,13,13,0.49015686,314.19769231,3.30769231,94.99000000,48.43000000
2073,Contoso Microwave 1.5CuFt X0110 Red,Home Appliances,Contoso,23973.84000000,7943.04000000,16030.80000000,36,15,15,0.66867886,1598.25600000,2.40000000,665.94000000,220.64000000
2074,Contoso Microwave 2.2CuFt M0125 Red,Home Appliances,Contoso,5999.70000000,2759.10000000,3240.60000000,30,14,14,0.54012701,428.55000000,2.14285714,199.99000000,91.97000000
2075,Contoso Microwave 1.6CuFt M0125 Red,Home Appliances,Contoso,9539.47000000,4386.81000000,5152.66000000,53,19,19,0.54014112,502.07736842,2.78947368,179.99000000,82.77000000
2076,Contoso Microwave 1.0CuFt E0110 Red,Home Appliances,Contoso,9379.33000000,4781.79000000,4597.54000000,67,21,21,0.49017787,446.63476190,3.19047619,139.99000000,71.37000000
2077,Contoso Microwave 0.9CuFt E0090 Red,Home Appliances,Contoso,4399.56000000,2243.12000000,2156.44000000,44,16,16,0.49014901,274.97250000,2.75000000,99.99000000,50.98000000
2078,Contoso Microwave 0.8CuFt E0080 Red,Home Appliances,Contoso,3514.63000000,1791.91000000,1722.72000000,37,11,11,0.49015686,319.51181818,3.36363636,94.99000000,48.43000000
2079,Contoso Microwave 1.5CuFt X0110 Black,Home Appliances,Contoso,17980.38000000,5957.28000000,12023.10000000,27,12,12,0.66867886,1498.36500000,2.25000000,665.94000000,220.64000000
208,Litware Home Theater System 4.1 Channel M410 Silver,TV and Video,Litware,7787.00000000,3580.98000000,4206.02000000,13,3,3,0.54013356,2595.66666667,4.33333333,599.00000000,275.46000000
2080,Contoso Microwave 2.2CuFt M0125 Black,Home Appliances,Contoso,5799.71000000,2667.13000000,3132.58000000,29,12,12,0.54012701,483.30916667,2.41666667,199.99000000,91.97000000
2081,Contoso Microwave 1.6CuFt M0125 Black,Home Appliances,Contoso,10979.39000000,5048.97000000,5930.42000000,61,18,18,0.54014112,609.96611111,3.38888889,179.99000000,82.77000000
2082,Contoso Microwave 1.0CuFt E0110 Black,Home Appliances,Contoso,8539.39000000,4353.57000000,4185.82000000,61,16,16,0.49017787,533.71187500,3.81250000,139.99000000,71.37000000
2083,Contoso Microwave 0.9CuFt E0090 Black,Home Appliances,Contoso,5499.45000000,2803.90000000,2695.55000000,55,14,14,0.49014901,392.81785714,3.92857143,99.99000000,50.98000000
2084,Contoso Microwave 0.8CuFt E0080 Black,Home Appliances,Contoso,6744.29000000,3438.53000000,3305.76000000,71,20,20,0.49015686,337.21450000,3.55000000,94.99000000,48.43000000
2085,Contoso Water Heater 7.2GPM X1800 White,Home Appliances,Contoso,207975.00000000,68906.70000000,139068.30000000,141,46,46,0.66867797,4521.19565217,3.06521739,1475.00000000,488.70000000
2086,Contoso Water Heater 4.3GPM M1250 White,Home Appliances,Contoso,170235.00000000,78284.82000000,91950.18000000,194,56,56,0.54013675,3039.91071429,3.46428571,877.50000000,403.53000000
2087,Contoso Water Heater 4.0GPM M1250 White,Home Appliances,Contoso,132888.00000000,61110.00000000,71778.00000000,168,53,53,0.54013906,2507.32075472,3.16981132,791.00000000,363.75000000
2088,Contoso Water Heater 2.6GPM E0900 White,Home Appliances,Contoso,51816.00000000,26416.98000000,25399.02000000,102,40,40,0.49017717,1295.40000000,2.55000000,508.00000000,258.99000000
2089,Contoso Water Heater 1.5GPM E0800 White,Home Appliances,Contoso,46865.00000000,23892.96000000,22972.04000000,182,57,57,0.49017476,822.19298246,3.19298246,257.50000000,131.28000000
209,Litware Home Theater System 5.1 Channel M511 Silver,TV and Video,Litware,9087.00000000,4178.72000000,4908.28000000,13,6,6,0.54014306,1514.50000000,2.16666667,699.00000000,321.44000000
2090,Contoso Water Heater 7.2GPM X1800 Blue,Home Appliances,Contoso,162250.00000000,53757.00000000,108493.00000000,110,48,48,0.66867797,3380.20833333,2.29166667,1475.00000000,488.70000000
2091,Contoso Water Heater 4.3GPM M1250 Blue,Home Appliances,Contoso,130747.50000000,60125.97000000,70621.53000000,149,51,51,0.54013675,2563.67647059,2.92156863,877.50000000,403.53000000
2092,Contoso Water Heater 4.0GPM M1250 Blue,Home Appliances,Contoso,121814.00000000,56017.50000000,65796.50000000,154,45,45,0.54013906,2706.97777778,3.42222222,791.00000000,363.75000000
2093,Contoso Water Heater 2.6GPM E0900 Blue,Home Appliances,Contoso,94488.00000000,48172.14000000,46315.86000000,186,55,55,0.49017717,1717.96363636,3.38181818,508.00000000,258.99000000
2094,Contoso Water Heater 1.5GPM E0800 Blue,Home Appliances,Contoso,44032.50000000,22448.88000000,21583.62000000,171,55,55,0.49017476,800.59090909,3.10909091,257.50000000,131.28000000
2095,Contoso Water Heater 7.2GPM X1800 Green,Home Appliances,Contoso,216825.00000000,71838.90000000,144986.10000000,147,51,51,0.66867797,4251.47058824,2.88235294,1475.00000000,488.70000000
2096,Contoso Water Heater 4.3GPM M1250 Green,Home Appliances,Contoso,163215.00000000,75056.58000000,88158.42000000,186,56,55,0.54013675,2914.55357143,3.32142857,877.50000000,403.53000000
2097,Contoso Water Heater 4.0GPM M1250 Green,Home Appliances,Contoso,106785.00000000,49106.25000000,57678.75000000,135,42,42,0.54013906,2542.50000000,3.21428571,791.00000000,363.75000000
2098,Contoso Water Heater 2.6GPM E0900 Green,Home Appliances,Contoso,71120.00000000,36258.60000000,34861.40000000,140,50,50,0.49017717,1422.40000000,2.80000000,508.00000000,258.99000000
2099,Contoso Water Heater 1.5GPM E0800 Green,Home Appliances,Contoso,33990.00000000,17328.96000000,16661.04000000,132,46,46,0.49017476,738.91304348,2.86956522,257.50000000,131.28000000
21,Contoso 8GB MP3 Player new model M820 Blue,Audio,Contoso,8308.00000000,3820.44000000,4487.56000000,62,22,22,0.54014925,377.63636364,2.81818182,134.00000000,61.62000000
210,Litware Home Theater System 2.1 Channel E210 Silver,TV and Video,Litware,2392.00000000,1219.52000000,1172.48000000,8,2,2,0.49016722,1196.00000000,4.00000000,299.00000000,152.44000000
2100,Contoso Water Heater 7.2GPM X1800 Silver,Home Appliances,Contoso,231575.00000000,76725.90000000,154849.10000000,157,49,48,0.66867797,4726.02040816,3.20408163,1475.00000000,488.70000000
2101,Contoso Water Heater 4.3GPM M1250 Silver,Home Appliances,Contoso,111442.50000000,51248.31000000,60194.19000000,127,44,44,0.54013675,2532.78409091,2.88636364,877.50000000,403.53000000
2102,Contoso Water Heater 4.0GPM M1250 Silver,Home Appliances,Contoso,150290.00000000,69112.50000000,81177.50000000,190,52,51,0.54013906,2890.19230769,3.65384615,791.00000000,363.75000000
2103,Contoso Water Heater 2.6GPM E0900 Silver,Home Appliances,Contoso,99060.00000000,50503.05000000,48556.95000000,195,57,57,0.49017717,1737.89473684,3.42105263,508.00000000,258.99000000
2104,Contoso Water Heater 1.5GPM E0800 Silver,Home Appliances,Contoso,24205.00000000,12340.32000000,11864.68000000,94,38,38,0.49017476,636.97368421,2.47368421,257.50000000,131.28000000
2105,Contoso Water Heater 7.2GPM X1800 Grey,Home Appliances,Contoso,203550.00000000,67440.60000000,136109.40000000,138,41,41,0.66867797,4964.63414634,3.36585366,1475.00000000,488.70000000
2106,Contoso Water Heater 4.3GPM M1250 Grey,Home Appliances,Contoso,181642.50000000,83530.71000000,98111.79000000,207,62,62,0.54013675,2929.71774194,3.33870968,877.50000000,403.53000000
2107,Contoso Water Heater 4.0GPM M1250 Grey,Home Appliances,Contoso,102830.00000000,47287.50000000,55542.50000000,130,44,44,0.54013906,2337.04545455,2.95454545,791.00000000,363.75000000
2108,Contoso Water Heater 2.6GPM E0900 Grey,Home Appliances,Contoso,55372.00000000,28229.91000000,27142.09000000,109,41,41,0.49017717,1350.53658537,2.65853659,508.00000000,258.99000000
2109,Contoso Water Heater 1.5GPM E0800 Grey,Home Appliances,Contoso,40942.50000000,20873.52000000,20068.98000000,159,58,58,0.49017476,705.90517241,2.74137931,257.50000000,131.28000000
211,Litware Home Theater System 5.1 Channel M510 Silver,TV and Video,Litware,13419.00000000,6170.85000000,7248.15000000,21,6,6,0.54014085,2236.50000000,3.50000000,639.00000000,293.85000000
2110,Contoso Water Heater 7.2GPM X1800 Red,Home Appliances,Contoso,199125.00000000,65974.50000000,133150.50000000,135,38,38,0.66867797,5240.13157895,3.55263158,1475.00000000,488.70000000
2111,Contoso Water Heater 4.3GPM M1250 Red,Home Appliances,Contoso,87750.00000000,40353.00000000,47397.00000000,100,38,37,0.54013675,2309.21052632,2.63157895,877.50000000,403.53000000
2112,Contoso Water Heater 4.0GPM M1250 Red,Home Appliances,Contoso,88592.00000000,40740.00000000,47852.00000000,112,35,35,0.54013906,2531.20000000,3.20000000,791.00000000,363.75000000
2113,Contoso Water Heater 2.6GPM E0900 Red,Home Appliances,Contoso,63500.00000000,32373.75000000,31126.25000000,125,39,39,0.49017717,1628.20512821,3.20512821,508.00000000,258.99000000
2114,Contoso Water Heater 1.5GPM E0800 Red,Home Appliances,Contoso,41457.50000000,21136.08000000,20321.42000000,161,48,48,0.49017476,863.69791667,3.35416667,257.50000000,131.28000000
2115,Contoso Water Heater 4.3GPM M1250 Yellow,Home Appliances,Contoso,111442.50000000,51248.31000000,60194.19000000,127,49,49,0.54013675,2274.33673469,2.59183673,877.50000000,403.53000000
2116,Contoso Coffee Maker Super-Auto 12C X1250 Black,Home Appliances,Contoso,67650.00000000,22413.88000000,45236.12000000,41,13,13,0.66867879,5203.84615385,3.15384615,1650.00000000,546.68000000
2117,Contoso Coffee Maker Auto 10C M1000 Black,Home Appliances,Contoso,14919.80000000,6861.00000000,8058.80000000,20,6,6,0.54014129,2486.63333333,3.33333333,745.99000000,343.05000000
2118,Contoso Coffee Maker 12C M1000 Black,Home Appliances,Contoso,15575.00000000,7162.40000000,8412.60000000,35,8,8,0.54013483,1946.87500000,4.37500000,445.00000000,204.64000000
2119,Contoso Coffee Maker Auto 5C E0900 Black,Home Appliances,Contoso,3260.00000000,1662.00000000,1598.00000000,20,7,7,0.49018405,465.71428571,2.85714286,163.00000000,83.10000000
212,Litware Home Theater System 2.1 Channel E211 Silver,TV and Video,Litware,4318.40000000,2201.60000000,2116.80000000,16,3,3,0.49018155,1439.46666667,5.33333333,269.90000000,137.60000000
2120,Contoso Coffee Maker 5C E0900 Black,Home Appliances,Contoso,1341.00000000,683.64000000,657.36000000,9,4,4,0.49020134,335.25000000,2.25000000,149.00000000,75.96000000
2121,Contoso Coffee Maker 4C E0800 Black,Home Appliances,Contoso,5975.40000000,3046.58000000,2928.82000000,46,13,13,0.49014627,459.64615385,3.53846154,129.90000000,66.23000000
2122,Contoso Coffee Maker Super-Auto 12C X1250 Silver,Home Appliances,Contoso,41250.00000000,13667.00000000,27583.00000000,25,9,9,0.66867879,4583.33333333,2.77777778,1650.00000000,546.68000000
2123,Contoso Coffee Maker Auto 10C M1000 Silver,Home Appliances,Contoso,31331.58000000,14408.10000000,16923.48000000,42,10,10,0.54014129,3133.15800000,4.20000000,745.99000000,343.05000000
2124,Contoso Coffee Maker 12C M1000 Silver,Home Appliances,Contoso,17355.00000000,7980.96000000,9374.04000000,39,10,10,0.54013483,1735.50000000,3.90000000,445.00000000,204.64000000
2125,Contoso Coffee Maker Auto 5C E0900 Silver,Home Appliances,Contoso,3260.00000000,1662.00000000,1598.00000000,20,6,6,0.49018405,543.33333333,3.33333333,163.00000000,83.10000000
2126,Contoso Coffee Maker 5C E0900 Silver,Home Appliances,Contoso,6258.00000000,3190.32000000,3067.68000000,42,13,13,0.49020134,481.38461538,3.23076923,149.00000000,75.96000000
2127,Contoso Coffee Maker 4C E0800 Silver,Home Appliances,Contoso,4546.50000000,2318.05000000,2228.45000000,35,10,10,0.49014627,454.65000000,3.50000000,129.90000000,66.23000000
2128,Contoso Coffee Maker Super-Auto 12C X1250 White,Home Appliances,Contoso,67650.00000000,22413.88000000,45236.12000000,41,14,14,0.66867879,4832.14285714,2.92857143,1650.00000000,546.68000000
2129,Contoso Coffee Maker Auto 10C M1000 White,Home Appliances,Contoso,38791.48000000,17838.60000000,20952.88000000,52,18,18,0.54014129,2155.08222222,2.88888889,745.99000000,343.05000000
213,Litware Home Theater System 2.1 Channel E212 Silver,TV and Video,Litware,1199.60000000,611.60000000,588.00000000,4,2,2,0.49016339,599.80000000,2.00000000,299.90000000,152.90000000
2130,Contoso Coffee Maker 12C M1000 White,Home Appliances,Contoso,14240.00000000,6548.48000000,7691.52000000,32,8,8,0.54013483,1780.00000000,4.00000000,445.00000000,204.64000000
2131,Contoso Coffee Maker Auto 5C E0900 White,Home Appliances,Contoso,5868.00000000,2991.60000000,2876.40000000,36,12,12,0.49018405,489.00000000,3.00000000,163.00000000,83.10000000
2132,Contoso Coffee Maker 5C E0900 White,Home Appliances,Contoso,7003.00000000,3570.12000000,3432.88000000,47,14,14,0.49020134,500.21428571,3.35714286,149.00000000,75.96000000
2133,Contoso Coffee Maker 4C E0800 White,Home Appliances,Contoso,3897.00000000,1986.90000000,1910.10000000,30,12,12,0.49014627,324.75000000,2.50000000,129.90000000,66.23000000
2134,Contoso Coffee Maker Super-Auto 12C X1250 Grey,Home Appliances,Contoso,29700.00000000,9840.24000000,19859.76000000,18,6,6,0.66867879,4950.00000000,3.00000000,1650.00000000,546.68000000
2135,Contoso Coffee Maker Auto 10C M1000 Grey,Home Appliances,Contoso,14173.81000000,6517.95000000,7655.86000000,19,6,6,0.54014129,2362.30166667,3.16666667,745.99000000,343.05000000
2136,Contoso Coffee Maker 12C M1000 Grey,Home Appliances,Contoso,19135.00000000,8799.52000000,10335.48000000,43,9,9,0.54013483,2126.11111111,4.77777778,445.00000000,204.64000000
2137,Contoso Coffee Maker Auto 5C E0900 Grey,Home Appliances,Contoso,6846.00000000,3490.20000000,3355.80000000,42,14,14,0.49018405,489.00000000,3.00000000,163.00000000,83.10000000
2138,Contoso Coffee Maker 5C E0900 Grey,Home Appliances,Contoso,2831.00000000,1443.24000000,1387.76000000,19,4,4,0.49020134,707.75000000,4.75000000,149.00000000,75.96000000
2139,Contoso Coffee Maker 4C E0800 Grey,Home Appliances,Contoso,3897.00000000,1986.90000000,1910.10000000,30,7,7,0.49014627,556.71428571,4.28571429,129.90000000,66.23000000
214,Litware Home Theater System 4.1 Channel M411 Silver,TV and Video,Litware,4193.00000000,1928.22000000,2264.78000000,7,3,3,0.54013356,1397.66666667,2.33333333,599.00000000,275.46000000
2140,Adventure Works Coffee Maker Super-Auto 12C X125 Black,Home Appliances,Adventure Works,29700.00000000,9840.24000000,19859.76000000,18,7,7,0.66867879,4242.85714286,2.57142857,1650.00000000,546.68000000
2141,Adventure Works Coffee Maker Auto 10C M100 Black,Home Appliances,Adventure Works,18649.75000000,8576.25000000,10073.50000000,25,9,9,0.54014129,2072.19444444,2.77777778,745.99000000,343.05000000
2142,Adventure Works Coffee Maker 12C M100 Black,Home Appliances,Adventure Works,9790.00000000,4502.08000000,5287.92000000,22,10,10,0.54013483,979.00000000,2.20000000,445.00000000,204.64000000
2143,Adventure Works Coffee Maker Auto 5C E090 Black,Home Appliances,Adventure Works,4564.00000000,2326.80000000,2237.20000000,28,8,8,0.49018405,570.50000000,3.50000000,163.00000000,83.10000000
2144,Adventure Works Coffee Maker 5C E090 Black,Home Appliances,Adventure Works,5364.00000000,2734.56000000,2629.44000000,36,12,12,0.49020134,447.00000000,3.00000000,149.00000000,75.96000000
2145,Adventure Works Coffee Maker 4C E080 Black,Home Appliances,Adventure Works,3767.10000000,1920.67000000,1846.43000000,29,10,10,0.49014627,376.71000000,2.90000000,129.90000000,66.23000000
2146,Adventure Works Coffee Maker Super-Auto 12C X125 Silver,Home Appliances,Adventure Works,28050.00000000,9293.56000000,18756.44000000,17,5,5,0.66867879,5610.00000000,3.40000000,1650.00000000,546.68000000
2147,Adventure Works Coffee Maker Auto 10C M100 Silver,Home Appliances,Adventure Works,25363.66000000,11663.70000000,13699.96000000,34,10,10,0.54014129,2536.36600000,3.40000000,745.99000000,343.05000000
2148,Adventure Works Coffee Maker 12C M100 Silver,Home Appliances,Adventure Works,18245.00000000,8390.24000000,9854.76000000,41,13,13,0.54013483,1403.46153846,3.15384615,445.00000000,204.64000000
2149,Adventure Works Coffee Maker Auto 5C E090 Silver,Home Appliances,Adventure Works,4401.00000000,2243.70000000,2157.30000000,27,10,10,0.49018405,440.10000000,2.70000000,163.00000000,83.10000000
215,Litware Home Theater System 4.1 Channel M412 Silver,TV and Video,Litware,9104.00000000,4186.56000000,4917.44000000,16,8,8,0.54014060,1138.00000000,2.00000000,569.00000000,261.66000000
2150,Adventure Works Coffee Maker 5C E090 Silver,Home Appliances,Adventure Works,3874.00000000,1974.96000000,1899.04000000,26,9,9,0.49020134,430.44444444,2.88888889,149.00000000,75.96000000
2151,Adventure Works Coffee Maker 4C E080 Silver,Home Appliances,Adventure Works,4286.70000000,2185.59000000,2101.11000000,33,9,9,0.49014627,476.30000000,3.66666667,129.90000000,66.23000000
2152,Adventure Works Coffee Maker Super-Auto 12C X125 White,Home Appliances,Adventure Works,70950.00000000,23507.24000000,47442.76000000,43,12,12,0.66867879,5912.50000000,3.58333333,1650.00000000,546.68000000
2153,Adventure Works Coffee Maker Auto 10C M100 White,Home Appliances,Adventure Works,14919.80000000,6861.00000000,8058.80000000,20,7,7,0.54014129,2131.40000000,2.85714286,745.99000000,343.05000000
2154,Adventure Works Coffee Maker 12C M100 White,Home Appliances,Adventure Works,14685.00000000,6753.12000000,7931.88000000,33,13,13,0.54013483,1129.61538462,2.53846154,445.00000000,204.64000000
2155,Adventure Works Coffee Maker Auto 5C E090 White,Home Appliances,Adventure Works,5705.00000000,2908.50000000,2796.50000000,35,11,11,0.49018405,518.63636364,3.18181818,163.00000000,83.10000000
2156,Adventure Works Coffee Maker 5C E090 White,Home Appliances,Adventure Works,4768.00000000,2430.72000000,2337.28000000,32,10,10,0.49020134,476.80000000,3.20000000,149.00000000,75.96000000
2157,Adventure Works Coffee Maker 4C E080 White,Home Appliances,Adventure Works,1818.60000000,927.22000000,891.38000000,14,5,5,0.49014627,363.72000000,2.80000000,129.90000000,66.23000000
2158,Adventure Works Coffee Maker Super-Auto 12C X125 Grey,Home Appliances,Adventure Works,14850.00000000,4920.12000000,9929.88000000,9,6,6,0.66867879,2475.00000000,1.50000000,1650.00000000,546.68000000
2159,Adventure Works Coffee Maker Auto 10C M100 Grey,Home Appliances,Adventure Works,18649.75000000,8576.25000000,10073.50000000,25,11,11,0.54014129,1695.43181818,2.27272727,745.99000000,343.05000000
216,Litware Home Theater System 4.1 Channel M413 Silver,TV and Video,Litware,3294.00000000,1514.82000000,1779.18000000,6,1,1,0.54012750,3294.00000000,6.00000000,549.00000000,252.47000000
2160,Adventure Works Coffee Maker 12C M100 Grey,Home Appliances,Adventure Works,20025.00000000,9208.80000000,10816.20000000,45,12,12,0.54013483,1668.75000000,3.75000000,445.00000000,204.64000000
2161,Adventure Works Coffee Maker Auto 5C E090 Grey,Home Appliances,Adventure Works,5053.00000000,2576.10000000,2476.90000000,31,9,9,0.49018405,561.44444444,3.44444444,163.00000000,83.10000000
2162,Adventure Works Coffee Maker 5C E090 Grey,Home Appliances,Adventure Works,5960.00000000,3038.40000000,2921.60000000,40,13,13,0.49020134,458.46153846,3.07692308,149.00000000,75.96000000
2163,Adventure Works Coffee Maker 4C E080 Grey,Home Appliances,Adventure Works,4286.70000000,2185.59000000,2101.11000000,33,10,10,0.49014627,428.67000000,3.30000000,129.90000000,66.23000000
2164,Fabrikam Coffee Maker Super-Auto 12C X125 Black,Home Appliances,Fabrikam,29700.00000000,9840.24000000,19859.76000000,18,7,7,0.66867879,4242.85714286,2.57142857,1650.00000000,546.68000000
2165,Fabrikam Coffee Maker Auto 10C M100 Black,Home Appliances,Fabrikam,14919.80000000,6861.00000000,8058.80000000,20,9,9,0.54014129,1657.75555556,2.22222222,745.99000000,343.05000000
2166,Fabrikam Coffee Maker 12C M100 Black,Home Appliances,Fabrikam,15575.00000000,7162.40000000,8412.60000000,35,9,9,0.54013483,1730.55555556,3.88888889,445.00000000,204.64000000
2167,Fabrikam Coffee Maker Auto 5C E090 Black,Home Appliances,Fabrikam,7661.00000000,3905.70000000,3755.30000000,47,10,10,0.49018405,766.10000000,4.70000000,163.00000000,83.10000000
2168,Fabrikam Coffee Maker 5C E090 Black,Home Appliances,Fabrikam,5364.00000000,2734.56000000,2629.44000000,36,13,13,0.49020134,412.61538462,2.76923077,149.00000000,75.96000000
2169,Fabrikam Coffee Maker 4C E080 Black,Home Appliances,Fabrikam,4676.40000000,2384.28000000,2292.12000000,36,9,9,0.49014627,519.60000000,4.00000000,129.90000000,66.23000000
217,Litware Home Theater System 5.1 Channel M512 Silver,TV and Video,Litware,13980.00000000,6428.80000000,7551.20000000,20,4,4,0.54014306,3495.00000000,5.00000000,699.00000000,321.44000000
2170,Fabrikam Coffee Maker Super-Auto 12C X125 Silver,Home Appliances,Fabrikam,66000.00000000,21867.20000000,44132.80000000,40,11,11,0.66867879,6000.00000000,3.63636364,1650.00000000,546.68000000
2171,Fabrikam Coffee Maker Auto 10C M100 Silver,Home Appliances,Fabrikam,14919.80000000,6861.00000000,8058.80000000,20,7,7,0.54014129,2131.40000000,2.85714286,745.99000000,343.05000000
2172,Fabrikam Coffee Maker 12C M100 Silver,Home Appliances,Fabrikam,14685.00000000,6753.12000000,7931.88000000,33,13,13,0.54013483,1129.61538462,2.53846154,445.00000000,204.64000000
2173,Fabrikam Coffee Maker Auto 5C E090 Silver,Home Appliances,Fabrikam,5868.00000000,2991.60000000,2876.40000000,36,11,11,0.49018405,533.45454545,3.27272727,163.00000000,83.10000000
2174,Fabrikam Coffee Maker 5C E090 Silver,Home Appliances,Fabrikam,4917.00000000,2506.68000000,2410.32000000,33,12,12,0.49020134,409.75000000,2.75000000,149.00000000,75.96000000
2175,Fabrikam Coffee Maker 4C E080 Silver,Home Appliances,Fabrikam,3897.00000000,1986.90000000,1910.10000000,30,9,9,0.49014627,433.00000000,3.33333333,129.90000000,66.23000000
2176,Fabrikam Coffee Maker Super-Auto 12C X125 White,Home Appliances,Fabrikam,67650.00000000,22413.88000000,45236.12000000,41,13,13,0.66867879,5203.84615385,3.15384615,1650.00000000,546.68000000
2177,Fabrikam Coffee Maker Auto 10C M100 White,Home Appliances,Fabrikam,17903.76000000,8233.20000000,9670.56000000,24,7,7,0.54014129,2557.68000000,3.42857143,745.99000000,343.05000000
2178,Fabrikam Coffee Maker 12C M100 White,Home Appliances,Fabrikam,14240.00000000,6548.48000000,7691.52000000,32,13,13,0.54013483,1095.38461538,2.46153846,445.00000000,204.64000000
2179,Fabrikam Coffee Maker Auto 5C E090 White,Home Appliances,Fabrikam,2445.00000000,1246.50000000,1198.50000000,15,7,7,0.49018405,349.28571429,2.14285714,163.00000000,83.10000000
218,Litware Home Theater System 5.1 Channel M513 Silver,TV and Video,Litware,10335.00000000,4752.75000000,5582.25000000,15,4,4,0.54013062,2583.75000000,3.75000000,689.00000000,316.85000000
2180,Fabrikam Coffee Maker 5C E090 White,Home Appliances,Fabrikam,8046.00000000,4101.84000000,3944.16000000,54,17,17,0.49020134,473.29411765,3.17647059,149.00000000,75.96000000
2181,Fabrikam Coffee Maker 4C E080 White,Home Appliances,Fabrikam,5325.90000000,2715.43000000,2610.47000000,41,11,11,0.49014627,484.17272727,3.72727273,129.90000000,66.23000000
2182,Fabrikam Coffee Maker Super-Auto 12C X125 Grey,Home Appliances,Fabrikam,36300.00000000,12026.96000000,24273.04000000,22,8,8,0.66867879,4537.50000000,2.75000000,1650.00000000,546.68000000
2183,Fabrikam Coffee Maker Auto 10C M100 Grey,Home Appliances,Fabrikam,20887.72000000,9605.40000000,11282.32000000,28,8,8,0.54014129,2610.96500000,3.50000000,745.99000000,343.05000000
2184,Fabrikam Coffee Maker 12C M100 Grey,Home Appliances,Fabrikam,8900.00000000,4092.80000000,4807.20000000,20,7,7,0.54013483,1271.42857143,2.85714286,445.00000000,204.64000000
2185,Fabrikam Coffee Maker Auto 5C E090 Grey,Home Appliances,Fabrikam,4564.00000000,2326.80000000,2237.20000000,28,8,8,0.49018405,570.50000000,3.50000000,163.00000000,83.10000000
2186,Fabrikam Coffee Maker 5C E090 Grey,Home Appliances,Fabrikam,7599.00000000,3873.96000000,3725.04000000,51,12,12,0.49020134,633.25000000,4.25000000,149.00000000,75.96000000
2187,Fabrikam Coffee Maker 4C E080 Grey,Home Appliances,Fabrikam,2987.70000000,1523.29000000,1464.41000000,23,9,9,0.49014627,331.96666667,2.55555556,129.90000000,66.23000000
2188,Fabrikam Coffee Maker 12C M100 Gold,Home Appliances,Fabrikam,15130.00000000,6957.76000000,8172.24000000,34,11,11,0.54013483,1375.45454545,3.09090909,445.00000000,204.64000000
2189,Fabrikam Coffee Maker Auto 5C E090 Gold,Home Appliances,Fabrikam,3097.00000000,1578.90000000,1518.10000000,19,9,9,0.49018405,344.11111111,2.11111111,163.00000000,83.10000000
219,Litware Home Theater System 7.1 Channel M710 Silver,TV and Video,Litware,21573.00000000,7147.44000000,14425.56000000,27,7,7,0.66868586,3081.85714286,3.85714286,799.00000000,264.72000000
2192,Adventure Works Chandelier M8150 Black,Home Appliances,Adventure Works,268.50000000,123.47000000,145.03000000,1,1,1,0.54014898,268.50000000,1.00000000,268.50000000,123.47000000
2194,Adventure Works Wall Lamp E2150 Black,Home Appliances,Adventure Works,479.96000000,244.68000000,235.28000000,4,2,2,0.49020752,239.98000000,2.00000000,119.99000000,61.17000000
2195,Adventure Works Wall Lamp E3150 Black,Home Appliances,Adventure Works,1019.90000000,520.00000000,499.90000000,10,3,3,0.49014609,339.96666667,3.33333333,101.99000000,52.00000000
2196,Adventure Works Desk Lamp E1300 Black,Home Appliances,Adventure Works,79.95000000,40.76000000,39.19000000,1,1,1,0.49018136,79.95000000,1.00000000,79.95000000,40.76000000
2197,Adventure Works Desk Lamp E1200 Black,Home Appliances,Adventure Works,389.87000000,198.77000000,191.10000000,13,3,3,0.49016339,129.95666667,4.33333333,29.99000000,15.29000000
2198,Adventure Works Floor Lamp X1150 White,Home Appliances,Adventure Works,6995.89000000,2317.92000000,4677.97000000,11,3,3,0.66867404,2331.96333333,3.66666667,635.99000000,210.72000000
2199,Adventure Works Floor Lamp M2150 White,Home Appliances,Adventure Works,1356.00000000,623.56000000,732.44000000,4,2,2,0.54014749,678.00000000,2.00000000,339.00000000,155.89000000
22,Contoso 8GB MP3 Player new model M820 Yellow,Audio,Contoso,7504.00000000,3450.72000000,4053.28000000,56,19,19,0.54014925,394.94736842,2.94736842,134.00000000,61.62000000
220,Litware Home Theater System 7.1 Channel X711 Silver,TV and Video,Litware,19962.00000000,6613.74000000,13348.26000000,18,9,9,0.66868350,2218.00000000,2.00000000,1109.00000000,367.43000000
2200,Adventure Works Chandelier M8150 White,Home Appliances,Adventure Works,537.00000000,246.94000000,290.06000000,2,1,1,0.54014898,537.00000000,2.00000000,268.50000000,123.47000000
2201,Adventure Works Chandelier M6150 White,Home Appliances,Adventure Works,689.97000000,317.28000000,372.69000000,3,1,1,0.54015392,689.97000000,3.00000000,229.99000000,105.76000000
2202,Adventure Works Wall Lamp E2150 White,Home Appliances,Adventure Works,1439.88000000,734.04000000,705.84000000,12,6,6,0.49020752,239.98000000,2.00000000,119.99000000,61.17000000
2203,Adventure Works Wall Lamp E3150 White,Home Appliances,Adventure Works,815.92000000,416.00000000,399.92000000,8,3,3,0.49014609,271.97333333,2.66666667,101.99000000,52.00000000
2204,Adventure Works Desk Lamp E1300 White,Home Appliances,Adventure Works,1119.30000000,570.64000000,548.66000000,14,4,4,0.49018136,279.82500000,3.50000000,79.95000000,40.76000000
2205,Adventure Works Desk Lamp E1200 White,Home Appliances,Adventure Works,479.84000000,244.64000000,235.20000000,16,4,4,0.49016339,119.96000000,4.00000000,29.99000000,15.29000000
2206,Adventure Works Floor Lamp X1150 Silver,Home Appliances,Adventure Works,10175.84000000,3371.52000000,6804.32000000,16,4,4,0.66867404,2543.96000000,4.00000000,635.99000000,210.72000000
2207,Adventure Works Floor Lamp M2150 Silver,Home Appliances,Adventure Works,3729.00000000,1714.79000000,2014.21000000,11,3,3,0.54014749,1243.00000000,3.66666667,339.00000000,155.89000000
2208,Adventure Works Chandelier M8150 Silver,Home Appliances,Adventure Works,268.50000000,123.47000000,145.03000000,1,1,1,0.54014898,268.50000000,1.00000000,268.50000000,123.47000000
2209,Adventure Works Chandelier M6150 Silver,Home Appliances,Adventure Works,1839.92000000,846.08000000,993.84000000,8,1,1,0.54015392,1839.92000000,8.00000000,229.99000000,105.76000000
221,Litware Home Theater System 5.1 Channel M514 Silver,TV and Video,Litware,1797.00000000,826.38000000,970.62000000,3,2,2,0.54013356,898.50000000,1.50000000,599.00000000,275.46000000
2210,Adventure Works Wall Lamp E2150 Silver,Home Appliances,Adventure Works,3119.74000000,1590.42000000,1529.32000000,26,6,6,0.49020752,519.95666667,4.33333333,119.99000000,61.17000000
2213,Adventure Works Desk Lamp E1200 Silver,Home Appliances,Adventure Works,299.90000000,152.90000000,147.00000000,10,2,2,0.49016339,149.95000000,5.00000000,29.99000000,15.29000000
2215,Adventure Works Floor Lamp M2150 Grey,Home Appliances,Adventure Works,3390.00000000,1558.90000000,1831.10000000,10,3,3,0.54014749,1130.00000000,3.33333333,339.00000000,155.89000000
2216,Adventure Works Chandelier M8150 Grey,Home Appliances,Adventure Works,3759.00000000,1728.58000000,2030.42000000,14,4,4,0.54014898,939.75000000,3.50000000,268.50000000,123.47000000
2217,Adventure Works Chandelier M6150 Grey,Home Appliances,Adventure Works,919.96000000,423.04000000,496.92000000,4,1,1,0.54015392,919.96000000,4.00000000,229.99000000,105.76000000
2218,Adventure Works Wall Lamp E2150 Grey,Home Appliances,Adventure Works,839.93000000,428.19000000,411.74000000,7,4,4,0.49020752,209.98250000,1.75000000,119.99000000,61.17000000
222,Litware Home Theater System 5.1 Channel M515 Silver,TV and Video,Litware,10811.00000000,4971.54000000,5839.46000000,19,5,5,0.54014060,2162.20000000,3.80000000,569.00000000,261.66000000
2221,Adventure Works Desk Lamp E1200 Grey,Home Appliances,Adventure Works,209.93000000,107.03000000,102.90000000,7,2,2,0.49016339,104.96500000,3.50000000,29.99000000,15.29000000
2222,Adventure Works Floor Lamp X1150 Blue,Home Appliances,Adventure Works,1271.98000000,421.44000000,850.54000000,2,1,1,0.66867404,1271.98000000,2.00000000,635.99000000,210.72000000
2223,Adventure Works Floor Lamp M2150 Blue,Home Appliances,Adventure Works,7797.00000000,3585.47000000,4211.53000000,23,5,5,0.54014749,1559.40000000,4.60000000,339.00000000,155.89000000
2224,Adventure Works Chandelier M8150 Blue,Home Appliances,Adventure Works,2953.50000000,1358.17000000,1595.33000000,11,3,3,0.54014898,984.50000000,3.66666667,268.50000000,123.47000000
2225,Adventure Works Chandelier M6150 Blue,Home Appliances,Adventure Works,3219.86000000,1480.64000000,1739.22000000,14,4,4,0.54015392,804.96500000,3.50000000,229.99000000,105.76000000
2226,Adventure Works Wall Lamp E2150 Blue,Home Appliances,Adventure Works,1199.90000000,611.70000000,588.20000000,10,2,2,0.49020752,599.95000000,5.00000000,119.99000000,61.17000000
2227,Adventure Works Wall Lamp E3150 Blue,Home Appliances,Adventure Works,713.93000000,364.00000000,349.93000000,7,4,4,0.49014609,178.48250000,1.75000000,101.99000000,52.00000000
2228,Adventure Works Desk Lamp E1300 Blue,Home Appliances,Adventure Works,1199.25000000,611.40000000,587.85000000,15,5,5,0.49018136,239.85000000,3.00000000,79.95000000,40.76000000
223,Litware Home Theater System 5.1 Channel M516 Silver,TV and Video,Litware,11001.00000000,5058.94000000,5942.06000000,19,5,5,0.54013817,2200.20000000,3.80000000,579.00000000,266.26000000
2231,WWI Floor Lamp M215 Black,Home Appliances,Wide World Importers,6102.00000000,2806.02000000,3295.98000000,18,6,6,0.54014749,1017.00000000,3.00000000,339.00000000,155.89000000
2232,WWI Chandelier M815 Black,Home Appliances,Wide World Importers,537.00000000,246.94000000,290.06000000,2,1,1,0.54014898,537.00000000,2.00000000,268.50000000,123.47000000
2233,WWI Chandelier M615 Black,Home Appliances,Wide World Importers,459.98000000,211.52000000,248.46000000,2,1,1,0.54015392,459.98000000,2.00000000,229.99000000,105.76000000
2235,WWI Wall Lamp E315 Black,Home Appliances,Wide World Importers,407.96000000,208.00000000,199.96000000,4,2,2,0.49014609,203.98000000,2.00000000,101.99000000,52.00000000
2236,WWI Desk Lamp E130 Black,Home Appliances,Wide World Importers,639.60000000,326.08000000,313.52000000,8,3,3,0.49018136,213.20000000,2.66666667,79.95000000,40.76000000
2237,WWI Desk Lamp E120 Black,Home Appliances,Wide World Importers,89.97000000,45.87000000,44.10000000,3,3,3,0.49016339,29.99000000,1.00000000,29.99000000,15.29000000
2238,WWI Floor Lamp X115 White,Home Appliances,Wide World Importers,4451.93000000,1475.04000000,2976.89000000,7,3,3,0.66867404,1483.97666667,2.33333333,635.99000000,210.72000000
2239,WWI Floor Lamp M215 White,Home Appliances,Wide World Importers,2034.00000000,935.34000000,1098.66000000,6,3,3,0.54014749,678.00000000,2.00000000,339.00000000,155.89000000
224,Litware Home Theater System 4.1 Channel M410 Brown,TV and Video,Litware,2396.00000000,1101.84000000,1294.16000000,4,3,3,0.54013356,798.66666667,1.33333333,599.00000000,275.46000000
2240,WWI Chandelier M815 White,Home Appliances,Wide World Importers,2685.00000000,1234.70000000,1450.30000000,10,3,3,0.54014898,895.00000000,3.33333333,268.50000000,123.47000000
2241,WWI Chandelier M615 White,Home Appliances,Wide World Importers,459.98000000,211.52000000,248.46000000,2,2,2,0.54015392,229.99000000,1.00000000,229.99000000,105.76000000
2242,WWI Wall Lamp E215 White,Home Appliances,Wide World Importers,599.95000000,305.85000000,294.10000000,5,1,1,0.49020752,599.95000000,5.00000000,119.99000000,61.17000000
2243,WWI Wall Lamp E315 White,Home Appliances,Wide World Importers,101.99000000,52.00000000,49.99000000,1,1,1,0.49014609,101.99000000,1.00000000,101.99000000,52.00000000
2244,WWI Desk Lamp E130 White,Home Appliances,Wide World Importers,959.40000000,489.12000000,470.28000000,12,2,2,0.49018136,479.70000000,6.00000000,79.95000000,40.76000000
2245,WWI Desk Lamp E120 White,Home Appliances,Wide World Importers,569.81000000,290.51000000,279.30000000,19,4,4,0.49016339,142.45250000,4.75000000,29.99000000,15.29000000
2246,WWI Floor Lamp X115 Silver,Home Appliances,Wide World Importers,9539.85000000,3160.80000000,6379.05000000,15,4,4,0.66867404,2384.96250000,3.75000000,635.99000000,210.72000000
2247,WWI Floor Lamp M215 Silver,Home Appliances,Wide World Importers,5763.00000000,2650.13000000,3112.87000000,17,5,5,0.54014749,1152.60000000,3.40000000,339.00000000,155.89000000
2248,WWI Chandelier M815 Silver,Home Appliances,Wide World Importers,1611.00000000,740.82000000,870.18000000,6,2,2,0.54014898,805.50000000,3.00000000,268.50000000,123.47000000
2249,WWI Chandelier M615 Silver,Home Appliances,Wide World Importers,2299.90000000,1057.60000000,1242.30000000,10,2,2,0.54015392,1149.95000000,5.00000000,229.99000000,105.76000000
225,Litware Home Theater System 5.1 Channel M511 Brown,TV and Video,Litware,23067.00000000,10607.52000000,12459.48000000,33,7,7,0.54014306,3295.28571429,4.71428571,699.00000000,321.44000000
2250,WWI Wall Lamp E215 Silver,Home Appliances,Wide World Importers,959.92000000,489.36000000,470.56000000,8,3,3,0.49020752,319.97333333,2.66666667,119.99000000,61.17000000
2252,WWI Desk Lamp E130 Silver,Home Appliances,Wide World Importers,479.70000000,244.56000000,235.14000000,6,2,2,0.49018136,239.85000000,3.00000000,79.95000000,40.76000000
2253,WWI Desk Lamp E120 Silver,Home Appliances,Wide World Importers,89.97000000,45.87000000,44.10000000,3,1,1,0.49016339,89.97000000,3.00000000,29.99000000,15.29000000
2254,WWI Floor Lamp X115 Grey,Home Appliances,Wide World Importers,5723.91000000,1896.48000000,3827.43000000,9,5,5,0.66867404,1144.78200000,1.80000000,635.99000000,210.72000000
2255,WWI Floor Lamp M215 Grey,Home Appliances,Wide World Importers,339.00000000,155.89000000,183.11000000,1,1,1,0.54014749,339.00000000,1.00000000,339.00000000,155.89000000
2256,WWI Chandelier M815 Grey,Home Appliances,Wide World Importers,1611.00000000,740.82000000,870.18000000,6,3,3,0.54014898,537.00000000,2.00000000,268.50000000,123.47000000
2257,WWI Chandelier M615 Grey,Home Appliances,Wide World Importers,1149.95000000,528.80000000,621.15000000,5,3,3,0.54015392,383.31666667,1.66666667,229.99000000,105.76000000
2258,WWI Wall Lamp E215 Grey,Home Appliances,Wide World Importers,959.92000000,489.36000000,470.56000000,8,4,4,0.49020752,239.98000000,2.00000000,119.99000000,61.17000000
2259,WWI Wall Lamp E315 Grey,Home Appliances,Wide World Importers,407.96000000,208.00000000,199.96000000,4,1,1,0.49014609,407.96000000,4.00000000,101.99000000,52.00000000
226,Litware Home Theater System 2.1 Channel E210 Brown,TV and Video,Litware,3887.00000000,1981.72000000,1905.28000000,13,4,4,0.49016722,971.75000000,3.25000000,299.00000000,152.44000000
2260,WWI Desk Lamp E130 Grey,Home Appliances,Wide World Importers,399.75000000,203.80000000,195.95000000,5,2,2,0.49018136,199.87500000,2.50000000,79.95000000,40.76000000
2261,WWI Desk Lamp E120 Grey,Home Appliances,Wide World Importers,269.91000000,137.61000000,132.30000000,9,2,2,0.49016339,134.95500000,4.50000000,29.99000000,15.29000000
2262,WWI Floor Lamp X115 Blue,Home Appliances,Wide World Importers,635.99000000,210.72000000,425.27000000,1,1,1,0.66867404,635.99000000,1.00000000,635.99000000,210.72000000
2263,WWI Floor Lamp M215 Blue,Home Appliances,Wide World Importers,4407.00000000,2026.57000000,2380.43000000,13,3,3,0.54014749,1469.00000000,4.33333333,339.00000000,155.89000000
2264,WWI Chandelier M815 Blue,Home Appliances,Wide World Importers,3222.00000000,1481.64000000,1740.36000000,12,5,5,0.54014898,644.40000000,2.40000000,268.50000000,123.47000000
2265,WWI Chandelier M615 Blue,Home Appliances,Wide World Importers,3909.83000000,1797.92000000,2111.91000000,17,5,5,0.54015392,781.96600000,3.40000000,229.99000000,105.76000000
2266,WWI Wall Lamp E215 Blue,Home Appliances,Wide World Importers,1799.85000000,917.55000000,882.30000000,15,5,5,0.49020752,359.97000000,3.00000000,119.99000000,61.17000000
2267,WWI Wall Lamp E315 Blue,Home Appliances,Wide World Importers,1733.83000000,884.00000000,849.83000000,17,5,5,0.49014609,346.76600000,3.40000000,101.99000000,52.00000000
2268,WWI Desk Lamp E130 Blue,Home Appliances,Wide World Importers,1039.35000000,529.88000000,509.47000000,13,4,4,0.49018136,259.83750000,3.25000000,79.95000000,40.76000000
2269,WWI Desk Lamp E120 Blue,Home Appliances,Wide World Importers,149.95000000,76.45000000,73.50000000,5,2,2,0.49016339,74.97500000,2.50000000,29.99000000,15.29000000
227,Litware Home Theater System 5.1 Channel M510 Brown,TV and Video,Litware,7029.00000000,3232.35000000,3796.65000000,11,6,6,0.54014085,1171.50000000,1.83333333,639.00000000,293.85000000
2270,Proseware Floor Lamp X0115 Black,Home Appliances,Proseware,7631.88000000,2528.64000000,5103.24000000,12,4,4,0.66867404,1907.97000000,3.00000000,635.99000000,210.72000000
2271,Proseware Floor Lamp M0215 Black,Home Appliances,Proseware,6102.00000000,2806.02000000,3295.98000000,18,4,4,0.54014749,1525.50000000,4.50000000,339.00000000,155.89000000
2272,Proseware Chandelier M0815 Black,Home Appliances,Proseware,268.50000000,123.47000000,145.03000000,1,1,1,0.54014898,268.50000000,1.00000000,268.50000000,123.47000000
2273,Proseware Chandelier M0615 Black,Home Appliances,Proseware,2069.91000000,951.84000000,1118.07000000,9,3,3,0.54015392,689.97000000,3.00000000,229.99000000,105.76000000
2275,Proseware Wall Lamp E0315 Black,Home Appliances,Proseware,1121.89000000,572.00000000,549.89000000,11,3,3,0.49014609,373.96333333,3.66666667,101.99000000,52.00000000
2276,Proseware Desk Lamp E0130 Black,Home Appliances,Proseware,399.75000000,203.80000000,195.95000000,5,1,1,0.49018136,399.75000000,5.00000000,79.95000000,40.76000000
2278,Proseware Floor Lamp X0115 White,Home Appliances,Proseware,6359.90000000,2107.20000000,4252.70000000,10,3,3,0.66867404,2119.96666667,3.33333333,635.99000000,210.72000000
2279,Proseware Floor Lamp M0215 White,Home Appliances,Proseware,3729.00000000,1714.79000000,2014.21000000,11,4,4,0.54014749,932.25000000,2.75000000,339.00000000,155.89000000
228,Litware Home Theater System 2.1 Channel E211 Brown,TV and Video,Litware,809.70000000,412.80000000,396.90000000,3,2,2,0.49018155,404.85000000,1.50000000,269.90000000,137.60000000
2281,Proseware Chandelier M0615 White,Home Appliances,Proseware,3449.85000000,1586.40000000,1863.45000000,15,3,3,0.54015392,1149.95000000,5.00000000,229.99000000,105.76000000
2283,Proseware Wall Lamp E0315 White,Home Appliances,Proseware,1937.81000000,988.00000000,949.81000000,19,5,5,0.49014609,387.56200000,3.80000000,101.99000000,52.00000000
2284,Proseware Desk Lamp E0130 White,Home Appliances,Proseware,639.60000000,326.08000000,313.52000000,8,3,3,0.49018136,213.20000000,2.66666667,79.95000000,40.76000000
2285,Proseware Desk Lamp E0120 White,Home Appliances,Proseware,569.81000000,290.51000000,279.30000000,19,3,3,0.49016339,189.93666667,6.33333333,29.99000000,15.29000000
2286,Proseware Floor Lamp X0115 Silver,Home Appliances,Proseware,6359.90000000,2107.20000000,4252.70000000,10,3,3,0.66867404,2119.96666667,3.33333333,635.99000000,210.72000000
2287,Proseware Floor Lamp M0215 Silver,Home Appliances,Proseware,5085.00000000,2338.35000000,2746.65000000,15,5,5,0.54014749,1017.00000000,3.00000000,339.00000000,155.89000000
2288,Proseware Chandelier M0815 Silver,Home Appliances,Proseware,2416.50000000,1111.23000000,1305.27000000,9,2,2,0.54014898,1208.25000000,4.50000000,268.50000000,123.47000000
2289,Proseware Chandelier M0615 Silver,Home Appliances,Proseware,459.98000000,211.52000000,248.46000000,2,1,1,0.54015392,459.98000000,2.00000000,229.99000000,105.76000000
229,Litware Home Theater System 2.1 Channel E212 Brown,TV and Video,Litware,2099.30000000,1070.30000000,1029.00000000,7,3,3,0.49016339,699.76666667,2.33333333,299.90000000,152.90000000
2290,Proseware Wall Lamp E0215 Silver,Home Appliances,Proseware,719.94000000,367.02000000,352.92000000,6,2,2,0.49020752,359.97000000,3.00000000,119.99000000,61.17000000
2291,Proseware Wall Lamp E0315 Silver,Home Appliances,Proseware,713.93000000,364.00000000,349.93000000,7,1,1,0.49014609,713.93000000,7.00000000,101.99000000,52.00000000
2292,Proseware Desk Lamp E0130 Silver,Home Appliances,Proseware,1039.35000000,529.88000000,509.47000000,13,3,3,0.49018136,346.45000000,4.33333333,79.95000000,40.76000000
2293,Proseware Desk Lamp E0120 Silver,Home Appliances,Proseware,149.95000000,76.45000000,73.50000000,5,2,2,0.49016339,74.97500000,2.50000000,29.99000000,15.29000000
2294,Proseware Floor Lamp X0115 Grey,Home Appliances,Proseware,1907.97000000,632.16000000,1275.81000000,3,2,2,0.66867404,953.98500000,1.50000000,635.99000000,210.72000000
2296,Proseware Chandelier M0815 Grey,Home Appliances,Proseware,2416.50000000,1111.23000000,1305.27000000,9,2,2,0.54014898,1208.25000000,4.50000000,268.50000000,123.47000000
2297,Proseware Chandelier M0615 Grey,Home Appliances,Proseware,689.97000000,317.28000000,372.69000000,3,1,1,0.54015392,689.97000000,3.00000000,229.99000000,105.76000000
2298,Proseware Wall Lamp E0215 Grey,Home Appliances,Proseware,719.94000000,367.02000000,352.92000000,6,3,3,0.49020752,239.98000000,2.00000000,119.99000000,61.17000000
2299,Proseware Wall Lamp E0315 Grey,Home Appliances,Proseware,815.92000000,416.00000000,399.92000000,8,3,3,0.49014609,271.97333333,2.66666667,101.99000000,52.00000000
23,Contoso 8GB MP3 Player new model M820 White,Audio,Contoso,9782.00000000,4498.26000000,5283.74000000,73,29,29,0.54014925,337.31034483,2.51724138,134.00000000,61.62000000
230,Litware Home Theater System 4.1 Channel M411 Brown,TV and Video,Litware,5391.00000000,2479.14000000,2911.86000000,9,4,4,0.54013356,1347.75000000,2.25000000,599.00000000,275.46000000
2300,Proseware Desk Lamp E0130 Grey,Home Appliances,Proseware,239.85000000,122.28000000,117.57000000,3,2,2,0.49018136,119.92500000,1.50000000,79.95000000,40.76000000
2301,Proseware Desk Lamp E0120 Grey,Home Appliances,Proseware,239.92000000,122.32000000,117.60000000,8,2,2,0.49016339,119.96000000,4.00000000,29.99000000,15.29000000
2302,Proseware Floor Lamp X0115 Blue,Home Appliances,Proseware,635.99000000,210.72000000,425.27000000,1,1,1,0.66867404,635.99000000,1.00000000,635.99000000,210.72000000
2303,Proseware Floor Lamp M0215 Blue,Home Appliances,Proseware,6780.00000000,3117.80000000,3662.20000000,20,6,6,0.54014749,1130.00000000,3.33333333,339.00000000,155.89000000
2304,Proseware Chandelier M0815 Blue,Home Appliances,Proseware,6444.00000000,2963.28000000,3480.72000000,24,5,5,0.54014898,1288.80000000,4.80000000,268.50000000,123.47000000
2305,Proseware Chandelier M0615 Blue,Home Appliances,Proseware,3219.86000000,1480.64000000,1739.22000000,14,5,5,0.54015392,643.97200000,2.80000000,229.99000000,105.76000000
2306,Proseware Wall Lamp E0215 Blue,Home Appliances,Proseware,119.99000000,61.17000000,58.82000000,1,1,1,0.49020752,119.99000000,1.00000000,119.99000000,61.17000000
2307,Proseware Wall Lamp E0315 Blue,Home Appliances,Proseware,1019.90000000,520.00000000,499.90000000,10,4,4,0.49014609,254.97500000,2.50000000,101.99000000,52.00000000
2308,Proseware Desk Lamp E0130 Blue,Home Appliances,Proseware,159.90000000,81.52000000,78.38000000,2,1,1,0.49018136,159.90000000,2.00000000,79.95000000,40.76000000
2309,Proseware Desk Lamp E0120 Blue,Home Appliances,Proseware,59.98000000,30.58000000,29.40000000,2,1,1,0.49016339,59.98000000,2.00000000,29.99000000,15.29000000
231,Litware Home Theater System 4.1 Channel M412 Brown,TV and Video,Litware,10242.00000000,4709.88000000,5532.12000000,18,6,6,0.54014060,1707.00000000,3.00000000,569.00000000,261.66000000
2310,Litware Floor Lamp X1015 Black,Home Appliances,Litware,1907.97000000,632.16000000,1275.81000000,3,2,2,0.66867404,953.98500000,1.50000000,635.99000000,210.72000000
2311,Litware Floor Lamp M2015 Black,Home Appliances,Litware,3051.00000000,1403.01000000,1647.99000000,9,1,1,0.54014749,3051.00000000,9.00000000,339.00000000,155.89000000
2312,Litware Chandelier M8015 Black,Home Appliances,Litware,2953.50000000,1358.17000000,1595.33000000,11,4,4,0.54014898,738.37500000,2.75000000,268.50000000,123.47000000
2313,Litware Chandelier M6015 Black,Home Appliances,Litware,1839.92000000,846.08000000,993.84000000,8,3,3,0.54015392,613.30666667,2.66666667,229.99000000,105.76000000
2314,Litware Wall Lamp E2015 Black,Home Appliances,Litware,1079.91000000,550.53000000,529.38000000,9,4,4,0.49020752,269.97750000,2.25000000,119.99000000,61.17000000
2315,Litware Wall Lamp E3015 Black,Home Appliances,Litware,407.96000000,208.00000000,199.96000000,4,2,2,0.49014609,203.98000000,2.00000000,101.99000000,52.00000000
2316,Litware Desk Lamp E1030 Black,Home Appliances,Litware,639.60000000,326.08000000,313.52000000,8,2,2,0.49018136,319.80000000,4.00000000,79.95000000,40.76000000
2317,Litware Desk Lamp E1020 Black,Home Appliances,Litware,209.93000000,107.03000000,102.90000000,7,3,3,0.49016339,69.97666667,2.33333333,29.99000000,15.29000000
2318,Litware Floor Lamp X1015 White,Home Appliances,Litware,3179.95000000,1053.60000000,2126.35000000,5,2,2,0.66867404,1589.97500000,2.50000000,635.99000000,210.72000000
2319,Litware Floor Lamp M2015 White,Home Appliances,Litware,2034.00000000,935.34000000,1098.66000000,6,1,1,0.54014749,2034.00000000,6.00000000,339.00000000,155.89000000
232,Litware Home Theater System 4.1 Channel M413 Brown,TV and Video,Litware,6039.00000000,2777.17000000,3261.83000000,11,3,3,0.54012750,2013.00000000,3.66666667,549.00000000,252.47000000
2321,Litware Chandelier M6015 White,Home Appliances,Litware,689.97000000,317.28000000,372.69000000,3,1,1,0.54015392,689.97000000,3.00000000,229.99000000,105.76000000
2322,Litware Wall Lamp E2015 White,Home Appliances,Litware,2399.80000000,1223.40000000,1176.40000000,20,6,6,0.49020752,399.96666667,3.33333333,119.99000000,61.17000000
2323,Litware Wall Lamp E3015 White,Home Appliances,Litware,407.96000000,208.00000000,199.96000000,4,1,1,0.49014609,407.96000000,4.00000000,101.99000000,52.00000000
2324,Litware Desk Lamp E1030 White,Home Appliances,Litware,319.80000000,163.04000000,156.76000000,4,2,2,0.49018136,159.90000000,2.00000000,79.95000000,40.76000000
2325,Litware Desk Lamp E1020 White,Home Appliances,Litware,89.97000000,45.87000000,44.10000000,3,2,2,0.49016339,44.98500000,1.50000000,29.99000000,15.29000000
2326,Litware Floor Lamp X1015 Silver,Home Appliances,Litware,4451.93000000,1475.04000000,2976.89000000,7,1,1,0.66867404,4451.93000000,7.00000000,635.99000000,210.72000000
2327,Litware Floor Lamp M2015 Silver,Home Appliances,Litware,2373.00000000,1091.23000000,1281.77000000,7,5,5,0.54014749,474.60000000,1.40000000,339.00000000,155.89000000
2329,Litware Chandelier M6015 Silver,Home Appliances,Litware,2069.91000000,951.84000000,1118.07000000,9,4,4,0.54015392,517.47750000,2.25000000,229.99000000,105.76000000
233,Litware Home Theater System 5.1 Channel M512 Brown,TV and Video,Litware,9786.00000000,4500.16000000,5285.84000000,14,5,5,0.54014306,1957.20000000,2.80000000,699.00000000,321.44000000
2331,Litware Wall Lamp E3015 Silver,Home Appliances,Litware,203.98000000,104.00000000,99.98000000,2,1,1,0.49014609,203.98000000,2.00000000,101.99000000,52.00000000
2334,Litware Floor Lamp X1015 Grey,Home Appliances,Litware,4451.93000000,1475.04000000,2976.89000000,7,2,2,0.66867404,2225.96500000,3.50000000,635.99000000,210.72000000
2335,Litware Floor Lamp M2015 Grey,Home Appliances,Litware,2712.00000000,1247.12000000,1464.88000000,8,2,2,0.54014749,1356.00000000,4.00000000,339.00000000,155.89000000
2336,Litware Chandelier M8015 Grey,Home Appliances,Litware,805.50000000,370.41000000,435.09000000,3,2,2,0.54014898,402.75000000,1.50000000,268.50000000,123.47000000
2337,Litware Chandelier M6015 Grey,Home Appliances,Litware,3449.85000000,1586.40000000,1863.45000000,15,4,4,0.54015392,862.46250000,3.75000000,229.99000000,105.76000000
2338,Litware Wall Lamp E2015 Grey,Home Appliances,Litware,239.98000000,122.34000000,117.64000000,2,2,2,0.49020752,119.99000000,1.00000000,119.99000000,61.17000000
2339,Litware Wall Lamp E3015 Grey,Home Appliances,Litware,407.96000000,208.00000000,199.96000000,4,2,2,0.49014609,203.98000000,2.00000000,101.99000000,52.00000000
234,Litware Home Theater System 5.1 Channel M513 Brown,TV and Video,Litware,2756.00000000,1267.40000000,1488.60000000,4,3,3,0.54013062,918.66666667,1.33333333,689.00000000,316.85000000
2340,Litware Desk Lamp E1030 Grey,Home Appliances,Litware,959.40000000,489.12000000,470.28000000,12,3,3,0.49018136,319.80000000,4.00000000,79.95000000,40.76000000
2341,Litware Desk Lamp E1020 Grey,Home Appliances,Litware,419.86000000,214.06000000,205.80000000,14,3,3,0.49016339,139.95333333,4.66666667,29.99000000,15.29000000
2342,Litware Floor Lamp X1015 Blue,Home Appliances,Litware,15899.75000000,5268.00000000,10631.75000000,25,5,5,0.66867404,3179.95000000,5.00000000,635.99000000,210.72000000
2344,Litware Chandelier M8015 Blue,Home Appliances,Litware,1879.50000000,864.29000000,1015.21000000,7,2,2,0.54014898,939.75000000,3.50000000,268.50000000,123.47000000
2345,Litware Chandelier M6015 Blue,Home Appliances,Litware,2529.89000000,1163.36000000,1366.53000000,11,5,5,0.54015392,505.97800000,2.20000000,229.99000000,105.76000000
2346,Litware Wall Lamp E2015 Blue,Home Appliances,Litware,719.94000000,367.02000000,352.92000000,6,1,1,0.49020752,719.94000000,6.00000000,119.99000000,61.17000000
2347,Litware Wall Lamp E3015 Blue,Home Appliances,Litware,305.97000000,156.00000000,149.97000000,3,1,1,0.49014609,305.97000000,3.00000000,101.99000000,52.00000000
2348,Contoso Air conditioner 25000BTU L1672 White,Home Appliances,Contoso,10811.83000000,3582.24000000,7229.59000000,17,8,8,0.66867404,1351.47875000,2.12500000,635.99000000,210.72000000
2349,Contoso Air conditioner 12000BTU M0640 White,Home Appliances,Contoso,4599.90000000,2115.30000000,2484.60000000,10,5,5,0.54014218,919.98000000,2.00000000,459.99000000,211.53000000
235,Litware Home Theater System 7.1 Channel M710 Brown,TV and Video,Litware,1598.00000000,529.44000000,1068.56000000,2,2,2,0.66868586,799.00000000,1.00000000,799.00000000,264.72000000
2350,Contoso Air conditioner 10000BTU M0490 White,Home Appliances,Contoso,14619.66000000,6723.16000000,7896.50000000,34,10,10,0.54012884,1461.96600000,3.40000000,429.99000000,197.74000000
2351,Contoso Air conditioner 8000BTU M0320 White,Home Appliances,Contoso,3999.90000000,1839.40000000,2160.50000000,10,4,4,0.54013850,999.97500000,2.50000000,399.99000000,183.94000000
2352,Contoso Air conditioner 7000BTU E0260 White,Home Appliances,Contoso,3599.88000000,1835.28000000,1764.60000000,12,5,5,0.49018301,719.97600000,2.40000000,299.99000000,152.94000000
2353,Contoso Air conditioner 6000BTU E0180 White,Home Appliances,Contoso,2199.89000000,1121.56000000,1078.33000000,11,3,3,0.49017451,733.29666667,3.66666667,199.99000000,101.96000000
2354,Contoso Air conditioner 5200BTU E0100 White,Home Appliances,Contoso,1429.87000000,729.04000000,700.83000000,13,4,4,0.49013547,357.46750000,3.25000000,109.99000000,56.08000000
2355,Contoso Air conditioner 25000BTU L1672 Red,Home Appliances,Contoso,8267.87000000,2739.36000000,5528.51000000,13,6,6,0.66867404,1377.97833333,2.16666667,635.99000000,210.72000000
2356,Contoso Air conditioner 12000BTU M0640 Red,Home Appliances,Contoso,5979.87000000,2749.89000000,3229.98000000,13,5,5,0.54014218,1195.97400000,2.60000000,459.99000000,211.53000000
2357,Contoso Air conditioner 10000BTU M0490 Red,Home Appliances,Contoso,6879.84000000,3163.84000000,3716.00000000,16,6,6,0.54012884,1146.64000000,2.66666667,429.99000000,197.74000000
2358,Contoso Air conditioner 8000BTU M0320 Red,Home Appliances,Contoso,6399.84000000,2943.04000000,3456.80000000,16,5,5,0.54013850,1279.96800000,3.20000000,399.99000000,183.94000000
2359,Contoso Air conditioner 7000BTU E0260 Red,Home Appliances,Contoso,3899.87000000,1988.22000000,1911.65000000,13,5,5,0.49018301,779.97400000,2.60000000,299.99000000,152.94000000
236,Litware Home Theater System 7.1 Channel X711 Brown,TV and Video,Litware,16635.00000000,5511.45000000,11123.55000000,15,5,5,0.66868350,3327.00000000,3.00000000,1109.00000000,367.43000000
2360,Contoso Air conditioner 6000BTU E0180 Red,Home Appliances,Contoso,3999.80000000,2039.20000000,1960.60000000,20,5,5,0.49017451,799.96000000,4.00000000,199.99000000,101.96000000
2361,Contoso Air conditioner 5200BTU E0100 Red,Home Appliances,Contoso,1759.84000000,897.28000000,862.56000000,16,4,4,0.49013547,439.96000000,4.00000000,109.99000000,56.08000000
2362,Contoso Air conditioner 25000BTU L1672 Silver,Home Appliances,Contoso,6995.89000000,2317.92000000,4677.97000000,11,3,3,0.66867404,2331.96333333,3.66666667,635.99000000,210.72000000
2363,Contoso Air conditioner 12000BTU M0640 Silver,Home Appliances,Contoso,2759.94000000,1269.18000000,1490.76000000,6,3,3,0.54014218,919.98000000,2.00000000,459.99000000,211.53000000
2364,Contoso Air conditioner 10000BTU M0490 Silver,Home Appliances,Contoso,6449.85000000,2966.10000000,3483.75000000,15,8,8,0.54012884,806.23125000,1.87500000,429.99000000,197.74000000
2365,Contoso Air conditioner 8000BTU M0320 Silver,Home Appliances,Contoso,2799.93000000,1287.58000000,1512.35000000,7,4,4,0.54013850,699.98250000,1.75000000,399.99000000,183.94000000
2366,Contoso Air conditioner 7000BTU E0260 Silver,Home Appliances,Contoso,5699.81000000,2905.86000000,2793.95000000,19,5,5,0.49018301,1139.96200000,3.80000000,299.99000000,152.94000000
2367,Contoso Air conditioner 6000BTU E0180 Silver,Home Appliances,Contoso,1799.91000000,917.64000000,882.27000000,9,5,5,0.49017451,359.98200000,1.80000000,199.99000000,101.96000000
2368,Contoso Air conditioner 5200BTU E0100 Silver,Home Appliances,Contoso,2639.76000000,1345.92000000,1293.84000000,24,7,7,0.49013547,377.10857143,3.42857143,109.99000000,56.08000000
2369,Contoso Air conditioner 25000BTU L1672 Grey,Home Appliances,Contoso,12083.81000000,4003.68000000,8080.13000000,19,8,8,0.66867404,1510.47625000,2.37500000,635.99000000,210.72000000
237,Litware Home Theater System 5.1 Channel M514 Brown,TV and Video,Litware,10782.00000000,4958.28000000,5823.72000000,18,6,6,0.54013356,1797.00000000,3.00000000,599.00000000,275.46000000
2370,Contoso Air conditioner 12000BTU M0640 Grey,Home Appliances,Contoso,12879.72000000,5922.84000000,6956.88000000,28,8,8,0.54014218,1609.96500000,3.50000000,459.99000000,211.53000000
2371,Contoso Air conditioner 10000BTU M0490 Grey,Home Appliances,Contoso,6879.84000000,3163.84000000,3716.00000000,16,7,7,0.54012884,982.83428571,2.28571429,429.99000000,197.74000000
2372,Contoso Air conditioner 8000BTU M0320 Grey,Home Appliances,Contoso,6799.83000000,3126.98000000,3672.85000000,17,7,7,0.54013850,971.40428571,2.42857143,399.99000000,183.94000000
2373,Contoso Air conditioner 7000BTU E0260 Grey,Home Appliances,Contoso,5699.81000000,2905.86000000,2793.95000000,19,3,3,0.49018301,1899.93666667,6.33333333,299.99000000,152.94000000
2374,Contoso Air conditioner 6000BTU E0180 Grey,Home Appliances,Contoso,599.97000000,305.88000000,294.09000000,3,2,2,0.49017451,299.98500000,1.50000000,199.99000000,101.96000000
2375,Contoso Air conditioner 5200BTU E0100 Grey,Home Appliances,Contoso,1649.85000000,841.20000000,808.65000000,15,6,6,0.49013547,274.97500000,2.50000000,109.99000000,56.08000000
2376,Contoso Air conditioner 25000BTU L1672 Blue,Home Appliances,Contoso,1271.98000000,421.44000000,850.54000000,2,2,2,0.66867404,635.99000000,1.00000000,635.99000000,210.72000000
2377,Contoso Air conditioner 12000BTU M0640 Blue,Home Appliances,Contoso,5979.87000000,2749.89000000,3229.98000000,13,5,5,0.54014218,1195.97400000,2.60000000,459.99000000,211.53000000
2378,Contoso Air conditioner 10000BTU M0490 Blue,Home Appliances,Contoso,3439.92000000,1581.92000000,1858.00000000,8,5,5,0.54012884,687.98400000,1.60000000,429.99000000,197.74000000
2379,Contoso Air conditioner 8000BTU M0320 Blue,Home Appliances,Contoso,4799.88000000,2207.28000000,2592.60000000,12,4,4,0.54013850,1199.97000000,3.00000000,399.99000000,183.94000000
238,Litware Home Theater System 5.1 Channel M515 Brown,TV and Video,Litware,6259.00000000,2878.26000000,3380.74000000,11,4,4,0.54014060,1564.75000000,2.75000000,569.00000000,261.66000000
2380,Contoso Air conditioner 7000BTU E0260 Blue,Home Appliances,Contoso,5699.81000000,2905.86000000,2793.95000000,19,6,6,0.49018301,949.96833333,3.16666667,299.99000000,152.94000000
2381,Contoso Air conditioner 6000BTU E0180 Blue,Home Appliances,Contoso,1999.90000000,1019.60000000,980.30000000,10,4,4,0.49017451,499.97500000,2.50000000,199.99000000,101.96000000
2382,Contoso Air conditioner 5200BTU E0100 Blue,Home Appliances,Contoso,1209.89000000,616.88000000,593.01000000,11,3,3,0.49013547,403.29666667,3.66666667,109.99000000,56.08000000
2383,Proseware Air conditioner 25000BTU L167 White,Home Appliances,Proseware,19715.69000000,6532.32000000,13183.37000000,31,10,10,0.66867404,1971.56900000,3.10000000,635.99000000,210.72000000
2384,Proseware Air conditioner 12000BTU M640 White,Home Appliances,Proseware,3679.92000000,1692.24000000,1987.68000000,8,5,5,0.54014218,735.98400000,1.60000000,459.99000000,211.53000000
2385,Proseware Air conditioner 10000BTU M490 White,Home Appliances,Proseware,6879.84000000,3163.84000000,3716.00000000,16,7,7,0.54012884,982.83428571,2.28571429,429.99000000,197.74000000
2386,Proseware Air conditioner 8000BTU M320 White,Home Appliances,Proseware,3599.91000000,1655.46000000,1944.45000000,9,3,3,0.54013850,1199.97000000,3.00000000,399.99000000,183.94000000
2387,Proseware Air conditioner 7000BTU E260 White,Home Appliances,Proseware,10799.64000000,5505.84000000,5293.80000000,36,10,10,0.49018301,1079.96400000,3.60000000,299.99000000,152.94000000
2388,Proseware Air conditioner 6000BTU E180 White,Home Appliances,Proseware,2999.85000000,1529.40000000,1470.45000000,15,4,4,0.49017451,749.96250000,3.75000000,199.99000000,101.96000000
2389,Proseware Air conditioner 5200BTU E100 White,Home Appliances,Proseware,1099.90000000,560.80000000,539.10000000,10,6,6,0.49013547,183.31666667,1.66666667,109.99000000,56.08000000
239,Litware Home Theater System 5.1 Channel M516 Brown,TV and Video,Litware,6369.00000000,2928.86000000,3440.14000000,11,4,4,0.54013817,1592.25000000,2.75000000,579.00000000,266.26000000
2390,Proseware Air conditioner 25000BTU L167 Red,Home Appliances,Proseware,1907.97000000,632.16000000,1275.81000000,3,2,2,0.66867404,953.98500000,1.50000000,635.99000000,210.72000000
2391,Proseware Air conditioner 12000BTU M640 Red,Home Appliances,Proseware,919.98000000,423.06000000,496.92000000,2,2,2,0.54014218,459.99000000,1.00000000,459.99000000,211.53000000
2392,Proseware Air conditioner 10000BTU M490 Red,Home Appliances,Proseware,10749.75000000,4943.50000000,5806.25000000,25,9,9,0.54012884,1194.41666667,2.77777778,429.99000000,197.74000000
2393,Proseware Air conditioner 8000BTU M320 Red,Home Appliances,Proseware,1199.97000000,551.82000000,648.15000000,3,2,2,0.54013850,599.98500000,1.50000000,399.99000000,183.94000000
2394,Proseware Air conditioner 7000BTU E260 Red,Home Appliances,Proseware,4499.85000000,2294.10000000,2205.75000000,15,3,3,0.49018301,1499.95000000,5.00000000,299.99000000,152.94000000
2395,Proseware Air conditioner 6000BTU E180 Red,Home Appliances,Proseware,1799.91000000,917.64000000,882.27000000,9,5,5,0.49017451,359.98200000,1.80000000,199.99000000,101.96000000
2396,Proseware Air conditioner 5200BTU E100 Red,Home Appliances,Proseware,1319.88000000,672.96000000,646.92000000,12,3,3,0.49013547,439.96000000,4.00000000,109.99000000,56.08000000
2397,Proseware Air conditioner 25000BTU L167 Silver,Home Appliances,Proseware,17171.73000000,5689.44000000,11482.29000000,27,6,6,0.66867404,2861.95500000,4.50000000,635.99000000,210.72000000
2398,Proseware Air conditioner 12000BTU M640 Silver,Home Appliances,Proseware,11499.75000000,5288.25000000,6211.50000000,25,9,9,0.54014218,1277.75000000,2.77777778,459.99000000,211.53000000
2399,Proseware Air conditioner 10000BTU M490 Silver,Home Appliances,Proseware,6019.86000000,2768.36000000,3251.50000000,14,4,4,0.54012884,1504.96500000,3.50000000,429.99000000,197.74000000
24,Contoso 16GB Mp5 Player M1600 Blue,Audio,Contoso,18390.80000000,8457.56000000,9933.24000000,92,27,27,0.54012006,681.14074074,3.40740741,199.90000000,91.93000000
240,Contoso Home Theater System 2.1 Channel E1200 Black,TV and Video,Contoso,897.00000000,457.32000000,439.68000000,3,2,2,0.49016722,448.50000000,1.50000000,299.00000000,152.44000000
2400,Proseware Air conditioner 8000BTU M320 Silver,Home Appliances,Proseware,1999.95000000,919.70000000,1080.25000000,5,3,3,0.54013850,666.65000000,1.66666667,399.99000000,183.94000000
2401,Proseware Air conditioner 7000BTU E260 Silver,Home Appliances,Proseware,1799.94000000,917.64000000,882.30000000,6,2,2,0.49018301,899.97000000,3.00000000,299.99000000,152.94000000
2402,Proseware Air conditioner 6000BTU E180 Silver,Home Appliances,Proseware,2199.89000000,1121.56000000,1078.33000000,11,4,4,0.49017451,549.97250000,2.75000000,199.99000000,101.96000000
2403,Proseware Air conditioner 5200BTU E100 Silver,Home Appliances,Proseware,439.96000000,224.32000000,215.64000000,4,4,4,0.49013547,109.99000000,1.00000000,109.99000000,56.08000000
2404,Proseware Air conditioner 25000BTU L167 Grey,Home Appliances,Proseware,16535.74000000,5478.72000000,11057.02000000,26,7,7,0.66867404,2362.24857143,3.71428571,635.99000000,210.72000000
2405,Proseware Air conditioner 12000BTU M640 Grey,Home Appliances,Proseware,2759.94000000,1269.18000000,1490.76000000,6,2,2,0.54014218,1379.97000000,3.00000000,459.99000000,211.53000000
2406,Proseware Air conditioner 10000BTU M490 Grey,Home Appliances,Proseware,8599.80000000,3954.80000000,4645.00000000,20,5,5,0.54012884,1719.96000000,4.00000000,429.99000000,197.74000000
2407,Proseware Air conditioner 8000BTU M320 Grey,Home Appliances,Proseware,7199.82000000,3310.92000000,3888.90000000,18,6,6,0.54013850,1199.97000000,3.00000000,399.99000000,183.94000000
2408,Proseware Air conditioner 7000BTU E260 Grey,Home Appliances,Proseware,4199.86000000,2141.16000000,2058.70000000,14,5,5,0.49018301,839.97200000,2.80000000,299.99000000,152.94000000
2409,Proseware Air conditioner 6000BTU E180 Grey,Home Appliances,Proseware,3399.83000000,1733.32000000,1666.51000000,17,4,4,0.49017451,849.95750000,4.25000000,199.99000000,101.96000000
241,Contoso Home Theater System 2.1 Channel M1210 Black,TV and Video,Contoso,4935.00000000,2515.95000000,2419.05000000,15,6,6,0.49018237,822.50000000,2.50000000,329.00000000,167.73000000
2410,Litware 3-Speed Oscillating High-Performance Fan E201 Black,Home Appliances,Litware,149.95000000,76.45000000,73.50000000,5,2,2,0.49016339,74.97500000,2.50000000,29.99000000,15.29000000
2411,Litware 3-Speed Oscillating High-Performance Fan E201 White,Home Appliances,Litware,659.78000000,336.38000000,323.40000000,22,7,7,0.49016339,94.25428571,3.14285714,29.99000000,15.29000000
2412,Litware 3-Speed Oscillating High-Performance Fan E201 Silver,Home Appliances,Litware,419.86000000,214.06000000,205.80000000,14,4,4,0.49016339,104.96500000,3.50000000,29.99000000,15.29000000
2413,Litware 18'' Adjustable Oscillating Pedestal Fan E301 Black,Home Appliances,Litware,810.26000000,413.16000000,397.10000000,22,6,6,0.49008960,135.04333333,3.66666667,36.83000000,18.78000000
2414,Litware 18'' Adjustable Oscillating Pedestal Fan E301 White,Home Appliances,Litware,294.64000000,150.24000000,144.40000000,8,6,6,0.49008960,49.10666667,1.33333333,36.83000000,18.78000000
2415,Litware 18'' Adjustable Oscillating Pedestal Fan E301 Silver,Home Appliances,Litware,515.62000000,262.92000000,252.70000000,14,4,4,0.49008960,128.90500000,3.50000000,36.83000000,18.78000000
2416,Litware 3-Speed Oscillating Blower Fan M115 White,Home Appliances,Litware,887.88000000,408.36000000,479.52000000,12,4,4,0.54007298,221.97000000,3.00000000,73.99000000,34.03000000
2417,Litware 3-Speed Oscillating Blower Fan M115 Black,Home Appliances,Litware,1109.85000000,510.45000000,599.40000000,15,5,5,0.54007298,221.97000000,3.00000000,73.99000000,34.03000000
2418,Litware 3-Speed Oscillating Blower Fan M115 Silver,Home Appliances,Litware,1849.75000000,850.75000000,999.00000000,25,7,7,0.54007298,264.25000000,3.57142857,73.99000000,34.03000000
2419,Litware 20'' Box Fan E401 Blue,Home Appliances,Litware,571.78000000,291.50000000,280.28000000,22,9,9,0.49018853,63.53111111,2.44444444,25.99000000,13.25000000
242,Contoso Home Theater System 7.1 Channel M1700 Black,TV and Video,Contoso,17780.00000000,5890.80000000,11889.20000000,20,6,6,0.66868391,2963.33333333,3.33333333,889.00000000,294.54000000
2420,Litware 20'' Box Fan E401 Black,Home Appliances,Litware,571.78000000,291.50000000,280.28000000,22,4,4,0.49018853,142.94500000,5.50000000,25.99000000,13.25000000
2421,Litware 20'' Box Fan E401 White,Home Appliances,Litware,311.88000000,159.00000000,152.88000000,12,5,5,0.49018853,62.37600000,2.40000000,25.99000000,13.25000000
2422,Litware 20'' Box Fan E401 Yellow,Home Appliances,Litware,207.92000000,106.00000000,101.92000000,8,2,2,0.49018853,103.96000000,4.00000000,25.99000000,13.25000000
2423,Litware Tower Fan E501 Black,Home Appliances,Litware,719.82000000,367.02000000,352.80000000,18,6,6,0.49012253,119.97000000,3.00000000,39.99000000,20.39000000
2424,Litware Tower Fan E501 White,Home Appliances,Litware,719.82000000,367.02000000,352.80000000,18,5,5,0.49012253,143.96400000,3.60000000,39.99000000,20.39000000
2425,Litware Tower Fan E501 Yellow,Home Appliances,Litware,399.90000000,203.90000000,196.00000000,10,5,5,0.49012253,79.98000000,2.00000000,39.99000000,20.39000000
2426,Litware Tower Fan E501 Silver,Home Appliances,Litware,439.89000000,224.29000000,215.60000000,11,5,5,0.49012253,87.97800000,2.20000000,39.99000000,20.39000000
2427,Litware Mobile Fan External USB Cooling Fan E601 Silver,Home Appliances,Litware,361.79000000,184.47000000,177.32000000,11,4,4,0.49011858,90.44750000,2.75000000,32.89000000,16.77000000
2428,Litware Mobile Fan External USB Cooling Fan E601 White,Home Appliances,Litware,361.79000000,184.47000000,177.32000000,11,3,3,0.49011858,120.59666667,3.66666667,32.89000000,16.77000000
2429,Litware Mobile Fan External USB Cooling Fan E601 Pink,Home Appliances,Litware,394.68000000,201.24000000,193.44000000,12,3,3,0.49011858,131.56000000,4.00000000,32.89000000,16.77000000
243,Contoso Home Theater System 4.1 Channel M1400 Black,TV and Video,Contoso,5317.00000000,2710.76000000,2606.24000000,13,3,3,0.49017115,1772.33333333,4.33333333,409.00000000,208.52000000
2430,Litware Mobile Fan External USB Cooling Fan E601 Black,Home Appliances,Litware,394.68000000,201.24000000,193.44000000,12,2,2,0.49011858,197.34000000,6.00000000,32.89000000,16.77000000
2431,"Litware 16"" White Oscillating Stand Fan E701 White",Home Appliances,Litware,29.09000000,14.83000000,14.26000000,1,1,1,0.49020282,29.09000000,1.00000000,29.09000000,14.83000000
2432,"Litware 16"" White Oscillating Stand Fan E701 Black",Home Appliances,Litware,407.26000000,207.62000000,199.64000000,14,6,6,0.49020282,67.87666667,2.33333333,29.09000000,14.83000000
2433,"Litware 16"" White Oscillating Stand Fan E701 Silver",Home Appliances,Litware,261.81000000,133.47000000,128.34000000,9,5,5,0.49020282,52.36200000,1.80000000,29.09000000,14.83000000
2434,"Litware 16"" White Oscillating Stand Fan E701 Grey",Home Appliances,Litware,494.53000000,252.11000000,242.42000000,17,3,3,0.49020282,164.84333333,5.66666667,29.09000000,14.83000000
2435,"Litware 14"" High Velocity Floor Fan E801 Silver",Home Appliances,Litware,629.86000000,321.16000000,308.70000000,14,6,6,0.49010891,104.97666667,2.33333333,44.99000000,22.94000000
2436,"Litware 14"" High Velocity Floor Fan E801 White",Home Appliances,Litware,1034.77000000,527.62000000,507.15000000,23,8,8,0.49010891,129.34625000,2.87500000,44.99000000,22.94000000
2437,"Litware 14"" High Velocity Floor Fan E801 Black",Home Appliances,Litware,1439.68000000,734.08000000,705.60000000,32,8,8,0.49010891,179.96000000,4.00000000,44.99000000,22.94000000
2438,"Litware 14"" High Velocity Floor Fan E801 Pink",Home Appliances,Litware,584.87000000,298.22000000,286.65000000,13,8,8,0.49010891,73.10875000,1.62500000,44.99000000,22.94000000
2439,Litware 120mm Blue LED Case Fan E901 Black,Home Appliances,Litware,29.97000000,15.27000000,14.70000000,3,2,2,0.49049049,14.98500000,1.50000000,9.99000000,5.09000000
244,Contoso Home Theater System 5.1 Channel M1500 Black,TV and Video,Contoso,3861.00000000,1775.52000000,2085.48000000,9,6,6,0.54013986,643.50000000,1.50000000,429.00000000,197.28000000
2440,Litware 120mm Blue LED Case Fan E901 White,Home Appliances,Litware,159.84000000,81.44000000,78.40000000,16,5,5,0.49049049,31.96800000,3.20000000,9.99000000,5.09000000
2441,Litware 120mm Blue LED Case Fan E901 blue,Home Appliances,Litware,149.85000000,76.35000000,73.50000000,15,5,5,0.49049049,29.97000000,3.00000000,9.99000000,5.09000000
2442,Litware 120mm Blue LED Case Fan E901 Grey,Home Appliances,Litware,99.90000000,50.90000000,49.00000000,10,3,3,0.49049049,33.30000000,3.33333333,9.99000000,5.09000000
2443,Litware 80mm Dual Ball Bearing Case Fan E1001 Black,Home Appliances,Litware,84.83000000,43.18000000,41.65000000,17,5,5,0.49098196,16.96600000,3.40000000,4.99000000,2.54000000
2444,Litware 80mm Dual Ball Bearing Case Fan E1001 White,Home Appliances,Litware,89.82000000,45.72000000,44.10000000,18,6,6,0.49098196,14.97000000,3.00000000,4.99000000,2.54000000
2445,Litware 80mm Dual Ball Bearing Case Fan E1001 Green,Home Appliances,Litware,19.96000000,10.16000000,9.80000000,4,2,2,0.49098196,9.98000000,2.00000000,4.99000000,2.54000000
2446,Litware 80mm Dual Ball Bearing Case Fan E1001 Pink,Home Appliances,Litware,69.86000000,35.56000000,34.30000000,14,4,4,0.49098196,17.46500000,3.50000000,4.99000000,2.54000000
2447,Litware 92mm DBB Case Fan E1101 Silver,Home Appliances,Litware,524.65000000,267.40000000,257.25000000,35,5,5,0.49032688,104.93000000,7.00000000,14.99000000,7.64000000
2448,Litware 92mm DBB Case Fan E1101 Black,Home Appliances,Litware,374.75000000,191.00000000,183.75000000,25,7,7,0.49032688,53.53571429,3.57142857,14.99000000,7.64000000
2449,Litware 92mm DBB Case Fan E1101 White,Home Appliances,Litware,119.92000000,61.12000000,58.80000000,8,3,3,0.49032688,39.97333333,2.66666667,14.99000000,7.64000000
245,Contoso Home Theater System 5.1 Channel M1510 Black,TV and Video,Contoso,4401.00000000,2023.83000000,2377.17000000,9,4,4,0.54014315,1100.25000000,2.25000000,489.00000000,224.87000000
2450,Litware 92mm DBB Case Fan E1101 Grey,Home Appliances,Litware,134.91000000,68.76000000,66.15000000,9,3,3,0.49032688,44.97000000,3.00000000,14.99000000,7.64000000
2451,Litware Desktop Wind Tower Oscillating Fan E1201 Brown,Home Appliances,Litware,719.76000000,366.96000000,352.80000000,24,5,5,0.49016339,143.95200000,4.80000000,29.99000000,15.29000000
2452,Litware Desktop Wind Tower Oscillating Fan E1201 Purple,Home Appliances,Litware,1439.52000000,733.92000000,705.60000000,48,10,10,0.49016339,143.95200000,4.80000000,29.99000000,15.29000000
2453,Litware Desktop Wind Tower Oscillating Fan E1201 Black,Home Appliances,Litware,359.88000000,183.48000000,176.40000000,12,3,3,0.49016339,119.96000000,4.00000000,29.99000000,15.29000000
2454,Litware Desktop Wind Tower Oscillating Fan E1201 White,Home Appliances,Litware,539.82000000,275.22000000,264.60000000,18,4,4,0.49016339,134.95500000,4.50000000,29.99000000,15.29000000
2455,Litware USB Foam Fan E1301 Pink,Home Appliances,Litware,439.78000000,224.18000000,215.60000000,22,10,10,0.49024512,43.97800000,2.20000000,19.99000000,10.19000000
2456,Litware USB Foam Fan E1301 White,Home Appliances,Litware,239.88000000,122.28000000,117.60000000,12,3,3,0.49024512,79.96000000,4.00000000,19.99000000,10.19000000
2457,Litware USB Foam Fan E1301 Black,Home Appliances,Litware,499.75000000,254.75000000,245.00000000,25,8,8,0.49024512,62.46875000,3.12500000,19.99000000,10.19000000
2458,Litware USB Foam Fan E1301 Red,Home Appliances,Litware,579.71000000,295.51000000,284.20000000,29,7,7,0.49024512,82.81571429,4.14285714,19.99000000,10.19000000
2459,Litware 180 CFM Vertical Discharge Fan X450 Red,Home Appliances,Litware,3881.16000000,1285.92000000,2595.24000000,18,8,8,0.66867638,485.14500000,2.25000000,215.62000000,71.44000000
246,Contoso Home Theater System 4.1 Channel M1410 Black,TV and Video,Contoso,5922.00000000,3019.14000000,2902.86000000,18,5,5,0.49018237,1184.40000000,3.60000000,329.00000000,167.73000000
2460,Litware 180 CFM Vertical Discharge Fan X450 Black,Home Appliances,Litware,2156.20000000,714.40000000,1441.80000000,10,3,3,0.66867638,718.73333333,3.33333333,215.62000000,71.44000000
2461,Litware 180 CFM Vertical Discharge Fan X450 White,Home Appliances,Litware,862.48000000,285.76000000,576.72000000,4,2,2,0.66867638,431.24000000,2.00000000,215.62000000,71.44000000
2462,Litware 180 CFM Vertical Discharge Fan X450 Blue,Home Appliances,Litware,1940.58000000,642.96000000,1297.62000000,9,4,4,0.66867638,485.14500000,2.25000000,215.62000000,71.44000000
2463,Litware USB Durable Desk Soft Fan E1401 White,Home Appliances,Litware,480.00000000,244.64000000,235.36000000,16,6,6,0.49033333,80.00000000,2.66666667,30.00000000,15.29000000
2464,Litware USB Durable Desk Soft Fan E1401 Black,Home Appliances,Litware,840.00000000,428.12000000,411.88000000,28,7,7,0.49033333,120.00000000,4.00000000,30.00000000,15.29000000
2465,Litware USB Durable Desk Soft Fan E1401 Blue,Home Appliances,Litware,450.00000000,229.35000000,220.65000000,15,6,6,0.49033333,75.00000000,2.50000000,30.00000000,15.29000000
2466,Litware USB Durable Desk Soft Fan E1401 Red,Home Appliances,Litware,600.00000000,305.80000000,294.20000000,20,7,7,0.49033333,85.71428571,2.85714286,30.00000000,15.29000000
2467,Litware 80mm LED Dual PCI Slot Fan E1501 Yellow,Home Appliances,Litware,92.97000000,47.40000000,45.57000000,3,1,1,0.49015812,92.97000000,3.00000000,30.99000000,15.80000000
2468,Litware 80mm LED Dual PCI Slot Fan E1501 Red,Home Appliances,Litware,247.92000000,126.40000000,121.52000000,8,3,3,0.49015812,82.64000000,2.66666667,30.99000000,15.80000000
2469,Litware 80mm LED Dual PCI Slot Fan E1501 Blue,Home Appliances,Litware,61.98000000,31.60000000,30.38000000,2,2,2,0.49015812,30.99000000,1.00000000,30.99000000,15.80000000
247,Contoso Home Theater System 5.1 Channel M1520 Black,TV and Video,Contoso,1017.00000000,467.67000000,549.33000000,3,2,2,0.54014749,508.50000000,1.50000000,339.00000000,155.89000000
2470,Litware 80mm LED Dual PCI Slot Fan E1501 Pink,Home Appliances,Litware,278.91000000,142.20000000,136.71000000,9,4,4,0.49015812,69.72750000,2.25000000,30.99000000,15.80000000
2471,Litware 80mm LED Dual PCI Slot Fan E1501 White,Home Appliances,Litware,557.82000000,284.40000000,273.42000000,18,4,4,0.49015812,139.45500000,4.50000000,30.99000000,15.80000000
2472,Litware 20'' Weather-Shield Performance Box Fan E1601 Orange,Home Appliances,Litware,389.87000000,198.77000000,191.10000000,13,4,4,0.49016339,97.46750000,3.25000000,29.99000000,15.29000000
2473,Litware 20'' Weather-Shield Performance Box Fan E1601 Yellow,Home Appliances,Litware,899.70000000,458.70000000,441.00000000,30,7,7,0.49016339,128.52857143,4.28571429,29.99000000,15.29000000
2474,Litware 20'' Weather-Shield Performance Box Fan E1601 White,Home Appliances,Litware,869.71000000,443.41000000,426.30000000,29,4,4,0.49016339,217.42750000,7.25000000,29.99000000,15.29000000
2475,Litware 20'' Weather-Shield Performance Box Fan E1601 Black,Home Appliances,Litware,1049.65000000,535.15000000,514.50000000,35,8,8,0.49016339,131.20625000,4.37500000,29.99000000,15.29000000
2476,Litware 17'' Oscillating Pedestal Fan M125 Pink,Home Appliances,Litware,1890.00000000,869.13000000,1020.87000000,9,4,4,0.54014286,472.50000000,2.25000000,210.00000000,96.57000000
2477,Litware 17'' Oscillating Pedestal Fan M125 Yellow,Home Appliances,Litware,2520.00000000,1158.84000000,1361.16000000,12,3,3,0.54014286,840.00000000,4.00000000,210.00000000,96.57000000
2478,Litware 17'' Oscillating Pedestal Fan M125 Blue,Home Appliances,Litware,5040.00000000,2317.68000000,2722.32000000,24,7,7,0.54014286,720.00000000,3.42857143,210.00000000,96.57000000
2479,Litware 17'' Oscillating Pedestal Fan M125 White,Home Appliances,Litware,1050.00000000,482.85000000,567.15000000,5,1,1,0.54014286,1050.00000000,5.00000000,210.00000000,96.57000000
248,Contoso Home Theater System 5.1 Channel M1530 Black,TV and Video,Contoso,798.00000000,366.98000000,431.02000000,2,2,2,0.54012531,399.00000000,1.00000000,399.00000000,183.49000000
2480,Litware 18'' Oscillating Pedestal Fan M135 Pink,Home Appliances,Litware,5250.00000000,2414.25000000,2835.75000000,15,4,4,0.54014286,1312.50000000,3.75000000,350.00000000,160.95000000
2481,Litware 18'' Oscillating Pedestal Fan M135 Yellow,Home Appliances,Litware,8400.00000000,3862.80000000,4537.20000000,24,7,7,0.54014286,1200.00000000,3.42857143,350.00000000,160.95000000
2482,Litware 18'' Oscillating Pedestal Fan M135 Blue,Home Appliances,Litware,5250.00000000,2414.25000000,2835.75000000,15,4,4,0.54014286,1312.50000000,3.75000000,350.00000000,160.95000000
2483,Litware 18'' Oscillating Pedestal Fan M135 White,Home Appliances,Litware,7000.00000000,3219.00000000,3781.00000000,20,4,4,0.54014286,1750.00000000,5.00000000,350.00000000,160.95000000
2484,Litware 18'' Oscillating Pedestal Fan M145 Pink,Home Appliances,Litware,11600.00000000,5334.55000000,6265.45000000,29,8,8,0.54012500,1450.00000000,3.62500000,400.00000000,183.95000000
2485,Litware 18'' Oscillating Pedestal Fan M145 Yellow,Home Appliances,Litware,6400.00000000,2943.20000000,3456.80000000,16,4,4,0.54012500,1600.00000000,4.00000000,400.00000000,183.95000000
2486,Litware 18'' Oscillating Pedestal Fan M145 Blue,Home Appliances,Litware,800.00000000,367.90000000,432.10000000,2,2,2,0.54012500,400.00000000,1.00000000,400.00000000,183.95000000
2487,Litware 18'' Oscillating Pedestal Fan M145 White,Home Appliances,Litware,4800.00000000,2207.40000000,2592.60000000,12,4,4,0.54012500,1200.00000000,3.00000000,400.00000000,183.95000000
2488,Contoso Rubberized Skin BlackBerry E100 Black,Cell phones,Contoso,1858.76000000,947.36000000,911.40000000,124,44,44,0.49032688,42.24454545,2.81818182,14.99000000,7.64000000
2489,Contoso Rubberized Skin BlackBerry E100 Silver,Cell phones,Contoso,3102.93000000,1581.48000000,1521.45000000,207,65,65,0.49032688,47.73738462,3.18461538,14.99000000,7.64000000
249,Contoso Home Theater System 2.1 Channel E1220 Black,TV and Video,Contoso,1592.00000000,811.68000000,780.32000000,8,3,3,0.49015075,530.66666667,2.66666667,199.00000000,101.46000000
2490,Contoso Rubberized Skin BlackBerry E100 White,Cell phones,Contoso,2218.52000000,1130.72000000,1087.80000000,148,48,48,0.49032688,46.21916667,3.08333333,14.99000000,7.64000000
2491,Cigarette Lighter Adapter for Contoso Phones E110 Black,Cell phones,Contoso,5097.96000000,2598.96000000,2499.00000000,204,60,60,0.49019608,84.96600000,3.40000000,24.99000000,12.74000000
2492,Cigarette Lighter Adapter for Contoso Phones E110 White,Cell phones,Contoso,4248.30000000,2165.80000000,2082.50000000,170,62,61,0.49019608,68.52096774,2.74193548,24.99000000,12.74000000
2493,Cigarette Lighter Adapter for Contoso Phones E110 Red,Cell phones,Contoso,4873.05000000,2484.30000000,2388.75000000,195,54,54,0.49019608,90.24166667,3.61111111,24.99000000,12.74000000
2494,Reusable Phone Screen Protector E120,Cell phones,Contoso,626.22000000,319.50000000,306.72000000,213,71,71,0.48979592,8.82000000,3.00000000,2.94000000,1.50000000
2495,Headphone Adapter for Contoso Phone E130 Black,Cell phones,Contoso,2287.71000000,1165.61000000,1122.10000000,229,66,66,0.49049049,34.66227273,3.46969697,9.99000000,5.09000000
2496,Headphone Adapter for Contoso Phone E130 Silver,Cell phones,Contoso,1818.18000000,926.38000000,891.80000000,182,64,63,0.49049049,28.40906250,2.84375000,9.99000000,5.09000000
2497,Headphone Adapter for Contoso Phone E130 White,Cell phones,Contoso,1818.18000000,926.38000000,891.80000000,182,58,58,0.49049049,31.34793103,3.13793103,9.99000000,5.09000000
2498,Contoso Phone Tough Skin Case E140 Black,Cell phones,Contoso,3273.36000000,1668.42000000,1604.94000000,138,51,51,0.49030354,64.18352941,2.70588235,23.72000000,12.09000000
2499,Contoso Phone Tough Skin Case E140 White,Cell phones,Contoso,4245.88000000,2164.11000000,2081.77000000,179,58,58,0.49030354,73.20482759,3.08620690,23.72000000,12.09000000
25,Contoso 16GB Mp5 Player M1600 Black,Audio,Contoso,20389.80000000,9376.86000000,11012.94000000,102,32,32,0.54012006,637.18125000,3.18750000,199.90000000,91.93000000
250,Contoso Home Theater System 5.1 Channel M1540 Black,TV and Video,Contoso,7406.00000000,3405.78000000,4000.22000000,14,5,5,0.54013233,1481.20000000,2.80000000,529.00000000,243.27000000
2500,Contoso Phone Tough Skin Case E140 Silver,Cell phones,Contoso,4672.84000000,2381.73000000,2291.11000000,197,58,57,0.49030354,80.56620690,3.39655172,23.72000000,12.09000000
2501,Contoso Phone Tough Skin Case E140 Pink,Cell phones,Contoso,4483.08000000,2285.01000000,2198.07000000,189,57,57,0.49030354,78.65052632,3.31578947,23.72000000,12.09000000
2502,Contoso Touch Stylus Pen E150 Black,Cell phones,Contoso,1718.28000000,875.48000000,842.80000000,172,62,62,0.49049049,27.71419355,2.77419355,9.99000000,5.09000000
2503,Contoso Touch Stylus Pen E150 Silver,Cell phones,Contoso,1758.24000000,895.84000000,862.40000000,176,61,61,0.49049049,28.82360656,2.88524590,9.99000000,5.09000000
2504,Contoso Touch Stylus Pen E150 White,Cell phones,Contoso,1668.33000000,850.03000000,818.30000000,167,59,59,0.49049049,28.27677966,2.83050847,9.99000000,5.09000000
2505,Contoso Touch Stylus Pen E150 Red,Cell phones,Contoso,1668.33000000,850.03000000,818.30000000,167,52,52,0.49049049,32.08326923,3.21153846,9.99000000,5.09000000
2506,Contoso Rubberized Snap-On Cover Hard Case Cell Phone Protector E160 Pink,Cell phones,Contoso,853.20000000,435.60000000,417.60000000,180,53,53,0.48945148,16.09811321,3.39622642,4.74000000,2.42000000
2507,Contoso Rubberized Snap-On Cover Hard Case Cell Phone Protector E160 White,Cell phones,Contoso,625.68000000,319.44000000,306.24000000,132,45,45,0.48945148,13.90400000,2.93333333,4.74000000,2.42000000
2508,Contoso Rubberized Snap-On Cover Hard Case Cell Phone Protector E160 Silver,Cell phones,Contoso,891.12000000,454.96000000,436.16000000,188,57,57,0.48945148,15.63368421,3.29824561,4.74000000,2.42000000
2509,Contoso Original K1m Li-Ion Standard Battery E170 Black,Cell phones,Contoso,775.46000000,395.37000000,380.09000000,191,63,63,0.49014778,12.30888889,3.03174603,4.06000000,2.07000000
251,Contoso Home Theater System 4.1 Channel M1420 Black,TV and Video,Contoso,12000.00000000,6118.00000000,5882.00000000,25,4,4,0.49016667,3000.00000000,6.25000000,480.00000000,244.72000000
2510,Contoso Original K1m Li-Ion Standard Battery E170 White,Cell phones,Contoso,621.18000000,316.71000000,304.47000000,153,59,59,0.49014778,10.52847458,2.59322034,4.06000000,2.07000000
2511,Contoso Original K1m Li-Ion Standard Battery E170 Silver,Cell phones,Contoso,803.88000000,409.86000000,394.02000000,198,58,58,0.49014778,13.86000000,3.41379310,4.06000000,2.07000000
2512,Contoso Bluetooth Active Headphones L15 Black,Cell phones,Contoso,22618.26000000,7494.18000000,15124.08000000,174,61,60,0.66866682,370.79114754,2.85245902,129.99000000,43.07000000
2513,Contoso Bluetooth Active Headphones L15 Red,Cell phones,Contoso,21188.37000000,7020.41000000,14167.96000000,163,51,50,0.66866682,415.45823529,3.19607843,129.99000000,43.07000000
2514,Contoso Bluetooth Active Headphones L15 White,Cell phones,Contoso,27427.89000000,9087.77000000,18340.12000000,211,67,67,0.66866682,409.37149254,3.14925373,129.99000000,43.07000000
2515,Contoso In-Line Coupler E180 White,Cell phones,Contoso,596.30000000,304.38000000,291.92000000,178,56,56,0.48955224,10.64821429,3.17857143,3.35000000,1.71000000
2516,Contoso In-Line Coupler E180 Black,Cell phones,Contoso,522.60000000,266.76000000,255.84000000,156,43,43,0.48955224,12.15348837,3.62790698,3.35000000,1.71000000
2517,Contoso In-Line Coupler E180 Silver,Cell phones,Contoso,586.25000000,299.25000000,287.00000000,175,48,48,0.48955224,12.21354167,3.64583333,3.35000000,1.71000000
252,Contoso Home Theater System 2.1 Channel M1230 Black,TV and Video,Contoso,6480.00000000,3303.72000000,3176.28000000,18,4,4,0.49016667,1620.00000000,4.50000000,360.00000000,183.54000000
253,Contoso Home Theater System 2.1 Channel E1200 Silver,TV and Video,Contoso,5382.00000000,2743.92000000,2638.08000000,18,5,5,0.49016722,1076.40000000,3.60000000,299.00000000,152.44000000
254,Contoso Home Theater System 2.1 Channel M1210 Silver,TV and Video,Contoso,3290.00000000,1677.30000000,1612.70000000,10,2,2,0.49018237,1645.00000000,5.00000000,329.00000000,167.73000000
255,Contoso Home Theater System 7.1 Channel M1700 Silver,TV and Video,Contoso,30226.00000000,10014.36000000,20211.64000000,34,8,8,0.66868391,3778.25000000,4.25000000,889.00000000,294.54000000
256,Contoso Home Theater System 4.1 Channel M1400 Silver,TV and Video,Contoso,2045.00000000,1042.60000000,1002.40000000,5,1,1,0.49017115,2045.00000000,5.00000000,409.00000000,208.52000000
257,Contoso Home Theater System 5.1 Channel M1500 Silver,TV and Video,Contoso,9009.00000000,4142.88000000,4866.12000000,21,6,6,0.54013986,1501.50000000,3.50000000,429.00000000,197.28000000
258,Contoso Home Theater System 5.1 Channel M1510 Silver,TV and Video,Contoso,7824.00000000,3597.92000000,4226.08000000,16,2,2,0.54014315,3912.00000000,8.00000000,489.00000000,224.87000000
259,Contoso Home Theater System 4.1 Channel M1410 Silver,TV and Video,Contoso,6909.00000000,3522.33000000,3386.67000000,21,4,4,0.49018237,1727.25000000,5.25000000,329.00000000,167.73000000
26,Contoso 16GB Mp5 Player M1600 Green,Audio,Contoso,11994.00000000,5515.80000000,6478.20000000,60,22,22,0.54012006,545.18181818,2.72727273,199.90000000,91.93000000
260,Contoso Home Theater System 5.1 Channel M1520 Silver,TV and Video,Contoso,3729.00000000,1714.79000000,2014.21000000,11,5,5,0.54014749,745.80000000,2.20000000,339.00000000,155.89000000
261,Contoso Home Theater System 5.1 Channel M1530 Silver,TV and Video,Contoso,3591.00000000,1651.41000000,1939.59000000,9,3,3,0.54012531,1197.00000000,3.00000000,399.00000000,183.49000000
262,Contoso Home Theater System 2.1 Channel E1220 Silver,TV and Video,Contoso,1393.00000000,710.22000000,682.78000000,7,3,3,0.49015075,464.33333333,2.33333333,199.00000000,101.46000000
263,Contoso Home Theater System 5.1 Channel M1540 Silver,TV and Video,Contoso,7406.00000000,3405.78000000,4000.22000000,14,6,6,0.54013233,1234.33333333,2.33333333,529.00000000,243.27000000
264,Contoso Home Theater System 4.1 Channel M1420 Silver,TV and Video,Contoso,9120.00000000,4649.68000000,4470.32000000,19,5,5,0.49016667,1824.00000000,3.80000000,480.00000000,244.72000000
265,Contoso Home Theater System 2.1 Channel M1230 Silver,TV and Video,Contoso,7560.00000000,3854.34000000,3705.66000000,21,7,7,0.49016667,1080.00000000,3.00000000,360.00000000,183.54000000
266,Contoso Home Theater System 2.1 Channel E1200 White,TV and Video,Contoso,2691.00000000,1371.96000000,1319.04000000,9,3,3,0.49016722,897.00000000,3.00000000,299.00000000,152.44000000
267,Contoso Home Theater System 2.1 Channel M1210 White,TV and Video,Contoso,3948.00000000,2012.76000000,1935.24000000,12,5,5,0.49018237,789.60000000,2.40000000,329.00000000,167.73000000
268,Contoso Home Theater System 7.1 Channel M1700 White,TV and Video,Contoso,12446.00000000,4123.56000000,8322.44000000,14,3,3,0.66868391,4148.66666667,4.66666667,889.00000000,294.54000000
269,Contoso Home Theater System 4.1 Channel M1400 White,TV and Video,Contoso,818.00000000,417.04000000,400.96000000,2,1,1,0.49017115,818.00000000,2.00000000,409.00000000,208.52000000
27,Contoso 16GB Mp5 Player M1600 White,Audio,Contoso,13193.40000000,6067.38000000,7126.02000000,66,20,20,0.54012006,659.67000000,3.30000000,199.90000000,91.93000000
270,Contoso Home Theater System 5.1 Channel M1500 White,TV and Video,Contoso,4719.00000000,2170.08000000,2548.92000000,11,4,4,0.54013986,1179.75000000,2.75000000,429.00000000,197.28000000
271,Contoso Home Theater System 5.1 Channel M1510 White,TV and Video,Contoso,9291.00000000,4272.53000000,5018.47000000,19,6,6,0.54014315,1548.50000000,3.16666667,489.00000000,224.87000000
272,Contoso Home Theater System 4.1 Channel M1410 White,TV and Video,Contoso,6580.00000000,3354.60000000,3225.40000000,20,6,6,0.49018237,1096.66666667,3.33333333,329.00000000,167.73000000
273,Contoso Home Theater System 5.1 Channel M1520 White,TV and Video,Contoso,8814.00000000,4053.14000000,4760.86000000,26,7,7,0.54014749,1259.14285714,3.71428571,339.00000000,155.89000000
275,Contoso Home Theater System 2.1 Channel E1220 White,TV and Video,Contoso,597.00000000,304.38000000,292.62000000,3,2,2,0.49015075,298.50000000,1.50000000,199.00000000,101.46000000
276,Contoso Home Theater System 5.1 Channel M1540 White,TV and Video,Contoso,8464.00000000,3892.32000000,4571.68000000,16,3,3,0.54013233,2821.33333333,5.33333333,529.00000000,243.27000000
277,Contoso Home Theater System 4.1 Channel M1420 White,TV and Video,Contoso,9120.00000000,4649.68000000,4470.32000000,19,5,5,0.49016667,1824.00000000,3.80000000,480.00000000,244.72000000
278,Contoso Home Theater System 2.1 Channel M1230 White,TV and Video,Contoso,10800.00000000,5506.20000000,5293.80000000,30,8,8,0.49016667,1350.00000000,3.75000000,360.00000000,183.54000000
279,Contoso Home Theater System 2.1 Channel E1200 Brown,TV and Video,Contoso,1794.00000000,914.64000000,879.36000000,6,4,4,0.49016722,448.50000000,1.50000000,299.00000000,152.44000000
28,Contoso 16GB Mp5 Player M1600 Red,Audio,Contoso,17191.40000000,7905.98000000,9285.42000000,86,23,23,0.54012006,747.45217391,3.73913043,199.90000000,91.93000000
280,Contoso Home Theater System 2.1 Channel M1210 Brown,TV and Video,Contoso,5593.00000000,2851.41000000,2741.59000000,17,4,4,0.49018237,1398.25000000,4.25000000,329.00000000,167.73000000
281,Contoso Home Theater System 7.1 Channel M1700 Brown,TV and Video,Contoso,4445.00000000,1472.70000000,2972.30000000,5,2,2,0.66868391,2222.50000000,2.50000000,889.00000000,294.54000000
282,Contoso Home Theater System 4.1 Channel M1400 Brown,TV and Video,Contoso,2863.00000000,1459.64000000,1403.36000000,7,4,4,0.49017115,715.75000000,1.75000000,409.00000000,208.52000000
283,Contoso Home Theater System 5.1 Channel M1500 Brown,TV and Video,Contoso,7293.00000000,3353.76000000,3939.24000000,17,8,8,0.54013986,911.62500000,2.12500000,429.00000000,197.28000000
284,Contoso Home Theater System 5.1 Channel M1510 Brown,TV and Video,Contoso,6846.00000000,3148.18000000,3697.82000000,14,6,6,0.54014315,1141.00000000,2.33333333,489.00000000,224.87000000
285,Contoso Home Theater System 4.1 Channel M1410 Brown,TV and Video,Contoso,7567.00000000,3857.79000000,3709.21000000,23,9,9,0.49018237,840.77777778,2.55555556,329.00000000,167.73000000
286,Contoso Home Theater System 5.1 Channel M1520 Brown,TV and Video,Contoso,3729.00000000,1714.79000000,2014.21000000,11,5,5,0.54014749,745.80000000,2.20000000,339.00000000,155.89000000
287,Contoso Home Theater System 5.1 Channel M1530 Brown,TV and Video,Contoso,9576.00000000,4403.76000000,5172.24000000,24,7,7,0.54012531,1368.00000000,3.42857143,399.00000000,183.49000000
288,Contoso Home Theater System 2.1 Channel E1220 Brown,TV and Video,Contoso,1393.00000000,710.22000000,682.78000000,7,3,3,0.49015075,464.33333333,2.33333333,199.00000000,101.46000000
289,Contoso Home Theater System 5.1 Channel M1540 Brown,TV and Video,Contoso,4232.00000000,1946.16000000,2285.84000000,8,2,2,0.54013233,2116.00000000,4.00000000,529.00000000,243.27000000
29,Contoso 32GB Video MP3 Player M3200 White,Audio,Contoso,22950.00000000,7604.10000000,15345.90000000,90,30,30,0.66866667,765.00000000,3.00000000,255.00000000,84.49000000
290,Contoso Home Theater System 4.1 Channel M1420 Brown,TV and Video,Contoso,9120.00000000,4649.68000000,4470.32000000,19,6,6,0.49016667,1520.00000000,3.16666667,480.00000000,244.72000000
291,Contoso Home Theater System 2.1 Channel M1230 Brown,TV and Video,Contoso,14400.00000000,7341.60000000,7058.40000000,40,8,8,0.49016667,1800.00000000,5.00000000,360.00000000,183.54000000
292,SV Car Video LCD7W M7080 Black,TV and Video,Southridge Video,13500.00000000,6208.11000000,7291.89000000,27,10,10,0.54014000,1350.00000000,2.70000000,500.00000000,229.93000000
293,SV Car Video LCD7W M7081 Black,TV and Video,Southridge Video,19960.00000000,9178.80000000,10781.20000000,40,12,12,0.54014028,1663.33333333,3.33333333,499.00000000,229.47000000
294,SV Car Video TFT7 M7000 Black,TV and Video,Southridge Video,8970.00000000,4573.20000000,4396.80000000,30,8,8,0.49016722,1121.25000000,3.75000000,299.00000000,152.44000000
295,SV Car Video TFT6.2W E6280 Black,TV and Video,Southridge Video,4185.00000000,2133.60000000,2051.40000000,15,6,6,0.49017921,697.50000000,2.50000000,279.00000000,142.24000000
296,SV Car Video TFT6.2W E6281 Black,TV and Video,Southridge Video,8288.00000000,4225.60000000,4062.40000000,32,10,10,0.49015444,828.80000000,3.20000000,259.00000000,132.05000000
297,SV Car Video TFT6.2W E6282 Black,TV and Video,Southridge Video,5918.00000000,3017.08000000,2900.92000000,22,9,9,0.49018587,657.55555556,2.44444444,269.00000000,137.14000000
298,SV Car Video TFT7 M7001 Black,TV and Video,Southridge Video,4635.00000000,2363.10000000,2271.90000000,15,6,6,0.49016181,772.50000000,2.50000000,309.00000000,157.54000000
299,SV Car Video AM/FM E1000 Black,TV and Video,Southridge Video,8358.00000000,4261.32000000,4096.68000000,42,12,12,0.49015075,696.50000000,3.50000000,199.00000000,101.46000000
3,Contoso 1G MP3 Player E100 White,Audio,Contoso,1161.60000000,592.00000000,569.60000000,80,27,27,0.49035813,43.02222222,2.96296296,14.52000000,7.40000000
30,Contoso 32GB Video MP3 Player M3200 Red,Audio,Contoso,17595.00000000,5829.81000000,11765.19000000,69,24,24,0.66866667,733.12500000,2.87500000,255.00000000,84.49000000
300,SV Car Video AM/FM E1001 Black,TV and Video,Southridge Video,8103.00000000,4131.05000000,3971.95000000,37,11,11,0.49018265,736.63636364,3.36363636,219.00000000,111.65000000
301,SV Car Video TFT7 M7002 Black,TV and Video,Southridge Video,8294.00000000,4228.64000000,4065.36000000,26,11,11,0.49015674,754.00000000,2.36363636,319.00000000,162.64000000
302,SV Car Video LCD9.2W X9280 Black,TV and Video,Southridge Video,43956.00000000,14563.56000000,29392.44000000,44,10,10,0.66867868,4395.60000000,4.40000000,999.00000000,330.99000000
303,SV Car Video LCD9.2W X9281 Black,TV and Video,Southridge Video,17380.00000000,5758.40000000,11621.60000000,20,9,9,0.66867664,1931.11111111,2.22222222,869.00000000,287.92000000
304,SV Car Video LCD7W M7082 Black,TV and Video,Southridge Video,14679.00000000,6750.24000000,7928.76000000,21,7,7,0.54014306,2097.00000000,3.00000000,699.00000000,321.44000000
305,SV Car Video LCD7 M7001 Black,TV and Video,Southridge Video,12502.00000000,5749.40000000,6752.60000000,38,13,13,0.54012158,961.69230769,2.92307692,329.00000000,151.30000000
306,SV Car Video LCD7 M7002 Black,TV and Video,Southridge Video,3690.00000000,1696.90000000,1993.10000000,10,2,2,0.54013550,1845.00000000,5.00000000,369.00000000,169.69000000
307,SV Car Video LCD7 M7003 Black,TV and Video,Southridge Video,12915.00000000,5939.15000000,6975.85000000,35,11,11,0.54013550,1174.09090909,3.18181818,369.00000000,169.69000000
308,SV Car Video LCD7W M7080 Silver,TV and Video,Southridge Video,8000.00000000,3678.88000000,4321.12000000,16,6,6,0.54014000,1333.33333333,2.66666667,500.00000000,229.93000000
309,SV Car Video LCD7W M7081 Silver,TV and Video,Southridge Video,22455.00000000,10326.15000000,12128.85000000,45,11,11,0.54014028,2041.36363636,4.09090909,499.00000000,229.47000000
31,Contoso 32GB Video MP3 Player M3200 Orange,Audio,Contoso,10455.00000000,3464.09000000,6990.91000000,41,20,20,0.66866667,522.75000000,2.05000000,255.00000000,84.49000000
310,SV Car Video TFT7 M7000 Silver,TV and Video,Southridge Video,4186.00000000,2134.16000000,2051.84000000,14,6,6,0.49016722,697.66666667,2.33333333,299.00000000,152.44000000
311,SV Car Video TFT6.2W E6280 Silver,TV and Video,Southridge Video,4464.00000000,2275.84000000,2188.16000000,16,9,9,0.49017921,496.00000000,1.77777778,279.00000000,142.24000000
312,SV Car Video TFT6.2W E6281 Silver,TV and Video,Southridge Video,3626.00000000,1848.70000000,1777.30000000,14,6,6,0.49015444,604.33333333,2.33333333,259.00000000,132.05000000
313,SV Car Video TFT6.2W E6282 Silver,TV and Video,Southridge Video,12912.00000000,6582.72000000,6329.28000000,48,16,16,0.49018587,807.00000000,3.00000000,269.00000000,137.14000000
314,SV Car Video TFT7 M7001 Silver,TV and Video,Southridge Video,6180.00000000,3150.80000000,3029.20000000,20,7,7,0.49016181,882.85714286,2.85714286,309.00000000,157.54000000
315,SV Car Video AM/FM E1000 Silver,TV and Video,Southridge Video,3383.00000000,1724.82000000,1658.18000000,17,9,9,0.49015075,375.88888889,1.88888889,199.00000000,101.46000000
316,SV Car Video AM/FM E1001 Silver,TV and Video,Southridge Video,3723.00000000,1898.05000000,1824.95000000,17,5,5,0.49018265,744.60000000,3.40000000,219.00000000,111.65000000
317,SV Car Video TFT7 M7002 Silver,TV and Video,Southridge Video,11803.00000000,6017.68000000,5785.32000000,37,9,9,0.49015674,1311.44444444,4.11111111,319.00000000,162.64000000
318,SV Car Video LCD9.2W X9280 Silver,TV and Video,Southridge Video,30969.00000000,10260.69000000,20708.31000000,31,9,9,0.66867868,3441.00000000,3.44444444,999.00000000,330.99000000
319,SV Car Video LCD9.2W X9281 Silver,TV and Video,Southridge Video,22594.00000000,7485.92000000,15108.08000000,26,13,13,0.66867664,1738.00000000,2.00000000,869.00000000,287.92000000
32,Contoso 32GB Video MP3 Player M3200 Pink,Audio,Contoso,23970.00000000,7942.06000000,16027.94000000,94,28,28,0.66866667,856.07142857,3.35714286,255.00000000,84.49000000
320,SV Car Video LCD7W M7082 Silver,TV and Video,Southridge Video,13980.00000000,6428.80000000,7551.20000000,20,8,8,0.54014306,1747.50000000,2.50000000,699.00000000,321.44000000
321,SV Car Video LCD7 M7001 Silver,TV and Video,Southridge Video,2632.00000000,1210.40000000,1421.60000000,8,3,3,0.54012158,877.33333333,2.66666667,329.00000000,151.30000000
322,SV Car Video LCD7 M7002 Silver,TV and Video,Southridge Video,14391.00000000,6617.91000000,7773.09000000,39,11,11,0.54013550,1308.27272727,3.54545455,369.00000000,169.69000000
323,SV Car Video LCD7 M7003 Silver,TV and Video,Southridge Video,8118.00000000,3733.18000000,4384.82000000,22,6,6,0.54013550,1353.00000000,3.66666667,369.00000000,169.69000000
324,SV Car Video LCD7W M7080 Brown,TV and Video,Southridge Video,9000.00000000,4138.74000000,4861.26000000,18,5,5,0.54014000,1800.00000000,3.60000000,500.00000000,229.93000000
325,SV Car Video LCD7W M7081 Brown,TV and Video,Southridge Video,15469.00000000,7113.57000000,8355.43000000,31,10,10,0.54014028,1546.90000000,3.10000000,499.00000000,229.47000000
326,SV Car Video TFT7 M7000 Brown,TV and Video,Southridge Video,12857.00000000,6554.92000000,6302.08000000,43,13,13,0.49016722,989.00000000,3.30769231,299.00000000,152.44000000
327,SV Car Video TFT6.2W E6280 Brown,TV and Video,Southridge Video,11718.00000000,5974.08000000,5743.92000000,42,13,13,0.49017921,901.38461538,3.23076923,279.00000000,142.24000000
328,SV Car Video TFT6.2W E6281 Brown,TV and Video,Southridge Video,4403.00000000,2244.85000000,2158.15000000,17,8,8,0.49015444,550.37500000,2.12500000,259.00000000,132.05000000
329,SV Car Video TFT6.2W E6282 Brown,TV and Video,Southridge Video,13450.00000000,6857.00000000,6593.00000000,50,10,10,0.49018587,1345.00000000,5.00000000,269.00000000,137.14000000
33,Contoso 32GB Video MP3 Player M3200 Black,Audio,Contoso,22185.00000000,7350.63000000,14834.37000000,87,23,23,0.66866667,964.56521739,3.78260870,255.00000000,84.49000000
330,SV Car Video TFT7 M7001 Brown,TV and Video,Southridge Video,15759.00000000,8034.54000000,7724.46000000,51,13,13,0.49016181,1212.23076923,3.92307692,309.00000000,157.54000000
331,SV Car Video AM/FM E1000 Brown,TV and Video,Southridge Video,10348.00000000,5275.92000000,5072.08000000,52,14,14,0.49015075,739.14285714,3.71428571,199.00000000,101.46000000
332,SV Car Video AM/FM E1001 Brown,TV and Video,Southridge Video,7665.00000000,3907.75000000,3757.25000000,35,11,11,0.49018265,696.81818182,3.18181818,219.00000000,111.65000000
333,SV Car Video TFT7 M7002 Brown,TV and Video,Southridge Video,7975.00000000,4066.00000000,3909.00000000,25,8,8,0.49015674,996.87500000,3.12500000,319.00000000,162.64000000
334,SV Car Video LCD9.2W X9280 Brown,TV and Video,Southridge Video,44955.00000000,14894.55000000,30060.45000000,45,9,9,0.66867868,4995.00000000,5.00000000,999.00000000,330.99000000
335,SV Car Video LCD9.2W X9281 Brown,TV and Video,Southridge Video,25201.00000000,8349.68000000,16851.32000000,29,12,12,0.66867664,2100.08333333,2.41666667,869.00000000,287.92000000
336,SV Car Video LCD7W M7082 Brown,TV and Video,Southridge Video,25863.00000000,11893.28000000,13969.72000000,37,12,12,0.54014306,2155.25000000,3.08333333,699.00000000,321.44000000
337,SV Car Video LCD7 M7001 Brown,TV and Video,Southridge Video,14476.00000000,6657.20000000,7818.80000000,44,14,14,0.54012158,1034.00000000,3.14285714,329.00000000,151.30000000
338,Fabrikam Laptop19W M9800 Black,Computers,Fabrikam,70741.00000000,23437.75000000,47303.25000000,59,24,24,0.66868224,2947.54166667,2.45833333,1199.00000000,397.25000000
339,Fabrikam Laptop17W M7080 Black,Computers,Fabrikam,29036.70000000,13352.79000000,15683.91000000,33,12,12,0.54014093,2419.72500000,2.75000000,879.90000000,404.63000000
34,Contoso 4GB Portable MP3 Player M450 Black,Audio,Contoso,9595.00000000,4892.00000000,4703.00000000,100,25,25,0.49015112,383.80000000,4.00000000,95.95000000,48.92000000
340,Fabrikam Laptop17 M7000 Black,Computers,Fabrikam,58149.00000000,26740.73000000,31408.27000000,71,24,24,0.54013431,2422.87500000,2.95833333,819.00000000,376.63000000
341,Fabrikam Laptop16W M6080 Black,Computers,Fabrikam,43515.00000000,20011.05000000,23503.95000000,45,18,18,0.54013444,2417.50000000,2.50000000,967.00000000,444.69000000
342,Fabrikam Laptop16 M6000 Black,Computers,Fabrikam,50316.00000000,23138.64000000,27177.36000000,84,23,23,0.54013356,2187.65217391,3.65217391,599.00000000,275.46000000
343,Fabrikam Laptop19 M9000 Black,Computers,Fabrikam,54950.00000000,18206.00000000,36744.00000000,50,15,15,0.66868062,3663.33333333,3.33333333,1099.00000000,364.12000000
344,Fabrikam Laptop12 M2000 White,Computers,Fabrikam,15006.00000000,7650.60000000,7355.40000000,41,19,19,0.49016393,789.78947368,2.15789474,366.00000000,186.60000000
345,Fabrikam Laptop15 M5000 White,Computers,Fabrikam,43338.00000000,19929.28000000,23408.72000000,62,19,19,0.54014306,2280.94736842,3.26315789,699.00000000,321.44000000
346,Fabrikam Laptop15.4 M5400 White,Computers,Fabrikam,48766.00000000,22425.70000000,26340.30000000,74,19,19,0.54013657,2566.63157895,3.89473684,659.00000000,303.05000000
347,Fabrikam Laptop14.1 M4100 White,Computers,Fabrikam,55670.00000000,25600.60000000,30069.40000000,95,27,27,0.54013652,2061.85185185,3.51851852,586.00000000,269.48000000
348,Fabrikam Laptop15.4W M5480 White,Computers,Fabrikam,43964.00000000,20217.64000000,23746.36000000,58,19,19,0.54013193,2313.89473684,3.05263158,758.00000000,348.58000000
349,Fabrikam Laptop10.1 M0100 White,Computers,Fabrikam,22980.00000000,11715.60000000,11264.40000000,60,18,18,0.49018277,1276.66666667,3.33333333,383.00000000,195.26000000
35,Contoso 4GB Portable MP3 Player M450 White,Audio,Contoso,6044.85000000,3081.96000000,2962.89000000,63,24,24,0.49015112,251.86875000,2.62500000,95.95000000,48.92000000
350,Fabrikam Laptop12W M2080 Silver,Computers,Fabrikam,22344.00000000,11391.52000000,10952.48000000,56,17,17,0.49017544,1314.35294118,3.29411765,399.00000000,203.42000000
351,Fabrikam Laptop8.9W E0880 Silver,Computers,Fabrikam,15120.00000000,7708.50000000,7411.50000000,45,16,16,0.49017857,945.00000000,2.81250000,336.00000000,171.30000000
352,Fabrikam Laptop8.9 E0800 Silver,Computers,Fabrikam,21440.00000000,10931.05000000,10508.95000000,67,19,19,0.49015625,1128.42105263,3.52631579,320.00000000,163.15000000
353,Fabrikam Laptop10.1 M0101 Silver,Computers,Fabrikam,38874.90000000,19819.23000000,19055.67000000,101,31,31,0.49017927,1254.02903226,3.25806452,384.90000000,196.23000000
354,Fabrikam Laptop12 M2001 Silver,Computers,Fabrikam,21828.15000000,11128.68000000,10699.47000000,57,19,19,0.49016843,1148.85000000,3.00000000,382.95000000,195.24000000
355,Fabrikam Laptop8.9 M0801 Silver,Computers,Fabrikam,22537.00000000,11489.84000000,11047.16000000,62,20,20,0.49017882,1126.85000000,3.10000000,363.50000000,185.32000000
356,Fabrikam Laptop14.1W M4180 Red,Computers,Fabrikam,26957.10000000,12396.49000000,14560.61000000,59,18,18,0.54014007,1497.61666667,3.27777778,456.90000000,210.11000000
357,Fabrikam Laptop14.1 E4101 Red,Computers,Fabrikam,16830.00000000,8580.24000000,8249.76000000,51,13,13,0.49018182,1294.61538462,3.92307692,330.00000000,168.24000000
358,Fabrikam Laptop8.9 E8002 Red,Computers,Fabrikam,29014.00000000,14791.80000000,14222.20000000,89,25,25,0.49018405,1160.56000000,3.56000000,326.00000000,166.20000000
359,Fabrikam Laptop12 M2002 Red,Computers,Fabrikam,40480.00000000,20638.20000000,19841.80000000,110,31,31,0.49016304,1305.80645161,3.54838710,368.00000000,187.62000000
36,Contoso 4GB Portable MP3 Player M450 Yellow,Audio,Contoso,2110.90000000,1076.24000000,1034.66000000,22,9,9,0.49015112,234.54444444,2.44444444,95.95000000,48.92000000
360,Fabrikam Laptop13.3 M3000 Red,Computers,Fabrikam,28500.00000000,14530.50000000,13969.50000000,75,26,26,0.49015789,1096.15384615,2.88461538,380.00000000,193.74000000
361,Fabrikam Laptop13.3W M3080 Red,Computers,Fabrikam,27230.00000000,13882.40000000,13347.60000000,70,19,19,0.49017995,1433.15789474,3.68421053,389.00000000,198.32000000
362,Adventure Works Laptop19 X1900 Black,Computers,Adventure Works,83136.00000000,27544.32000000,55591.68000000,64,20,20,0.66868360,4156.80000000,3.20000000,1299.00000000,430.38000000
363,Adventure Works Laptop15 M1500 Black,Computers,Adventure Works,38445.00000000,17679.20000000,20765.80000000,55,17,17,0.54014306,2261.47058824,3.23529412,699.00000000,321.44000000
364,Adventure Works Laptop12 M1200 Black,Computers,Adventure Works,19913.40000000,10152.48000000,9760.92000000,52,16,16,0.49016843,1244.58750000,3.25000000,382.95000000,195.24000000
365,Adventure Works Laptop16 M1600 Black,Computers,Adventure Works,43128.00000000,19833.12000000,23294.88000000,72,21,21,0.54013356,2053.71428571,3.42857143,599.00000000,275.46000000
366,Adventure Works Laptop15.4W M1548 Black,Computers,Adventure Works,62914.00000000,28932.14000000,33981.86000000,83,26,26,0.54013193,2419.76923077,3.19230769,758.00000000,348.58000000
367,Adventure Works Laptop8.9 E0890 Black,Computers,Adventure Works,27710.00000000,14127.00000000,13583.00000000,85,31,31,0.49018405,893.87096774,2.74193548,326.00000000,166.20000000
368,Adventure Works Laptop19W X1980 White,Computers,Adventure Works,100023.00000000,33139.26000000,66883.74000000,77,23,23,0.66868360,4348.82608696,3.34782609,1299.00000000,430.38000000
369,Adventure Works Laptop15 M1501 White,Computers,Adventure Works,45435.00000000,20893.60000000,24541.40000000,65,19,19,0.54014306,2391.31578947,3.42105263,699.00000000,321.44000000
37,Contoso 8GB Clock & Radio MP3 Player X850 Silver,Audio,Contoso,16457.65000000,5452.70000000,11004.95000000,55,19,19,0.66868295,866.19210526,2.89473684,299.23000000,99.14000000
370,Adventure Works Laptop12 M1201 White,Computers,Adventure Works,24508.80000000,12495.36000000,12013.44000000,64,22,22,0.49016843,1114.03636364,2.90909091,382.95000000,195.24000000
371,Adventure Works Laptop16 M1601 White,Computers,Adventure Works,55108.00000000,25342.32000000,29765.68000000,92,28,28,0.54013356,1968.14285714,3.28571429,599.00000000,275.46000000
372,Adventure Works Laptop15.4W M1548 White,Computers,Adventure Works,21982.00000000,10108.82000000,11873.18000000,29,12,12,0.54013193,1831.83333333,2.41666667,758.00000000,348.58000000
373,Adventure Works Laptop8.9 E0890 White,Computers,Adventure Works,26732.00000000,13628.40000000,13103.60000000,82,27,27,0.49018405,990.07407407,3.03703704,326.00000000,166.20000000
374,Adventure Works Laptop19W X1980 Silver,Computers,Adventure Works,83136.00000000,27544.32000000,55591.68000000,64,22,22,0.66868360,3778.90909091,2.90909091,1299.00000000,430.38000000
375,Adventure Works Laptop15 M1501 Silver,Computers,Adventure Works,48930.00000000,22500.80000000,26429.20000000,70,24,24,0.54014306,2038.75000000,2.91666667,699.00000000,321.44000000
376,Adventure Works Laptop12 M1201 Silver,Computers,Adventure Works,22594.05000000,11519.16000000,11074.89000000,59,20,20,0.49016843,1129.70250000,2.95000000,382.95000000,195.24000000
377,Adventure Works Laptop16 M1601 Silver,Computers,Adventure Works,38935.00000000,17904.90000000,21030.10000000,65,19,19,0.54013356,2049.21052632,3.42105263,599.00000000,275.46000000
378,Adventure Works Laptop15.4W M1548 Silver,Computers,Adventure Works,23498.00000000,10805.98000000,12692.02000000,31,13,13,0.54013193,1807.53846154,2.38461538,758.00000000,348.58000000
379,Adventure Works Laptop8.9 E0890 Silver,Computers,Adventure Works,23146.00000000,11800.20000000,11345.80000000,71,20,20,0.49018405,1157.30000000,3.55000000,326.00000000,166.20000000
38,Contoso 8GB Clock & Radio MP3 Player X850 Black,Audio,Contoso,14961.50000000,4957.00000000,10004.50000000,50,15,15,0.66868295,997.43333333,3.33333333,299.23000000,99.14000000
380,Adventure Works Laptop19W X1980 Red,Computers,Adventure Works,81837.00000000,27113.94000000,54723.06000000,63,17,17,0.66868360,4813.94117647,3.70588235,1299.00000000,430.38000000
381,Adventure Works Laptop15 M1501 Red,Computers,Adventure Works,41940.00000000,19286.40000000,22653.60000000,60,28,28,0.54014306,1497.85714286,2.14285714,699.00000000,321.44000000
382,Adventure Works Laptop12 M1201 Red,Computers,Adventure Works,17615.70000000,8981.04000000,8634.66000000,46,16,16,0.49016843,1100.98125000,2.87500000,382.95000000,195.24000000
383,Adventure Works Laptop16 M1601 Red,Computers,Adventure Works,44925.00000000,20659.50000000,24265.50000000,75,25,25,0.54013356,1797.00000000,3.00000000,599.00000000,275.46000000
384,Adventure Works Laptop15.4W M1548 Red,Computers,Adventure Works,39416.00000000,18126.16000000,21289.84000000,52,18,18,0.54013193,2189.77777778,2.88888889,758.00000000,348.58000000
385,Adventure Works Laptop8.9 E0890 Red,Computers,Adventure Works,18582.00000000,9473.40000000,9108.60000000,57,18,18,0.49018405,1032.33333333,3.16666667,326.00000000,166.20000000
386,Adventure Works Laptop19W X1980 Blue,Computers,Adventure Works,72744.00000000,24101.28000000,48642.72000000,56,20,20,0.66868360,3637.20000000,2.80000000,1299.00000000,430.38000000
387,Adventure Works Laptop15 M1501 Blue,Computers,Adventure Works,28659.00000000,13179.04000000,15479.96000000,41,15,15,0.54014306,1910.60000000,2.73333333,699.00000000,321.44000000
388,Adventure Works Laptop12 M1201 Blue,Computers,Adventure Works,24125.85000000,12300.12000000,11825.73000000,63,20,20,0.49016843,1206.29250000,3.15000000,382.95000000,195.24000000
389,Adventure Works Laptop16 M1601 Blue,Computers,Adventure Works,43128.00000000,19833.12000000,23294.88000000,72,16,16,0.54013356,2695.50000000,4.50000000,599.00000000,275.46000000
39,Contoso 8GB Clock & Radio MP3 Player X850 Green,Audio,Contoso,32017.61000000,10607.98000000,21409.63000000,107,33,33,0.66868295,970.23060606,3.24242424,299.23000000,99.14000000
390,WWI Laptop19W X0196 Black,Computers,Wide World Importers,59754.00000000,19797.48000000,39956.52000000,46,21,21,0.66868360,2845.42857143,2.19047619,1299.00000000,430.38000000
391,WWI Laptop15 M0150 Black,Computers,Wide World Importers,29358.00000000,13500.48000000,15857.52000000,42,12,12,0.54014306,2446.50000000,3.50000000,699.00000000,321.44000000
392,WWI Laptop12 M0120 Black,Computers,Wide World Importers,16083.90000000,8200.08000000,7883.82000000,42,15,15,0.49016843,1072.26000000,2.80000000,382.95000000,195.24000000
393,WWI Laptop16 M0160 Black,Computers,Wide World Importers,55707.00000000,25617.78000000,30089.22000000,93,24,24,0.54013356,2321.12500000,3.87500000,599.00000000,275.46000000
394,WWI Laptop15.4W M0156 Black,Computers,Wide World Importers,66704.00000000,30675.04000000,36028.96000000,88,28,28,0.54013193,2382.28571429,3.14285714,758.00000000,348.58000000
395,WWI Laptop8.9 E0089 Black,Computers,Wide World Importers,27710.00000000,14127.00000000,13583.00000000,85,26,26,0.49018405,1065.76923077,3.26923077,326.00000000,166.20000000
396,WWI Laptop19W X0196 White,Computers,Wide World Importers,51960.00000000,17215.20000000,34744.80000000,40,19,19,0.66868360,2734.73684211,2.10526316,1299.00000000,430.38000000
397,WWI Laptop15 M0150 White,Computers,Wide World Importers,38445.00000000,17679.20000000,20765.80000000,55,15,15,0.54014306,2563.00000000,3.66666667,699.00000000,321.44000000
398,WWI Laptop12 M0120 White,Computers,Wide World Importers,23742.90000000,12104.88000000,11638.02000000,62,24,24,0.49016843,989.28750000,2.58333333,382.95000000,195.24000000
399,WWI Laptop16 M0160 White,Computers,Wide World Importers,49118.00000000,22587.72000000,26530.28000000,82,26,26,0.54013356,1889.15384615,3.15384615,599.00000000,275.46000000
4,Contoso 2G MP3 Player E200 Silver,Audio,Contoso,1596.18000000,814.00000000,782.18000000,74,27,27,0.49003245,59.11777778,2.74074074,21.57000000,11.00000000
40,Contoso 8GB Clock & Radio MP3 Player X850 Blue,Audio,Contoso,22143.02000000,7336.36000000,14806.66000000,74,20,19,0.66868295,1107.15100000,3.70000000,299.23000000,99.14000000
400,WWI Laptop15.4W M0156 White,Computers,Wide World Importers,34868.00000000,16034.68000000,18833.32000000,46,16,16,0.54013193,2179.25000000,2.87500000,758.00000000,348.58000000
401,WWI Laptop8.9 E0089 White,Computers,Wide World Importers,13040.00000000,6648.00000000,6392.00000000,40,19,19,0.49018405,686.31578947,2.10526316,326.00000000,166.20000000
402,WWI Laptop19W X0196 Blue,Computers,Wide World Importers,102621.00000000,34000.02000000,68620.98000000,79,29,29,0.66868360,3538.65517241,2.72413793,1299.00000000,430.38000000
403,WWI Laptop15 M0150 Blue,Computers,Wide World Importers,31455.00000000,14464.80000000,16990.20000000,45,18,18,0.54014306,1747.50000000,2.50000000,699.00000000,321.44000000
404,Proseware Laptop19 X910 Black,Computers,Proseware,75342.00000000,24962.04000000,50379.96000000,58,22,22,0.66868360,3424.63636364,2.63636364,1299.00000000,430.38000000
405,Proseware Laptop15 M510 Black,Computers,Proseware,44037.00000000,20250.72000000,23786.28000000,63,18,18,0.54014306,2446.50000000,3.50000000,699.00000000,321.44000000
406,Proseware Laptop12 M210 Black,Computers,Proseware,29487.15000000,15033.48000000,14453.67000000,77,21,21,0.49016843,1404.15000000,3.66666667,382.95000000,195.24000000
407,Proseware Laptop16 M610 Black,Computers,Proseware,27554.00000000,12671.16000000,14882.84000000,46,16,16,0.54013356,1722.12500000,2.87500000,599.00000000,275.46000000
408,Proseware Laptop15.4W M518 Black,Computers,Proseware,43206.00000000,19869.06000000,23336.94000000,57,16,16,0.54013193,2700.37500000,3.56250000,758.00000000,348.58000000
409,Proseware Laptop8.9 E089 Black,Computers,Proseware,26732.00000000,13628.40000000,13103.60000000,82,23,23,0.49018405,1162.26086957,3.56521739,326.00000000,166.20000000
41,Contoso 16GB New Generation MP5 Player M1650 Silver,Audio,Contoso,17168.00000000,7895.06000000,9272.94000000,74,28,28,0.54012931,613.14285714,2.64285714,232.00000000,106.69000000
410,Proseware Laptop19W X910 White,Computers,Proseware,93528.00000000,30987.36000000,62540.64000000,72,22,22,0.66868360,4251.27272727,3.27272727,1299.00000000,430.38000000
411,Proseware Laptop15 M510 White,Computers,Proseware,51027.00000000,23465.12000000,27561.88000000,73,19,19,0.54014306,2685.63157895,3.84210526,699.00000000,321.44000000
412,Proseware Laptop12 M210 White,Computers,Proseware,26040.60000000,13276.32000000,12764.28000000,68,26,26,0.49016843,1001.56153846,2.61538462,382.95000000,195.24000000
413,Proseware Laptop16 M610 White,Computers,Proseware,31747.00000000,14599.38000000,17147.62000000,53,17,17,0.54013356,1867.47058824,3.11764706,599.00000000,275.46000000
414,Proseware Laptop15.4W M518 White,Computers,Proseware,50028.00000000,23006.28000000,27021.72000000,66,23,23,0.54013193,2175.13043478,2.86956522,758.00000000,348.58000000
415,Proseware Laptop8.9 E089 White,Computers,Proseware,15648.00000000,7977.60000000,7670.40000000,48,21,21,0.49018405,745.14285714,2.28571429,326.00000000,166.20000000
416,Adventure Works Desktop PC2.33 XD233 Silver,Computers,Adventure Works,466089.00000000,154425.05000000,311663.95000000,481,146,145,0.66867905,3192.39041096,3.29452055,969.00000000,321.05000000
417,Adventure Works Desktop PC2.30 MD230 Silver,Computers,Adventure Works,287520.00000000,132220.80000000,155299.20000000,480,150,150,0.54013356,1916.80000000,3.20000000,599.00000000,275.46000000
418,Adventure Works Desktop PC1.60 ED160 Silver,Computers,Adventure Works,116078.50000000,59180.90000000,56897.60000000,430,145,145,0.49016485,800.54137931,2.96551724,269.95000000,137.63000000
419,Adventure Works Desktop PC1.80 ED180 Silver,Computers,Adventure Works,181917.00000000,92748.09000000,89168.91000000,493,149,148,0.49016260,1220.91946309,3.30872483,369.00000000,188.13000000
42,Contoso 16GB New Generation MP5 Player M1650 White,Audio,Contoso,16472.00000000,7574.99000000,8897.01000000,71,20,20,0.54012931,823.60000000,3.55000000,232.00000000,106.69000000
420,Adventure Works Desktop PC1.80 ED182 Silver,Computers,Adventure Works,238452.30000000,121568.22000000,116884.08000000,477,137,137,0.49017804,1740.52773723,3.48175182,499.90000000,254.86000000
421,Adventure Works Desktop PC3.0 MS300 Silver,Computers,Adventure Works,217616.00000000,100075.52000000,117540.48000000,464,145,145,0.54012793,1500.80000000,3.20000000,469.00000000,215.68000000
422,Adventure Works Desktop PC2.33 XD233 Black,Computers,Adventure Works,447678.00000000,148325.10000000,299352.90000000,462,151,145,0.66867905,2964.75496689,3.05960265,969.00000000,321.05000000
423,Adventure Works Desktop PC2.30 MD230 Black,Computers,Adventure Works,307886.00000000,141586.44000000,166299.56000000,514,160,160,0.54013356,1924.28750000,3.21250000,599.00000000,275.46000000
424,Adventure Works Desktop PC1.60 ED160 Black,Computers,Adventure Works,140643.95000000,71705.23000000,68938.72000000,521,154,152,0.49016485,913.27240260,3.38311688,269.95000000,137.63000000
425,Adventure Works Desktop PC1.80 ED180 Black,Computers,Adventure Works,191880.00000000,97827.60000000,94052.40000000,520,146,146,0.49016260,1314.24657534,3.56164384,369.00000000,188.13000000
426,Adventure Works Desktop PC1.80 ED182 Black,Computers,Adventure Works,195960.80000000,99905.12000000,96055.68000000,392,128,128,0.49017804,1530.94375000,3.06250000,499.90000000,254.86000000
427,Adventure Works Desktop PC3.0 MS300 Black,Computers,Adventure Works,223244.00000000,102663.68000000,120580.32000000,476,146,146,0.54012793,1529.06849315,3.26027397,469.00000000,215.68000000
428,Adventure Works Desktop PC2.33 XD233 Brown,Computers,Adventure Works,464151.00000000,153782.95000000,310368.05000000,479,144,144,0.66867905,3223.27083333,3.32638889,969.00000000,321.05000000
429,Adventure Works Desktop PC2.30 MD230 Brown,Computers,Adventure Works,242959.50000000,111727.35000000,131232.15000000,405,126,126,0.54014002,1928.25000000,3.21428571,599.90000000,275.87000000
43,Contoso 16GB New Generation MP5 Player M1650 Black,Audio,Contoso,20648.00000000,9495.41000000,11152.59000000,89,21,21,0.54012931,983.23809524,4.23809524,232.00000000,106.69000000
430,Adventure Works Desktop PC1.60 ED160 Brown,Computers,Adventure Works,122827.25000000,62621.65000000,60205.60000000,455,140,140,0.49016485,877.33750000,3.25000000,269.95000000,137.63000000
431,Adventure Works Desktop PC1.80 ED180 Brown,Computers,Adventure Works,138744.00000000,70736.88000000,68007.12000000,376,127,127,0.49016260,1092.47244094,2.96062992,369.00000000,188.13000000
432,Adventure Works Desktop PC1.80 ED182 Brown,Computers,Adventure Works,219456.10000000,111883.54000000,107572.56000000,439,138,137,0.49017804,1590.26159420,3.18115942,499.90000000,254.86000000
433,Adventure Works Desktop PC2.33 XD233 White,Computers,Adventure Works,437019.00000000,144793.55000000,292225.45000000,451,141,140,0.66867905,3099.42553191,3.19858156,969.00000000,321.05000000
434,Adventure Works Desktop PC2.30 MD230 White,Computers,Adventure Works,312079.00000000,143514.66000000,168564.34000000,521,157,155,0.54013356,1987.76433121,3.31847134,599.00000000,275.46000000
435,Adventure Works Desktop PC1.60 ED160 White,Computers,Adventure Works,136324.75000000,69503.15000000,66821.60000000,505,146,144,0.49016485,933.73116438,3.45890411,269.95000000,137.63000000
436,Adventure Works Desktop PC1.80 ED180 White,Computers,Adventure Works,180810.00000000,92183.70000000,88626.30000000,490,155,154,0.49016260,1166.51612903,3.16129032,369.00000000,188.13000000
437,Adventure Works Desktop PC1.80 ED182 White,Computers,Adventure Works,199960.00000000,101944.00000000,98016.00000000,400,136,135,0.49017804,1470.29411765,2.94117647,499.90000000,254.86000000
438,WWI Desktop PC2.33 X2330 Silver,Computers,Wide World Importers,360248.00000000,119356.16000000,240891.84000000,392,141,140,0.66868335,2554.95035461,2.78014184,919.00000000,304.48000000
439,WWI Desktop PC2.30 M2300 Brown,Computers,Wide World Importers,256022.00000000,117733.48000000,138288.52000000,458,139,138,0.54014311,1841.88489209,3.29496403,559.00000000,257.06000000
44,Contoso 16GB New Generation MP5 Player M1650 blue,Audio,Contoso,15776.00000000,7254.92000000,8521.08000000,68,27,27,0.54012931,584.29629630,2.51851852,232.00000000,106.69000000
440,WWI Desktop PC1.60 E1600 Silver,Computers,Wide World Importers,111514.65000000,56854.98000000,54659.67000000,507,154,154,0.49015685,724.12110390,3.29220779,219.95000000,112.14000000
441,WWI Desktop PC1.80 E1800 Brown,Computers,Wide World Importers,80005.20000000,40789.08000000,39216.12000000,348,114,113,0.49016964,701.80000000,3.05263158,229.90000000,117.21000000
442,WWI Desktop PC1.80 E1801 Silver,Computers,Wide World Importers,112008.50000000,57104.00000000,54904.50000000,415,129,129,0.49018155,868.28294574,3.21705426,269.90000000,137.60000000
443,WWI Desktop PC3.0 M0300 Silver,Computers,Wide World Importers,146929.00000000,67566.29000000,79362.71000000,421,133,133,0.54014327,1104.72932331,3.16541353,349.00000000,160.49000000
444,WWI Desktop PC2.33 X2330 Black,Computers,Wide World Importers,505450.00000000,167464.00000000,337986.00000000,550,154,152,0.66868335,3282.14285714,3.57142857,919.00000000,304.48000000
445,WWI Desktop PC2.30 M2300 Black,Computers,Wide World Importers,215774.00000000,99225.16000000,116548.84000000,386,140,140,0.54014311,1541.24285714,2.75714286,559.00000000,257.06000000
446,WWI Desktop PC1.60 E1600 Black,Computers,Wide World Importers,111954.55000000,57079.26000000,54875.29000000,509,158,156,0.49015685,708.57310127,3.22151899,219.95000000,112.14000000
447,WWI Desktop PC1.80 E1800 Black,Computers,Wide World Importers,86672.30000000,44188.17000000,42484.13000000,377,123,123,0.49016964,704.65284553,3.06504065,229.90000000,117.21000000
448,WWI Desktop PC1.80 E1801 Black,Computers,Wide World Importers,136299.50000000,69488.00000000,66811.50000000,505,156,155,0.49018155,873.71474359,3.23717949,269.90000000,137.60000000
449,WWI Desktop PC3.0 M0300 Black,Computers,Wide World Importers,158097.00000000,72701.97000000,85395.03000000,453,129,129,0.54014327,1225.55813953,3.51162791,349.00000000,160.49000000
45,Contoso 16GB New Generation MP5 Player M1650 Pink,Audio,Contoso,15776.00000000,7254.92000000,8521.08000000,68,23,23,0.54012931,685.91304348,2.95652174,232.00000000,106.69000000
450,WWI Desktop PC2.33 X2330 Brown,Computers,Wide World Importers,422740.00000000,140060.80000000,282679.20000000,460,151,150,0.66868335,2799.60264901,3.04635762,919.00000000,304.48000000
451,WWI Desktop PC2.30 M2300 Silver,Computers,Wide World Importers,254904.00000000,117219.36000000,137684.64000000,456,146,145,0.54014311,1745.91780822,3.12328767,559.00000000,257.06000000
452,WWI Desktop PC1.60 E1600 Red,Computers,Wide World Importers,111074.75000000,56630.70000000,54444.05000000,505,148,147,0.49015685,750.50506757,3.41216216,219.95000000,112.14000000
453,WWI Desktop PC1.80 E1800 Silver,Computers,Wide World Importers,110352.00000000,56260.80000000,54091.20000000,480,156,156,0.49016964,707.38461538,3.07692308,229.90000000,117.21000000
454,WWI Desktop PC1.80 E1801 Brown,Computers,Wide World Importers,115517.20000000,58892.80000000,56624.40000000,428,144,144,0.49018155,802.20277778,2.97222222,269.90000000,137.60000000
455,WWI Desktop PC2.33 X2330 White,Computers,Wide World Importers,424578.00000000,140669.76000000,283908.24000000,462,131,131,0.66868335,3241.05343511,3.52671756,919.00000000,304.48000000
456,WWI Desktop PC2.30 M2300 White,Computers,Wide World Importers,250432.00000000,115162.88000000,135269.12000000,448,142,141,0.54014311,1763.60563380,3.15492958,559.00000000,257.06000000
457,WWI Desktop PC1.60 E1600 White,Computers,Wide World Importers,93258.80000000,47547.36000000,45711.44000000,424,136,136,0.49015685,685.72647059,3.11764706,219.95000000,112.14000000
458,WWI Desktop PC1.80 E1800 White,Computers,Wide World Importers,123686.20000000,63058.98000000,60627.22000000,538,158,158,0.49016964,782.82405063,3.40506329,229.90000000,117.21000000
459,WWI Desktop PC1.80 E1801 White,Computers,Wide World Importers,110389.10000000,56278.40000000,54110.70000000,409,132,131,0.49018155,836.28106061,3.09848485,269.90000000,137.60000000
46,WWI 1GB Pulse Smart pen E50 White,Audio,Wide World Importers,47534.15000000,24234.65000000,23299.50000000,317,102,102,0.49016339,466.02107843,3.10784314,149.95000000,76.45000000
460,WWI Desktop PC1.80 E1802 White,Computers,Wide World Importers,139153.60000000,70945.60000000,68208.00000000,464,145,144,0.49016339,959.68000000,3.20000000,299.90000000,152.90000000
461,Proseware LCD24 X300 Black,Computers,Proseware,64701.00000000,21436.65000000,43264.35000000,79,18,18,0.66868132,3594.50000000,4.38888889,819.00000000,271.35000000
462,Proseware LCD24W X300 Black,Computers,Proseware,65175.00000000,21594.00000000,43581.00000000,75,24,24,0.66867664,2715.62500000,3.12500000,869.00000000,287.92000000
463,Proseware LCD22 M2000 Black,Computers,Proseware,17332.00000000,5742.52000000,11589.48000000,28,9,9,0.66867528,1925.77777778,3.11111111,619.00000000,205.09000000
464,Proseware LCD22W M2001 Black,Computers,Proseware,52283.00000000,17322.69000000,34960.31000000,77,26,26,0.66867452,2010.88461538,2.96153846,679.00000000,224.97000000
465,Proseware LCD20 M200 Black,Computers,Proseware,18130.00000000,8337.70000000,9792.30000000,70,19,19,0.54011583,954.21052632,3.68421053,259.00000000,119.11000000
466,Proseware LCD20W M230 Black,Computers,Proseware,8091.00000000,3720.70000000,4370.30000000,29,10,10,0.54014337,809.10000000,2.90000000,279.00000000,128.30000000
467,Proseware LCD19 E1000 Black,Computers,Proseware,8062.00000000,3707.36000000,4354.64000000,58,17,17,0.54014388,474.23529412,3.41176471,139.00000000,63.92000000
468,Proseware LCD19W M100 Black,Computers,Proseware,14320.00000000,6585.60000000,7734.40000000,80,26,26,0.54011173,550.76923077,3.07692308,179.00000000,82.32000000
469,Proseware LCD17 E200 Black,Computers,Proseware,6831.00000000,3482.43000000,3348.57000000,69,23,23,0.49020202,297.00000000,3.00000000,99.00000000,50.47000000
47,WWI 1GBPulse Smart pen E50 Black,Audio,Wide World Importers,46334.55000000,23623.05000000,22711.50000000,309,101,100,0.49016339,458.75792079,3.05940594,149.95000000,76.45000000
470,Proseware LCD17W E202 Black,Computers,Proseware,11352.00000000,5787.76000000,5564.24000000,88,26,26,0.49015504,436.61538462,3.38461538,129.00000000,65.77000000
471,Proseware LCD15 E103 Black,Computers,Proseware,7722.00000000,3936.66000000,3785.34000000,78,25,25,0.49020202,308.88000000,3.12000000,99.00000000,50.47000000
472,Proseware CRT19 E201 Black,Computers,Proseware,3795.00000000,1934.90000000,1860.10000000,55,20,20,0.49014493,189.75000000,2.75000000,69.00000000,35.18000000
473,Proseware CRT17 E104 Black,Computers,Proseware,3835.00000000,1955.20000000,1879.80000000,65,22,22,0.49016949,174.31818182,2.95454545,59.00000000,30.08000000
474,Proseware CRT15 E10 Black,Computers,Proseware,5194.00000000,2647.88000000,2546.12000000,106,28,28,0.49020408,185.50000000,3.78571429,49.00000000,24.98000000
475,Proseware LCD24 X300 White,Computers,Proseware,43407.00000000,14381.55000000,29025.45000000,53,17,17,0.66868132,2553.35294118,3.11764706,819.00000000,271.35000000
476,Proseware LCD24W X300 White,Computers,Proseware,26070.00000000,8637.60000000,17432.40000000,30,12,12,0.66867664,2172.50000000,2.50000000,869.00000000,287.92000000
477,Proseware LCD22 M2000 White,Computers,Proseware,34664.00000000,11485.04000000,23178.96000000,56,17,17,0.66867528,2039.05882353,3.29411765,619.00000000,205.09000000
478,Proseware LCD22W M2001 White,Computers,Proseware,17654.00000000,5849.22000000,11804.78000000,26,12,12,0.66867452,1471.16666667,2.16666667,679.00000000,224.97000000
479,Proseware LCD20 M200 White,Computers,Proseware,9583.00000000,4407.07000000,5175.93000000,37,11,11,0.54011583,871.18181818,3.36363636,259.00000000,119.11000000
48,WWI 1GB Pulse Smart pen E50 Silver,Audio,Wide World Importers,53232.25000000,27139.75000000,26092.50000000,355,111,111,0.49016339,479.56981982,3.19819820,149.95000000,76.45000000
480,Proseware LCD20W M230 White,Computers,Proseware,16461.00000000,7569.70000000,8891.30000000,59,18,18,0.54014337,914.50000000,3.27777778,279.00000000,128.30000000
481,Proseware LCD19 E1000 White,Computers,Proseware,10564.00000000,4857.92000000,5706.08000000,76,25,25,0.54014388,422.56000000,3.04000000,139.00000000,63.92000000
482,Proseware LCD19W M100 White,Computers,Proseware,13067.00000000,6009.36000000,7057.64000000,73,21,20,0.54011173,622.23809524,3.47619048,179.00000000,82.32000000
483,Proseware LCD17 E200 White,Computers,Proseware,6534.00000000,3331.02000000,3202.98000000,66,22,22,0.49020202,297.00000000,3.00000000,99.00000000,50.47000000
484,Proseware LCD17W E202 White,Computers,Proseware,5805.00000000,2959.65000000,2845.35000000,45,16,16,0.49015504,362.81250000,2.81250000,129.00000000,65.77000000
485,Proseware LCD15 E103 White,Computers,Proseware,5940.00000000,3028.20000000,2911.80000000,60,16,16,0.49020202,371.25000000,3.75000000,99.00000000,50.47000000
486,Proseware CRT19 E201 White,Computers,Proseware,4071.00000000,2075.62000000,1995.38000000,59,20,20,0.49014493,203.55000000,2.95000000,69.00000000,35.18000000
487,Proseware CRT17 E104 White,Computers,Proseware,3776.00000000,1925.12000000,1850.88000000,64,19,19,0.49016949,198.73684211,3.36842105,59.00000000,30.08000000
488,Proseware CRT15 E10 White,Computers,Proseware,2352.00000000,1199.04000000,1152.96000000,48,16,16,0.49020408,147.00000000,3.00000000,49.00000000,24.98000000
489,Adventure Works LCD24 X300 Black,Computers,Adventure Works,37674.00000000,12482.10000000,25191.90000000,46,20,20,0.66868132,1883.70000000,2.30000000,819.00000000,271.35000000
49,WWI 2GB Pulse Smart pen M100 White,Audio,Wide World Importers,63584.10000000,29240.10000000,34344.00000000,318,99,99,0.54013503,642.26363636,3.21212121,199.95000000,91.95000000
490,Adventure Works LCD24W X300 Black,Computers,Adventure Works,38236.00000000,12668.48000000,25567.52000000,44,22,22,0.66867664,1738.00000000,2.00000000,869.00000000,287.92000000
491,Adventure Works LCD22 M200 Black,Computers,Adventure Works,43330.00000000,14356.30000000,28973.70000000,70,25,25,0.66867528,1733.20000000,2.80000000,619.00000000,205.09000000
492,Adventure Works LCD22W M200 Black,Computers,Adventure Works,32592.00000000,10798.56000000,21793.44000000,48,16,16,0.66867452,2037.00000000,3.00000000,679.00000000,224.97000000
493,Adventure Works LCD20 M210 Black,Computers,Adventure Works,16317.00000000,7503.93000000,8813.07000000,63,18,18,0.54011583,906.50000000,3.50000000,259.00000000,119.11000000
494,Adventure Works LCD20W M240 Black,Computers,Adventure Works,14508.00000000,6671.60000000,7836.40000000,52,15,15,0.54014337,967.20000000,3.46666667,279.00000000,128.30000000
495,Adventure Works LCD19 E108 Black,Computers,Adventure Works,9730.00000000,4960.90000000,4769.10000000,70,20,20,0.49014388,486.50000000,3.50000000,139.00000000,70.87000000
496,Adventure Works LCD19W M100 Black,Computers,Adventure Works,8413.00000000,3869.04000000,4543.96000000,47,17,17,0.54011173,494.88235294,2.76470588,179.00000000,82.32000000
497,Adventure Works LCD17 E200 Black,Computers,Adventure Works,4158.00000000,2119.74000000,2038.26000000,42,14,14,0.49020202,297.00000000,3.00000000,99.00000000,50.47000000
498,Adventure Works LCD17W E203 Black,Computers,Adventure Works,5934.00000000,3025.42000000,2908.58000000,46,19,19,0.49015504,312.31578947,2.42105263,129.00000000,65.77000000
499,Adventure Works LCD15 E100 Black,Computers,Adventure Works,4851.00000000,2473.03000000,2377.97000000,49,18,18,0.49020202,269.50000000,2.72222222,99.00000000,50.47000000
5,Contoso 2G MP3 Player E200 Red,Audio,Contoso,1056.93000000,539.00000000,517.93000000,49,17,17,0.49003245,62.17235294,2.88235294,21.57000000,11.00000000
50,WWI 2GB Pulse Smart pen M100 Black,Audio,Wide World Importers,61584.60000000,28320.60000000,33264.00000000,308,98,98,0.54013503,628.41428571,3.14285714,199.95000000,91.95000000
500,Adventure Works CRT19 E10 Black,Computers,Adventure Works,4692.00000000,1554.48000000,3137.52000000,68,16,16,0.66869565,293.25000000,4.25000000,69.00000000,22.86000000
501,Adventure Works CRT17 E105 Black,Computers,Adventure Works,1947.00000000,992.64000000,954.36000000,33,10,10,0.49016949,194.70000000,3.30000000,59.00000000,30.08000000
502,Adventure Works CRT15 E101 Black,Computers,Adventure Works,4050.00000000,1341.90000000,2708.10000000,45,16,16,0.66866667,253.12500000,2.81250000,90.00000000,29.82000000
503,Adventure Works LCD24 X300 White,Computers,Adventure Works,41769.00000000,13838.85000000,27930.15000000,51,17,17,0.66868132,2457.00000000,3.00000000,819.00000000,271.35000000
504,Adventure Works LCD24W X300 White,Computers,Adventure Works,39105.00000000,12956.40000000,26148.60000000,45,16,16,0.66867664,2444.06250000,2.81250000,869.00000000,287.92000000
505,Adventure Works LCD22 M200 White,Computers,Adventure Works,42092.00000000,13946.12000000,28145.88000000,68,23,23,0.66867528,1830.08695652,2.95652174,619.00000000,205.09000000
506,Adventure Works LCD22W M200 White,Computers,Adventure Works,45493.00000000,15072.99000000,30420.01000000,67,22,22,0.66867452,2067.86363636,3.04545455,679.00000000,224.97000000
507,Adventure Works LCD20 M210 White,Computers,Adventure Works,13209.00000000,6074.61000000,7134.39000000,51,19,19,0.54011583,695.21052632,2.68421053,259.00000000,119.11000000
508,Adventure Works LCD20W M240 White,Computers,Adventure Works,16740.00000000,7698.00000000,9042.00000000,60,21,21,0.54014337,797.14285714,2.85714286,279.00000000,128.30000000
509,Adventure Works LCD19 E108 White,Computers,Adventure Works,6394.00000000,3260.02000000,3133.98000000,46,18,18,0.49014388,355.22222222,2.55555556,139.00000000,70.87000000
51,WWI 2GB Pulse Smart pen M100 Blue,Audio,Wide World Importers,68982.75000000,31722.75000000,37260.00000000,345,105,105,0.54013503,656.97857143,3.28571429,199.95000000,91.95000000
510,Adventure Works LCD19W M100 White,Computers,Adventure Works,9845.00000000,4527.60000000,5317.40000000,55,21,21,0.54011173,468.80952381,2.61904762,179.00000000,82.32000000
511,Adventure Works LCD17 E200 White,Computers,Adventure Works,4950.00000000,2523.50000000,2426.50000000,50,19,19,0.49020202,260.52631579,2.63157895,99.00000000,50.47000000
512,Adventure Works LCD17W E203 White,Computers,Adventure Works,5160.00000000,2630.80000000,2529.20000000,40,17,17,0.49015504,303.52941176,2.35294118,129.00000000,65.77000000
513,Adventure Works LCD15 E100 White,Computers,Adventure Works,6039.00000000,3078.67000000,2960.33000000,61,21,21,0.49020202,287.57142857,2.90476190,99.00000000,50.47000000
514,Adventure Works CRT19 E10 White,Computers,Adventure Works,2829.00000000,937.26000000,1891.74000000,41,15,15,0.66869565,188.60000000,2.73333333,69.00000000,22.86000000
515,Adventure Works CRT17 E105 White,Computers,Adventure Works,4425.00000000,2256.00000000,2169.00000000,75,22,22,0.49016949,201.13636364,3.40909091,59.00000000,30.08000000
516,Adventure Works CRT15 E101 White,Computers,Adventure Works,4860.00000000,1610.28000000,3249.72000000,54,20,20,0.66866667,243.00000000,2.70000000,90.00000000,29.82000000
517,WWI LCD24 X300 Black,Computers,Wide World Importers,42588.00000000,14110.20000000,28477.80000000,52,12,12,0.66868132,3549.00000000,4.33333333,819.00000000,271.35000000
518,WWI LCD24W X300 Black,Computers,Wide World Importers,93852.00000000,31095.36000000,62756.64000000,108,26,26,0.66867664,3609.69230769,4.15384615,869.00000000,287.92000000
519,WWI LCD22 M2002 Black,Computers,Wide World Importers,51377.00000000,17022.47000000,34354.53000000,83,17,17,0.66867528,3022.17647059,4.88235294,619.00000000,205.09000000
52,WWI 2GB Pulse Smart pen M100 Silver,Audio,Wide World Importers,43389.15000000,19953.15000000,23436.00000000,217,79,79,0.54013503,549.22974684,2.74683544,199.95000000,91.95000000
520,WWI LCD22W M2003 Black,Computers,Wide World Importers,40061.00000000,13273.23000000,26787.77000000,59,20,20,0.66867452,2003.05000000,2.95000000,679.00000000,224.97000000
521,WWI LCD20 M220 Black,Computers,Wide World Importers,23569.00000000,10839.01000000,12729.99000000,91,28,27,0.54011583,841.75000000,3.25000000,259.00000000,119.11000000
522,WWI LCD20W M250 Black,Computers,Wide World Importers,20088.00000000,9237.60000000,10850.40000000,72,23,23,0.54014337,873.39130435,3.13043478,279.00000000,128.30000000
523,WWI LCD19 E107 Black,Computers,Wide World Importers,8479.00000000,4323.07000000,4155.93000000,61,22,22,0.49014388,385.40909091,2.77272727,139.00000000,70.87000000
524,WWI LCD19W M100 Black,Computers,Wide World Importers,9845.00000000,4527.60000000,5317.40000000,55,17,17,0.54011173,579.11764706,3.23529412,179.00000000,82.32000000
525,WWI LCD17 E200 Black,Computers,Wide World Importers,4653.00000000,2372.09000000,2280.91000000,47,15,15,0.49020202,310.20000000,3.13333333,99.00000000,50.47000000
526,WWI LCD17W E200 Black,Computers,Wide World Importers,8385.00000000,4275.05000000,4109.95000000,65,17,17,0.49015504,493.23529412,3.82352941,129.00000000,65.77000000
527,WWI CRT17 E106 Black,Computers,Wide World Importers,3267.00000000,1665.51000000,1601.49000000,33,14,14,0.49020202,233.35714286,2.35714286,99.00000000,50.47000000
528,WWI LCD24 X300 White,Computers,Wide World Importers,63063.00000000,20893.95000000,42169.05000000,77,23,23,0.66868132,2741.86956522,3.34782609,819.00000000,271.35000000
529,WWI LCD24W X300 White,Computers,Wide World Importers,41712.00000000,13820.16000000,27891.84000000,48,16,16,0.66867664,2607.00000000,3.00000000,869.00000000,287.92000000
53,WWI 4GB Video Recording Pen X200 Black,Audio,Wide World Importers,108336.00000000,35893.62000000,72442.38000000,366,115,115,0.66868243,942.05217391,3.18260870,296.00000000,98.07000000
530,WWI LCD22 M2002 White,Computers,Wide World Importers,43330.00000000,14356.30000000,28973.70000000,70,20,20,0.66867528,2166.50000000,3.50000000,619.00000000,205.09000000
531,WWI LCD22W M2003 White,Computers,Wide World Importers,44135.00000000,14623.05000000,29511.95000000,65,19,19,0.66867452,2322.89473684,3.42105263,679.00000000,224.97000000
532,WWI LCD20 M220 White,Computers,Wide World Importers,10360.00000000,4764.40000000,5595.60000000,40,15,15,0.54011583,690.66666667,2.66666667,259.00000000,119.11000000
533,WWI LCD20W M250 White,Computers,Wide World Importers,15903.00000000,7313.10000000,8589.90000000,57,21,21,0.54014337,757.28571429,2.71428571,279.00000000,128.30000000
534,WWI LCD19 E107 White,Computers,Wide World Importers,7645.00000000,3897.85000000,3747.15000000,55,17,17,0.49014388,449.70588235,3.23529412,139.00000000,70.87000000
535,WWI LCD19W M100 White,Computers,Wide World Importers,11814.00000000,5433.12000000,6380.88000000,66,20,20,0.54011173,590.70000000,3.30000000,179.00000000,82.32000000
536,WWI LCD17 E205 White,Computers,Wide World Importers,6039.00000000,3078.67000000,2960.33000000,61,24,24,0.49020202,251.62500000,2.54166667,99.00000000,50.47000000
537,WWI LCD17W E200 White,Computers,Wide World Importers,7482.00000000,3814.66000000,3667.34000000,58,21,21,0.49015504,356.28571429,2.76190476,129.00000000,65.77000000
538,WWI CRT17 E106 White,Computers,Wide World Importers,4356.00000000,2220.68000000,2135.32000000,44,19,19,0.49020202,229.26315789,2.31578947,99.00000000,50.47000000
539,Proseware Projector 1080p LCD86 Black,Computers,Proseware,162945.00000000,53986.98000000,108958.02000000,71,17,17,0.66867974,9585.00000000,4.17647059,2295.00000000,760.38000000
54,WWI 4GB Video Recording Pen X200 Red,Audio,Wide World Importers,97088.00000000,32166.96000000,64921.04000000,328,110,110,0.66868243,882.61818182,2.98181818,296.00000000,98.07000000
540,Proseware Projector 1080p DLP86 Black,Computers,Proseware,189924.00000000,62925.72000000,126998.28000000,76,26,26,0.66867947,7304.76923077,2.92307692,2499.00000000,827.97000000
541,Proseware Projector 720p LCD56 Black,Computers,Proseware,19572.00000000,9000.32000000,10571.68000000,28,9,9,0.54014306,2174.66666667,3.11111111,699.00000000,321.44000000
542,Proseware Projector 720p DLP56 Black,Computers,Proseware,32967.00000000,15160.20000000,17806.80000000,33,13,13,0.54014014,2535.92307692,2.53846154,999.00000000,459.40000000
543,Proseware Projector 480p LCD12 Black,Computers,Proseware,11450.00000000,5837.50000000,5612.50000000,50,15,15,0.49017467,763.33333333,3.33333333,229.00000000,116.75000000
544,Proseware Projector 480p DLP12 Black,Computers,Proseware,18463.00000000,9412.80000000,9050.20000000,37,17,17,0.49018036,1086.05882353,2.17647059,499.00000000,254.40000000
545,Proseware Screen 125in X1609 Black,Computers,Proseware,27540.00000000,9124.80000000,18415.20000000,60,22,22,0.66867102,1251.81818182,2.72727273,459.00000000,152.08000000
546,Proseware Screen 113in X1609 Black,Computers,Proseware,9269.00000000,3070.86000000,6198.14000000,31,12,12,0.66869565,772.41666667,2.58333333,299.00000000,99.06000000
547,Proseware Screen 106in M1609 Black,Computers,Proseware,20080.00000000,9234.40000000,10845.60000000,80,18,18,0.54011952,1115.55555556,4.44444444,251.00000000,115.43000000
548,Proseware Screen 100in M1609 Black,Computers,Proseware,13490.00000000,6203.27000000,7286.73000000,71,19,19,0.54015789,710.00000000,3.73684211,190.00000000,87.37000000
549,Proseware Screen 85in E1010 Black,Computers,Proseware,5421.00000000,2763.93000000,2657.07000000,39,13,13,0.49014388,417.00000000,3.00000000,139.00000000,70.87000000
55,WWI 4GB Video Recording Pen X200 Pink,Audio,Wide World Importers,89984.00000000,29813.28000000,60170.72000000,304,102,101,0.66868243,882.19607843,2.98039216,296.00000000,98.07000000
550,Proseware Screen 80in E1010 Black,Computers,Proseware,3924.00000000,2000.52000000,1923.48000000,36,15,15,0.49018349,261.60000000,2.40000000,109.00000000,55.57000000
551,Proseware Projector 1080p LCD86 White,Computers,Proseware,146880.00000000,48664.32000000,98215.68000000,64,20,20,0.66867974,7344.00000000,3.20000000,2295.00000000,760.38000000
552,Proseware Projector 1080p DLP86 White,Computers,Proseware,107457.00000000,35602.71000000,71854.29000000,43,16,16,0.66867947,6716.06250000,2.68750000,2499.00000000,827.97000000
553,Proseware Projector 720p LCD56 White,Computers,Proseware,30057.00000000,13821.92000000,16235.08000000,43,13,13,0.54014306,2312.07692308,3.30769231,699.00000000,321.44000000
554,Proseware Projector 720p DLP56 White,Computers,Proseware,33966.00000000,15619.60000000,18346.40000000,34,13,13,0.54014014,2612.76923077,2.61538462,999.00000000,459.40000000
555,Proseware Projector 480p LCD12 White,Computers,Proseware,10534.00000000,5370.50000000,5163.50000000,46,12,12,0.49017467,877.83333333,3.83333333,229.00000000,116.75000000
556,Proseware Projector 480p DLP12 White,Computers,Proseware,23453.00000000,11956.80000000,11496.20000000,47,15,15,0.49018036,1563.53333333,3.13333333,499.00000000,254.40000000
557,Proseware Screen 125in X1609 White,Computers,Proseware,18819.00000000,6235.28000000,12583.72000000,41,16,16,0.66867102,1176.18750000,2.56250000,459.00000000,152.08000000
558,Proseware Screen 113in X1609 White,Computers,Proseware,11362.00000000,3764.28000000,7597.72000000,38,13,13,0.66869565,874.00000000,2.92307692,299.00000000,99.06000000
559,Proseware Screen 106in M1609 White,Computers,Proseware,6275.00000000,2885.75000000,3389.25000000,25,10,10,0.54011952,627.50000000,2.50000000,251.00000000,115.43000000
56,WWI 4GB Video Recording Pen X200 Yellow,Audio,Wide World Importers,109520.00000000,36285.90000000,73234.10000000,370,117,116,0.66868243,936.06837607,3.16239316,296.00000000,98.07000000
560,Proseware Screen 100in M1609 White,Computers,Proseware,10260.00000000,4717.98000000,5542.02000000,54,15,15,0.54015789,684.00000000,3.60000000,190.00000000,87.37000000
561,Proseware Screen 85in E1010 White,Computers,Proseware,7506.00000000,3826.98000000,3679.02000000,54,16,16,0.49014388,469.12500000,3.37500000,139.00000000,70.87000000
562,Proseware Screen 80in E1010 White,Computers,Proseware,5450.00000000,2778.50000000,2671.50000000,50,16,16,0.49018349,340.62500000,3.12500000,109.00000000,55.57000000
563,Proseware Projector 1080p LCD86 Silver,Computers,Proseware,98685.00000000,32696.34000000,65988.66000000,43,13,13,0.66867974,7591.15384615,3.30769231,2295.00000000,760.38000000
564,Proseware Projector 1080p DLP86 Silver,Computers,Proseware,67473.00000000,22355.19000000,45117.81000000,27,9,9,0.66867947,7497.00000000,3.00000000,2499.00000000,827.97000000
565,Proseware Projector 720p LCD56 Silver,Computers,Proseware,33552.00000000,15429.12000000,18122.88000000,48,14,14,0.54014306,2396.57142857,3.42857143,699.00000000,321.44000000
566,Proseware Projector 720p DLP56 Silver,Computers,Proseware,30969.00000000,14241.40000000,16727.60000000,31,14,14,0.54014014,2212.07142857,2.21428571,999.00000000,459.40000000
567,Proseware Projector 480p LCD12 Silver,Computers,Proseware,4351.00000000,2218.25000000,2132.75000000,19,5,5,0.49017467,870.20000000,3.80000000,229.00000000,116.75000000
568,Proseware Projector 480p DLP12 Silver,Computers,Proseware,23952.00000000,12211.20000000,11740.80000000,48,14,14,0.49018036,1710.85714286,3.42857143,499.00000000,254.40000000
569,Proseware Screen 125in X1609 Silver,Computers,Proseware,14688.00000000,4866.56000000,9821.44000000,32,14,14,0.66867102,1049.14285714,2.28571429,459.00000000,152.08000000
57,WWI 1GB Digital Voice Recorder Pen E100 Black,Audio,Wide World Importers,67236.00000000,34277.43000000,32958.57000000,431,138,136,0.49019231,487.21739130,3.12318841,156.00000000,79.53000000
570,Proseware Screen 113in X1609 Silver,Computers,Proseware,11661.00000000,3863.34000000,7797.66000000,39,9,9,0.66869565,1295.66666667,4.33333333,299.00000000,99.06000000
571,Proseware Screen 106in M1609 Silver,Computers,Proseware,10291.00000000,4732.63000000,5558.37000000,41,12,12,0.54011952,857.58333333,3.41666667,251.00000000,115.43000000
572,Proseware Screen 100in M1609 Silver,Computers,Proseware,12540.00000000,5766.42000000,6773.58000000,66,16,16,0.54015789,783.75000000,4.12500000,190.00000000,87.37000000
573,Proseware Screen 85in E1010 Silver,Computers,Proseware,7923.00000000,4039.59000000,3883.41000000,57,18,18,0.49014388,440.16666667,3.16666667,139.00000000,70.87000000
574,Proseware Screen 80in E1010 Silver,Computers,Proseware,3161.00000000,1611.53000000,1549.47000000,29,12,12,0.49018349,263.41666667,2.41666667,109.00000000,55.57000000
575,Contoso Projector 1080p X980 Black,Computers,Contoso,64260.00000000,21290.64000000,42969.36000000,28,9,9,0.66867974,7140.00000000,3.11111111,2295.00000000,760.38000000
576,Contoso Projector 1080p X981 Black,Computers,Contoso,142443.00000000,47194.29000000,95248.71000000,57,13,13,0.66867947,10957.15384615,4.38461538,2499.00000000,827.97000000
577,Contoso Projector 720p M620 Black,Computers,Contoso,25164.00000000,11571.84000000,13592.16000000,36,13,13,0.54014306,1935.69230769,2.76923077,699.00000000,321.44000000
578,Contoso Projector 720p M621 Black,Computers,Contoso,53946.00000000,24807.60000000,29138.40000000,54,17,17,0.54014014,3173.29411765,3.17647059,999.00000000,459.40000000
579,Contoso Projector 480p M480 Black,Computers,Contoso,8931.00000000,4553.25000000,4377.75000000,39,14,14,0.49017467,637.92857143,2.78571429,229.00000000,116.75000000
58,WWI 1GB Digital Voice Recorder Pen E100 Red,Audio,Wide World Importers,60528.00000000,30857.64000000,29670.36000000,388,115,115,0.49019231,526.33043478,3.37391304,156.00000000,79.53000000
580,Contoso Projector 480p M481 Black,Computers,Contoso,21956.00000000,11193.60000000,10762.40000000,44,19,19,0.49018036,1155.57894737,2.31578947,499.00000000,254.40000000
581,Contoso Screen 125in M250 Black,Computers,Contoso,19278.00000000,6387.36000000,12890.64000000,42,15,15,0.66867102,1285.20000000,2.80000000,459.00000000,152.08000000
582,Contoso Screen 113in M251 Black,Computers,Contoso,7475.00000000,3437.50000000,4037.50000000,25,9,9,0.54013378,830.55555556,2.77777778,299.00000000,137.50000000
583,Contoso Screen 106in M060 Black,Computers,Contoso,12048.00000000,3991.68000000,8056.32000000,48,16,16,0.66868526,753.00000000,3.00000000,251.00000000,83.16000000
584,Contoso Screen 100in E010 Black,Computers,Contoso,8930.00000000,2958.65000000,5971.35000000,47,16,16,0.66868421,558.12500000,2.93750000,190.00000000,62.95000000
585,Contoso Screen 85in E085 Black,Computers,Contoso,6533.00000000,3330.89000000,3202.11000000,47,19,19,0.49014388,343.84210526,2.47368421,139.00000000,70.87000000
586,Contoso Screen 80in E080 Black,Computers,Contoso,4251.00000000,2167.23000000,2083.77000000,39,13,13,0.49018349,327.00000000,3.00000000,109.00000000,55.57000000
587,Contoso Projector 1080p X980 White,Computers,Contoso,137700.00000000,45622.80000000,92077.20000000,60,20,20,0.66867974,6885.00000000,3.00000000,2295.00000000,760.38000000
588,Contoso Projector 1080p X981 White,Computers,Contoso,79968.00000000,26495.04000000,53472.96000000,32,9,9,0.66867947,8885.33333333,3.55555556,2499.00000000,827.97000000
589,Contoso Projector 720p M620 White,Computers,Contoso,29358.00000000,13500.48000000,15857.52000000,42,16,16,0.54014306,1834.87500000,2.62500000,699.00000000,321.44000000
59,WWI 1GB Digital Voice Recorder Pen E100 Pink,Audio,Wide World Importers,45084.00000000,22984.17000000,22099.83000000,289,92,92,0.49019231,490.04347826,3.14130435,156.00000000,79.53000000
590,Contoso Projector 720p M621 White,Computers,Contoso,34965.00000000,16079.00000000,18886.00000000,35,14,14,0.54014014,2497.50000000,2.50000000,999.00000000,459.40000000
591,Contoso Projector 480p M480 White,Computers,Contoso,12137.00000000,6187.75000000,5949.25000000,53,18,18,0.49017467,674.27777778,2.94444444,229.00000000,116.75000000
592,Contoso Projector 480p M481 White,Computers,Contoso,22954.00000000,11702.40000000,11251.60000000,46,13,13,0.49018036,1765.69230769,3.53846154,499.00000000,254.40000000
593,Contoso Screen 125in M250 White,Computers,Contoso,28917.00000000,9581.04000000,19335.96000000,63,19,19,0.66867102,1521.94736842,3.31578947,459.00000000,152.08000000
594,Contoso Screen 113in M251 White,Computers,Contoso,14950.00000000,6875.00000000,8075.00000000,50,14,14,0.54013378,1067.85714286,3.57142857,299.00000000,137.50000000
595,Contoso Screen 106in M060 White,Computers,Contoso,8283.00000000,2744.28000000,5538.72000000,33,8,8,0.66868526,1035.37500000,4.12500000,251.00000000,83.16000000
596,Contoso Screen 100in E010 White,Computers,Contoso,8550.00000000,2832.75000000,5717.25000000,45,15,15,0.66868421,570.00000000,3.00000000,190.00000000,62.95000000
597,Contoso Screen 85in E085 White,Computers,Contoso,6116.00000000,3118.28000000,2997.72000000,44,13,13,0.49014388,470.46153846,3.38461538,139.00000000,70.87000000
598,Contoso Screen 80in E080 White,Computers,Contoso,4578.00000000,2333.94000000,2244.06000000,42,13,13,0.49018349,352.15384615,3.23076923,109.00000000,55.57000000
599,Contoso Projector 1080p X980 Silver,Computers,Contoso,137700.00000000,45622.80000000,92077.20000000,60,16,16,0.66867974,8606.25000000,3.75000000,2295.00000000,760.38000000
6,Contoso 2G MP3 Player E200 Black,Audio,Contoso,1251.06000000,638.00000000,613.06000000,58,21,21,0.49003245,59.57428571,2.76190476,21.57000000,11.00000000
60,WWI 1GB Digital Voice Recorder Pen E100 White,Audio,Wide World Importers,55692.00000000,28392.21000000,27299.79000000,357,111,111,0.49019231,501.72972973,3.21621622,156.00000000,79.53000000
600,Contoso Projector 1080p X981 Silver,Computers,Contoso,139944.00000000,46366.32000000,93577.68000000,56,15,15,0.66867947,9329.60000000,3.73333333,2499.00000000,827.97000000
601,Contoso Projector 720p M620 Silver,Computers,Contoso,13281.00000000,6107.36000000,7173.64000000,19,10,10,0.54014306,1328.10000000,1.90000000,699.00000000,321.44000000
602,Contoso Projector 720p M621 Silver,Computers,Contoso,51948.00000000,23888.80000000,28059.20000000,52,18,18,0.54014014,2886.00000000,2.88888889,999.00000000,459.40000000
603,Contoso Projector 480p M480 Silver,Computers,Contoso,14885.00000000,7588.75000000,7296.25000000,65,20,20,0.49017467,744.25000000,3.25000000,229.00000000,116.75000000
604,Contoso Projector 480p M481 Silver,Computers,Contoso,10479.00000000,5342.40000000,5136.60000000,21,9,9,0.49018036,1164.33333333,2.33333333,499.00000000,254.40000000
605,Contoso Screen 125in M250 Silver,Computers,Contoso,21114.00000000,6995.68000000,14118.32000000,46,12,12,0.66867102,1759.50000000,3.83333333,459.00000000,152.08000000
606,Contoso Screen 113in M251 Silver,Computers,Contoso,9568.00000000,4400.00000000,5168.00000000,32,11,11,0.54013378,869.81818182,2.90909091,299.00000000,137.50000000
607,Contoso Screen 106in M060 Silver,Computers,Contoso,9538.00000000,3160.08000000,6377.92000000,38,12,12,0.66868526,794.83333333,3.16666667,251.00000000,83.16000000
608,Contoso Screen 100in E010 Silver,Computers,Contoso,20710.00000000,6861.55000000,13848.45000000,109,28,28,0.66868421,739.64285714,3.89285714,190.00000000,62.95000000
609,Contoso Screen 85in E085 Silver,Computers,Contoso,5560.00000000,2834.80000000,2725.20000000,40,10,10,0.49014388,556.00000000,4.00000000,139.00000000,70.87000000
61,WWI 2GB Spy Video Recorder Pen M300 Black,Audio,Wide World Importers,61540.00000000,28301.60000000,33238.40000000,340,109,107,0.54011050,564.58715596,3.11926606,181.00000000,83.24000000
610,Contoso Screen 80in E080 Silver,Computers,Contoso,4469.00000000,2278.37000000,2190.63000000,41,14,14,0.49018349,319.21428571,2.92857143,109.00000000,55.57000000
611,WWI Projector 1080p LCD86 Black,Computers,Wide World Importers,135405.00000000,44862.42000000,90542.58000000,59,18,18,0.66867974,7522.50000000,3.27777778,2295.00000000,760.38000000
612,WWI Projector 1080p DLP86 Black,Computers,Wide World Importers,142443.00000000,47194.29000000,95248.71000000,57,17,17,0.66867947,8379.00000000,3.35294118,2499.00000000,827.97000000
613,WWI Projector 720p LCD56 Black,Computers,Wide World Importers,32154.00000000,14786.24000000,17367.76000000,46,10,10,0.54014306,3215.40000000,4.60000000,699.00000000,321.44000000
614,WWI Projector 720p DLP56 Black,Computers,Wide World Importers,36963.00000000,16997.80000000,19965.20000000,37,12,12,0.54014014,3080.25000000,3.08333333,999.00000000,459.40000000
615,WWI Projector 480p LCD12 Black,Computers,Wide World Importers,8473.00000000,4319.75000000,4153.25000000,37,11,11,0.49017467,770.27272727,3.36363636,229.00000000,116.75000000
616,WWI Projector 480p DLP12 Black,Computers,Wide World Importers,30439.00000000,15518.40000000,14920.60000000,61,19,19,0.49018036,1602.05263158,3.21052632,499.00000000,254.40000000
617,WWI Screen 125in M1611 Black,Computers,Wide World Importers,29376.00000000,9733.12000000,19642.88000000,64,14,14,0.66867102,2098.28571429,4.57142857,459.00000000,152.08000000
618,WWI Screen 113in M1610 Black,Computers,Wide World Importers,20631.00000000,6835.14000000,13795.86000000,69,19,19,0.66869565,1085.84210526,3.63157895,299.00000000,99.06000000
619,WWI Screen 106in M1609 Black,Computers,Wide World Importers,12801.00000000,5886.93000000,6914.07000000,51,14,14,0.54011952,914.35714286,3.64285714,251.00000000,115.43000000
62,WWI 2GB Spy Video Recorder Pen M300 White,Audio,Wide World Importers,51404.00000000,23640.16000000,27763.84000000,284,96,95,0.54011050,535.45833333,2.95833333,181.00000000,83.24000000
620,WWI Screen 100in M1609 Black,Computers,Wide World Importers,10260.00000000,4717.98000000,5542.02000000,54,12,12,0.54015789,855.00000000,4.50000000,190.00000000,87.37000000
621,WWI Screen 85in E1010 Black,Computers,Wide World Importers,7228.00000000,3685.24000000,3542.76000000,52,17,16,0.49014388,425.17647059,3.05882353,139.00000000,70.87000000
622,WWI Projector 1080p LCD86 White,Computers,Wide World Importers,128520.00000000,42581.28000000,85938.72000000,56,18,18,0.66867974,7140.00000000,3.11111111,2295.00000000,760.38000000
623,WWI Projector 1080p DLP86 White,Computers,Wide World Importers,147441.00000000,48850.23000000,98590.77000000,59,13,13,0.66867947,11341.61538462,4.53846154,2499.00000000,827.97000000
624,WWI Projector 720p LCD56 White,Computers,Wide World Importers,23766.00000000,10928.96000000,12837.04000000,34,13,13,0.54014306,1828.15384615,2.61538462,699.00000000,321.44000000
625,WWI Projector 720p DLP56 White,Computers,Wide World Importers,36963.00000000,16997.80000000,19965.20000000,37,15,15,0.54014014,2464.20000000,2.46666667,999.00000000,459.40000000
626,WWI Projector 480p LCD12 White,Computers,Wide World Importers,7557.00000000,3852.75000000,3704.25000000,33,11,11,0.49017467,687.00000000,3.00000000,229.00000000,116.75000000
627,WWI Projector 480p DLP12 White,Computers,Wide World Importers,12974.00000000,6614.40000000,6359.60000000,26,9,9,0.49018036,1441.55555556,2.88888889,499.00000000,254.40000000
628,WWI Screen 125in M1611 White,Computers,Wide World Importers,19278.00000000,6387.36000000,12890.64000000,42,16,16,0.66867102,1204.87500000,2.62500000,459.00000000,152.08000000
629,WWI Screen 113in M1610 White,Computers,Wide World Importers,8970.00000000,2971.80000000,5998.20000000,30,9,9,0.66869565,996.66666667,3.33333333,299.00000000,99.06000000
63,WWI 2GB Spy Video Recorder Pen M300 Blue,Audio,Wide World Importers,56834.00000000,26137.36000000,30696.64000000,314,90,90,0.54011050,631.48888889,3.48888889,181.00000000,83.24000000
630,WWI Screen 106in M1609 White,Computers,Wide World Importers,13052.00000000,6002.36000000,7049.64000000,52,19,19,0.54011952,686.94736842,2.73684211,251.00000000,115.43000000
631,WWI Screen 100in M1609 White,Computers,Wide World Importers,8930.00000000,4106.39000000,4823.61000000,47,18,18,0.54015789,496.11111111,2.61111111,190.00000000,87.37000000
632,WWI Screen 85in E1010 White,Computers,Wide World Importers,7923.00000000,4039.59000000,3883.41000000,57,22,22,0.49014388,360.13636364,2.59090909,139.00000000,70.87000000
633,WWI Projector 1080p LCD86 Silver,Computers,Wide World Importers,133110.00000000,44102.04000000,89007.96000000,58,15,15,0.66867974,8874.00000000,3.86666667,2295.00000000,760.38000000
634,WWI Projector 1080p DLP86 Silver,Computers,Wide World Importers,134946.00000000,44710.38000000,90235.62000000,54,16,16,0.66867947,8434.12500000,3.37500000,2499.00000000,827.97000000
635,WWI Projector 720p LCD56 Silver,Computers,Wide World Importers,37746.00000000,17357.76000000,20388.24000000,54,19,19,0.54014306,1986.63157895,2.84210526,699.00000000,321.44000000
636,WWI Projector 720p DLP56 Silver,Computers,Wide World Importers,51948.00000000,23888.80000000,28059.20000000,52,18,18,0.54014014,2886.00000000,2.88888889,999.00000000,459.40000000
637,WWI Projector 480p LCD12 Silver,Computers,Wide World Importers,8015.00000000,4086.25000000,3928.75000000,35,13,13,0.49017467,616.53846154,2.69230769,229.00000000,116.75000000
638,WWI Projector 480p DLP12 Silver,Computers,Wide World Importers,22455.00000000,11448.00000000,11007.00000000,45,15,15,0.49018036,1497.00000000,3.00000000,499.00000000,254.40000000
639,WWI Screen 125in M1611 Silver,Computers,Wide World Importers,26163.00000000,8668.56000000,17494.44000000,57,15,15,0.66867102,1744.20000000,3.80000000,459.00000000,152.08000000
64,WWI 2GB Spy Video Recorder Pen M300 Silver,Audio,Wide World Importers,58644.00000000,26969.76000000,31674.24000000,324,94,94,0.54011050,623.87234043,3.44680851,181.00000000,83.24000000
640,WWI Screen 113in M1610 Silver,Computers,Wide World Importers,12857.00000000,4259.58000000,8597.42000000,43,12,12,0.66869565,1071.41666667,3.58333333,299.00000000,99.06000000
641,WWI Screen 106in M1609 Silver,Computers,Wide World Importers,9538.00000000,4386.34000000,5151.66000000,38,14,14,0.54011952,681.28571429,2.71428571,251.00000000,115.43000000
642,Proseware Photo Ink Jet Printer M100 Black,Computers,Proseware,5565.00000000,2559.20000000,3005.80000000,35,9,9,0.54012579,618.33333333,3.88888889,159.00000000,73.12000000
643,Proseware Ink Jet All in one M300 Black,Computers,Proseware,7267.00000000,3341.96000000,3925.04000000,43,12,12,0.54011834,605.58333333,3.58333333,169.00000000,77.72000000
644,Proseware Laser Jet Printer E100 Black,Computers,Proseware,5135.00000000,2618.20000000,2516.80000000,65,16,16,0.49012658,320.93750000,4.06250000,79.00000000,40.28000000
645,Proseware Laser Jet Color Printer X300 Black,Computers,Proseware,11913.00000000,3947.25000000,7965.75000000,57,16,16,0.66866029,744.56250000,3.56250000,209.00000000,69.25000000
646,Proseware Laser Jet All in one X300 Black,Computers,Proseware,6789.00000000,2249.36000000,4539.64000000,31,12,12,0.66867580,565.75000000,2.58333333,219.00000000,72.56000000
647,Proseware Fax phone E100 Black,Computers,Proseware,4002.00000000,2040.56000000,1961.44000000,46,18,18,0.49011494,222.33333333,2.55555556,87.00000000,44.36000000
648,Proseware Fax Machine E100 Black,Computers,Proseware,3950.00000000,2014.00000000,1936.00000000,50,19,19,0.49012658,207.89473684,2.63157895,79.00000000,40.28000000
649,Proseware Laser Fax Printer E100 Black,Computers,Proseware,3822.00000000,1948.38000000,1873.62000000,42,14,14,0.49021978,273.00000000,3.00000000,91.00000000,46.39000000
65,WWI 2GB Spy Video Recorder Pen M300 Purple,Audio,Wide World Importers,63893.00000000,29383.72000000,34509.28000000,353,121,121,0.54011050,528.04132231,2.91735537,181.00000000,83.24000000
650,Proseware Ink Jet Fax Machine E100 Black,Computers,Proseware,3276.00000000,1670.34000000,1605.66000000,42,15,15,0.49012821,218.40000000,2.80000000,78.00000000,39.77000000
651,Proseware Mobile Receipt and Document Scanner M200 Black,Computers,Proseware,5568.00000000,2560.32000000,3007.68000000,48,14,14,0.54017241,397.71428571,3.42857143,116.00000000,53.34000000
652,Proseware Scan Jet Digital Flat Bed Scanner M300 Black,Computers,Proseware,3872.00000000,1780.48000000,2091.52000000,32,11,11,0.54016529,352.00000000,2.90909091,121.00000000,55.64000000
653,Proseware All-In-One Photo Printer M200 Black,Computers,Proseware,4488.00000000,2063.82000000,2424.18000000,33,12,12,0.54014706,374.00000000,2.75000000,136.00000000,62.54000000
654,Proseware Ink Jet Wireless All-In-One Printer M400 Black,Computers,Proseware,7353.00000000,3381.24000000,3971.76000000,57,20,20,0.54015504,367.65000000,2.85000000,129.00000000,59.32000000
655,Proseware Ink Jet Instant PDF Sheet-Fed Scanner M300 Black,Computers,Proseware,9120.00000000,4194.06000000,4925.94000000,57,15,15,0.54012500,608.00000000,3.80000000,160.00000000,73.58000000
656,"Proseware Desk Jet All-in-One Printer, Scanner, Copier M350 Black",Computers,Proseware,9954.00000000,4577.58000000,5376.42000000,63,19,19,0.54012658,523.89473684,3.31578947,158.00000000,72.66000000
657,Proseware Duplex Scanner M200 Black,Computers,Proseware,7301.00000000,3357.48000000,3943.52000000,49,12,12,0.54013423,608.41666667,4.08333333,149.00000000,68.52000000
658,Proseware High Speed Laser M2000 Black,Computers,Proseware,6897.00000000,2285.25000000,4611.75000000,33,10,10,0.66866029,689.70000000,3.30000000,209.00000000,69.25000000
659,Proseware Laser Fax Printer M250 Black,Computers,Proseware,6018.00000000,2767.26000000,3250.74000000,51,18,18,0.54016949,334.33333333,2.83333333,118.00000000,54.26000000
66,NT Bluetooth Stereo Headphones E52 Blue,Audio,Northwind Traders,7886.83000000,4021.70000000,3865.13000000,307,81,81,0.49007396,97.36827160,3.79012346,25.69000000,13.10000000
660,"Proseware Color Ink Jet Fax, Copier, Phone M250 Black",Computers,Proseware,5883.00000000,2705.44000000,3177.56000000,37,13,13,0.54012579,452.53846154,2.84615385,159.00000000,73.12000000
661,Proseware Color Inkjet Fax with 5.8 GHz Cordless Handset X250 Black,Computers,Proseware,16872.00000000,5589.96000000,11282.04000000,74,19,19,0.66868421,888.00000000,3.89473684,228.00000000,75.54000000
662,Proseware Slim-Design Fax Machine with Answering System X180 Black,Computers,Proseware,17464.00000000,5786.06000000,11677.94000000,74,19,19,0.66868644,919.15789474,3.89473684,236.00000000,78.19000000
663,Proseware High-Performance Business-Class Laser Fax X200 Black,Computers,Proseware,8184.00000000,2711.61000000,5472.39000000,33,10,10,0.66866935,818.40000000,3.30000000,248.00000000,82.17000000
664,Proseware Professional Quality Plain-Paper Fax and Copier X100 Black,Computers,Proseware,11450.00000000,3793.50000000,7656.50000000,50,14,14,0.66868996,817.85714286,3.57142857,229.00000000,75.87000000
665,Proseware Photo Inkjet Printer E290 Black,Computers,Proseware,4284.00000000,2184.00000000,2100.00000000,42,11,11,0.49019608,389.45454545,3.81818182,102.00000000,52.00000000
666,Proseware Office Jet All-in-One Printer M500 Black,Computers,Proseware,7172.00000000,3298.24000000,3873.76000000,44,17,17,0.54012270,421.88235294,2.58823529,163.00000000,74.96000000
667,Proseware Office Jet Wireless All-in-One Inkjet Printer M600 Black,Computers,Proseware,12730.00000000,5853.79000000,6876.21000000,67,18,18,0.54015789,707.22222222,3.72222222,190.00000000,87.37000000
668,Proseware Photo smart All-in-One Printer M380 Black,Computers,Proseware,8232.00000000,3785.60000000,4446.40000000,56,15,15,0.54013605,548.80000000,3.73333333,147.00000000,67.60000000
669,Proseware Wireless Photo All-in-One Printer M390 Black,Computers,Proseware,6580.00000000,3025.75000000,3554.25000000,35,16,16,0.54015957,411.25000000,2.18750000,188.00000000,86.45000000
67,NT Bluetooth Stereo Headphones E52 Black,Audio,Northwind Traders,6525.26000000,3327.40000000,3197.86000000,254,87,87,0.49007396,75.00298851,2.91954023,25.69000000,13.10000000
670,Proseware 23ppm Laser Printer with Wireless and Wired Network Interfaces M680 Black,Computers,Proseware,6664.00000000,3064.42000000,3599.58000000,34,9,9,0.54015306,740.44444444,3.77777778,196.00000000,90.13000000
671,Proseware Photo Inkjet Printer M100 Grey,Computers,Proseware,6678.00000000,3071.04000000,3606.96000000,42,13,13,0.54012579,513.69230769,3.23076923,159.00000000,73.12000000
672,Proseware Ink Jet All in one M300 Grey,Computers,Proseware,5577.00000000,2564.76000000,3012.24000000,33,12,12,0.54011834,464.75000000,2.75000000,169.00000000,77.72000000
673,Proseware Laser Jet Printer E100 Grey,Computers,Proseware,2054.00000000,1047.28000000,1006.72000000,26,10,10,0.49012658,205.40000000,2.60000000,79.00000000,40.28000000
674,Proseware Laser Jet Color Printer X300 Grey,Computers,Proseware,7315.00000000,2423.75000000,4891.25000000,35,8,8,0.66866029,914.37500000,4.37500000,209.00000000,69.25000000
675,Proseware Laser Jet All in one X300 Grey,Computers,Proseware,12264.00000000,4063.36000000,8200.64000000,56,18,18,0.66867580,681.33333333,3.11111111,219.00000000,72.56000000
676,Proseware Fax phone E100 Grey,Computers,Proseware,1479.00000000,754.12000000,724.88000000,17,10,10,0.49011494,147.90000000,1.70000000,87.00000000,44.36000000
677,Proseware Fax Machine E100 Grey,Computers,Proseware,5135.00000000,2618.20000000,2516.80000000,65,16,16,0.49012658,320.93750000,4.06250000,79.00000000,40.28000000
678,Proseware Laser Fax Printer E100 Grey,Computers,Proseware,4550.00000000,2319.50000000,2230.50000000,50,13,13,0.49021978,350.00000000,3.84615385,91.00000000,46.39000000
679,Proseware Ink Jet Fax Machine E100 Grey,Computers,Proseware,2028.00000000,1034.02000000,993.98000000,26,7,7,0.49012821,289.71428571,3.71428571,78.00000000,39.77000000
68,NT Bluetooth Stereo Headphones E52 Yellow,Audio,Northwind Traders,5240.76000000,2672.40000000,2568.36000000,204,70,70,0.49007396,74.86800000,2.91428571,25.69000000,13.10000000
680,Proseware Mobile Receipt and Document Scanner M200 Grey,Computers,Proseware,7772.00000000,3573.78000000,4198.22000000,67,21,21,0.54017241,370.09523810,3.19047619,116.00000000,53.34000000
681,Proseware Scan Jet Digital Flat Bed Scanner M300 Grey,Computers,Proseware,7139.00000000,3282.76000000,3856.24000000,59,21,21,0.54016529,339.95238095,2.80952381,121.00000000,55.64000000
682,Proseware All-In-One Photo Printer M200 Grey,Computers,Proseware,3808.00000000,1751.12000000,2056.88000000,28,9,9,0.54014706,423.11111111,3.11111111,136.00000000,62.54000000
683,Proseware Ink Jet Wireless All-In-One Printer M400 Grey,Computers,Proseware,10320.00000000,4745.60000000,5574.40000000,80,20,20,0.54015504,516.00000000,4.00000000,129.00000000,59.32000000
684,Proseware Ink Jet Instant PDF Sheet-Fed Scanner M300 Grey,Computers,Proseware,2560.00000000,1177.28000000,1382.72000000,16,6,6,0.54012500,426.66666667,2.66666667,160.00000000,73.58000000
685,"Proseware Desk Jet All-in-One Printer, Scanner, Copier M350 Grey",Computers,Proseware,3634.00000000,1671.18000000,1962.82000000,23,12,12,0.54012658,302.83333333,1.91666667,158.00000000,72.66000000
686,Proseware Duplex Scanner M200 Grey,Computers,Proseware,5513.00000000,2535.24000000,2977.76000000,37,16,16,0.54013423,344.56250000,2.31250000,149.00000000,68.52000000
687,Proseware High Speed Laser Fax M2000 Grey,Computers,Proseware,9823.00000000,3254.75000000,6568.25000000,47,14,14,0.66866029,701.64285714,3.35714286,209.00000000,69.25000000
688,Proseware Laser Fax Printer M250 Grey,Computers,Proseware,5546.00000000,2550.22000000,2995.78000000,47,18,18,0.54016949,308.11111111,2.61111111,118.00000000,54.26000000
689,"Proseware Color Ink Jet Fax, Copier, Phone M250 Grey",Computers,Proseware,4134.00000000,1901.12000000,2232.88000000,26,10,10,0.54012579,413.40000000,2.60000000,159.00000000,73.12000000
69,NT Bluetooth Stereo Headphones E52 Pink,Audio,Northwind Traders,8066.66000000,4113.40000000,3953.26000000,314,100,100,0.49007396,80.66660000,3.14000000,25.69000000,13.10000000
690,Proseware Color Ink Jet Fax with 5.8 GHz Cordless Handset X250 Grey,Computers,Proseware,6840.00000000,2266.20000000,4573.80000000,30,9,9,0.66868421,760.00000000,3.33333333,228.00000000,75.54000000
691,Proseware Slim-Design Fax Machine with Answering System X180 Grey,Computers,Proseware,15104.00000000,5004.16000000,10099.84000000,64,21,21,0.66868644,719.23809524,3.04761905,236.00000000,78.19000000
692,Proseware High-Performance Business-Class Laser Fax X200 Grey,Computers,Proseware,11904.00000000,3944.16000000,7959.84000000,48,17,17,0.66866935,700.23529412,2.82352941,248.00000000,82.17000000
693,Proseware Professional Quality Plain-Paper Fax and Copier X100 Grey,Computers,Proseware,9389.00000000,3110.67000000,6278.33000000,41,21,21,0.66868996,447.09523810,1.95238095,229.00000000,75.87000000
694,Proseware Photo Ink Jet Printer E290 Grey,Computers,Proseware,5304.00000000,2704.00000000,2600.00000000,52,16,16,0.49019608,331.50000000,3.25000000,102.00000000,52.00000000
695,Proseware Office Jet All-in-One Printer M500 Grey,Computers,Proseware,6357.00000000,2923.44000000,3433.56000000,39,11,11,0.54012270,577.90909091,3.54545455,163.00000000,74.96000000
696,Proseware Office Jet Wireless All-in-One Inkjet Printer M600 Grey,Computers,Proseware,8930.00000000,4106.39000000,4823.61000000,47,19,19,0.54015789,470.00000000,2.47368421,190.00000000,87.37000000
697,Proseware Photo Smart All-in-One Printer M380 Grey,Computers,Proseware,5439.00000000,2501.20000000,2937.80000000,37,12,12,0.54013605,453.25000000,3.08333333,147.00000000,67.60000000
698,Proseware Wireless Photo All-in-One Printer M390 Grey,Computers,Proseware,11092.00000000,5100.55000000,5991.45000000,59,20,20,0.54015957,554.60000000,2.95000000,188.00000000,86.45000000
699,Proseware 23ppm Laser Printer with Wireless and Wired Network Interfaces M680 Grey,Computers,Proseware,6076.00000000,2794.03000000,3281.97000000,31,12,12,0.54015306,506.33333333,2.58333333,196.00000000,90.13000000
7,Contoso 2G MP3 Player E200 Blue,Audio,Contoso,2178.57000000,1111.00000000,1067.57000000,101,27,27,0.49003245,80.68777778,3.74074074,21.57000000,11.00000000
70,NT Wireless Bluetooth Stereo Headphones E102 Silver,Audio,Northwind Traders,13426.00000000,6174.00000000,7252.00000000,280,93,93,0.54014599,144.36559140,3.01075269,47.95000000,22.05000000
700,Proseware Photo Ink Jet Printer M100 White,Computers,Proseware,2862.00000000,1316.16000000,1545.84000000,18,7,7,0.54012579,408.85714286,2.57142857,159.00000000,73.12000000
701,Proseware Ink Jet All in one M300 White,Computers,Proseware,7436.00000000,3419.68000000,4016.32000000,44,16,16,0.54011834,464.75000000,2.75000000,169.00000000,77.72000000
702,Proseware Laser Jet Printer E100 White,Computers,Proseware,3318.00000000,1691.76000000,1626.24000000,42,13,13,0.49012658,255.23076923,3.23076923,79.00000000,40.28000000
703,Proseware Laser Jet Color Printer X300 White,Computers,Proseware,16929.00000000,5609.25000000,11319.75000000,81,18,18,0.66866029,940.50000000,4.50000000,209.00000000,69.25000000
704,Proseware Laser Jet All in one X300 White,Computers,Proseware,2409.00000000,798.16000000,1610.84000000,11,7,7,0.66867580,344.14285714,1.57142857,219.00000000,72.56000000
705,Proseware Fax Phone E100 White,Computers,Proseware,4350.00000000,2218.00000000,2132.00000000,50,13,13,0.49011494,334.61538462,3.84615385,87.00000000,44.36000000
706,Proseware Fax Machine E100 White,Computers,Proseware,4661.00000000,2376.52000000,2284.48000000,59,15,15,0.49012658,310.73333333,3.93333333,79.00000000,40.28000000
707,Proseware Laser Fax Printer E100 White,Computers,Proseware,4004.00000000,2041.16000000,1962.84000000,44,14,14,0.49021978,286.00000000,3.14285714,91.00000000,46.39000000
708,Proseware Ink Jet Fax Machine E100 White,Computers,Proseware,4368.00000000,2227.12000000,2140.88000000,56,17,17,0.49012821,256.94117647,3.29411765,78.00000000,39.77000000
709,Proseware Mobile Receipt and Document Scanner M200 White,Computers,Proseware,5452.00000000,2506.98000000,2945.02000000,47,13,13,0.54017241,419.38461538,3.61538462,116.00000000,53.34000000
71,NT Wireless Bluetooth Stereo Headphones E102 Black,Audio,Northwind Traders,13473.95000000,6196.05000000,7277.90000000,281,91,91,0.54014599,148.06538462,3.08791209,47.95000000,22.05000000
710,Proseware Scan Jet Digital Flat Bed Scanner M300 White,Computers,Proseware,6292.00000000,2893.28000000,3398.72000000,52,17,17,0.54016529,370.11764706,3.05882353,121.00000000,55.64000000
711,Proseware All-In-One Photo Printer M200 White,Computers,Proseware,4760.00000000,2188.90000000,2571.10000000,35,12,12,0.54014706,396.66666667,2.91666667,136.00000000,62.54000000
712,Proseware Ink Jet Wireless All-In-One Printer M400 White,Computers,Proseware,5547.00000000,2550.76000000,2996.24000000,43,16,16,0.54015504,346.68750000,2.68750000,129.00000000,59.32000000
713,Proseware Ink Jet Instant PDF Sheet-Fed Scanner M300 White,Computers,Proseware,6400.00000000,2943.20000000,3456.80000000,40,18,18,0.54012500,355.55555556,2.22222222,160.00000000,73.58000000
714,"Proseware Desk Jet All-in-One Printer, Scanner, Copier M350 White",Computers,Proseware,9006.00000000,4141.62000000,4864.38000000,57,16,16,0.54012658,562.87500000,3.56250000,158.00000000,72.66000000
715,Proseware Duplex Scanner M200 White,Computers,Proseware,8642.00000000,3974.16000000,4667.84000000,58,12,12,0.54013423,720.16666667,4.83333333,149.00000000,68.52000000
716,Proseware High Speed Laser M2000 White,Computers,Proseware,7733.00000000,2562.25000000,5170.75000000,37,13,13,0.66866029,594.84615385,2.84615385,209.00000000,69.25000000
717,Proseware Laser Fax Printer M250 White,Computers,Proseware,2360.00000000,1085.20000000,1274.80000000,20,8,8,0.54016949,295.00000000,2.50000000,118.00000000,54.26000000
718,"Proseware Color Ink jet Fax, Copier, Phone M250 White",Computers,Proseware,9540.00000000,4387.20000000,5152.80000000,60,20,20,0.54012579,477.00000000,3.00000000,159.00000000,73.12000000
719,Proseware Color Ink Jet Fax with 5.8 GHz Cordless Handset X250 White,Computers,Proseware,11172.00000000,3701.46000000,7470.54000000,49,14,14,0.66868421,798.00000000,3.50000000,228.00000000,75.54000000
72,NT Wireless Bluetooth Stereo Headphones E102 Blue,Audio,Northwind Traders,12850.60000000,5909.40000000,6941.20000000,268,85,85,0.54014599,151.18352941,3.15294118,47.95000000,22.05000000
720,Proseware Slim-Design Fax Machine with Answering System X180 White,Computers,Proseware,8024.00000000,2658.46000000,5365.54000000,34,12,12,0.66868644,668.66666667,2.83333333,236.00000000,78.19000000
721,Proseware High-Performance Business-Class Laser Fax X200 White,Computers,Proseware,22568.00000000,7477.47000000,15090.53000000,91,26,26,0.66866935,868.00000000,3.50000000,248.00000000,82.17000000
722,Proseware Professional Quality Plain-Paper Fax and Copier X100 White,Computers,Proseware,7099.00000000,2351.97000000,4747.03000000,31,10,10,0.66868996,709.90000000,3.10000000,229.00000000,75.87000000
723,Proseware Photo Ink jet Printer E290 White,Computers,Proseware,5202.00000000,2652.00000000,2550.00000000,51,18,18,0.49019608,289.00000000,2.83333333,102.00000000,52.00000000
724,Proseware Office Jet All-in-One Printer M500 White,Computers,Proseware,8639.00000000,3972.88000000,4666.12000000,53,15,15,0.54012270,575.93333333,3.53333333,163.00000000,74.96000000
725,Proseware Office Jet Wireless All-in-One Inkjet Printer M600 White,Computers,Proseware,6270.00000000,2883.21000000,3386.79000000,33,10,10,0.54015789,627.00000000,3.30000000,190.00000000,87.37000000
726,Proseware Photo Smart All-in-One Printer M380 White,Computers,Proseware,8673.00000000,3988.40000000,4684.60000000,59,17,17,0.54013605,510.17647059,3.47058824,147.00000000,67.60000000
727,Proseware Wireless Photo All-in-One Printer M390 White,Computers,Proseware,8460.00000000,3890.25000000,4569.75000000,45,12,12,0.54015957,705.00000000,3.75000000,188.00000000,86.45000000
728,Proseware 23ppm Laser Printer with Wireless and Wired Network Interfaces M680 White,Computers,Proseware,5292.00000000,2433.51000000,2858.49000000,27,11,11,0.54015306,481.09090909,2.45454545,196.00000000,90.13000000
729,Proseware Scan Jet Digital Flat Bed Scanner M300 Green,Computers,Proseware,6292.00000000,2893.28000000,3398.72000000,52,16,16,0.54016529,393.25000000,3.25000000,121.00000000,55.64000000
73,NT Wireless Bluetooth Stereo Headphones E102 White,Audio,Northwind Traders,15296.05000000,7033.95000000,8262.10000000,319,99,98,0.54014599,154.50555556,3.22222222,47.95000000,22.05000000
730,Proseware All-In-One Photo Printer M200 Green,Computers,Proseware,6120.00000000,2814.30000000,3305.70000000,45,15,15,0.54014706,408.00000000,3.00000000,136.00000000,62.54000000
731,Proseware Ink Jet Wireless All-In-One Printer M400 Green,Computers,Proseware,6837.00000000,3143.96000000,3693.04000000,53,19,19,0.54015504,359.84210526,2.78947368,129.00000000,59.32000000
732,Proseware Ink Jet Instant PDF Sheet-Fed Scanner M300 Green,Computers,Proseware,6080.00000000,2796.04000000,3283.96000000,38,14,14,0.54012500,434.28571429,2.71428571,160.00000000,73.58000000
733,"Proseware Desk Jet All-in-One Printer, Scanner, Copier M350 Green",Computers,Proseware,4740.00000000,2179.80000000,2560.20000000,30,12,12,0.54012658,395.00000000,2.50000000,158.00000000,72.66000000
734,Proseware Duplex Scanner M200 Green,Computers,Proseware,6705.00000000,3083.40000000,3621.60000000,45,14,14,0.54013423,478.92857143,3.21428571,149.00000000,68.52000000
735,Proseware High Speed Laser M2000 Green,Computers,Proseware,14421.00000000,4778.25000000,9642.75000000,69,22,22,0.66866029,655.50000000,3.13636364,209.00000000,69.25000000
736,Proseware Laser Fax Printer M250 Green,Computers,Proseware,2478.00000000,1139.46000000,1338.54000000,21,8,8,0.54016949,309.75000000,2.62500000,118.00000000,54.26000000
737,"Proseware Color Ink Jet Fax, Copier, Phone M250 Green",Computers,Proseware,12402.00000000,5703.36000000,6698.64000000,78,24,24,0.54012579,516.75000000,3.25000000,159.00000000,73.12000000
738,Proseware Color Ink Jet Fax with 5.8 GHz Cordless Handset X250 Green,Computers,Proseware,12312.00000000,4079.16000000,8232.84000000,54,18,18,0.66868421,684.00000000,3.00000000,228.00000000,75.54000000
739,Proseware Slim-Design Fax Machine with Answering System X180 Green,Computers,Proseware,10856.00000000,3596.74000000,7259.26000000,46,17,17,0.66868644,638.58823529,2.70588235,236.00000000,78.19000000
74,NT Bluetooth Active Headphones E202 Black,Audio,Northwind Traders,7703.85000000,3542.35000000,4161.50000000,203,66,65,0.54018445,116.72500000,3.07575758,37.95000000,17.45000000
740,Proseware High-Performance Business-Class Laser Fax X200 Green,Computers,Proseware,12152.00000000,4026.33000000,8125.67000000,49,17,17,0.66866935,714.82352941,2.88235294,248.00000000,82.17000000
741,Proseware Professional Quality Plain-Paper Fax and Copier X100 Green,Computers,Proseware,4580.00000000,1517.40000000,3062.60000000,20,7,7,0.66868996,654.28571429,2.85714286,229.00000000,75.87000000
742,Proseware Photo Inkjet Printer E290 Green,Computers,Proseware,8466.00000000,4316.00000000,4150.00000000,83,19,19,0.49019608,445.57894737,4.36842105,102.00000000,52.00000000
743,Contoso Rechargeable Battery E100 Black,Computers,Contoso,336.70000000,171.60000000,165.10000000,26,8,8,0.49034749,42.08750000,3.25000000,12.95000000,6.60000000
744,Contoso Dual USB Power Adapter - power adapter E300 Black,Computers,Contoso,997.50000000,508.50000000,489.00000000,25,6,6,0.49022556,166.25000000,4.16666667,39.90000000,20.34000000
745,Contoso Car power adapter M90 Black,Computers,Contoso,399.00000000,183.40000000,215.60000000,20,6,6,0.54035088,66.50000000,3.33333333,19.95000000,9.17000000
746,Contoso Notebook Peripheral Kit M69 Black,Computers,Contoso,396.00000000,182.16000000,213.84000000,24,7,7,0.54000000,56.57142857,3.42857143,16.50000000,7.59000000
747,Contoso Mouse Lock Bundle E200 Black,Computers,Contoso,284.90000000,145.20000000,139.70000000,22,8,8,0.49034749,35.61250000,2.75000000,12.95000000,6.60000000
748,Contoso Education Supplies Bundle E200 Black,Computers,Contoso,621.00000000,316.48000000,304.52000000,46,10,10,0.49037037,62.10000000,4.60000000,13.50000000,6.88000000
749,Contoso Laptop Starter Bundle M200 Black,Computers,Contoso,346.50000000,159.39000000,187.11000000,21,6,6,0.54000000,57.75000000,3.50000000,16.50000000,7.59000000
75,NT Bluetooth Active Headphones E202 White,Audio,Northwind Traders,11385.00000000,5235.00000000,6150.00000000,300,98,98,0.54018445,116.17346939,3.06122449,37.95000000,17.45000000
750,Contoso Education Essentials Bundle M300 Black,Computers,Contoso,285.00000000,131.10000000,153.90000000,30,7,7,0.54000000,40.71428571,4.28571429,9.50000000,4.37000000
751,Contoso Desktop Alternative Bundle E200 Black,Computers,Contoso,80.50000000,41.02000000,39.48000000,7,4,4,0.49043478,20.12500000,1.75000000,11.50000000,5.86000000
752,Contoso Power Inverter - DC to AC power inverter E900 Black,Computers,Contoso,161.50000000,82.28000000,79.22000000,17,8,8,0.49052632,20.18750000,2.12500000,9.50000000,4.84000000
753,Contoso Smart Battery M901 Black,Computers,Contoso,138.00000000,63.48000000,74.52000000,12,5,5,0.54000000,27.60000000,2.40000000,11.50000000,5.29000000
754,Contoso Laptop Cooling Hub notebook fan with 4 ports USB hub E80 Black,Computers,Contoso,897.00000000,457.20000000,439.80000000,30,9,9,0.49030100,99.66666667,3.33333333,29.90000000,15.24000000
755,Contoso Home/Office Laptop Power Adapter E300 Black,Computers,Contoso,790.50000000,403.00000000,387.50000000,31,9,9,0.49019608,87.83333333,3.44444444,25.50000000,13.00000000
756,Contoso USB 2.0 Dock Station docking station M800 Black,Computers,Contoso,717.60000000,330.00000000,387.60000000,24,8,8,0.54013378,89.70000000,3.00000000,29.90000000,13.75000000
757,Contoso Enhanced Capacity Battery M800 Black,Computers,Contoso,837.00000000,384.90000000,452.10000000,30,9,9,0.54014337,93.00000000,3.33333333,27.90000000,12.83000000
758,Contoso Connectivity Starter Kit Smart Buy M680 Black,Computers,Contoso,390.60000000,179.62000000,210.98000000,14,5,5,0.54014337,78.12000000,2.80000000,27.90000000,12.83000000
759,Contoso 90W AC/DC Power Adapter E300 Black,Computers,Contoso,309.40000000,157.82000000,151.58000000,26,6,6,0.48991597,51.56666667,4.33333333,11.90000000,6.07000000
76,NT Bluetooth Active Headphones E202 Red,Audio,Northwind Traders,10094.70000000,4641.70000000,5453.00000000,266,89,89,0.54018445,113.42359551,2.98876404,37.95000000,17.45000000
760,Contoso Reserve Pen - Tablet Pen E200 Black,Computers,Contoso,472.60000000,241.06000000,231.54000000,34,10,10,0.48992806,47.26000000,3.40000000,13.90000000,7.09000000
761,Contoso USB Data Link-direct connect adapter E600 Black,Computers,Contoso,236.60000000,120.68000000,115.92000000,14,5,5,0.48994083,47.32000000,2.80000000,16.90000000,8.62000000
762,Contoso Primary Extended Capacity Battery Pack - notebook battery X100 Black,Computers,Contoso,1186.50000000,393.05000000,793.45000000,35,11,11,0.66873156,107.86363636,3.18181818,33.90000000,11.23000000
763,Contoso Digital camera accessory kit M200 Black,Computers,Contoso,812.60000000,373.66000000,438.94000000,34,10,10,0.54016736,81.26000000,3.40000000,23.90000000,10.99000000
764,Contoso Leather Case - case for digital photo camera X20 Black,Computers,Contoso,279.30000000,92.54000000,186.76000000,7,4,4,0.66867168,69.82500000,1.75000000,39.90000000,13.22000000
765,Contoso Lens cap E80 Black,Computers,Contoso,389.35000000,198.51000000,190.84000000,13,4,4,0.49015025,97.33750000,3.25000000,29.95000000,15.27000000
766,Contoso Battery charger - bike E200 Black,Computers,Contoso,457.70000000,233.45000000,224.25000000,23,7,7,0.48994975,65.38571429,3.28571429,19.90000000,10.15000000
767,Contoso USB Optical Mouse E200 Black,Computers,Contoso,465.00000000,237.00000000,228.00000000,30,8,8,0.49032258,58.12500000,3.75000000,15.50000000,7.90000000
768,Contoso ADSL Modem Splitter/Filter X 1 E100 Black,Computers,Contoso,214.80000000,109.56000000,105.24000000,12,4,4,0.48994413,53.70000000,3.00000000,17.90000000,9.13000000
769,Contoso ADSL Modem Splitter/Filter X 2 E200 Black,Computers,Contoso,435.10000000,221.92000000,213.18000000,19,8,8,0.48995633,54.38750000,2.37500000,22.90000000,11.68000000
77,NT Bluetooth Active Headphones E202 Silver,Audio,Northwind Traders,9791.10000000,4502.10000000,5289.00000000,258,77,77,0.54018445,127.15714286,3.35064935,37.95000000,17.45000000
770,Contoso ADSL Modem Splitter/Filter X 3 E300 Black,Computers,Contoso,264.50000000,134.85000000,129.65000000,5,2,2,0.49017013,132.25000000,2.50000000,52.90000000,26.97000000
771,Contoso USB Wave Multi-media Keyboard E280 Black,Computers,Contoso,302.10000000,154.09000000,148.01000000,19,6,6,0.48993711,50.35000000,3.16666667,15.90000000,8.11000000
772,Contoso Cables To Go USB 2.0 Hard Drive Enclosure E920 Black,Computers,Contoso,392.70000000,200.31000000,192.39000000,33,9,9,0.48991597,43.63333333,3.66666667,11.90000000,6.07000000
773,Contoso USB Wave Multi-media Keyboard E280 Blue,Computers,Contoso,397.50000000,202.75000000,194.75000000,25,8,8,0.48993711,49.68750000,3.12500000,15.90000000,8.11000000
774,Contoso USB Optical Mouse E200 Blue,Computers,Contoso,418.50000000,213.30000000,205.20000000,27,11,11,0.49032258,38.04545455,2.45454545,15.50000000,7.90000000
775,Contoso Smart Battery M901 Blue,Computers,Contoso,57.50000000,26.45000000,31.05000000,5,3,3,0.54000000,19.16666667,1.66666667,11.50000000,5.29000000
776,Contoso Digital Camera Accessory kit M200 Blue,Computers,Contoso,669.20000000,307.72000000,361.48000000,28,9,9,0.54016736,74.35555556,3.11111111,23.90000000,10.99000000
777,Contoso Reserve Pen -Tablet Pen E200 Blue,Computers,Contoso,417.00000000,212.70000000,204.30000000,30,9,9,0.48992806,46.33333333,3.33333333,13.90000000,7.09000000
778,Contoso Rechargeable Battery E100 White,Computers,Contoso,556.85000000,283.80000000,273.05000000,43,14,14,0.49034749,39.77500000,3.07142857,12.95000000,6.60000000
779,Contoso Dual USB Power Adapter - power adapter E300 White,Computers,Contoso,638.40000000,325.44000000,312.96000000,16,8,8,0.49022556,79.80000000,2.00000000,39.90000000,20.34000000
78,NT Wireless Bluetooth Stereo Headphones E302 Silver,Audio,Northwind Traders,10543.00000000,4849.00000000,5694.00000000,260,87,87,0.54007398,121.18390805,2.98850575,40.55000000,18.65000000
780,Contoso Car power adapter M90 White,Computers,Contoso,478.80000000,220.08000000,258.72000000,24,10,10,0.54035088,47.88000000,2.40000000,19.95000000,9.17000000
781,Contoso Notebook Peripheral Kit M69 White,Computers,Contoso,313.50000000,144.21000000,169.29000000,19,6,6,0.54000000,52.25000000,3.16666667,16.50000000,7.59000000
782,Contoso Mouse Lock Bundle E200 White,Computers,Contoso,194.25000000,99.00000000,95.25000000,15,8,8,0.49034749,24.28125000,1.87500000,12.95000000,6.60000000
783,Contoso Education Supplies Bundle E200 White,Computers,Contoso,391.50000000,199.52000000,191.98000000,29,8,8,0.49037037,48.93750000,3.62500000,13.50000000,6.88000000
784,Contoso Laptop Starter Bundle M200 White,Computers,Contoso,594.00000000,273.24000000,320.76000000,36,10,10,0.54000000,59.40000000,3.60000000,16.50000000,7.59000000
785,Contoso Education Essentials Bundle M300 White,Computers,Contoso,171.00000000,78.66000000,92.34000000,18,6,6,0.54000000,28.50000000,3.00000000,9.50000000,4.37000000
786,Contoso Desktop Alternative Bundle E200 White,Computers,Contoso,218.50000000,111.34000000,107.16000000,19,6,6,0.49043478,36.41666667,3.16666667,11.50000000,5.86000000
787,Contoso Power Inverter - DC to AC power inverter E900 White,Computers,Contoso,247.00000000,125.84000000,121.16000000,26,7,7,0.49052632,35.28571429,3.71428571,9.50000000,4.84000000
788,Contoso Smart Battery M901 White,Computers,Contoso,80.50000000,37.03000000,43.47000000,7,4,4,0.54000000,20.12500000,1.75000000,11.50000000,5.29000000
789,Contoso Laptop Cooling Hub notebook fan with 4 ports USB hub E80 White,Computers,Contoso,687.70000000,350.52000000,337.18000000,23,11,11,0.49030100,62.51818182,2.09090909,29.90000000,15.24000000
79,NT Wireless Bluetooth Stereo Headphones E302 White,Audio,Northwind Traders,10259.15000000,4718.45000000,5540.70000000,253,87,87,0.54007398,117.92126437,2.90804598,40.55000000,18.65000000
790,Contoso Home/Office Laptop Power Adapter E300 White,Computers,Contoso,663.00000000,338.00000000,325.00000000,26,9,9,0.49019608,73.66666667,2.88888889,25.50000000,13.00000000
791,Contoso USB 2.0 Dock Station docking station M800 White,Computers,Contoso,1225.90000000,563.75000000,662.15000000,41,14,14,0.54013378,87.56428571,2.92857143,29.90000000,13.75000000
792,Contoso Enhanced Capacity Battery M800 White,Computers,Contoso,837.00000000,384.90000000,452.10000000,30,9,9,0.54014337,93.00000000,3.33333333,27.90000000,12.83000000
793,Contoso Connectivity Starter Kit Smart Buy M680 White,Computers,Contoso,669.60000000,307.92000000,361.68000000,24,8,8,0.54014337,83.70000000,3.00000000,27.90000000,12.83000000
794,Contoso 90W AC/DC Power Adapter E300 White,Computers,Contoso,368.90000000,188.17000000,180.73000000,31,10,10,0.48991597,36.89000000,3.10000000,11.90000000,6.07000000
795,Contoso Reserve Pen - Tablet Pen E200 White,Computers,Contoso,375.30000000,191.43000000,183.87000000,27,9,9,0.48992806,41.70000000,3.00000000,13.90000000,7.09000000
796,Contoso USB Data Link - direct connect adapter E600 White,Computers,Contoso,473.20000000,241.36000000,231.84000000,28,5,5,0.48994083,94.64000000,5.60000000,16.90000000,8.62000000
797,Contoso Primary Extended Capacity Battery Pack - notebook battery X100 White,Computers,Contoso,1118.70000000,370.59000000,748.11000000,33,8,8,0.66873156,139.83750000,4.12500000,33.90000000,11.23000000
798,Contoso Digital camera accessory kit M200 White,Computers,Contoso,334.60000000,153.86000000,180.74000000,14,5,5,0.54016736,66.92000000,2.80000000,23.90000000,10.99000000
799,Contoso Leather Case - case for digital photo camera X20 White,Computers,Contoso,957.60000000,317.28000000,640.32000000,24,9,9,0.66867168,106.40000000,2.66666667,39.90000000,13.22000000
8,Contoso 4G MP3 Player E400 Silver,Audio,Contoso,3299.45000000,1681.90000000,1617.55000000,55,23,23,0.49024837,143.45434783,2.39130435,59.99000000,30.58000000
80,NT Wireless Bluetooth Stereo Headphones E302 Yellow,Audio,Northwind Traders,11070.15000000,5091.45000000,5978.70000000,273,84,84,0.54007398,131.78750000,3.25000000,40.55000000,18.65000000
800,Contoso Lens cap E80 White,Computers,Contoso,868.55000000,442.83000000,425.72000000,29,12,12,0.49015025,72.37916667,2.41666667,29.95000000,15.27000000
801,Contoso Battery charger - bike E200 White,Computers,Contoso,358.20000000,182.70000000,175.50000000,18,7,7,0.48994975,51.17142857,2.57142857,19.90000000,10.15000000
802,Contoso USB Optical Mouse E200 White,Computers,Contoso,573.50000000,292.30000000,281.20000000,37,11,11,0.49032258,52.13636364,3.36363636,15.50000000,7.90000000
803,Contoso ADSL Modem Splitter/Filter X 1 E100 White,Computers,Contoso,393.80000000,200.86000000,192.94000000,22,6,6,0.48994413,65.63333333,3.66666667,17.90000000,9.13000000
804,Contoso ADSL Modem Splitter/Filter X 2 E200 White,Computers,Contoso,366.40000000,186.88000000,179.52000000,16,6,6,0.48995633,61.06666667,2.66666667,22.90000000,11.68000000
805,Contoso ADSL Modem Splitter/Filter X 3 E300 White,Computers,Contoso,1269.60000000,647.28000000,622.32000000,24,11,11,0.49017013,115.41818182,2.18181818,52.90000000,26.97000000
806,Contoso USB Wave Multi-media Keyboard E280 White,Computers,Contoso,397.50000000,202.75000000,194.75000000,25,9,9,0.48993711,44.16666667,2.77777778,15.90000000,8.11000000
807,Contoso Cables To Go USB 2.0 Hard Drive Enclosure E920 White,Computers,Contoso,595.00000000,303.50000000,291.50000000,50,13,13,0.48991597,45.76923077,3.84615385,11.90000000,6.07000000
808,Contoso Rechargeable Battery E100 Grey,Computers,Contoso,323.75000000,165.00000000,158.75000000,25,5,5,0.49034749,64.75000000,5.00000000,12.95000000,6.60000000
809,Contoso Dual USB Power Adapter - power adapter E300 Grey,Computers,Contoso,558.60000000,284.76000000,273.84000000,14,5,5,0.49022556,111.72000000,2.80000000,39.90000000,20.34000000
81,NT Wireless Bluetooth Stereo Headphones E302 Black,Audio,Northwind Traders,11718.95000000,5389.85000000,6329.10000000,289,81,80,0.54007398,144.67839506,3.56790123,40.55000000,18.65000000
810,Contoso Car power adapter M90 Grey,Computers,Contoso,598.50000000,275.10000000,323.40000000,30,13,13,0.54035088,46.03846154,2.30769231,19.95000000,9.17000000
811,Contoso Notebook Peripheral Kit M69 Grey,Computers,Contoso,198.00000000,91.08000000,106.92000000,12,5,5,0.54000000,39.60000000,2.40000000,16.50000000,7.59000000
812,Contoso Mouse Lock Bundle E200 Grey,Computers,Contoso,543.90000000,277.20000000,266.70000000,42,11,11,0.49034749,49.44545455,3.81818182,12.95000000,6.60000000
813,Contoso Education Supplies Bundle E200 Grey,Computers,Contoso,202.50000000,103.20000000,99.30000000,15,6,6,0.49037037,33.75000000,2.50000000,13.50000000,6.88000000
814,Contoso Laptop Starter Bundle M200 Grey,Computers,Contoso,412.50000000,189.75000000,222.75000000,25,8,8,0.54000000,51.56250000,3.12500000,16.50000000,7.59000000
815,Contoso Education Essentials Bundle M300 Grey,Computers,Contoso,294.50000000,135.47000000,159.03000000,31,10,10,0.54000000,29.45000000,3.10000000,9.50000000,4.37000000
816,Contoso Desktop Alternative Bundle E200 Grey,Computers,Contoso,80.50000000,41.02000000,39.48000000,7,4,4,0.49043478,20.12500000,1.75000000,11.50000000,5.86000000
817,Contoso Power Inverter - DC to AC power inverter E900 Grey,Computers,Contoso,237.50000000,121.00000000,116.50000000,25,8,8,0.49052632,29.68750000,3.12500000,9.50000000,4.84000000
818,Contoso Smart Battery M901 Grey,Computers,Contoso,207.00000000,95.22000000,111.78000000,18,6,6,0.54000000,34.50000000,3.00000000,11.50000000,5.29000000
819,Contoso Laptop Cooling Hub notebook fan with 4 ports USB hub E80 Grey,Computers,Contoso,1196.00000000,609.60000000,586.40000000,40,9,9,0.49030100,132.88888889,4.44444444,29.90000000,15.24000000
82,NT Wireless Bluetooth Stereo Headphones E302 Pink,Audio,Northwind Traders,11475.65000000,5277.95000000,6197.70000000,283,94,94,0.54007398,122.08138298,3.01063830,40.55000000,18.65000000
820,Contoso Home/Office Laptop Power Adapter E300 Grey,Computers,Contoso,127.50000000,65.00000000,62.50000000,5,4,4,0.49019608,31.87500000,1.25000000,25.50000000,13.00000000
821,Contoso USB 2.0 Dock Station docking station M800 Grey,Computers,Contoso,717.60000000,330.00000000,387.60000000,24,7,7,0.54013378,102.51428571,3.42857143,29.90000000,13.75000000
822,Contoso Enhanced Capacity Battery M800 Grey,Computers,Contoso,864.90000000,397.73000000,467.17000000,31,9,9,0.54014337,96.10000000,3.44444444,27.90000000,12.83000000
823,Contoso Connectivity Starter Kit Smart Buy M680 Grey,Computers,Contoso,558.00000000,256.60000000,301.40000000,20,8,8,0.54014337,69.75000000,2.50000000,27.90000000,12.83000000
824,Contoso 90W AC/DC Power Adapter E300 Grey,Computers,Contoso,226.10000000,115.33000000,110.77000000,19,3,3,0.48991597,75.36666667,6.33333333,11.90000000,6.07000000
825,Contoso Reserve Pen - Tablet Pen E200 Grey,Computers,Contoso,208.50000000,106.35000000,102.15000000,15,6,6,0.48992806,34.75000000,2.50000000,13.90000000,7.09000000
826,Contoso USB Data Link - direct connect adapter E600 Grey,Computers,Contoso,557.70000000,284.46000000,273.24000000,33,10,10,0.48994083,55.77000000,3.30000000,16.90000000,8.62000000
827,Contoso Primary Extended Capacity Battery Pack - notebook battery X100 Grey,Computers,Contoso,1356.00000000,449.20000000,906.80000000,40,9,9,0.66873156,150.66666667,4.44444444,33.90000000,11.23000000
828,Contoso Digital camera accessory kit M200 Grey,Computers,Contoso,478.00000000,219.80000000,258.20000000,20,7,7,0.54016736,68.28571429,2.85714286,23.90000000,10.99000000
829,Contoso Leather Case - case for digital photo camera X20 Grey,Computers,Contoso,1236.90000000,409.82000000,827.08000000,31,9,9,0.66867168,137.43333333,3.44444444,39.90000000,13.22000000
83,NT Wireless Bluetooth Stereo Headphones M402 Silver,Audio,Northwind Traders,22297.77000000,10253.54000000,12044.23000000,223,72,72,0.54015402,309.69125000,3.09722222,99.99000000,45.98000000
830,Contoso Lens cap E80 Grey,Computers,Contoso,179.70000000,91.62000000,88.08000000,6,4,4,0.49015025,44.92500000,1.50000000,29.95000000,15.27000000
831,Contoso Battery charger - bike E200 Grey,Computers,Contoso,417.90000000,213.15000000,204.75000000,21,10,10,0.48994975,41.79000000,2.10000000,19.90000000,10.15000000
832,Contoso USB Optical Mouse E200 Grey,Computers,Contoso,403.00000000,205.40000000,197.60000000,26,7,7,0.49032258,57.57142857,3.71428571,15.50000000,7.90000000
833,Contoso ADSL Modem Splitter/Filter X 1 E100 Grey,Computers,Contoso,483.30000000,246.51000000,236.79000000,27,9,9,0.48994413,53.70000000,3.00000000,17.90000000,9.13000000
834,Contoso ADSL Modem Splitter/Filter X 2 E200 Grey,Computers,Contoso,343.50000000,175.20000000,168.30000000,15,7,7,0.48995633,49.07142857,2.14285714,22.90000000,11.68000000
835,Contoso ADSL Modem Splitter/Filter X 3 E300 Grey,Computers,Contoso,1481.20000000,755.16000000,726.04000000,28,8,8,0.49017013,185.15000000,3.50000000,52.90000000,26.97000000
836,Contoso USB Wave Multi-Media Keyboard E280 Grey,Computers,Contoso,636.00000000,324.40000000,311.60000000,40,9,9,0.48993711,70.66666667,4.44444444,15.90000000,8.11000000
837,Contoso Cables To Go USB 2.0 Hard Drive Enclosure E920 Grey,Computers,Contoso,309.40000000,157.82000000,151.58000000,26,8,8,0.48991597,38.67500000,3.25000000,11.90000000,6.07000000
838,Contoso USB Optical Mouse E200 Gold,Computers,Contoso,217.00000000,110.60000000,106.40000000,14,6,6,0.49032258,36.16666667,2.33333333,15.50000000,7.90000000
839,Contoso USB Wave Multi-Media Keyboard M901 Gold,Computers,Contoso,233.10000000,107.19000000,125.91000000,9,2,2,0.54015444,116.55000000,4.50000000,25.90000000,11.91000000
84,NT Wireless Bluetooth Stereo Headphones M402 Red,Audio,Northwind Traders,31096.89000000,14299.78000000,16797.11000000,311,94,94,0.54015402,330.81797872,3.30851064,99.99000000,45.98000000
840,Contoso Laptop Cooling Hub notebook fan with 4 ports USB hub M200 Gold,Computers,Contoso,1037.40000000,477.10000000,560.30000000,26,8,8,0.54010025,129.67500000,3.25000000,39.90000000,18.35000000
841,Contoso Reserve Pen - Tablet Pen E200 Gold,Computers,Contoso,180.70000000,92.17000000,88.53000000,13,4,4,0.48992806,45.17500000,3.25000000,13.90000000,7.09000000
842,Contoso Bright Light battery E20 Black,Computers,Contoso,215.20000000,109.68000000,105.52000000,8,4,4,0.49033457,53.80000000,2.00000000,26.90000000,13.71000000
843,Contoso Bright Light battery E20 blue,Computers,Contoso,672.50000000,342.75000000,329.75000000,25,7,7,0.49033457,96.07142857,3.57142857,26.90000000,13.71000000
844,Contoso Bright Light battery E20 Pink,Computers,Contoso,645.60000000,329.04000000,316.56000000,24,7,7,0.49033457,92.22857143,3.42857143,26.90000000,13.71000000
845,Contoso Bright Light battery E20 White,Computers,Contoso,591.80000000,301.62000000,290.18000000,22,9,9,0.49033457,65.75555556,2.44444444,26.90000000,13.71000000
846,Contoso Ultraportable Neoprene Sleeve E30 Black,Computers,Contoso,483.60000000,246.45000000,237.15000000,31,9,9,0.49038462,53.73333333,3.44444444,15.60000000,7.95000000
847,Contoso Ultraportable Neoprene Sleeve E30 Pink,Computers,Contoso,312.00000000,159.00000000,153.00000000,20,8,8,0.49038462,39.00000000,2.50000000,15.60000000,7.95000000
848,Contoso Ultraportable Neoprene Sleeve E30 Yellow,Computers,Contoso,124.80000000,63.60000000,61.20000000,8,6,6,0.49038462,20.80000000,1.33333333,15.60000000,7.95000000
849,Contoso Ultraportable Neoprene Sleeve E30 Green,Computers,Contoso,358.80000000,182.85000000,175.95000000,23,8,8,0.49038462,44.85000000,2.87500000,15.60000000,7.95000000
85,NT Wireless Bluetooth Stereo Headphones M402 Green,Audio,Northwind Traders,27797.22000000,12782.44000000,15014.78000000,278,85,84,0.54015402,327.02611765,3.27058824,99.99000000,45.98000000
850,Contoso Laptop Keyboard X105 Black,Computers,Contoso,5310.70000000,1759.50000000,3551.20000000,23,9,9,0.66868774,590.07777778,2.55555556,230.90000000,76.50000000
851,Contoso Laptop Keyboard X105 White,Computers,Contoso,11314.10000000,3748.50000000,7565.60000000,49,13,13,0.66868774,870.31538462,3.76923077,230.90000000,76.50000000
852,Contoso Laptop Keyboard X105 Brown,Computers,Contoso,4387.10000000,1453.50000000,2933.60000000,19,4,4,0.66868774,1096.77500000,4.75000000,230.90000000,76.50000000
853,Contoso Laptop Keyboard X105 Silver,Computers,Contoso,3001.70000000,994.50000000,2007.20000000,13,6,6,0.66868774,500.28333333,2.16666667,230.90000000,76.50000000
854,Contoso Multimedia Speakers M25 Brown,Computers,Contoso,3870.00000000,1779.60000000,2090.40000000,30,12,12,0.54015504,322.50000000,2.50000000,129.00000000,59.32000000
855,Contoso Multimedia Speakers M25 Blue,Computers,Contoso,2322.00000000,1067.76000000,1254.24000000,18,6,6,0.54015504,387.00000000,3.00000000,129.00000000,59.32000000
856,Contoso Multimedia Speakers M25 Black,Computers,Contoso,2064.00000000,949.12000000,1114.88000000,16,7,7,0.54015504,294.85714286,2.28571429,129.00000000,59.32000000
857,Contoso Multimedia Speakers M25 White,Computers,Contoso,3870.00000000,1779.60000000,2090.40000000,30,10,10,0.54015504,387.00000000,3.00000000,129.00000000,59.32000000
858,Contoso Wireless Notebook Optical Mouse M35 Black,Computers,Contoso,928.45000000,426.87000000,501.58000000,31,12,12,0.54023372,77.37083333,2.58333333,29.95000000,13.77000000
859,Contoso Wireless Notebook Optical Mouse M35 White,Computers,Contoso,1198.00000000,550.80000000,647.20000000,40,12,12,0.54023372,99.83333333,3.33333333,29.95000000,13.77000000
86,NT Wireless Bluetooth Stereo Headphones M402 Black,Audio,Northwind Traders,28697.13000000,13196.26000000,15500.87000000,287,81,81,0.54015402,354.28555556,3.54320988,99.99000000,45.98000000
860,Contoso Wireless Notebook Optical Mouse M35 Blue,Computers,Contoso,239.60000000,110.16000000,129.44000000,8,4,4,0.54023372,59.90000000,2.00000000,29.95000000,13.77000000
861,Contoso Wireless Notebook Optical Mouse M35 Silver,Computers,Contoso,748.75000000,344.25000000,404.50000000,25,10,10,0.54023372,74.87500000,2.50000000,29.95000000,13.77000000
862,Contoso Wireless Notebook Optical Mouse M35 Orange,Computers,Contoso,119.80000000,55.08000000,64.72000000,4,3,3,0.54023372,39.93333333,1.33333333,29.95000000,13.77000000
863,Contoso Optical USB Mouse M45 Black,Computers,Contoso,866.83000000,398.65000000,468.18000000,17,7,7,0.54010590,123.83285714,2.42857143,50.99000000,23.45000000
864,Contoso Optical USB Mouse M45 White,Computers,Contoso,1325.74000000,609.70000000,716.04000000,26,9,9,0.54010590,147.30444444,2.88888889,50.99000000,23.45000000
865,Contoso Optical USB Mouse M45 Grey,Computers,Contoso,1886.63000000,867.65000000,1018.98000000,37,10,10,0.54010590,188.66300000,3.70000000,50.99000000,23.45000000
866,Contoso Wireless Laser Mouse M55 Black,Computers,Contoso,1539.78000000,708.18000000,831.60000000,22,8,8,0.54007715,192.47250000,2.75000000,69.99000000,32.19000000
867,Contoso Wireless Laser Mouse M55 White,Computers,Contoso,1889.73000000,869.13000000,1020.60000000,27,7,7,0.54007715,269.96142857,3.85714286,69.99000000,32.19000000
868,Contoso Wireless Laser Mouse M55 Grey,Computers,Contoso,2309.67000000,1062.27000000,1247.40000000,33,10,10,0.54007715,230.96700000,3.30000000,69.99000000,32.19000000
869,Contoso Wireless Laser Mouse M55 Silver,Computers,Contoso,1329.81000000,611.61000000,718.20000000,19,6,6,0.54007715,221.63500000,3.16666667,69.99000000,32.19000000
87,NT Wireless Bluetooth Stereo Headphones M402 Purple,Audio,Northwind Traders,30096.99000000,13839.98000000,16257.01000000,301,99,99,0.54015402,304.01000000,3.04040404,99.99000000,45.98000000
870,Contoso Wireless Laser Mouse E50 Black,Computers,Contoso,440.16000000,224.49000000,215.67000000,21,6,6,0.48998092,73.36000000,3.50000000,20.96000000,10.69000000
871,Contoso Wireless Laser Mouse E50 White,Computers,Contoso,524.00000000,267.25000000,256.75000000,25,7,7,0.48998092,74.85714286,3.57142857,20.96000000,10.69000000
872,Contoso Wireless Laser Mouse E50 Silver,Computers,Contoso,628.80000000,320.70000000,308.10000000,30,7,7,0.48998092,89.82857143,4.28571429,20.96000000,10.69000000
873,Contoso Wireless Laser Mouse E50 Grey,Computers,Contoso,796.48000000,406.22000000,390.26000000,38,12,12,0.48998092,66.37333333,3.16666667,20.96000000,10.69000000
874,Contoso Wireless Notebook Optical Mouse X205 Black,Computers,Contoso,2209.15000000,732.02000000,1477.13000000,17,5,5,0.66864179,441.83000000,3.40000000,129.95000000,43.06000000
875,Contoso Wireless Notebook Optical Mouse X205 White,Computers,Contoso,2728.95000000,904.26000000,1824.69000000,21,8,8,0.66864179,341.11875000,2.62500000,129.95000000,43.06000000
876,Contoso Wireless Notebook Optical Mouse X205 Blue,Computers,Contoso,1429.45000000,473.66000000,955.79000000,11,6,6,0.66864179,238.24166667,1.83333333,129.95000000,43.06000000
877,Contoso Wireless Notebook Optical Mouse X205 Silver,Computers,Contoso,1949.25000000,645.90000000,1303.35000000,15,4,4,0.66864179,487.31250000,3.75000000,129.95000000,43.06000000
878,Contoso Wireless Notebook Optical Mouse X205 Orange,Computers,Contoso,1299.50000000,430.60000000,868.90000000,10,4,4,0.66864179,324.87500000,2.50000000,129.95000000,43.06000000
879,Contoso Optical Wheel OEM PS/2 Mouse E60 Grey,Computers,Contoso,312.00000000,159.12000000,152.88000000,24,5,5,0.49000000,62.40000000,4.80000000,13.00000000,6.63000000
88,NT Wireless Transmitter and Bluetooth Headphones M150 Black,Audio,Northwind Traders,37647.49000000,12472.19000000,25175.30000000,251,91,90,0.66871125,413.70868132,2.75824176,149.99000000,49.69000000
880,Contoso Optical Wheel OEM PS/2 Mouse E60 Black,Computers,Contoso,104.00000000,53.04000000,50.96000000,8,5,5,0.49000000,20.80000000,1.60000000,13.00000000,6.63000000
881,Contoso Optical Wheel OEM PS/2 Mouse E60 White,Computers,Contoso,247.00000000,125.97000000,121.03000000,19,7,7,0.49000000,35.28571429,2.71428571,13.00000000,6.63000000
882,Contoso Optical Wheel OEM PS/2 Mouse E60 Silver,Computers,Contoso,611.00000000,311.61000000,299.39000000,47,13,13,0.49000000,47.00000000,3.61538462,13.00000000,6.63000000
883,Contoso Bluetooth Notebook Mouse X305 Black,Computers,Contoso,1500.00000000,497.00000000,1003.00000000,10,3,3,0.66866667,500.00000000,3.33333333,150.00000000,49.70000000
884,Contoso Bluetooth Notebook Mouse X305 White,Computers,Contoso,4200.00000000,1391.60000000,2808.40000000,28,11,11,0.66866667,381.81818182,2.54545455,150.00000000,49.70000000
885,Contoso Bluetooth Notebook Mouse X305 Silver,Computers,Contoso,2700.00000000,894.60000000,1805.40000000,18,6,6,0.66866667,450.00000000,3.00000000,150.00000000,49.70000000
886,Contoso Bluetooth Notebook Mouse X305 Grey,Computers,Contoso,6000.00000000,1988.00000000,4012.00000000,40,13,13,0.66866667,461.53846154,3.07692308,150.00000000,49.70000000
887,Contoso Bluetooth Notebook Mouse E70 Black,Computers,Contoso,1000.00000000,509.80000000,490.20000000,20,4,4,0.49020000,250.00000000,5.00000000,50.00000000,25.49000000
888,Contoso Bluetooth Notebook Mouse E70 White,Computers,Contoso,700.00000000,356.86000000,343.14000000,14,8,8,0.49020000,87.50000000,1.75000000,50.00000000,25.49000000
889,Contoso Bluetooth Notebook Mouse E70 Silver,Computers,Contoso,850.00000000,433.33000000,416.67000000,17,6,6,0.49020000,141.66666667,2.83333333,50.00000000,25.49000000
89,NT Wireless Transmitter and Bluetooth Headphones M150 Blue,Audio,Northwind Traders,40047.33000000,13267.23000000,26780.10000000,267,82,82,0.66871125,488.38207317,3.25609756,149.99000000,49.69000000
890,Contoso Bluetooth Notebook Mouse E70 Grey,Computers,Contoso,1450.00000000,739.21000000,710.79000000,29,6,6,0.49020000,241.66666667,4.83333333,50.00000000,25.49000000
891,SV Rechargeable Bluetooth Notebook Mouse E80 Silver,Computers,Southridge Video,599.90000000,305.80000000,294.10000000,10,4,4,0.49024837,149.97500000,2.50000000,59.99000000,30.58000000
892,SV Rechargeable Bluetooth Notebook Mouse E80 Black,Computers,Southridge Video,2219.63000000,1131.46000000,1088.17000000,37,8,8,0.49024837,277.45375000,4.62500000,59.99000000,30.58000000
893,SV Rechargeable Bluetooth Notebook Mouse E80 White,Computers,Southridge Video,1859.69000000,947.98000000,911.71000000,31,10,10,0.49024837,185.96900000,3.10000000,59.99000000,30.58000000
894,SV Rechargeable Bluetooth Notebook Mouse E80 Grey,Computers,Southridge Video,1019.83000000,519.86000000,499.97000000,17,7,7,0.49024837,145.69000000,2.42857143,59.99000000,30.58000000
895,SV Keyboard E90 Silver,Computers,Southridge Video,709.41000000,361.76000000,347.65000000,17,5,5,0.49005512,141.88200000,3.40000000,41.73000000,21.28000000
896,SV Keyboard E90 White,Computers,Southridge Video,417.30000000,212.80000000,204.50000000,10,7,7,0.49005512,59.61428571,1.42857143,41.73000000,21.28000000
897,SV Keyboard E90 Black,Computers,Southridge Video,1335.36000000,680.96000000,654.40000000,32,9,9,0.49005512,148.37333333,3.55555556,41.73000000,21.28000000
898,SV Keyboard E90 Grey,Computers,Southridge Video,292.11000000,148.96000000,143.15000000,7,3,3,0.49005512,97.37000000,2.33333333,41.73000000,21.28000000
899,SV Keyboard E10 Silver,Computers,Southridge Video,1540.00000000,785.05000000,754.95000000,35,11,11,0.49022727,140.00000000,3.18181818,44.00000000,22.43000000
9,Contoso 4G MP3 Player E400 Black,Audio,Contoso,3539.41000000,1804.22000000,1735.19000000,59,20,19,0.49024837,176.97050000,2.95000000,59.99000000,30.58000000
90,NT Wireless Transmitter and Bluetooth Headphones M150 Silver,Audio,Northwind Traders,44097.06000000,14608.86000000,29488.20000000,294,94,94,0.66871125,469.11765957,3.12765957,149.99000000,49.69000000
900,SV Keyboard E10 White,Computers,Southridge Video,1496.00000000,762.62000000,733.38000000,34,16,16,0.49022727,93.50000000,2.12500000,44.00000000,22.43000000
901,SV Keyboard E10 Black,Computers,Southridge Video,1100.00000000,560.75000000,539.25000000,25,9,9,0.49022727,122.22222222,2.77777778,44.00000000,22.43000000
902,SV Keyboard E10 Grey,Computers,Southridge Video,704.00000000,358.88000000,345.12000000,16,7,7,0.49022727,100.57142857,2.28571429,44.00000000,22.43000000
903,SV 40GB USB2.0 Portable Hard Disk E400 Red,Computers,Southridge Video,2507.67000000,1278.42000000,1229.25000000,33,10,10,0.49019608,250.76700000,3.30000000,75.99000000,38.74000000
904,SV 40GB USB2.0 Portable Hard Disk E400 Silver,Computers,Southridge Video,1899.75000000,968.50000000,931.25000000,25,8,8,0.49019608,237.46875000,3.12500000,75.99000000,38.74000000
905,SV 40GB USB2.0 Portable Hard Disk E400 Blue,Computers,Southridge Video,2735.64000000,1394.64000000,1341.00000000,36,11,11,0.49019608,248.69454545,3.27272727,75.99000000,38.74000000
906,SV 40GB USB2.0 Portable Hard Disk E400 Yellow,Computers,Southridge Video,1823.76000000,929.76000000,894.00000000,24,7,7,0.49019608,260.53714286,3.42857143,75.99000000,38.74000000
907,SV 80GB USB2.0 Portable Hard Disk E500 Red,Computers,Southridge Video,2142.00000000,1092.00000000,1050.00000000,21,6,6,0.49019608,357.00000000,3.50000000,102.00000000,52.00000000
908,SV 80GB USB2.0 Portable Hard Disk E500 Silver,Computers,Southridge Video,2346.00000000,1196.00000000,1150.00000000,23,7,7,0.49019608,335.14285714,3.28571429,102.00000000,52.00000000
909,SV 80GB USB2.0 Portable Hard Disk E500 Blue,Computers,Southridge Video,2142.00000000,1092.00000000,1050.00000000,21,9,9,0.49019608,238.00000000,2.33333333,102.00000000,52.00000000
91,NT Wireless Transmitter and Bluetooth Headphones M150 Green,Audio,Northwind Traders,32997.80000000,10931.80000000,22066.00000000,220,71,71,0.66871125,464.75774648,3.09859155,149.99000000,49.69000000
910,SV 80GB USB2.0 Portable Hard Disk E500 Yellow,Computers,Southridge Video,2754.00000000,1404.00000000,1350.00000000,27,8,8,0.49019608,344.25000000,3.37500000,102.00000000,52.00000000
911,SV 160GB USB2.0 Portable Hard Disk M65 Silver,Computers,Southridge Video,3260.60000000,1499.40000000,1761.20000000,34,8,8,0.54014599,407.57500000,4.25000000,95.90000000,44.10000000
912,SV 160GB USB2.0 Portable Hard Disk M65 Black,Computers,Southridge Video,1342.60000000,617.40000000,725.20000000,14,3,3,0.54014599,447.53333333,4.66666667,95.90000000,44.10000000
913,SV 160GB USB2.0 Portable Hard Disk M65 White,Computers,Southridge Video,1438.50000000,661.50000000,777.00000000,15,5,5,0.54014599,287.70000000,3.00000000,95.90000000,44.10000000
914,SV 160GB USB2.0 Portable Hard Disk M65 Grey,Computers,Southridge Video,1342.60000000,617.40000000,725.20000000,14,4,4,0.54014599,335.65000000,3.50000000,95.90000000,44.10000000
915,SV 500GB USB 2.0 Portable External Hard Drive X405 Pink,Computers,Southridge Video,3222.00000000,1067.58000000,2154.42000000,18,6,6,0.66865922,537.00000000,3.00000000,179.00000000,59.31000000
916,SV 500GB USB 2.0 Portable External Hard Drive X405 Blue,Computers,Southridge Video,3759.00000000,1245.51000000,2513.49000000,21,7,7,0.66865922,537.00000000,3.00000000,179.00000000,59.31000000
917,SV 500GB USB 2.0 Portable External Hard Drive X405 White,Computers,Southridge Video,4833.00000000,1601.37000000,3231.63000000,27,11,11,0.66865922,439.36363636,2.45454545,179.00000000,59.31000000
918,SV 500GB USB 2.0 Portable External Hard Drive X405 Black,Computers,Southridge Video,3759.00000000,1245.51000000,2513.49000000,21,7,7,0.66865922,537.00000000,3.00000000,179.00000000,59.31000000
919,SV USB Data Cable E600 Pink,Computers,Southridge Video,25.65000000,12.96000000,12.69000000,27,9,9,0.49473684,2.85000000,3.00000000,0.95000000,0.48000000
92,NT Wireless Transmitter and Bluetooth Headphones M150 Red,Audio,Northwind Traders,32997.80000000,10931.80000000,22066.00000000,220,74,74,0.66871125,445.91621622,2.97297297,149.99000000,49.69000000
920,SV USB Data Cable E600 Black,Computers,Southridge Video,30.40000000,15.36000000,15.04000000,32,10,10,0.49473684,3.04000000,3.20000000,0.95000000,0.48000000
921,SV USB Data Cable E600 Silver,Computers,Southridge Video,15.20000000,7.68000000,7.52000000,16,5,5,0.49473684,3.04000000,3.20000000,0.95000000,0.48000000
922,SV USB Data Cable E600 Grey,Computers,Southridge Video,21.85000000,11.04000000,10.81000000,23,6,6,0.49473684,3.64166667,3.83333333,0.95000000,0.48000000
923,SV USB Sync Charge Cable E700 Blue,Computers,Southridge Video,35.82000000,18.18000000,17.64000000,18,9,9,0.49246231,3.98000000,2.00000000,1.99000000,1.01000000
924,SV USB Sync Charge Cable E700 Black,Computers,Southridge Video,37.81000000,19.19000000,18.62000000,19,6,6,0.49246231,6.30166667,3.16666667,1.99000000,1.01000000
925,SV USB Sync Charge Cable E700 White,Computers,Southridge Video,47.76000000,24.24000000,23.52000000,24,8,8,0.49246231,5.97000000,3.00000000,1.99000000,1.01000000
926,SV USB Sync Charge Cable E700 Silver,Computers,Southridge Video,15.92000000,8.08000000,7.84000000,8,4,4,0.49246231,3.98000000,2.00000000,1.99000000,1.01000000
927,SV 512MB Laptop memory E800 White,Computers,Southridge Video,1393.59000000,710.53000000,683.06000000,41,13,13,0.49014416,107.19923077,3.15384615,33.99000000,17.33000000
928,SV 512MB Laptop memory E800 Silver,Computers,Southridge Video,781.77000000,398.59000000,383.18000000,23,8,8,0.49014416,97.72125000,2.87500000,33.99000000,17.33000000
929,SV 512MB Laptop memory E800 Black,Computers,Southridge Video,849.75000000,433.25000000,416.50000000,25,11,11,0.49014416,77.25000000,2.27272727,33.99000000,17.33000000
93,WWI Stereo Bluetooth Headphones E1000 Blue,Audio,Wide World Importers,21635.40000000,11029.56000000,10605.84000000,321,92,92,0.49020772,235.16739130,3.48913043,67.40000000,34.36000000
930,SV 512MB Laptop memory E800 Yellow,Computers,Southridge Video,985.71000000,502.57000000,483.14000000,29,9,9,0.49014416,109.52333333,3.22222222,33.99000000,17.33000000
931,SV 2GB Laptop memory E800 Silver,Computers,Southridge Video,1705.00000000,869.24000000,835.76000000,31,13,13,0.49018182,131.15384615,2.38461538,55.00000000,28.04000000
932,SV 2GB Laptop memory E800 Black,Computers,Southridge Video,1375.00000000,701.00000000,674.00000000,25,8,8,0.49018182,171.87500000,3.12500000,55.00000000,28.04000000
933,SV 2GB Laptop memory E800 White,Computers,Southridge Video,1595.00000000,813.16000000,781.84000000,29,9,9,0.49018182,177.22222222,3.22222222,55.00000000,28.04000000
934,SV 4GB Laptop Memory M65 Blue,Computers,Southridge Video,474.00000000,217.98000000,256.02000000,6,4,4,0.54012658,118.50000000,1.50000000,79.00000000,36.33000000
935,SV 4GB Laptop Memory M65 Yellow,Computers,Southridge Video,1264.00000000,581.28000000,682.72000000,16,6,6,0.54012658,210.66666667,2.66666667,79.00000000,36.33000000
936,SV 4GB Laptop Memory M65 Black,Computers,Southridge Video,474.00000000,217.98000000,256.02000000,6,3,3,0.54012658,158.00000000,2.00000000,79.00000000,36.33000000
937,SV 4GB Laptop Memory M65 White,Computers,Southridge Video,2291.00000000,1053.57000000,1237.43000000,29,7,7,0.54012658,327.28571429,4.14285714,79.00000000,36.33000000
938,SV Wireless LAN PCI Network Card Adapter E900 Black,Computers,Southridge Video,1188.00000000,605.64000000,582.36000000,12,6,6,0.49020202,198.00000000,2.00000000,99.00000000,50.47000000
939,SV Wireless LAN PCI Network Card Adapter E901 Black,Computers,Southridge Video,2673.00000000,1362.69000000,1310.31000000,27,9,9,0.49020202,297.00000000,3.00000000,99.00000000,50.47000000
94,WWI Stereo Bluetooth Headphones E1000 Black,Audio,Wide World Importers,20422.20000000,10411.08000000,10011.12000000,303,85,85,0.49020772,240.26117647,3.56470588,67.40000000,34.36000000
940,SV Wireless LAN PCI Network Card Adapter E902 Black,Computers,Southridge Video,2376.00000000,1211.28000000,1164.72000000,24,7,7,0.49020202,339.42857143,3.42857143,99.00000000,50.47000000
941,SV PCI Network Adapter E903 Silver,Computers,Southridge Video,713.83000000,363.97000000,349.86000000,17,9,9,0.49011669,79.31444444,1.88888889,41.99000000,21.41000000
942,SV PCI Network Adapter E904 Silver,Computers,Southridge Video,629.85000000,321.15000000,308.70000000,15,5,5,0.49011669,125.97000000,3.00000000,41.99000000,21.41000000
943,SV PCI Network Adapter E905 Silver,Computers,Southridge Video,755.82000000,385.38000000,370.44000000,18,7,7,0.49011669,107.97428571,2.57142857,41.99000000,21.41000000
944,A. Datum Compact Digital Camera M200 Black,Cameras and camcorders,A. Datum,3096.00000000,1423.68000000,1672.32000000,24,9,9,0.54015504,344.00000000,2.66666667,129.00000000,59.32000000
945,A. Datum Rangefinder Digital Camera X200 Black,Cameras and camcorders,A. Datum,5200.00000000,1722.76000000,3477.24000000,26,12,12,0.66870000,433.33333333,2.16666667,200.00000000,66.26000000
946,A. Datum Slim Digital Camera M180 Black,Cameras and camcorders,A. Datum,7844.00000000,3607.18000000,4236.82000000,53,15,15,0.54013514,522.93333333,3.53333333,148.00000000,68.06000000
947,A. Datum Ultra Compact Digital Camera M190 Black,Cameras and camcorders,A. Datum,4950.00000000,2276.40000000,2673.60000000,30,12,12,0.54012121,412.50000000,2.50000000,165.00000000,75.88000000
948,A. Datum All in One Digital Camera M200 Black,Cameras and camcorders,A. Datum,5452.00000000,2507.05000000,2944.95000000,29,6,6,0.54015957,908.66666667,4.83333333,188.00000000,86.45000000
949,A. Datum Interchangeable lens Non-SLR Digital Camera X250 Black,Cameras and camcorders,A. Datum,11256.00000000,3729.18000000,7526.82000000,42,11,11,0.66869403,1023.27272727,3.81818182,268.00000000,88.79000000
95,WWI Stereo Bluetooth Headphones E1000 Silver,Audio,Wide World Importers,18467.60000000,9414.64000000,9052.96000000,274,83,83,0.49020772,222.50120482,3.30120482,67.40000000,34.36000000
950,A. Datum Super-zoom Digital Camera X300 Black,Cameras and camcorders,A. Datum,6380.00000000,2113.76000000,4266.24000000,22,6,6,0.66868966,1063.33333333,3.66666667,290.00000000,96.08000000
951,A. Datum Consumer Digital Camera E100 Black,Cameras and camcorders,A. Datum,22199.00000000,11317.54000000,10881.46000000,79,20,20,0.49017794,1109.95000000,3.95000000,281.00000000,143.26000000
952,A. Datum Consumer Digital Camera M300 Black,Cameras and camcorders,A. Datum,7933.50000000,3648.12000000,4285.38000000,43,15,15,0.54016260,528.90000000,2.86666667,184.50000000,84.84000000
953,A. Datum Advanced Digital Camera M300 Black,Cameras and camcorders,A. Datum,6409.00000000,2947.12000000,3461.88000000,34,10,10,0.54015915,640.90000000,3.40000000,188.50000000,86.68000000
954,A. Datum Bridge Digital Camera M300 Black,Cameras and camcorders,A. Datum,6354.60000000,2922.30000000,3432.30000000,34,10,10,0.54012841,635.46000000,3.40000000,186.90000000,85.95000000
955,A. Datum SLR-like Digital Camera M400 Black,Cameras and camcorders,A. Datum,7285.30000000,3350.35000000,3934.95000000,37,11,11,0.54012189,662.30000000,3.36363636,196.90000000,90.55000000
956,A. Datum Point Shoot Digital Camera M500 Black,Cameras and camcorders,A. Datum,7920.00000000,3642.00000000,4278.00000000,40,10,10,0.54015152,792.00000000,4.00000000,198.00000000,91.05000000
957,A. Datum Full Frame Digital Camera X300 Black,Cameras and camcorders,A. Datum,18942.00000000,6275.46000000,12666.54000000,82,19,19,0.66870130,996.94736842,4.31578947,231.00000000,76.53000000
958,A. Datum Compact Digital Camera M200 Grey,Cameras and camcorders,A. Datum,2451.00000000,1127.08000000,1323.92000000,19,8,8,0.54015504,306.37500000,2.37500000,129.00000000,59.32000000
959,A. Datum Rangefinder Digital Camera X200 Grey,Cameras and camcorders,A. Datum,5400.00000000,1789.02000000,3610.98000000,27,13,13,0.66870000,415.38461538,2.07692308,200.00000000,66.26000000
96,WWI Stereo Bluetooth Headphones E1000 White,Audio,Wide World Importers,17658.80000000,9002.32000000,8656.48000000,262,82,82,0.49020772,215.35121951,3.19512195,67.40000000,34.36000000
960,A. Datum Slim Digital Camera M180 Grey,Cameras and camcorders,A. Datum,7104.00000000,3266.88000000,3837.12000000,48,17,17,0.54013514,417.88235294,2.82352941,148.00000000,68.06000000
961,A. Datum Ultra Compact Digital Camera M190 Grey,Cameras and camcorders,A. Datum,9075.00000000,4173.40000000,4901.60000000,55,17,17,0.54012121,533.82352941,3.23529412,165.00000000,75.88000000
962,A. Datum All in One Digital Camera M200 Grey,Cameras and camcorders,A. Datum,9588.00000000,4408.95000000,5179.05000000,51,18,18,0.54015957,532.66666667,2.83333333,188.00000000,86.45000000
963,A. Datum Interchangeable lens Non-SLR Digital Camera X250 Grey,Cameras and camcorders,A. Datum,9916.00000000,3285.23000000,6630.77000000,37,14,14,0.66869403,708.28571429,2.64285714,268.00000000,88.79000000
964,A. Datum Super-zoom Digital Camera X300 Grey,Cameras and camcorders,A. Datum,11890.00000000,3939.28000000,7950.72000000,41,13,13,0.66868966,914.61538462,3.15384615,290.00000000,96.08000000
965,A. Datum Consumer Digital Camera E100 Grey,Cameras and camcorders,A. Datum,19670.00000000,10028.20000000,9641.80000000,70,19,19,0.49017794,1035.26315789,3.68421053,281.00000000,143.26000000
966,A. Datum Consumer Digital Camera M300 Grey,Cameras and camcorders,A. Datum,7195.50000000,3308.76000000,3886.74000000,39,13,13,0.54016260,553.50000000,3.00000000,184.50000000,84.84000000
967,A. Datum Advanced Digital Camera M300 Grey,Cameras and camcorders,A. Datum,9236.50000000,4247.32000000,4989.18000000,49,17,17,0.54015915,543.32352941,2.88235294,188.50000000,86.68000000
968,A. Datum Bridge Digital Camera M300 Grey,Cameras and camcorders,A. Datum,10653.30000000,4899.15000000,5754.15000000,57,17,17,0.54012841,626.66470588,3.35294118,186.90000000,85.95000000
969,A. Datum SLR-like Digital Camera M400 Grey,Cameras and camcorders,A. Datum,9254.30000000,4255.85000000,4998.45000000,47,19,19,0.54012189,487.06842105,2.47368421,196.90000000,90.55000000
97,WWI Stereo Bluetooth Headphones E1000 Green,Audio,Wide World Importers,20220.00000000,10308.00000000,9912.00000000,300,106,105,0.49020772,190.75471698,2.83018868,67.40000000,34.36000000
970,A. Datum Point n' Shoot Digital Camera M500 Grey,Cameras and camcorders,A. Datum,4950.00000000,2276.25000000,2673.75000000,25,11,11,0.54015152,450.00000000,2.27272727,198.00000000,91.05000000
971,A. Datum Full Frame Digital Camera X300 Grey,Cameras and camcorders,A. Datum,9933.00000000,3290.79000000,6642.21000000,43,14,14,0.66870130,709.50000000,3.07142857,231.00000000,76.53000000
972,A. Datum Compact Digital Camera M200 Pink,Cameras and camcorders,A. Datum,3870.00000000,1779.60000000,2090.40000000,30,11,11,0.54015504,351.81818182,2.72727273,129.00000000,59.32000000
973,A. Datum Rangefinder Digital Camera X200 Pink,Cameras and camcorders,A. Datum,15000.00000000,4969.50000000,10030.50000000,75,19,19,0.66870000,789.47368421,3.94736842,200.00000000,66.26000000
974,A. Datum Slim Digital Camera M180 Pink,Cameras and camcorders,A. Datum,7844.00000000,3607.18000000,4236.82000000,53,16,16,0.54013514,490.25000000,3.31250000,148.00000000,68.06000000
975,A. Datum Ultra Compact Digital Camera M190 Pink,Cameras and camcorders,A. Datum,5280.00000000,2428.16000000,2851.84000000,32,9,9,0.54012121,586.66666667,3.55555556,165.00000000,75.88000000
976,A. Datum All in One Digital Camera M200 Pink,Cameras and camcorders,A. Datum,9212.00000000,4236.05000000,4975.95000000,49,15,15,0.54015957,614.13333333,3.26666667,188.00000000,86.45000000
977,A. Datum Interchangeable lens Non-SLR Digital Camera X250 Pink,Cameras and camcorders,A. Datum,12328.00000000,4084.34000000,8243.66000000,46,17,17,0.66869403,725.17647059,2.70588235,268.00000000,88.79000000
978,A. Datum Super-zoom Digital Camera X300 Pink,Cameras and camcorders,A. Datum,11890.00000000,3939.28000000,7950.72000000,41,12,12,0.66868966,990.83333333,3.41666667,290.00000000,96.08000000
979,A. Datum Consumer Digital Camera E100 Pink,Cameras and camcorders,A. Datum,12083.00000000,6160.18000000,5922.82000000,43,15,15,0.49017794,805.53333333,2.86666667,281.00000000,143.26000000
98,WWI Wireless Bluetooth Stereo Headphones M170 Silver,Audio,Wide World Importers,33600.00000000,15450.40000000,18149.60000000,280,83,83,0.54016667,404.81927711,3.37349398,120.00000000,55.18000000
980,A. Datum Consumer Digital Camera M300 Pink,Cameras and camcorders,A. Datum,4797.00000000,2205.84000000,2591.16000000,26,7,7,0.54016260,685.28571429,3.71428571,184.50000000,84.84000000
981,A. Datum Advanced Digital Camera M300 Pink,Cameras and camcorders,A. Datum,6220.50000000,2860.44000000,3360.06000000,33,11,11,0.54015915,565.50000000,3.00000000,188.50000000,86.68000000
982,A. Datum Bridge Digital Camera M300 Pink,Cameras and camcorders,A. Datum,6728.40000000,3094.20000000,3634.20000000,36,15,15,0.54012841,448.56000000,2.40000000,186.90000000,85.95000000
983,A. Datum SLR-like Digital Camera M400 Pink,Cameras and camcorders,A. Datum,6891.50000000,3169.25000000,3722.25000000,35,14,14,0.54012189,492.25000000,2.50000000,196.90000000,90.55000000
984,A. Datum Point Shoot Digital Camera M500 Pink,Cameras and camcorders,A. Datum,12672.00000000,5827.20000000,6844.80000000,64,15,15,0.54015152,844.80000000,4.26666667,198.00000000,91.05000000
985,A. Datum Full Frame Digital Camera X300 Pink,Cameras and camcorders,A. Datum,13167.00000000,4362.21000000,8804.79000000,57,16,16,0.66870130,822.93750000,3.56250000,231.00000000,76.53000000
986,A. Datum Compact Digital Camera M200 Silver,Cameras and camcorders,A. Datum,8901.00000000,4093.08000000,4807.92000000,69,20,20,0.54015504,445.05000000,3.45000000,129.00000000,59.32000000
987,A. Datum Rangefinder Digital Camera X200 Silver,Cameras and camcorders,A. Datum,6800.00000000,2252.84000000,4547.16000000,34,15,15,0.66870000,453.33333333,2.26666667,200.00000000,66.26000000
988,A. Datum Slim Digital Camera M180 Silver,Cameras and camcorders,A. Datum,3996.00000000,1837.62000000,2158.38000000,27,9,9,0.54013514,444.00000000,3.00000000,148.00000000,68.06000000
989,A. Datum Ultra Compact Digital Camera M190 Silver,Cameras and camcorders,A. Datum,9570.00000000,4401.04000000,5168.96000000,58,14,14,0.54012121,683.57142857,4.14285714,165.00000000,75.88000000
99,WWI Wireless Bluetooth Stereo Headphones M170 Black,Audio,Wide World Importers,25080.00000000,11532.62000000,13547.38000000,209,66,66,0.54016667,380.00000000,3.16666667,120.00000000,55.18000000
990,A. Datum All in One Digital Camera M200 Silver,Cameras and camcorders,A. Datum,12032.00000000,5532.80000000,6499.20000000,64,20,20,0.54015957,601.60000000,3.20000000,188.00000000,86.45000000
991,A. Datum Interchangeable lens Non-SLR Digital Camera X250 Silver,Cameras and camcorders,A. Datum,11256.00000000,3729.18000000,7526.82000000,42,13,13,0.66869403,865.84615385,3.23076923,268.00000000,88.79000000
992,A. Datum Super-zoom Digital Camera X300 Silver,Cameras and camcorders,A. Datum,12470.00000000,4131.44000000,8338.56000000,43,13,13,0.66868966,959.23076923,3.30769231,290.00000000,96.08000000
993,A. Datum Consumer Digital Camera E100 Silver,Cameras and camcorders,A. Datum,11521.00000000,5873.66000000,5647.34000000,41,18,18,0.49017794,640.05555556,2.27777778,281.00000000,143.26000000
994,A. Datum Consumer Digital Camera M300 Silver,Cameras and camcorders,A. Datum,8856.00000000,4072.32000000,4783.68000000,48,16,16,0.54016260,553.50000000,3.00000000,184.50000000,84.84000000
995,A. Datum Advanced Digital Camera M300 Silver,Cameras and camcorders,A. Datum,6597.50000000,3033.80000000,3563.70000000,35,12,12,0.54015915,549.79166667,2.91666667,188.50000000,86.68000000
996,A. Datum Bridge Digital Camera M300 Silver,Cameras and camcorders,A. Datum,5793.90000000,2664.45000000,3129.45000000,31,9,9,0.54012841,643.76666667,3.44444444,186.90000000,85.95000000
997,A. Datum SLR-like Digital Camera M400 Silver,Cameras and camcorders,A. Datum,6694.60000000,3078.70000000,3615.90000000,34,12,12,0.54012189,557.88333333,2.83333333,196.90000000,90.55000000
998,A. Datum Point Shoot Digital Camera M500 Silver,Cameras and camcorders,A. Datum,4356.00000000,2003.10000000,2352.90000000,22,10,10,0.54015152,435.60000000,2.20000000,198.00000000,91.05000000
999,A. Datum Full Frame Digital Camera X300 Silver,Cameras and camcorders,A. Datum,6699.00000000,2219.37000000,4479.63000000,29,10,10,0.66870130,669.90000000,2.90000000,231.00000000,76.53000000
