CustomerKey,First,Orders,Revenue,Cohort,Eligible90,Repeat90
1000050,2017-02-11,2,1292.97000000,2017-02,1,0
1000168,2018-07-21,3,10160.86000000,2018-07,1,0
1000242,2016-10-17,2,8010.96000000,2016-10,1,0
100040,2018-08-30,1,4158.00000000,2018-08,1,0
1000489,2017-06-02,2,3739.61000000,2017-06,1,0
100092,2018-06-01,4,9238.70000000,2018-06,1,0
1001199,2017-06-22,2,2078.78000000,2017-06,1,0
1001228,2016-01-23,1,463.60000000,2016-01,1,0
1001493,2016-02-02,2,1131.82000000,2016-02,1,0
1001523,2016-12-21,4,7465.48000000,2016-12,1,0
1001525,2016-09-24,3,8796.46000000,2016-09,1,0
1001626,2018-03-01,1,836.20000000,2018-03,1,0
1001649,2018-05-23,1,1499.70000000,2018-05,1,0
1001716,2019-07-06,2,1593.71000000,2019-07,1,1
1001932,2019-08-24,2,2262.44000000,2019-08,1,1
1002098,2016-10-03,3,3520.19000000,2016-10,1,0
1002199,2018-07-23,5,8097.82000000,2018-07,1,0
1002331,2016-05-12,2,2255.79000000,2016-05,1,0
1002456,2019-01-26,1,238.64000000,2019-01,1,0
1002741,2019-03-07,3,9418.98000000,2019-03,1,1
1002790,2016-06-13,3,7490.60000000,2016-06,1,0
1002933,2016-05-23,6,18799.67000000,2016-05,1,0
1003048,2016-03-17,2,8164.00000000,2016-03,1,0
1003056,2016-11-11,3,5338.43000000,2016-11,1,0
1003107,2017-05-25,4,12296.81000000,2017-05,1,0
1003586,2019-09-21,1,568.97000000,2019-09,1,0
1003599,2016-07-07,3,9765.16000000,2016-07,1,0
100361,2020-01-01,1,9.99000000,2020-01,1,0
1003708,2017-11-18,2,4759.87000000,2017-11,1,0
1003723,2019-07-19,1,999.97000000,2019-07,1,0
1003748,2016-12-09,4,7001.40000000,2016-12,1,0
1003788,2016-02-25,1,4383.76000000,2016-02,1,0
100386,2019-10-12,1,2240.62000000,2019-10,1,0
10039,2019-11-12,1,899.97000000,2019-11,1,0
1003979,2019-05-27,1,818.53000000,2019-05,1,0
1004261,2020-02-08,1,3277.00000000,2020-02,1,0
1004286,2019-01-16,1,819.92000000,2019-01,1,0
1004567,2016-10-22,2,4762.15000000,2016-10,1,0
1005095,2019-11-30,1,6309.96000000,2019-11,1,0
1005343,2016-07-14,1,449.85000000,2016-07,1,0
1005556,2020-09-02,1,4.99000000,2020-09,1,0
1005880,2018-02-24,1,1651.29000000,2018-02,1,0
1006036,2019-01-05,1,99.00000000,2019-01,1,0
1006080,2017-06-03,2,1290.50000000,2017-06,1,0
1006350,2020-06-06,1,149.95000000,2020-06,1,0
1006445,2018-08-10,3,2918.44000000,2018-08,1,0
1006971,2018-12-26,1,4.99000000,2018-12,1,0
1007026,2016-08-29,3,5777.20000000,2016-08,1,0
1007043,2019-01-09,2,85.99000000,2019-01,1,1
1007733,2018-01-03,3,7569.32000000,2018-01,1,0
1008370,2019-06-22,1,319.98000000,2019-06,1,0
1008873,2018-05-30,3,5095.35000000,2018-05,1,1
1008885,2019-07-23,2,11283.95000000,2019-07,1,1
1009587,2017-01-02,4,8710.65000000,2017-01,1,0
1009701,2019-08-15,2,1656.92000000,2019-08,1,1
1009854,2017-11-29,1,243.30000000,2017-11,1,0
1010025,2018-07-31,3,10878.79000000,2018-07,1,0
1010049,2016-01-09,3,3230.80000000,2016-01,1,0
1010094,2017-11-03,1,3293.89000000,2017-11,1,0
1010181,2019-10-15,1,1032.00000000,2019-10,1,0
1010245,2017-08-19,5,27384.73000000,2017-08,1,0
1010453,2019-02-05,2,1312.04000000,2019-02,1,1
1010612,2016-12-17,1,4110.92000000,2016-12,1,0
101064,2019-04-27,1,349.39000000,2019-04,1,0
1010693,2018-07-10,2,2258.67000000,2018-07,1,0
101100,2019-09-24,1,6565.70000000,2019-09,1,0
1011043,2017-07-07,2,2984.85000000,2017-07,1,0
1011206,2016-05-04,4,5977.20000000,2016-05,1,0
1011273,2018-10-11,2,4130.74000000,2018-10,1,0
1011435,2018-01-17,1,179.13000000,2018-01,1,0
1011540,2016-10-03,4,3922.43000000,2016-10,1,0
1011560,2018-09-04,3,3419.92000000,2018-09,1,0
1011663,2018-02-17,5,15708.29000000,2018-02,1,0
1012052,2016-10-05,5,15768.67000000,2016-10,1,0
1012121,2019-10-23,1,3563.69000000,2019-10,1,0
1012250,2020-02-18,1,1914.75000000,2020-02,1,0
1012373,2017-11-15,4,11642.27000000,2017-11,1,0
1012443,2016-07-20,3,10380.64000000,2016-07,1,0
1012564,2016-12-17,2,3328.75000000,2016-12,1,0
1012662,2019-01-05,1,679.00000000,2019-01,1,0
1012961,2020-05-19,1,2978.70000000,2020-05,1,0
1013016,2016-09-07,1,2562.71000000,2016-09,1,0
1013019,2016-10-24,2,18515.95000000,2016-10,1,0
1013122,2016-06-09,1,853.91000000,2016-06,1,0
1013139,2017-03-04,4,4590.39000000,2017-03,1,0
1013255,2016-02-23,2,3112.08000000,2016-02,1,0
1013313,2017-02-04,4,4445.85000000,2017-02,1,0
1013352,2019-03-16,1,1351.97000000,2019-03,1,0
1013844,2016-03-12,1,509.98000000,2016-03,1,0
1014097,2018-12-19,2,3012.00000000,2018-12,1,0
1014258,2018-10-04,3,6169.51000000,2018-10,1,0
1014955,2019-10-28,1,885.63000000,2019-10,1,0
1014981,2017-10-31,2,3744.47000000,2017-10,1,0
1015203,2017-08-16,1,965.63000000,2017-08,1,0
1015885,2016-09-29,2,4164.04000000,2016-09,1,1
1015982,2018-09-08,1,3512.24000000,2018-09,1,0
1016078,2017-01-20,6,12097.24000000,2017-01,1,1
1016110,2016-07-11,5,15264.68000000,2016-07,1,0
1016260,2016-08-13,3,4096.96000000,2016-08,1,0
1017018,2017-01-05,3,2823.40000000,2017-01,1,1
1017065,2017-07-06,1,878.16000000,2017-07,1,0
1017199,2018-03-13,3,4756.71000000,2018-03,1,0
1017264,2016-02-29,3,1923.00000000,2016-02,1,0
1018176,2019-02-05,4,2276.72000000,2019-02,1,0
1018188,2019-03-09,1,8624.32000000,2019-03,1,0
1018779,2016-07-23,5,7310.48000000,2016-07,1,0
1018850,2016-10-29,4,3438.15000000,2016-10,1,1
1019261,2018-08-11,1,1299.98000000,2018-08,1,0
1019290,2019-05-31,1,200.00000000,2019-05,1,0
1019297,2016-05-11,1,2940.00000000,2016-05,1,0
1019827,2020-11-18,1,607.35000000,2020-11,1,0
1019936,2019-08-10,1,2044.59000000,2019-08,1,0
1019974,2017-09-07,3,2973.75000000,2017-09,1,0
1019996,2016-06-16,3,1479.69000000,2016-06,1,0
1020103,2019-07-24,2,882.93000000,2019-07,1,0
1020331,2020-05-06,1,2191.50000000,2020-05,1,0
1020536,2017-02-11,3,1259.47000000,2017-02,1,0
1020703,2017-02-04,2,10971.00000000,2017-02,1,0
1020918,2016-10-08,2,8104.05000000,2016-10,1,0
1021118,2019-01-02,1,2844.91000000,2019-01,1,0
1021470,2017-09-13,1,2585.11000000,2017-09,1,0
1021494,2018-11-20,3,3148.95000000,2018-11,1,0
1021645,2018-06-01,1,1515.95000000,2018-06,1,0
1021656,2018-09-12,2,2215.50000000,2018-09,1,0
1021674,2018-10-23,2,3491.36000000,2018-10,1,0
1021727,2018-05-17,2,2657.38000000,2018-05,1,0
1022058,2018-06-14,2,7136.50000000,2018-06,1,0
1022320,2018-11-10,5,1913.01000000,2018-11,1,1
1022328,2017-05-16,5,13256.63000000,2017-05,1,0
1022337,2018-09-15,2,3058.87000000,2018-09,1,0
1022388,2016-07-05,4,17901.60000000,2016-07,1,0
1022606,2018-11-03,1,12905.32000000,2018-11,1,0
1022792,2018-07-12,1,5965.47000000,2018-07,1,0
1022794,2018-01-08,3,6359.88000000,2018-01,1,0
1022895,2016-01-19,1,231.52000000,2016-01,1,0
1022980,2016-01-12,4,4629.49000000,2016-01,1,0
1023110,2019-06-15,1,52.77000000,2019-06,1,0
1023381,2016-05-11,3,7667.05000000,2016-05,1,0
1023777,2018-06-23,1,4128.00000000,2018-06,1,0
1023840,2020-01-25,2,2301.43000000,2020-01,1,0
1024431,2019-10-05,1,1519.63000000,2019-10,1,0
102466,2018-10-03,2,1770.99000000,2018-10,1,0
1024830,2016-11-09,4,8007.80000000,2016-11,1,1
1024923,2017-12-12,3,5321.98000000,2017-12,1,0
1025012,2018-11-12,2,1508.00000000,2018-11,1,1
1025021,2016-05-18,2,4143.73000000,2016-05,1,0
102503,2017-05-26,1,12608.48000000,2017-05,1,0
1025107,2018-11-17,3,2024.54000000,2018-11,1,0
1025108,2019-01-29,2,2927.25000000,2019-01,1,0
1025223,2016-12-31,3,9970.77000000,2016-12,1,0
1025279,2019-11-08,2,4346.46000000,2019-11,1,1
1025562,2016-05-23,3,2233.89000000,2016-05,1,0
1025892,2019-02-23,1,1123.98000000,2019-02,1,0
1025909,2017-12-23,3,7227.99000000,2017-12,1,1
1026021,2017-11-12,3,1176.42000000,2017-11,1,0
1026824,2018-12-08,1,1599.92000000,2018-12,1,0
1026914,2017-12-20,3,1495.72000000,2017-12,1,0
1027402,2019-08-29,2,1362.06000000,2019-08,1,0
1027529,2019-08-09,1,1869.66000000,2019-08,1,0
1027565,2019-09-14,1,3769.00000000,2019-09,1,0
1027720,2018-12-17,2,2934.50000000,2018-12,1,1
1027802,2019-08-26,3,7444.93000000,2019-08,1,0
1027901,2016-07-02,1,1458.99000000,2016-07,1,0
102817,2019-08-17,1,673.44000000,2019-08,1,0
1028420,2019-01-09,4,13316.40000000,2019-01,1,0
1028704,2017-09-27,3,6581.97000000,2017-09,1,0
1029138,2020-10-30,1,5358.00000000,2020-10,1,0
1029182,2017-11-18,1,9739.93000000,2017-11,1,0
1029492,2017-02-11,2,6501.97000000,2017-02,1,0
1029513,2017-08-11,1,109.00000000,2017-08,1,0
1029578,2018-07-07,1,2264.07000000,2018-07,1,0
1029757,2016-05-09,2,793.79000000,2016-05,1,0
1029828,2019-03-04,1,2998.00000000,2019-03,1,0
1029868,2017-06-01,2,10016.92000000,2017-06,1,0
10299,2017-01-28,1,419.96000000,2017-01,1,0
1030143,2018-02-01,2,5523.89000000,2018-02,1,0
1031047,2019-01-10,2,7874.61000000,2019-01,1,0
1031068,2017-07-07,6,11562.68000000,2017-07,1,0
1031203,2018-10-16,2,3519.97000000,2018-10,1,0
1031361,2018-08-18,4,8486.19000000,2018-08,1,1
1031377,2019-07-11,2,1229.96000000,2019-07,1,1
1031529,2016-08-06,1,338.00000000,2016-08,1,0
1031544,2018-02-28,3,4610.78000000,2018-02,1,1
1031814,2016-09-03,2,1321.96000000,2016-09,1,0
1032154,2017-12-20,2,2783.88000000,2017-12,1,0
1032522,2018-10-06,2,638.59000000,2018-10,1,1
1032990,2016-06-07,2,956.56000000,2016-06,1,0
1033227,2017-07-11,2,2138.00000000,2017-07,1,0
1033579,2017-06-08,2,4323.82000000,2017-06,1,0
1034273,2018-11-20,2,16071.00000000,2018-11,1,0
1034311,2017-06-03,3,3760.96000000,2017-06,1,0
1034766,2019-09-19,2,3016.64000000,2019-09,1,1
1035342,2016-06-30,2,5407.91000000,2016-06,1,0
1035789,2016-01-13,6,5638.49000000,2016-01,1,0
1036010,2018-01-23,1,325.80000000,2018-01,1,0
1036041,2020-01-04,1,9450.90000000,2020-01,1,0
1036042,2020-02-12,1,707.10000000,2020-02,1,0
1036282,2018-12-26,1,697.23000000,2018-12,1,0
1036471,2019-06-29,1,29.97000000,2019-06,1,0
1036675,2016-09-29,3,2857.97000000,2016-09,1,0
1036716,2020-01-04,1,1740.99000000,2020-01,1,0
1036840,2019-07-11,1,1147.46000000,2019-07,1,0
1036884,2018-07-18,1,4065.94000000,2018-07,1,0
1036986,2018-10-16,2,7997.69000000,2018-10,1,0
1037200,2020-09-23,1,997.00000000,2020-09,1,0
1037234,2019-08-17,1,4751.71000000,2019-08,1,0
1037348,2017-12-11,3,3532.29000000,2017-12,1,0
1037400,2019-03-01,4,3484.25000000,2019-03,1,1
1037661,2016-08-30,2,335.61000000,2016-08,1,0
1037873,2018-11-08,1,1107.00000000,2018-11,1,0
1038082,2018-02-06,3,1056.50000000,2018-02,1,1
1038132,2017-12-21,1,1548.97000000,2017-12,1,0
1038441,2018-06-02,2,1957.22000000,2018-06,1,0
1039042,2017-11-28,1,5908.88000000,2017-11,1,0
1039050,2016-07-05,8,13042.74000000,2016-07,1,0
1039125,2019-06-22,1,950.00000000,2019-06,1,0
10393,2020-07-20,1,2310.00000000,2020-07,1,0
1039440,2019-12-06,2,1643.97000000,2019-12,1,0
1039709,2020-05-06,1,1125.93000000,2020-05,1,0
1039919,2018-03-08,3,233.52000000,2018-03,1,0
1040205,2016-12-19,5,3626.07000000,2016-12,1,0
1040233,2018-12-08,1,833.94000000,2018-12,1,0
1040264,2018-11-10,1,270.72000000,2018-11,1,0
1040649,2016-12-10,1,3495.50000000,2016-12,1,0
1040797,2018-06-30,4,1312.24000000,2018-06,1,0
1040916,2017-12-16,2,7848.91000000,2017-12,1,0
1041005,2020-07-10,1,1509.79000000,2020-07,1,0
1041067,2016-01-29,4,11010.96000000,2016-01,1,0
1041126,2019-01-04,2,1719.97000000,2019-01,1,0
1041399,2016-12-22,1,469.97000000,2016-12,1,0
1041465,2016-09-20,4,4505.97000000,2016-09,1,0
1041466,2016-01-06,1,3958.47000000,2016-01,1,0
1041541,2017-02-23,1,589.96000000,2017-02,1,0
1041566,2018-11-30,2,3358.97000000,2018-11,1,0
1041698,2017-01-07,4,17236.15000000,2017-01,1,0
1041700,2017-11-23,2,3608.28000000,2017-11,1,0
1041703,2016-10-08,3,1771.99000000,2016-10,1,0
1041871,2018-10-27,4,898.27000000,2018-10,1,0
1042,2018-03-06,1,1124.91000000,2018-03,1,0
1042263,2018-12-11,2,3985.92000000,2018-12,1,0
1042267,2017-02-01,6,5150.79000000,2017-02,1,0
1042301,2017-09-09,4,4736.68000000,2017-09,1,0
1042711,2016-12-27,1,495.00000000,2016-12,1,0
1042883,2016-02-02,2,6293.62000000,2016-02,1,0
1042966,2016-01-07,1,79.98000000,2016-01,1,0
1043236,2019-11-23,1,699.00000000,2019-11,1,0
1043602,2018-06-13,1,10382.90000000,2018-06,1,0
1043805,2017-09-13,1,2634.08000000,2017-09,1,0
1043840,2019-07-24,1,6913.30000000,2019-07,1,0
1043858,2018-09-29,1,2539.54000000,2018-09,1,0
1044258,2017-08-30,1,5.39000000,2017-08,1,0
104456,2018-05-10,3,4112.67000000,2018-05,1,0
1044742,2019-01-18,3,1847.84000000,2019-01,1,1
1044749,2020-09-18,1,3054.04000000,2020-09,1,0
1044798,2017-07-03,2,3780.96000000,2017-07,1,0
1044827,2016-12-17,3,1633.69000000,2016-12,1,0
1044833,2016-07-12,1,5494.93000000,2016-07,1,0
1044988,2017-06-23,1,1016.96000000,2017-06,1,0
1045314,2020-05-06,1,573.98000000,2020-05,1,0
1045339,2018-10-31,1,11835.65000000,2018-10,1,0
1045636,2016-06-13,1,5442.95000000,2016-06,1,0
1045729,2017-01-02,3,804.00000000,2017-01,1,1
1046044,2018-11-23,3,12501.69000000,2018-11,1,0
1046652,2018-08-18,2,2481.50000000,2018-08,1,0
1046802,2019-02-01,1,3249.60000000,2019-02,1,0
1047050,2016-12-09,2,6707.07000000,2016-12,1,0
1047191,2019-01-30,1,2669.78000000,2019-01,1,0
104748,2018-07-21,2,3459.34000000,2018-07,1,0
1047746,2017-10-28,3,1563.48000000,2017-10,1,0
1047846,2017-01-18,2,2218.84000000,2017-01,1,0
1047910,2018-06-05,2,489.00000000,2018-06,1,0
1048581,2020-03-15,2,659.80000000,2020-03,1,0
1048733,2018-10-10,1,4078.09000000,2018-10,1,0
1049326,2016-03-04,2,2543.83000000,2016-03,1,0
1049490,2017-06-08,4,6618.71000000,2017-06,1,0
1049578,2017-02-11,3,2385.73000000,2017-02,1,0
1049670,2019-11-15,2,2204.00000000,2019-11,1,0
1049709,2016-02-17,4,2715.06000000,2016-02,1,0
1049772,2018-11-12,2,4059.86000000,2018-11,1,0
1049861,2016-02-20,8,34141.79000000,2016-02,1,0
1049894,2019-02-26,2,8184.95000000,2019-02,1,0
1049904,2016-10-08,3,3122.69000000,2016-10,1,0
1050006,2017-01-28,2,12502.47000000,2017-01,1,0
1050429,2018-08-30,2,6027.72000000,2018-08,1,0
1050975,2017-09-05,4,6185.58000000,2017-09,1,0
105107,2019-01-09,1,299.90000000,2019-01,1,0
1051244,2017-12-27,3,1205.68000000,2017-12,1,0
105126,2019-06-15,1,947.92000000,2019-06,1,0
1051282,2019-06-26,1,7706.42000000,2019-06,1,0
1051710,2018-08-14,3,5325.81000000,2018-08,1,1
1051777,2018-11-20,2,307.86000000,2018-11,1,0
1052015,2018-12-12,1,1607.03000000,2018-12,1,0
1052170,2017-01-21,1,897.00000000,2017-01,1,0
1052486,2017-09-30,2,6627.01000000,2017-09,1,1
1052614,2019-06-29,1,257.50000000,2019-06,1,0
1052960,2016-05-28,2,478.95000000,2016-05,1,0
1052970,2018-07-12,2,6605.06000000,2018-07,1,0
1053100,2016-06-18,3,1753.85000000,2016-06,1,0
1053209,2018-01-17,5,9717.17000000,2018-01,1,0
1053333,2018-07-18,1,457.99000000,2018-07,1,0
1053393,2018-10-13,2,4226.86000000,2018-10,1,0
1053634,2020-03-04,2,2800.00000000,2020-03,1,0
1053706,2017-06-14,3,22264.41000000,2017-06,1,0
1053754,2017-03-02,3,4944.69000000,2017-03,1,0
1053987,2018-11-10,1,2926.56000000,2018-11,1,0
105417,2019-11-25,1,7479.39000000,2019-11,1,0
1054404,2016-10-31,2,11065.00000000,2016-10,1,0
1054507,2020-02-27,1,19.98000000,2020-02,1,0
1054612,2017-12-03,2,1291.52000000,2017-12,1,0
1054649,2019-02-27,2,3406.52000000,2019-02,1,0
1054655,2019-01-12,2,7560.85000000,2019-01,1,1
1054835,2018-06-02,1,4974.86000000,2018-06,1,0
1054956,2020-01-04,1,884.74000000,2020-01,1,0
1055437,2016-06-28,1,1499.95000000,2016-06,1,0
1055671,2016-03-10,3,2163.52000000,2016-03,1,0
1055766,2019-04-27,1,206.15000000,2019-04,1,0
1055801,2020-03-14,1,778.91000000,2020-03,1,0
1055880,2019-07-13,2,2385.91000000,2019-07,1,0
105595,2020-01-29,1,3036.90000000,2020-01,1,0
1056003,2018-01-06,2,2355.18000000,2018-01,1,0
1056183,2016-03-10,1,1664.20000000,2016-03,1,0
1056363,2019-02-12,2,1528.49000000,2019-02,1,1
1056452,2018-02-15,1,3456.11000000,2018-02,1,0
105647,2016-04-29,6,10318.94000000,2016-04,1,0
1056761,2019-02-20,2,4428.72000000,2019-02,1,1
1057055,2016-11-30,8,16434.56000000,2016-11,1,1
1057151,2018-11-20,3,926.47000000,2018-11,1,1
1057356,2017-07-12,4,6642.75000000,2017-07,1,0
1057875,2017-06-22,4,4546.88000000,2017-06,1,0
1058030,2016-12-21,3,14163.11000000,2016-12,1,1
1058061,2019-02-07,1,63.30000000,2019-02,1,0
1058093,2019-03-01,1,284.50000000,2019-03,1,0
1058138,2018-09-08,3,6069.37000000,2018-09,1,1
1058292,2016-06-27,2,546.74000000,2016-06,1,0
1058513,2019-02-15,2,1548.34000000,2019-02,1,0
1058678,2017-10-23,2,1439.70000000,2017-10,1,0
1058772,2016-08-16,2,4810.54000000,2016-08,1,0
1058787,2017-05-22,2,3824.82000000,2017-05,1,0
1058914,2018-09-20,1,835.80000000,2018-09,1,0
1059222,2019-09-02,3,3615.39000000,2019-09,1,0
1059468,2019-06-24,2,2161.76000000,2019-06,1,0
1059705,2019-09-05,1,2600.99000000,2019-09,1,0
1059733,2016-07-08,2,2099.10000000,2016-07,1,0
1059971,2020-07-02,1,6250.92000000,2020-07,1,0
1060009,2018-06-14,3,18352.20000000,2018-06,1,0
1060173,2018-07-09,4,11461.06000000,2018-07,1,0
1060308,2019-02-19,2,4654.89000000,2019-02,1,0
106039,2019-07-13,1,198.00000000,2019-07,1,0
1060423,2016-12-10,7,14823.08000000,2016-12,1,0
1060472,2019-09-17,2,1743.96000000,2019-09,1,0
1060589,2016-06-09,1,5804.87000000,2016-06,1,0
1060647,2019-11-09,1,996.97000000,2019-11,1,0
1061782,2020-06-18,1,753.00000000,2020-06,1,0
1061855,2017-09-21,1,152.88000000,2017-09,1,0
1062069,2017-01-26,2,488.92000000,2017-01,1,0
1062180,2018-03-03,3,13497.66000000,2018-03,1,0
1062380,2017-10-20,1,1314.00000000,2017-10,1,0
1062632,2016-01-13,4,3683.59000000,2016-01,1,1
1062944,2016-03-12,3,8137.67000000,2016-03,1,0
1063458,2016-09-02,1,2502.00000000,2016-09,1,0
1063572,2019-05-04,1,1748.89000000,2019-05,1,0
1063700,2016-10-15,3,13970.28000000,2016-10,1,0
1064279,2019-07-11,2,1304.76000000,2019-07,1,0
1064325,2017-12-16,3,6188.73000000,2017-12,1,0
1064519,2016-01-08,2,149.86000000,2016-01,1,0
1064597,2017-06-06,6,14787.82000000,2017-06,1,0
1064658,2018-12-05,2,614.00000000,2018-12,1,0
1064976,2020-03-06,1,284.40000000,2020-03,1,0
1064999,2018-12-06,1,1110.09000000,2018-12,1,0
1065004,2017-05-20,6,7294.98000000,2017-05,1,0
1065072,2018-12-24,2,4893.68000000,2018-12,1,0
1065496,2018-07-23,1,257.50000000,2018-07,1,0
1065501,2019-01-31,3,12470.34000000,2019-01,1,1
1065574,2017-02-13,1,579.98000000,2017-02,1,0
1065583,2017-06-17,2,10317.23000000,2017-06,1,0
1065839,2019-05-28,1,3636.00000000,2019-05,1,0
1066452,2017-10-31,4,14231.98000000,2017-10,1,0
1066472,2016-12-21,2,1098.00000000,2016-12,1,0
1066623,2018-12-01,2,7621.82000000,2018-12,1,0
1067256,2019-06-24,1,5.50000000,2019-06,1,0
1067403,2019-09-06,1,25.50000000,2019-09,1,0
1067528,2018-12-25,1,3872.97000000,2018-12,1,0
1067598,2018-11-06,2,8821.80000000,2018-11,1,0
1067702,2016-06-06,7,7474.26000000,2016-06,1,0
1068220,2017-10-23,3,4213.93000000,2017-10,1,0
1068351,2019-08-16,1,129.00000000,2019-08,1,0
1068402,2016-02-25,1,5316.20000000,2016-02,1,0
1068419,2017-05-17,1,143.92000000,2017-05,1,0
1068431,2016-08-12,1,437.99000000,2016-08,1,0
1068524,2019-11-05,1,401.89000000,2019-11,1,0
106880,2016-02-04,2,11398.93000000,2016-02,1,0
1069041,2018-11-12,2,6647.64000000,2018-11,1,0
1069141,2020-10-15,1,53.99000000,2020-10,1,0
1069316,2018-10-18,1,37.95000000,2018-10,1,0
1069338,2016-11-17,1,7499.49000000,2016-11,1,0
1069496,2018-07-04,1,2014.30000000,2018-07,1,0
1069649,2016-09-13,1,336.00000000,2016-09,1,0
1069911,2019-01-02,1,20970.95000000,2019-01,1,0
1070054,2016-05-26,4,1442.97000000,2016-05,1,0
1070372,2020-05-27,2,3008.70000000,2020-05,1,0
1070473,2018-11-13,1,2649.37000000,2018-11,1,0
1070493,2019-10-14,1,1429.90000000,2019-10,1,0
1070928,2018-06-16,2,8522.94000000,2018-06,1,0
1071007,2016-09-07,3,1212.63000000,2016-09,1,0
1071326,2018-05-04,3,6153.37000000,2018-05,1,0
1071414,2018-09-20,2,5582.84000000,2018-09,1,0
1071445,2019-05-14,1,1570.65000000,2019-05,1,0
1071530,2018-08-10,2,361.97000000,2018-08,1,0
1071667,2018-02-01,1,129.00000000,2018-02,1,0
1072272,2018-05-16,3,5313.49000000,2018-05,1,0
1072821,2017-02-17,2,6831.67000000,2017-02,1,0
107299,2018-03-13,1,1294.89000000,2018-03,1,0
1073026,2018-12-01,1,439.96000000,2018-12,1,0
1073027,2016-04-26,2,3728.99000000,2016-04,1,0
1073088,2018-08-25,2,779.64000000,2018-08,1,0
1073430,2017-02-17,1,2096.00000000,2017-02,1,0
1073964,2016-12-03,2,6589.32000000,2016-12,1,0
1074065,2017-08-11,5,12013.53000000,2017-08,1,0
1074430,2016-06-04,1,2821.27000000,2016-06,1,0
1074512,2017-10-21,4,7881.88000000,2017-10,1,0
1074717,2017-01-23,3,2044.16000000,2017-01,1,0
1074728,2017-02-16,3,3619.12000000,2017-02,1,0
1075069,2017-05-09,3,18350.63000000,2017-05,1,0
1075190,2017-02-23,3,6026.78000000,2017-02,1,0
1075402,2020-02-24,1,1592.00000000,2020-02,1,0
1075426,2019-08-21,2,233.98000000,2019-08,1,0
1075880,2017-02-03,2,9106.96000000,2017-02,1,0
1076007,2017-02-25,3,7862.17000000,2017-02,1,0
1076090,2017-03-13,1,665.00000000,2017-03,1,0
1076568,2016-02-16,2,16198.91000000,2016-02,1,0
1076623,2016-02-20,1,2825.00000000,2016-02,1,0
1076661,2019-02-27,2,443.89000000,2019-02,1,0
1076700,2017-07-29,3,8032.61000000,2017-07,1,0
1076923,2018-10-27,4,18496.21000000,2018-10,1,1
1077719,2020-10-02,1,789.98000000,2020-10,1,0
1078234,2019-12-19,1,3317.80000000,2019-12,1,0
1078235,2019-11-08,3,2943.79000000,2019-11,1,1
1078242,2017-01-24,4,3242.93000000,2017-01,1,0
1078267,2019-11-06,1,2954.60000000,2019-11,1,0
1078416,2018-12-24,3,752.78000000,2018-12,1,1
1078673,2016-12-14,1,495.92000000,2016-12,1,0
1078677,2017-01-26,2,13711.87000000,2017-01,1,0
1078980,2018-05-01,1,659.97000000,2018-05,1,0
1079159,2016-01-27,6,9230.35000000,2016-01,1,0
1079330,2019-12-18,1,128.00000000,2019-12,1,0
1079698,2018-09-15,2,580.91000000,2018-09,1,1
1080102,2019-07-18,1,1767.00000000,2019-07,1,0
1080125,2018-07-25,1,10651.97000000,2018-07,1,0
1080163,2016-12-31,3,1873.42000000,2016-12,1,0
108022,2020-10-29,1,1874.97000000,2020-10,1,0
1080247,2019-09-23,3,234.61000000,2019-09,1,0
1081217,2017-11-25,3,2134.65000000,2017-11,1,0
1081249,2018-12-05,1,539.97000000,2018-12,1,0
1081604,2017-10-07,5,7727.87000000,2017-10,1,1
1081686,2018-02-10,1,3335.94000000,2018-02,1,0
1081923,2020-05-19,1,499.90000000,2020-05,1,0
1082026,2019-07-03,1,512.00000000,2019-07,1,0
1082222,2019-11-15,1,25865.14000000,2019-11,1,0
1082267,2018-07-21,1,445.00000000,2018-07,1,0
1082396,2018-01-06,1,4056.91000000,2018-01,1,0
1082460,2018-07-06,3,2544.95000000,2018-07,1,0
108311,2016-10-11,3,7101.17000000,2016-10,1,0
1083191,2016-02-13,2,757.79000000,2016-02,1,0
1083735,2017-12-13,1,9322.95000000,2017-12,1,0
1083775,2019-11-27,1,1421.00000000,2019-11,1,0
1083945,2017-02-23,2,937.90000000,2017-02,1,0
1084205,2017-08-26,8,11273.09000000,2017-08,1,0
1084570,2016-01-10,4,2563.47000000,2016-01,1,0
1085040,2018-01-04,1,125.93000000,2018-01,1,0
1085205,2020-04-28,1,547.80000000,2020-04,1,0
1085273,2020-02-29,1,3344.98000000,2020-02,1,0
1085466,2017-12-20,2,727.80000000,2017-12,1,0
1085643,2019-09-13,2,6610.90000000,2019-09,1,0
1085687,2016-09-10,1,1129.64000000,2016-09,1,0
1086200,2016-02-06,5,12027.50000000,2016-02,1,0
1086276,2017-08-26,4,6781.72000000,2017-08,1,0
1086645,2019-02-16,2,4918.93000000,2019-02,1,0
1087194,2017-10-24,1,977.10000000,2017-10,1,0
1087732,2016-11-30,8,36664.30000000,2016-11,1,1
1087790,2017-06-19,3,1927.07000000,2017-06,1,1
1087841,2017-06-26,5,12681.71000000,2017-06,1,0
1088108,2018-10-26,2,1391.53000000,2018-10,1,1
1088133,2020-01-09,1,231.29000000,2020-01,1,0
1088403,2018-07-23,3,5738.95000000,2018-07,1,0
1088511,2019-06-14,1,3195.00000000,2019-06,1,0
1089176,2018-11-02,2,3256.00000000,2018-11,1,1
1089328,2020-11-24,1,179.99000000,2020-11,0,0
1089369,2017-12-04,1,559.90000000,2017-12,1,0
1089406,2019-12-26,1,1389.00000000,2019-12,1,0
1089414,2016-10-11,3,5022.95000000,2016-10,1,0
1089537,2018-08-09,1,8457.93000000,2018-08,1,0
1089571,2017-03-07,6,6692.81000000,2017-03,1,0
1089890,2016-05-05,4,5188.38000000,2016-05,1,0
1090259,2016-05-24,7,6731.68000000,2016-05,1,0
1090406,2017-07-05,1,2271.96000000,2017-07,1,0
1090531,2019-10-12,1,1806.98000000,2019-10,1,0
1090656,2017-11-03,1,131.96000000,2017-11,1,0
1090696,2019-05-16,3,11185.05000000,2019-05,1,0
1090726,2018-02-16,8,17474.28000000,2018-02,1,0
1090739,2016-09-10,2,1600.24000000,2016-09,1,0
1091419,2017-09-29,3,22818.03000000,2017-09,1,0
109148,2019-01-17,2,2533.70000000,2019-01,1,0
1091801,2017-01-03,4,15250.96000000,2017-01,1,0
1091961,2019-02-19,2,2800.00000000,2019-02,1,1
1092098,2019-06-26,1,366.00000000,2019-06,1,0
1092329,2016-08-13,1,3129.00000000,2016-08,1,0
1092416,2018-01-22,2,3870.02000000,2018-01,1,0
1092434,2017-09-11,3,1011.42000000,2017-09,1,0
1092661,2017-01-09,1,253.21000000,2017-01,1,0
1093130,2019-05-21,1,3913.00000000,2019-05,1,0
1093518,2018-08-23,1,2345.80000000,2018-08,1,0
1093679,2017-02-25,2,1382.97000000,2017-02,1,0
1093788,2018-02-20,5,8963.53000000,2018-02,1,1
1093798,2018-11-23,3,6672.89000000,2018-11,1,0
1094026,2018-09-30,1,577.96000000,2018-09,1,0
1094276,2016-09-24,5,16860.56000000,2016-09,1,0
1094291,2016-02-18,3,996.00000000,2016-02,1,0
1094568,2016-10-19,2,8195.95000000,2016-10,1,0
1094624,2016-12-14,3,6494.46000000,2016-12,1,0
1094704,2019-01-12,2,4008.97000000,2019-01,1,0
1094730,2019-12-26,2,6101.30000000,2019-12,1,0
1094906,2019-02-18,1,2277.82000000,2019-02,1,0
1094994,2019-07-21,1,200.00000000,2019-07,1,0
1095118,2019-08-07,1,2109.80000000,2019-08,1,0
1095308,2018-07-03,3,4656.48000000,2018-07,1,0
1095416,2020-06-01,1,39.90000000,2020-06,1,0
1095528,2018-06-18,3,3624.22000000,2018-06,1,0
1095535,2017-12-09,1,599.98000000,2017-12,1,0
1095565,2019-07-26,1,10248.00000000,2019-07,1,0
1095669,2017-09-19,2,3209.28000000,2017-09,1,1
109580,2016-12-17,2,751.98000000,2016-12,1,0
1096033,2019-12-26,1,495.00000000,2019-12,1,0
1096041,2018-12-15,1,3068.85000000,2018-12,1,0
1096123,2016-05-27,5,7540.61000000,2016-05,1,0
1096502,2017-12-17,1,2989.90000000,2017-12,1,0
1096641,2019-08-20,2,11704.87000000,2019-08,1,1
1096714,2019-05-18,4,2650.96000000,2019-05,1,0
1096834,2017-06-23,3,1795.89000000,2017-06,1,0
1096960,2017-06-02,3,4390.69000000,2017-06,1,0
1097022,2017-02-20,5,8477.52000000,2017-02,1,0
1097057,2018-01-03,4,8497.61000000,2018-01,1,0
1097307,2019-02-14,1,1883.00000000,2019-02,1,0
1097332,2018-03-10,3,6072.32000000,2018-03,1,0
1097591,2016-07-14,2,5254.10000000,2016-07,1,1
1097602,2019-08-31,1,179.00000000,2019-08,1,0
1097685,2016-07-14,4,24740.82000000,2016-07,1,0
1097689,2017-06-13,4,9086.54000000,2017-06,1,0
1097900,2018-12-17,2,1218.80000000,2018-12,1,0
1098100,2018-09-08,4,2373.99000000,2018-09,1,1
1098143,2016-01-23,2,592.90000000,2016-01,1,0
1098179,2016-12-28,3,6296.91000000,2016-12,1,0
1098298,2017-12-22,2,1093.71000000,2017-12,1,0
1098561,2018-11-06,1,652.00000000,2018-11,1,0
1098687,2016-06-11,10,25432.54000000,2016-06,1,0
1098793,2016-10-06,5,9064.60000000,2016-10,1,1
1098881,2017-12-12,2,2776.86000000,2017-12,1,0
1099301,2019-07-08,1,3010.77000000,2019-07,1,0
1099476,2019-05-22,1,6599.94000000,2019-05,1,0
109977,2020-01-04,1,319.79000000,2020-01,1,0
1099807,2016-11-02,2,6198.76000000,2016-11,1,0
1100042,2019-02-24,2,2418.73000000,2019-02,1,0
1100184,2017-12-22,2,1984.61000000,2017-12,1,0
1100244,2020-09-23,1,3243.00000000,2020-09,1,0
1100246,2020-02-05,1,4763.89000000,2020-02,1,0
1100294,2018-12-08,3,1656.60000000,2018-12,1,0
1100341,2016-10-03,4,5078.60000000,2016-10,1,1
1100414,2019-06-15,1,265.98000000,2019-06,1,0
1100448,2019-03-17,1,1379.40000000,2019-03,1,0
1100506,2017-11-07,1,109.99000000,2017-11,1,0
1100638,2018-11-29,1,539.20000000,2018-11,1,0
1100816,2017-02-21,2,9059.20000000,2017-02,1,0
1100982,2018-11-27,1,338.00000000,2018-11,1,0
1101266,2016-10-22,1,1885.81000000,2016-10,1,0
1101386,2017-07-28,3,8851.07000000,2017-07,1,0
1101670,2016-05-02,5,9530.72000000,2016-05,1,0
1101686,2017-08-21,3,10296.08000000,2017-08,1,0
1101877,2018-10-25,1,101.28000000,2018-10,1,0
1102272,2016-08-11,1,971.00000000,2016-08,1,0
1102383,2020-01-29,2,5997.94000000,2020-01,1,0
1102760,2016-11-11,4,19891.68000000,2016-11,1,0
1102822,2018-11-17,1,3106.40000000,2018-11,1,0
1102842,2016-12-31,1,1630.00000000,2016-12,1,0
1103294,2018-08-08,3,9135.09000000,2018-08,1,0
11035,2020-02-15,1,268.00000000,2020-02,1,0
1103640,2020-05-15,1,308.00000000,2020-05,1,0
1103795,2018-12-15,3,5176.00000000,2018-12,1,0
1103886,2017-11-11,1,1642.78000000,2017-11,1,0
1104029,2016-01-14,3,13511.05000000,2016-01,1,0
1104196,2018-11-02,1,990.28000000,2018-11,1,0
1104304,2016-05-17,2,9522.57000000,2016-05,1,0
1104307,2017-10-21,2,11599.76000000,2017-10,1,0
1104581,2019-05-04,3,11693.92000000,2019-05,1,0
1104802,2017-12-30,1,1173.00000000,2017-12,1,0
1104932,2018-12-27,1,299.90000000,2018-12,1,0
1105074,2016-06-20,2,5074.93000000,2016-06,1,0
1105288,2016-06-11,3,4077.92000000,2016-06,1,0
1105481,2016-11-30,2,7055.59000000,2016-11,1,0
1105588,2016-09-17,1,2979.56000000,2016-09,1,0
1105607,2020-02-01,1,1127.00000000,2020-02,1,0
1106029,2019-12-27,3,6728.68000000,2019-12,1,1
1106051,2019-11-11,1,179.99000000,2019-11,1,0
1106087,2019-02-14,4,4392.76000000,2019-02,1,1
1106952,2016-08-27,2,1577.30000000,2016-08,1,0
1107011,2019-01-17,1,1198.00000000,2019-01,1,0
1107312,2019-02-26,1,360.00000000,2019-02,1,0
1107432,2017-09-27,2,2005.74000000,2017-09,1,0
1107461,2016-01-01,4,10443.12000000,2016-01,1,0
1107471,2017-03-04,1,3100.00000000,2017-03,1,0
1107656,2017-02-07,2,2062.74000000,2017-02,1,0
1108421,2018-12-31,1,5499.95000000,2018-12,1,0
1108431,2018-12-26,1,999.00000000,2018-12,1,0
1108440,2020-02-25,1,359.98000000,2020-02,1,0
1108466,2020-01-23,2,1712.95000000,2020-01,1,0
1108629,2017-10-07,2,3102.75000000,2017-10,1,0
1109178,2017-12-21,4,13925.97000000,2017-12,1,1
1109196,2019-07-22,1,52.66000000,2019-07,1,0
1109358,2016-05-31,2,1702.87000000,2016-05,1,0
1109419,2017-05-08,4,5689.00000000,2017-05,1,0
1109536,2020-11-12,1,1764.00000000,2020-11,1,0
1109746,2020-05-28,1,1983.86000000,2020-05,1,0
1109801,2019-01-19,1,2169.00000000,2019-01,1,0
1109864,2019-10-09,1,1280.00000000,2019-10,1,0
1110012,2019-03-15,2,537.51000000,2019-03,1,0
1110229,2016-02-02,2,3398.65000000,2016-02,1,0
1110305,2016-09-17,1,712.56000000,2016-09,1,0
1110691,2016-01-20,4,15050.88000000,2016-01,1,0
1110868,2016-05-07,2,9610.72000000,2016-05,1,0
1111119,2016-11-04,2,22303.76000000,2016-11,1,0
1111227,2019-08-23,1,37.95000000,2019-08,1,0
1111645,2017-08-11,2,5156.83000000,2017-08,1,0
1111650,2019-02-28,2,3380.89000000,2019-02,1,0
1111848,2017-01-07,4,19586.58000000,2017-01,1,0
1111954,2018-12-25,4,5010.00000000,2018-12,1,1
111207,2018-05-30,1,3030.26000000,2018-05,1,0
1112089,2016-05-14,5,10166.42000000,2016-05,1,0
1112155,2016-05-10,3,2947.00000000,2016-05,1,0
1112418,2016-02-27,2,6489.39000000,2016-02,1,0
1112419,2016-01-28,3,3155.82000000,2016-01,1,0
1112613,2016-01-23,3,7404.25000000,2016-01,1,0
1112803,2016-10-21,3,795.89000000,2016-10,1,0
1112974,2017-11-30,4,16902.92000000,2017-11,1,0
1113081,2018-01-24,4,9578.62000000,2018-01,1,1
1113084,2018-01-30,3,10283.40000000,2018-01,1,0
1113255,2016-07-11,2,1408.20000000,2016-07,1,0
1113391,2019-02-16,1,299.99000000,2019-02,1,0
1114072,2019-02-28,1,308.00000000,2019-02,1,0
1114100,2016-11-17,4,18042.87000000,2016-11,1,0
1114283,2017-05-27,3,9952.13000000,2017-05,1,0
1114319,2016-01-30,2,11093.94000000,2016-01,1,0
1114345,2019-06-01,3,13277.77000000,2019-06,1,0
1114873,2018-10-22,1,249.99000000,2018-10,1,0
111492,2019-09-02,2,2926.33000000,2019-09,1,0
1115222,2018-01-26,6,11372.84000000,2018-01,1,0
1115485,2016-02-24,1,1340.88000000,2016-02,1,0
1115513,2019-07-30,3,4705.46000000,2019-07,1,0
111568,2020-02-29,1,5061.96000000,2020-02,1,0
1115892,2016-08-20,3,7539.85000000,2016-08,1,0
1116156,2017-05-05,8,20716.19000000,2017-05,1,1
1116314,2018-11-05,2,3276.98000000,2018-11,1,0
1116568,2020-05-16,2,2963.61000000,2020-05,1,0
1116789,2019-05-10,1,480.00000000,2019-05,1,0
1116892,2018-10-17,2,7017.55000000,2018-10,1,0
1117051,2018-09-06,1,3074.90000000,2018-09,1,0
1117827,2020-02-15,1,869.97000000,2020-02,1,0
1117944,2017-11-17,2,13079.92000000,2017-11,1,0
1118097,2017-06-22,5,4986.73000000,2017-06,1,0
1118302,2018-02-19,6,8200.35000000,2018-02,1,0
1118352,2021-01-15,1,1207.96000000,2021-01,0,0
1118689,2018-11-10,2,9388.79000000,2018-11,1,0
1118795,2018-09-10,1,298.00000000,2018-09,1,0
1119069,2018-03-01,2,9470.21000000,2018-03,1,0
1119189,2018-08-22,2,2209.97000000,2018-08,1,0
1119510,2016-12-17,3,780.52000000,2016-12,1,0
1119547,2016-07-23,2,1616.98000000,2016-07,1,0
1119619,2017-01-24,3,878.75000000,2017-01,1,1
1119720,2016-02-20,2,805.46000000,2016-02,1,0
1119796,2018-10-10,1,3063.60000000,2018-10,1,0
1119822,2017-08-08,6,6995.81000000,2017-08,1,1
1120599,2019-02-22,2,2146.32000000,2019-02,1,0
1121619,2018-12-22,1,3031.99000000,2018-12,1,0
1121796,2018-06-23,1,5190.90000000,2018-06,1,0
1122022,2018-12-06,1,4628.00000000,2018-12,1,0
1122108,2019-09-18,1,2105.61000000,2019-09,1,0
1122233,2017-01-07,4,2800.53000000,2017-01,1,0
1122248,2016-02-04,1,459.80000000,2016-02,1,0
1122433,2017-10-16,1,1956.00000000,2017-10,1,0
1122612,2017-02-16,1,299.97000000,2017-02,1,0
1122810,2017-05-11,1,2327.28000000,2017-05,1,0
112287,2020-03-17,1,219.98000000,2020-03,1,0
1123162,2017-01-17,2,4043.72000000,2017-01,1,0
1123758,2019-03-11,4,1757.53000000,2019-03,1,1
1123816,2017-12-16,2,2429.62000000,2017-12,1,0
1123881,2019-12-24,1,2455.90000000,2019-12,1,0
1124112,2017-01-04,2,10570.70000000,2017-01,1,0
1124172,2016-12-29,2,1960.68000000,2016-12,1,0
1124187,2018-05-28,1,305.98000000,2018-05,1,0
1124426,2016-09-26,2,1451.98000000,2016-09,1,1
1124499,2019-09-07,1,2214.00000000,2019-09,1,0
1124572,2019-05-08,1,3858.53000000,2019-05,1,0
1124659,2018-02-17,2,11502.98000000,2018-02,1,1
1124706,2017-02-28,8,14388.25000000,2017-02,1,0
1125056,2019-12-12,2,7128.41000000,2019-12,1,1
1125351,2017-12-17,1,299.90000000,2017-12,1,0
1125468,2018-06-19,3,19350.89000000,2018-06,1,0
1125474,2018-02-10,2,6259.14000000,2018-02,1,0
1125761,2016-12-19,2,4552.00000000,2016-12,1,0
1126317,2019-07-10,1,35.34000000,2019-07,1,0
1126390,2017-11-21,1,1348.00000000,2017-11,1,0
1126411,2018-01-10,2,6129.68000000,2018-01,1,0
1126510,2016-12-31,1,7081.22000000,2016-12,1,0
1127050,2017-11-17,1,816.36000000,2017-11,1,0
1127381,2017-06-23,3,16059.19000000,2017-06,1,0
1127584,2017-01-21,3,4951.28000000,2017-01,1,0
112762,2016-08-16,2,2968.99000000,2016-08,1,0
1127638,2016-11-26,7,14403.14000000,2016-11,1,0
1127690,2017-12-23,3,4549.77000000,2017-12,1,0
1128295,2016-02-23,2,544.14000000,2016-02,1,0
1128384,2019-10-24,1,32.00000000,2019-10,1,0
1128590,2017-10-27,1,22.99000000,2017-10,1,0
1128911,2020-08-29,1,136.00000000,2020-08,1,0
1128994,2018-05-19,3,1602.83000000,2018-05,1,0
1129179,2017-06-15,2,6704.86000000,2017-06,1,0
1129200,2016-01-12,2,3637.94000000,2016-01,1,0
1129442,2016-06-04,3,3778.39000000,2016-06,1,0
1129520,2021-01-16,1,3133.29000000,2021-01,0,0
1129712,2018-10-25,4,7791.69000000,2018-10,1,0
1129721,2020-05-20,1,3897.00000000,2020-05,1,0
1129799,2016-07-23,3,11013.09000000,2016-07,1,0
1130205,2018-10-12,3,4422.27000000,2018-10,1,0
1130382,2018-08-11,5,15556.97000000,2018-08,1,0
1130442,2018-06-27,4,9715.74000000,2018-06,1,0
1130512,2019-12-22,1,3956.58000000,2019-12,1,0
1130812,2016-02-20,1,2516.75000000,2016-02,1,0
1130814,2019-08-17,1,2405.93000000,2019-08,1,0
1130928,2018-11-28,2,9242.51000000,2018-11,1,0
113121,2020-02-07,1,2070.00000000,2020-02,1,0
1131276,2017-05-20,5,4502.37000000,2017-05,1,0
1131576,2018-02-26,2,2940.94000000,2018-02,1,0
1131690,2018-12-25,1,5075.79000000,2018-12,1,0
1132350,2017-05-18,3,17392.45000000,2017-05,1,0
1132370,2016-06-09,6,15693.82000000,2016-06,1,0
1132400,2016-04-29,3,6813.56000000,2016-04,1,0
113244,2019-10-17,3,6092.53000000,2019-10,1,1
1132540,2016-12-19,2,4654.89000000,2016-12,1,0
1132599,2020-01-10,1,132.99000000,2020-01,1,0
1132629,2018-05-25,1,4420.81000000,2018-05,1,0
113290,2020-04-30,1,3034.99000000,2020-04,1,0
113294,2020-02-08,1,3476.00000000,2020-02,1,0
1133148,2017-03-03,1,99.99000000,2017-03,1,0
1133404,2016-03-09,3,5572.21000000,2016-03,1,0
1133419,2017-02-08,3,3597.60000000,2017-02,1,0
1133712,2019-05-11,2,219.28000000,2019-05,1,1
1134255,2016-05-03,4,5306.48000000,2016-05,1,0
113448,2019-11-26,2,5226.82000000,2019-11,1,1
1134501,2020-12-25,1,1107.00000000,2020-12,0,0
113481,2018-05-26,2,7321.68000000,2018-05,1,0
1134929,2018-05-15,2,6951.50000000,2018-05,1,0
1135020,2016-06-03,3,12500.54000000,2016-06,1,0
1135026,2018-10-30,2,1426.00000000,2018-10,1,0
1135188,2018-10-22,2,4073.99000000,2018-10,1,0
1135217,2017-05-22,2,1125.79000000,2017-05,1,0
1135250,2017-06-16,2,1682.86000000,2017-06,1,0
1135465,2016-09-09,2,3126.62000000,2016-09,1,0
1136143,2016-01-12,5,9965.49000000,2016-01,1,0
1136286,2017-10-19,3,1642.70000000,2017-10,1,0
1136316,2019-03-09,2,722.80000000,2019-03,1,0
1136319,2017-02-01,3,10052.79000000,2017-02,1,0
113635,2018-06-09,1,722.73000000,2018-06,1,0
1136696,2016-05-25,2,13489.09000000,2016-05,1,0
1136737,2016-12-07,3,6726.99000000,2016-12,1,0
1136852,2019-02-19,1,2937.23000000,2019-02,1,0
1137012,2016-12-06,1,877.98000000,2016-12,1,0
1137155,2017-10-14,1,2214.00000000,2017-10,1,0
1137406,2017-12-30,2,8320.43000000,2017-12,1,0
1137620,2019-02-09,1,6993.00000000,2019-02,1,0
1137780,2017-02-01,4,8925.83000000,2017-02,1,0
1137903,2018-07-07,1,4139.88000000,2018-07,1,0
1137958,2018-06-02,1,515.70000000,2018-06,1,0
1138092,2017-01-12,2,3804.97000000,2017-01,1,0
1138144,2016-10-23,2,2898.25000000,2016-10,1,0
1138327,2018-09-26,4,929.25000000,2018-09,1,0
113833,2020-01-04,1,548.97000000,2020-01,1,0
1138396,2018-08-09,1,1099.99000000,2018-08,1,0
1138520,2017-06-03,3,4519.64000000,2017-06,1,0
1138624,2020-01-04,1,209.00000000,2020-01,1,0
1138846,2017-02-06,3,5124.17000000,2017-02,1,0
1138976,2017-07-18,3,4925.94000000,2017-07,1,0
1139001,2019-07-03,1,3391.65000000,2019-07,1,0
1139101,2016-06-18,3,2612.49000000,2016-06,1,0
1139316,2016-10-22,3,2997.28000000,2016-10,1,1
1139356,2017-09-29,4,9212.42000000,2017-09,1,0
1139726,2017-10-02,2,3595.34000000,2017-10,1,0
1139887,2019-06-11,3,12191.67000000,2019-06,1,0
1139944,2018-01-16,2,2607.60000000,2018-01,1,0
1140295,2019-02-23,1,227.98000000,2019-02,1,0
1140326,2020-01-07,1,594.98000000,2020-01,1,0
1140654,2016-02-01,1,2499.00000000,2016-02,1,0
114070,2018-12-08,2,18796.56000000,2018-12,1,0
1140712,2018-09-04,2,3916.84000000,2018-09,1,0
1140731,2018-02-01,1,159.99000000,2018-02,1,0
1140779,2019-09-09,1,411.78000000,2019-09,1,0
1140842,2019-01-30,3,13335.12000000,2019-01,1,1
1141428,2016-08-22,2,1615.97000000,2016-08,1,0
1141613,2019-07-24,1,1762.26000000,2019-07,1,0
1141652,2016-05-07,5,10285.49000000,2016-05,1,0
1141697,2020-02-19,2,4489.51000000,2020-02,1,0
1141748,2019-10-31,1,1379.77000000,2019-10,1,0
1141753,2017-02-18,2,10392.89000000,2017-02,1,0
114201,2018-12-21,1,653.96000000,2018-12,1,0
1142741,2019-02-13,1,1399.65000000,2019-02,1,0
1142863,2019-06-20,4,7535.69000000,2019-06,1,1
1142864,2020-01-06,1,2768.50000000,2020-01,1,0
1143082,2020-05-07,1,443.06000000,2020-05,1,0
1143203,2016-06-23,3,4081.32000000,2016-06,1,0
1143292,2019-01-11,2,4881.28000000,2019-01,1,1
1143470,2018-02-21,1,11.00000000,2018-02,1,0
1143508,2018-06-06,2,3762.70000000,2018-06,1,0
1143517,2018-05-10,3,3767.00000000,2018-05,1,0
1143574,2016-07-01,3,22134.82000000,2016-07,1,0
1143828,2016-01-04,3,2095.00000000,2016-01,1,0
1143894,2018-07-21,1,2144.00000000,2018-07,1,0
1144095,2017-12-07,1,289.96000000,2017-12,1,0
1144172,2017-12-23,4,8108.36000000,2017-12,1,0
1144303,2018-10-19,1,2322.00000000,2018-10,1,0
1144584,2018-01-10,1,1278.85000000,2018-01,1,0
1144593,2019-09-03,2,1915.00000000,2019-09,1,1
1144781,2017-02-18,1,1340.00000000,2017-02,1,0
1145044,2017-06-01,2,2925.14000000,2017-06,1,0
1145093,2018-01-08,1,797.95000000,2018-01,1,0
1145201,2016-11-02,2,1340.00000000,2016-11,1,0
1145581,2017-10-04,1,249.99000000,2017-10,1,0
114561,2018-10-17,2,1465.93000000,2018-10,1,0
1146045,2016-03-01,4,1268.92000000,2016-03,1,0
1146054,2016-12-06,1,1133.00000000,2016-12,1,0
1146089,2017-09-07,1,13.98000000,2017-09,1,0
1146124,2018-01-10,3,1830.11000000,2018-01,1,0
1146241,2016-12-19,2,10647.92000000,2016-12,1,0
1146324,2018-10-12,6,15612.90000000,2018-10,1,0
1146329,2020-06-09,1,7671.32000000,2020-06,1,0
1146653,2017-02-15,2,536.79000000,2017-02,1,0
1146936,2017-08-07,2,2207.94000000,2017-08,1,0
1147136,2019-10-23,2,9673.97000000,2019-10,1,1
1147272,2017-02-22,2,7232.90000000,2017-02,1,0
1147474,2019-12-25,1,82.98000000,2019-12,1,0
1147519,2016-11-24,1,1774.95000000,2016-11,1,0
1148016,2018-06-05,2,290.08000000,2018-06,1,0
1148022,2019-09-20,2,5293.93000000,2019-09,1,0
1148064,2018-12-05,1,249.99000000,2018-12,1,0
1148222,2018-05-04,2,3424.28000000,2018-05,1,0
1148699,2017-02-01,1,10471.28000000,2017-02,1,0
1148931,2017-06-30,2,2533.00000000,2017-06,1,0
1148932,2019-02-12,2,484.76000000,2019-02,1,0
114916,2016-11-03,2,3842.35000000,2016-11,1,0
1149206,2017-11-25,3,3400.40000000,2017-11,1,1
1149244,2018-07-10,2,5531.04000000,2018-07,1,0
1149286,2018-03-01,2,8645.94000000,2018-03,1,0
1149288,2020-02-27,2,653.95000000,2020-02,1,0
114949,2018-09-14,3,5598.29000000,2018-09,1,0
1149875,2016-12-29,4,19797.88000000,2016-12,1,0
1149998,2020-12-18,1,249.01000000,2020-12,0,0
1150012,2018-01-10,6,7855.84000000,2018-01,1,1
1150148,2019-12-27,1,2870.95000000,2019-12,1,0
1150193,2018-05-21,2,1786.50000000,2018-05,1,0
1150424,2016-05-02,1,22399.93000000,2016-05,1,0
1150993,2016-03-12,1,527.66000000,2016-03,1,0
1151103,2016-06-15,1,398.97000000,2016-06,1,0
1151122,2017-08-07,1,907.57000000,2017-08,1,0
1151559,2017-12-01,1,599.98000000,2017-12,1,0
1151616,2018-08-30,2,15224.00000000,2018-08,1,0
115168,2019-09-12,1,206.13000000,2019-09,1,0
1151790,2016-11-12,2,926.96000000,2016-11,1,1
1152038,2016-12-27,2,16886.85000000,2016-12,1,0
1152079,2018-03-07,3,2304.52000000,2018-03,1,0
1152244,2017-02-22,2,4499.16000000,2017-02,1,0
1152366,2016-07-05,4,5448.45000000,2016-07,1,0
1152446,2018-01-11,3,1490.31000000,2018-01,1,0
1152536,2018-05-25,2,1345.50000000,2018-05,1,0
1152849,2016-09-03,1,407.00000000,2016-09,1,0
1152914,2017-06-03,4,3355.88000000,2017-06,1,0
1153028,2016-11-04,2,8565.79000000,2016-11,1,0
115335,2017-10-19,2,14826.55000000,2017-10,1,0
1153522,2018-11-12,1,1598.99000000,2018-11,1,0
1154232,2017-10-26,3,6108.80000000,2017-10,1,0
1154367,2017-07-18,2,1740.97000000,2017-07,1,0
115447,2017-10-14,2,11870.29000000,2017-10,1,0
115452,2019-05-08,1,853.99000000,2019-05,1,0
1154631,2017-01-24,5,16403.38000000,2017-01,1,0
1155125,2018-12-08,1,1308.60000000,2018-12,1,0
1155341,2017-05-06,2,13551.00000000,2017-05,1,0
1155665,2020-01-08,1,2019.93000000,2020-01,1,0
1155899,2016-10-10,3,2938.35000000,2016-10,1,1
1155920,2018-03-02,4,2267.39000000,2018-03,1,0
1156077,2016-02-13,5,8292.04000000,2016-02,1,0
1156456,2018-10-03,3,3380.00000000,2018-10,1,1
1156460,2016-02-20,1,6783.00000000,2016-02,1,0
1156462,2017-08-09,2,4494.70000000,2017-08,1,0
1156489,2018-06-18,5,2794.10000000,2018-06,1,1
1156834,2017-08-16,2,2038.50000000,2017-08,1,0
1156927,2018-08-21,3,5892.52000000,2018-08,1,1
1157028,2020-09-10,1,269.90000000,2020-09,1,0
1157063,2016-02-26,5,5751.07000000,2016-02,1,0
1157094,2018-10-31,2,5736.98000000,2018-10,1,0
1157256,2016-08-24,1,7984.00000000,2016-08,1,0
1157316,2016-02-13,3,9013.99000000,2016-02,1,0
1157347,2019-09-12,1,53.94000000,2019-09,1,0
1157349,2016-12-13,1,1856.25000000,2016-12,1,0
1157497,2016-02-24,1,2123.90000000,2016-02,1,0
1157799,2020-07-09,1,3141.83000000,2020-07,1,0
1157976,2016-10-13,3,7068.11000000,2016-10,1,0
1158204,2018-03-09,3,12559.19000000,2018-03,1,0
1158399,2018-11-24,1,905.00000000,2018-11,1,0
1158843,2019-09-21,2,13860.55000000,2019-09,1,0
115902,2017-12-28,1,4033.73000000,2017-12,1,0
1159180,2017-07-10,2,1003.98000000,2017-07,1,0
1159429,2019-10-10,1,3447.00000000,2019-10,1,0
1160065,2017-02-25,3,3054.46000000,2017-02,1,0
1160349,2017-05-09,3,3657.39000000,2017-05,1,0
1160570,2017-10-12,1,618.72000000,2017-10,1,0
1160610,2017-12-16,3,5861.09000000,2017-12,1,0
1160653,2019-06-03,1,627.00000000,2019-06,1,0
1160758,2018-06-11,4,22816.39000000,2018-06,1,1
1161124,2018-08-20,1,3599.90000000,2018-08,1,0
1161130,2016-11-05,2,2170.96000000,2016-11,1,0
1161188,2018-12-03,1,756.00000000,2018-12,1,0
1161409,2018-01-01,2,4028.26000000,2018-01,1,1
116149,2017-10-28,4,5156.50000000,2017-10,1,0
1161581,2016-12-15,3,6502.92000000,2016-12,1,0
1161615,2016-01-06,3,8927.92000000,2016-01,1,0
1161825,2019-12-09,2,1033.95000000,2019-12,1,1
1162297,2017-02-16,2,8386.39000000,2017-02,1,0
1162408,2018-10-29,2,5357.20000000,2018-10,1,0
1162503,2016-02-19,1,405.40000000,2016-02,1,0
1162807,2018-01-20,1,319.98000000,2018-01,1,0
1162853,2018-07-17,1,6732.36000000,2018-07,1,0
1162946,2018-06-01,1,1478.97000000,2018-06,1,0
1163087,2016-11-23,3,2407.80000000,2016-11,1,0
1163149,2017-12-27,5,11396.75000000,2017-12,1,1
1163237,2019-02-06,1,1806.99000000,2019-02,1,0
1163311,2019-11-20,2,798.88000000,2019-11,1,0
1163563,2020-06-13,1,284.70000000,2020-06,1,0
1163647,2016-10-26,1,5106.96000000,2016-10,1,0
1163697,2018-07-16,1,399.80000000,2018-07,1,0
1163780,2016-03-04,2,2508.75000000,2016-03,1,0
1163802,2019-08-06,1,49.95000000,2019-08,1,0
1163948,2016-08-03,4,21356.15000000,2016-08,1,1
1163958,2016-07-21,2,8221.08000000,2016-07,1,0
1164098,2018-01-22,3,3812.15000000,2018-01,1,0
1164225,2016-07-13,3,1458.21000000,2016-07,1,0
1164576,2018-02-22,1,4193.00000000,2018-02,1,0
1164661,2018-11-22,1,9860.90000000,2018-11,1,0
1165228,2016-08-26,3,3170.02000000,2016-08,1,0
116524,2017-12-12,3,3667.65000000,2017-12,1,0
1165252,2016-10-05,2,19621.92000000,2016-10,1,0
1165338,2017-01-18,2,2658.59000000,2017-01,1,0
1165391,2018-02-03,4,9988.99000000,2018-02,1,0
1165542,2016-01-14,1,9432.89000000,2016-01,1,0
1165631,2016-09-01,2,1274.00000000,2016-09,1,0
116571,2017-12-30,1,4712.00000000,2017-12,1,0
1166211,2018-08-29,1,992.73000000,2018-08,1,0
1166249,2018-01-30,1,791.97000000,2018-01,1,0
1166537,2018-02-14,1,10998.33000000,2018-02,1,0
1166659,2019-09-30,2,1690.76000000,2019-09,1,0
1167054,2018-07-06,1,940.30000000,2018-07,1,0
1167441,2017-12-28,3,3580.51000000,2017-12,1,0
1167718,2019-03-07,1,1475.00000000,2019-03,1,0
1167778,2018-12-28,1,25.32000000,2018-12,1,0
1167828,2019-09-06,2,10271.92000000,2019-09,1,0
1167961,2016-10-12,5,14087.61000000,2016-10,1,0
1167987,2016-06-10,3,3609.88000000,2016-06,1,0
1168033,2017-07-20,3,10506.54000000,2017-07,1,0
116824,2019-06-19,1,382.32000000,2019-06,1,0
1168257,2020-01-16,3,5789.88000000,2020-01,1,1
1168405,2018-09-19,1,10633.18000000,2018-09,1,0
1168577,2019-12-23,1,839.93000000,2019-12,1,0
1168612,2017-08-12,1,296.00000000,2017-08,1,0
1168645,2017-07-29,2,6505.80000000,2017-07,1,0
1169384,2017-08-09,1,1663.62000000,2017-08,1,0
1169886,2018-05-08,3,3718.63000000,2018-05,1,0
1169932,2016-08-17,2,8339.60000000,2016-08,1,0
1170254,2018-12-08,1,71.16000000,2018-12,1,0
1170274,2018-06-22,1,32.99000000,2018-06,1,0
1170323,2016-01-07,4,4405.85000000,2016-01,1,1
1170419,2019-12-19,2,12385.50000000,2019-12,1,1
117048,2017-10-24,1,877.50000000,2017-10,1,0
1170483,2020-02-29,1,2068.00000000,2020-02,1,0
1170694,2017-11-06,2,3903.40000000,2017-11,1,0
1170755,2017-08-31,2,527.92000000,2017-08,1,0
1170818,2017-05-23,3,4759.71000000,2017-05,1,0
1170836,2017-08-10,4,2256.06000000,2017-08,1,0
1171071,2019-08-17,1,1439.00000000,2019-08,1,0
1171088,2016-01-14,2,3295.60000000,2016-01,1,0
1171109,2016-09-02,2,1956.98000000,2016-09,1,0
1171135,2019-05-04,1,4437.00000000,2019-05,1,0
1171335,2017-12-04,2,760.08000000,2017-12,1,0
1171423,2019-12-18,1,696.00000000,2019-12,1,0
1172250,2017-10-20,2,8417.42000000,2017-10,1,0
1172620,2016-06-09,1,3427.93000000,2016-06,1,0
1172845,2017-08-19,1,299.99000000,2017-08,1,0
1173041,2019-09-11,1,1004.46000000,2019-09,1,0
1173060,2016-10-31,2,558.93000000,2016-10,1,0
1173102,2018-12-22,1,556.00000000,2018-12,1,0
1173158,2018-10-06,1,113.85000000,2018-10,1,0
1173837,2018-08-18,1,2275.96000000,2018-08,1,0
1173844,2018-12-28,1,10580.26000000,2018-12,1,0
117386,2018-02-03,1,199.98000000,2018-02,1,0
1173991,2017-06-12,2,4988.04000000,2017-06,1,0
1174179,2018-05-22,3,2343.48000000,2018-05,1,0
1174549,2018-02-19,1,3106.84000000,2018-02,1,0
1174777,2016-06-18,1,1670.89000000,2016-06,1,0
117496,2020-06-25,1,1837.92000000,2020-06,1,0
1175192,2018-01-01,1,2383.65000000,2018-01,1,0
1175311,2018-10-08,1,7188.97000000,2018-10,1,0
1175873,2016-09-07,2,2975.49000000,2016-09,1,0
1176216,2017-11-23,2,7056.78000000,2017-11,1,0
1176254,2019-03-11,1,6561.99000000,2019-03,1,0
1176492,2018-02-16,1,140.26000000,2018-02,1,0
1176534,2019-07-06,2,322.54000000,2019-07,1,0
1176859,2019-10-10,1,852.57000000,2019-10,1,0
1178236,2016-03-01,3,12714.36000000,2016-03,1,0
1178352,2016-01-30,2,4485.48000000,2016-01,1,0
1178379,2018-06-22,4,5518.61000000,2018-06,1,0
1178728,2016-09-08,4,5693.57000000,2016-09,1,0
1178952,2019-08-23,1,972.88000000,2019-08,1,0
1179083,2017-08-05,2,5184.64000000,2017-08,1,0
1179225,2018-08-01,3,4089.36000000,2018-08,1,0
1179492,2018-05-25,1,5800.00000000,2018-05,1,0
1179743,2017-11-23,3,12337.97000000,2017-11,1,0
1179746,2016-02-13,2,7720.95000000,2016-02,1,0
1179918,2018-08-18,1,3128.14000000,2018-08,1,0
117995,2019-10-22,1,1140.00000000,2019-10,1,0
1179986,2016-10-20,3,2908.00000000,2016-10,1,0
1180067,2019-11-16,2,8827.11000000,2019-11,1,0
1180069,2017-06-16,2,1637.50000000,2017-06,1,0
1180909,2019-01-03,2,316.98000000,2019-01,1,0
1180963,2020-02-20,1,1045.00000000,2020-02,1,0
1181370,2019-04-24,1,6180.00000000,2019-04,1,0
1181678,2017-03-08,2,11213.66000000,2017-03,1,0
1181812,2016-09-30,2,2864.19000000,2016-09,1,0
1182055,2018-03-10,2,1146.40000000,2018-03,1,0
1182241,2020-12-03,1,1125.80000000,2020-12,0,0
1182299,2017-01-27,1,6461.69000000,2017-01,1,0
118271,2018-12-22,3,14463.82000000,2018-12,1,1
1183039,2019-01-09,2,2451.01000000,2019-01,1,0
1183290,2018-07-20,2,1439.98000000,2018-07,1,0
1183661,2018-10-04,7,8282.36000000,2018-10,1,0
1184122,2019-07-11,1,10977.25000000,2019-07,1,0
1184236,2018-12-29,3,11527.13000000,2018-12,1,0
1184405,2016-05-28,3,11921.91000000,2016-05,1,0
118451,2019-12-05,1,2498.00000000,2019-12,1,0
1185043,2016-07-16,2,10271.92000000,2016-07,1,0
1185221,2017-10-17,4,20434.27000000,2017-10,1,0
1185276,2020-06-20,1,43.70000000,2020-06,1,0
118540,2016-02-27,1,5300.93000000,2016-02,1,0
1185858,2018-12-12,1,399.98000000,2018-12,1,0
1185968,2017-06-24,1,1631.97000000,2017-06,1,0
1186120,2019-01-01,1,2120.00000000,2019-01,1,0
1186331,2016-07-23,2,3529.66000000,2016-07,1,0
1186641,2018-11-15,6,3976.90000000,2018-11,1,1
1186890,2019-09-27,2,3034.52000000,2019-09,1,0
1187160,2018-12-13,2,3233.18000000,2018-12,1,0
1187306,2016-01-01,2,1767.95000000,2016-01,1,0
1187490,2018-01-17,4,7374.21000000,2018-01,1,0
1187611,2016-01-16,1,3510.00000000,2016-01,1,0
1187681,2019-11-13,1,398.00000000,2019-11,1,0
1187686,2016-11-16,2,3857.42000000,2016-11,1,0
1187717,2019-02-13,1,4130.40000000,2019-02,1,0
1188010,2020-02-20,1,134.00000000,2020-02,1,0
118829,2016-08-27,3,4023.55000000,2016-08,1,0
1188359,2018-06-13,1,1409.90000000,2018-06,1,0
1188400,2016-01-09,6,5764.15000000,2016-01,1,1
1188481,2017-02-24,3,7851.38000000,2017-02,1,0
118902,2020-07-11,1,110.97000000,2020-07,1,0
1189159,2019-08-19,2,747.73000000,2019-08,1,1
1189301,2016-11-10,2,269.85000000,2016-11,1,0
1189396,2017-07-14,2,7382.69000000,2017-07,1,0
1189747,2017-12-16,4,25312.75000000,2017-12,1,0
1189849,2019-05-06,1,770.09000000,2019-05,1,0
1190146,2018-07-18,2,11654.54000000,2018-07,1,0
1190196,2018-05-21,2,5899.97000000,2018-05,1,0
1190327,2017-10-18,2,608.95000000,2017-10,1,0
1190513,2016-11-28,4,7184.76000000,2016-11,1,0
1190648,2019-06-24,1,16.17000000,2019-06,1,0
1190713,2018-08-24,3,13233.32000000,2018-08,1,0
119085,2018-12-18,2,7763.80000000,2018-12,1,0
1190907,2017-06-03,3,15579.35000000,2017-06,1,0
1190983,2020-01-24,1,8301.11000000,2020-01,1,0
1191228,2016-02-03,4,6748.15000000,2016-02,1,0
1191344,2016-05-11,1,43.14000000,2016-05,1,0
1191709,2018-10-20,2,380.99000000,2018-10,1,1
1191924,2020-02-28,1,5652.73000000,2020-02,1,0
1191954,2020-08-15,1,1469.96000000,2020-08,1,0
1192075,2018-10-24,1,389.00000000,2018-10,1,0
1192163,2016-12-27,1,25.98000000,2016-12,1,0
1192260,2018-07-26,2,7309.24000000,2018-07,1,0
1192602,2019-02-23,1,524.99000000,2019-02,1,0
1192665,2017-06-28,5,14567.56000000,2017-06,1,0
1193010,2018-07-04,2,5182.98000000,2018-07,1,0
1193644,2019-10-05,1,1702.75000000,2019-10,1,0
119365,2019-03-07,1,3444.93000000,2019-03,1,0
1193695,2018-06-13,2,7421.11000000,2018-06,1,0
1193732,2016-11-02,4,9079.23000000,2016-11,1,0
1193800,2018-12-14,1,1107.00000000,2018-12,1,0
1194367,2016-12-22,3,5745.25000000,2016-12,1,0
1194540,2018-08-30,2,2721.80000000,2018-08,1,0
1195699,2017-09-13,4,11696.85000000,2017-09,1,1
1195913,2020-01-05,1,4232.95000000,2020-01,1,0
1195966,2019-02-22,1,1400.00000000,2019-02,1,0
1195986,2018-10-25,1,3576.16000000,2018-10,1,0
1196122,2017-02-16,1,339.85000000,2017-02,1,0
1196228,2019-01-11,1,596.00000000,2019-01,1,0
1196315,2019-09-05,1,969.00000000,2019-09,1,0
1196359,2018-12-15,2,201.50000000,2018-12,1,0
1196380,2016-11-02,2,4351.87000000,2016-11,1,0
1196673,2017-12-06,3,2760.73000000,2017-12,1,0
1196684,2016-08-10,4,8036.63000000,2016-08,1,0
1196721,2018-07-09,3,4257.50000000,2018-07,1,0
1196819,2019-11-05,1,55.00000000,2019-11,1,0
1196834,2019-02-16,2,2220.80000000,2019-02,1,1
1197083,2019-06-19,1,747.60000000,2019-06,1,0
1197294,2016-03-11,4,12216.73000000,2016-03,1,0
1197455,2019-01-25,1,49.00000000,2019-01,1,0
1197658,2018-12-23,1,2225.00000000,2018-12,1,0
1197932,2016-06-27,5,7674.66000000,2016-06,1,0
1198127,2016-08-15,3,993.99000000,2016-08,1,1
1198384,2018-06-13,3,6144.47000000,2018-06,1,0
1198463,2018-12-29,2,1216.73000000,2018-12,1,0
1198478,2018-11-10,1,585.98000000,2018-11,1,0
1198504,2019-06-08,2,2923.02000000,2019-06,1,1
1198808,2019-02-26,1,3595.04000000,2019-02,1,0
1198813,2019-06-15,1,4431.40000000,2019-06,1,0
1199008,2016-03-07,1,680.33000000,2016-03,1,0
1199293,2018-02-23,1,17.99000000,2018-02,1,0
1199531,2016-06-01,1,1326.85000000,2016-06,1,0
1199657,2016-10-29,2,1004.60000000,2016-10,1,0
1199660,2017-02-14,5,14838.85000000,2017-02,1,0
1199675,2018-10-09,1,5006.50000000,2018-10,1,0
1199757,2016-08-11,1,103.92000000,2016-08,1,0
1200465,2019-05-08,2,3262.20000000,2019-05,1,1
1200642,2018-05-03,1,121.76000000,2018-05,1,0
1200992,2018-08-01,2,554.94000000,2018-08,1,0
1201045,2018-05-16,4,4433.89000000,2018-05,1,1
1201181,2016-10-01,1,2331.87000000,2016-10,1,0
1201225,2016-01-26,7,21276.63000000,2016-01,1,0
1201619,2017-09-26,1,4601.47000000,2017-09,1,0
1201865,2018-09-05,5,10942.25000000,2018-09,1,1
1202042,2018-03-06,2,118.96000000,2018-03,1,0
1202046,2016-02-20,4,6264.93000000,2016-02,1,0
1202353,2019-09-14,3,5532.34000000,2019-09,1,0
1202573,2019-02-22,2,751.98000000,2019-02,1,0
1202604,2019-06-14,3,13254.98000000,2019-06,1,0
1202635,2019-07-10,1,1218.00000000,2019-07,1,0
1202659,2016-01-16,2,1365.69000000,2016-01,1,0
1202719,2018-09-06,2,2921.94000000,2018-09,1,0
1202917,2017-10-20,3,9273.92000000,2017-10,1,0
1203201,2017-05-22,4,4240.58000000,2017-05,1,0
1203222,2016-09-17,3,23802.09000000,2016-09,1,0
1203228,2016-12-17,5,3020.21000000,2016-12,1,0
1203443,2018-01-26,1,3.35000000,2018-01,1,0
1203486,2018-10-22,2,1796.20000000,2018-10,1,0
1203510,2018-09-29,3,9337.49000000,2018-09,1,0
1203511,2017-01-04,7,11999.04000000,2017-01,1,0
1203564,2017-02-21,5,7124.94000000,2017-02,1,0
1203623,2019-11-01,2,5868.44000000,2019-11,1,1
1203628,2019-03-13,2,757.99000000,2019-03,1,0
1203898,2017-07-13,1,795.90000000,2017-07,1,0
120398,2019-01-22,1,493.00000000,2019-01,1,0
1204304,2019-12-07,1,5285.91000000,2019-12,1,0
1204396,2019-06-28,2,7767.45000000,2019-06,1,0
1204568,2018-05-19,4,8388.93000000,2018-05,1,0
1204679,2017-02-02,3,360.21000000,2017-02,1,0
1205065,2018-01-25,2,571.72000000,2018-01,1,0
1205531,2019-05-25,2,3103.18000000,2019-05,1,0
1205636,2017-12-21,1,4654.90000000,2017-12,1,0
1205641,2019-12-27,1,126.90000000,2019-12,1,0
1205821,2019-10-11,1,57.98000000,2019-10,1,0
1206011,2018-12-25,2,2865.47000000,2018-12,1,1
120607,2019-12-14,1,1823.98000000,2019-12,1,0
1206405,2016-01-28,3,6945.24000000,2016-01,1,0
1206414,2019-12-13,1,1212.30000000,2019-12,1,0
1206473,2018-11-17,3,7319.13000000,2018-11,1,1
1206520,2019-05-27,1,545.78000000,2019-05,1,0
1206573,2017-08-16,1,88.62000000,2017-08,1,0
1206948,2018-09-15,1,1337.87000000,2018-09,1,0
1207035,2016-08-23,4,2003.03000000,2016-08,1,0
1207133,2018-08-15,1,44.40000000,2018-08,1,0
1207301,2017-05-01,1,3977.94000000,2017-05,1,0
1207658,2018-12-10,3,5462.28000000,2018-12,1,0
1207956,2017-01-27,3,2211.32000000,2017-01,1,0
1208003,2016-06-30,5,14143.72000000,2016-06,1,0
120802,2019-02-17,1,417.58000000,2019-02,1,0
1208128,2016-06-25,4,2842.99000000,2016-06,1,0
1208471,2017-01-03,2,5730.82000000,2017-01,1,0
1208558,2016-03-03,1,2023.00000000,2016-03,1,0
1208569,2019-05-10,2,813.70000000,2019-05,1,0
1208615,2016-12-03,6,17980.03000000,2016-12,1,0
1208968,2018-06-11,5,4308.26000000,2018-06,1,0
1209026,2020-10-14,2,4599.90000000,2020-10,1,0
1209498,2019-06-25,1,3249.00000000,2019-06,1,0
120952,2018-06-07,1,872.40000000,2018-06,1,0
1209524,2019-10-31,1,827.98000000,2019-10,1,0
1209643,2016-02-24,4,4239.18000000,2016-02,1,0
1209694,2020-07-04,1,499.29000000,2020-07,1,0
1209835,2016-05-13,5,15318.36000000,2016-05,1,0
1210105,2016-11-19,5,18393.77000000,2016-11,1,0
1210288,2016-05-04,3,2422.55000000,2016-05,1,0
1210412,2020-06-05,2,4996.41000000,2020-06,1,1
1210706,2017-09-12,4,3710.65000000,2017-09,1,0
1210809,2016-09-27,2,1739.58000000,2016-09,1,0
1211218,2019-08-28,3,2485.47000000,2019-08,1,1
1211258,2019-10-05,1,1188.95000000,2019-10,1,0
1211608,2016-10-25,2,4234.90000000,2016-10,1,0
1211642,2017-04-29,4,22519.20000000,2017-04,1,0
1211703,2017-07-08,4,8374.94000000,2017-07,1,0
1211756,2017-06-14,1,6783.00000000,2017-06,1,0
1211796,2016-06-25,4,4213.22000000,2016-06,1,0
1211824,2018-10-20,4,6693.23000000,2018-10,1,1
1212385,2018-02-09,4,16388.06000000,2018-02,1,0
1212798,2018-07-04,3,1671.89000000,2018-07,1,0
1212939,2019-02-02,1,455.00000000,2019-02,1,0
1213022,2018-09-12,3,1551.95000000,2018-09,1,0
1213028,2017-06-08,2,837.87000000,2017-06,1,0
1213214,2016-07-18,4,9159.09000000,2016-07,1,0
121324,2018-11-30,1,194.95000000,2018-11,1,0
1213305,2017-06-08,1,69.00000000,2017-06,1,0
1213454,2017-09-13,3,7778.64000000,2017-09,1,0
1213463,2019-06-19,2,252.10000000,2019-06,1,0
1213515,2017-02-23,3,1346.89000000,2017-02,1,0
1213535,2016-06-25,1,500.92000000,2016-06,1,0
1213537,2018-10-13,3,2243.67000000,2018-10,1,0
121376,2019-11-01,1,2916.96000000,2019-11,1,0
1213953,2017-02-28,3,4553.88000000,2017-02,1,0
1214035,2016-08-20,3,14844.35000000,2016-08,1,0
1214063,2017-08-31,2,877.89000000,2017-08,1,0
1214232,2018-11-24,3,3122.00000000,2018-11,1,0
1214271,2016-07-04,2,1277.90000000,2016-07,1,0
1214274,2018-05-24,1,1142.97000000,2018-05,1,0
1214363,2016-01-07,2,617.20000000,2016-01,1,0
1214389,2018-10-01,1,310.00000000,2018-10,1,0
1214791,2018-11-24,1,4459.10000000,2018-11,1,0
1214993,2017-07-21,1,129.90000000,2017-07,1,0
1215249,2017-11-17,2,1098.95000000,2017-11,1,0
1215660,2016-07-22,4,14127.47000000,2016-07,1,0
1215693,2020-02-03,3,2402.82000000,2020-02,1,1
1215706,2019-05-20,1,316.00000000,2019-05,1,0
1215815,2018-11-24,3,7303.50000000,2018-11,1,0
12160,2016-03-03,2,7465.78000000,2016-03,1,0
1216454,2020-02-26,2,5907.10000000,2020-02,1,0
1216890,2016-05-12,5,14171.35000000,2016-05,1,0
1216913,2019-09-18,4,14499.82000000,2019-09,1,1
1217088,2019-10-03,2,8179.27000000,2019-10,1,1
1217153,2018-11-01,3,4167.98000000,2018-11,1,0
1217161,2018-08-01,3,3731.78000000,2018-08,1,0
1217343,2018-09-22,1,1323.56000000,2018-09,1,0
1217450,2019-02-16,2,4835.30000000,2019-02,1,0
1217567,2018-11-02,1,6959.00000000,2018-11,1,0
121813,2019-02-14,1,2684.60000000,2019-02,1,0
1218135,2016-10-20,3,3673.31000000,2016-10,1,0
1218187,2019-12-25,2,2386.00000000,2019-12,1,1
1218356,2018-10-15,2,1474.82000000,2018-10,1,1
1218412,2020-03-03,1,922.50000000,2020-03,1,0
1218731,2019-07-26,3,4754.94000000,2019-07,1,0
1218776,2017-05-04,2,6796.95000000,2017-05,1,0
1219366,2019-09-03,1,279.98000000,2019-09,1,0
1219391,2019-02-28,3,12312.09000000,2019-02,1,0
1219486,2016-12-01,3,4689.87000000,2016-12,1,0
121958,2016-05-04,2,4940.40000000,2016-05,1,1
1219636,2017-02-21,2,2314.03000000,2017-02,1,0
1219767,2016-07-09,4,3049.01000000,2016-07,1,0
1220106,2017-02-24,3,5696.44000000,2017-02,1,0
1220428,2018-12-29,1,2741.12000000,2018-12,1,0
122096,2017-12-28,1,1551.93000000,2017-12,1,0
1221117,2017-10-12,1,1679.94000000,2017-10,1,0
1221220,2019-01-17,1,258.40000000,2019-01,1,0
1221358,2016-05-13,3,18246.81000000,2016-05,1,0
1221391,2019-02-18,2,2985.70000000,2019-02,1,0
1221793,2018-11-07,2,243.95000000,2018-11,1,0
1221906,2018-01-22,3,5182.99000000,2018-01,1,0
1221984,2018-02-12,2,5045.79000000,2018-02,1,0
1222785,2020-08-22,1,951.90000000,2020-08,1,0
1222892,2019-05-30,1,1427.65000000,2019-05,1,0
1223048,2017-04-29,3,3870.20000000,2017-04,1,0
1223111,2016-12-03,7,9110.83000000,2016-12,1,0
1223138,2018-08-25,2,4878.95000000,2018-08,1,1
1223141,2017-10-06,1,2104.92000000,2017-10,1,0
1223146,2018-07-24,2,751.89000000,2018-07,1,1
1223270,2018-12-10,4,3974.88000000,2018-12,1,1
1223275,2019-01-21,2,1242.33000000,2019-01,1,0
1223404,2019-11-06,1,229.00000000,2019-11,1,0
1224103,2017-05-29,2,342.98000000,2017-05,1,0
1224252,2017-03-01,3,940.98000000,2017-03,1,0
1224444,2018-01-27,4,4047.64000000,2018-01,1,0
1224615,2018-07-10,9,12659.15000000,2018-07,1,0
1224732,2016-06-25,2,1393.97000000,2016-06,1,0
122511,2016-02-17,1,1854.92000000,2016-02,1,0
1225213,2018-10-16,2,3179.88000000,2018-10,1,1
122533,2019-04-30,3,13766.89000000,2019-04,1,1
1226012,2016-10-08,2,1145.93000000,2016-10,1,0
1226053,2019-01-24,2,2262.76000000,2019-01,1,0
1226067,2019-03-02,2,6856.89000000,2019-03,1,0
1226164,2017-11-11,2,6967.66000000,2017-11,1,0
1226315,2018-09-11,1,383.99000000,2018-09,1,0
1226365,2017-02-28,2,4973.99000000,2017-02,1,0
1226395,2017-06-27,6,21222.86000000,2017-06,1,0
1226535,2017-11-06,3,4875.01000000,2017-11,1,0
1226702,2017-10-19,3,2457.84000000,2017-10,1,0
1226752,2020-02-26,1,10971.90000000,2020-02,1,0
1227008,2020-07-11,1,4266.50000000,2020-07,1,0
1227087,2016-09-24,7,13087.66000000,2016-09,1,0
1227108,2017-08-15,2,10128.93000000,2017-08,1,0
1227572,2016-12-21,1,32.00000000,2016-12,1,0
1227579,2017-07-26,2,778.93000000,2017-07,1,0
1227891,2016-01-27,2,1992.87000000,2016-01,1,0
1227948,2016-10-10,5,5353.00000000,2016-10,1,0
1227963,2016-06-06,4,5293.15000000,2016-06,1,0
1228187,2017-04-29,3,7348.95000000,2017-04,1,0
1228544,2020-01-29,3,9866.72000000,2020-01,1,1
1228689,2018-10-26,1,5827.17000000,2018-10,1,0
1228710,2019-05-23,2,5902.90000000,2019-05,1,0
1228783,2016-11-23,2,3563.84000000,2016-11,1,0
1229112,2018-11-27,3,3414.20000000,2018-11,1,1
1229492,2017-05-27,1,4022.75000000,2017-05,1,0
1229631,2018-07-14,1,57.99000000,2018-07,1,0
1229784,2016-02-18,2,1717.97000000,2016-02,1,0
1230014,2018-05-04,2,2844.13000000,2018-05,1,0
1230028,2018-11-06,2,340.82000000,2018-11,1,0
1230034,2016-07-04,3,10141.65000000,2016-07,1,0
1230071,2018-09-08,3,21823.72000000,2018-09,1,0
1230319,2020-01-02,2,8301.55000000,2020-01,1,1
1230348,2017-08-03,6,9437.95000000,2017-08,1,0
1230356,2018-03-09,1,451.28000000,2018-03,1,0
1230421,2016-03-05,5,7056.70000000,2016-03,1,0
1230469,2016-07-14,3,2017.84000000,2016-07,1,0
1230567,2017-11-11,1,1617.95000000,2017-11,1,0
1230732,2019-09-14,1,3864.98000000,2019-09,1,0
1230757,2018-09-22,3,1599.75000000,2018-09,1,0
1231275,2018-12-19,3,6604.99000000,2018-12,1,0
1231860,2017-09-30,2,3729.37000000,2017-09,1,0
1231909,2017-06-19,7,25492.40000000,2017-06,1,0
1232096,2019-12-28,1,1486.86000000,2019-12,1,0
1232128,2018-02-17,2,1624.69000000,2018-02,1,0
1232212,2019-06-06,2,5461.58000000,2019-06,1,0
1232332,2017-01-05,3,20129.52000000,2017-01,1,1
1232357,2017-12-13,4,3260.84000000,2017-12,1,0
1232377,2018-12-04,2,4835.68000000,2018-12,1,0
1232421,2018-01-20,1,575.00000000,2018-01,1,0
123266,2016-10-20,2,1532.80000000,2016-10,1,0
1232687,2016-02-03,3,1727.44000000,2016-02,1,0
1232857,2017-06-15,3,9245.76000000,2017-06,1,0
1232975,2016-07-20,3,2126.65000000,2016-07,1,0
1233116,2019-05-31,3,10361.65000000,2019-05,1,0
1233278,2019-07-04,1,2268.20000000,2019-07,1,0
1233423,2019-11-06,1,2540.04000000,2019-11,1,0
123353,2019-02-16,2,2836.96000000,2019-02,1,0
1233629,2019-08-07,2,13044.66000000,2019-08,1,0
1233674,2016-08-20,6,12134.49000000,2016-08,1,1
1233782,2018-02-08,2,4790.25000000,2018-02,1,0
1233786,2016-11-11,1,830.85000000,2016-11,1,0
1233842,2018-12-10,2,1277.28000000,2018-12,1,0
1233925,2016-11-26,7,16518.88000000,2016-11,1,0
1233958,2017-07-11,2,1470.96000000,2017-07,1,0
1234000,2018-09-15,4,7715.21000000,2018-09,1,0
1234127,2016-08-17,2,1616.53000000,2016-08,1,0
1234186,2020-08-19,1,2176.85000000,2020-08,1,0
1234232,2017-01-27,3,6229.96000000,2017-01,1,0
1234478,2017-07-25,3,2036.19000000,2017-07,1,0
1234624,2019-04-29,2,1054.00000000,2019-04,1,0
1234648,2017-02-11,3,3636.38000000,2017-02,1,0
1234718,2018-05-22,2,12556.39000000,2018-05,1,0
1234917,2017-10-18,3,1549.72000000,2017-10,1,0
1234994,2020-01-20,1,5756.97000000,2020-01,1,0
1235071,2019-12-21,1,3505.27000000,2019-12,1,0
1235364,2017-06-01,2,6872.44000000,2017-06,1,0
1235559,2017-10-14,3,5069.24000000,2017-10,1,0
1235636,2018-12-19,1,69.00000000,2018-12,1,0
1235768,2018-11-15,1,16361.00000000,2018-11,1,0
1235846,2019-11-29,1,1104.79000000,2019-11,1,0
1236256,2016-03-05,1,799.92000000,2016-03,1,0
12365,2020-03-14,1,1719.97000000,2020-03,1,0
1236601,2017-12-21,2,362.85000000,2017-12,1,0
1236924,2018-11-14,1,382.95000000,2018-11,1,0
1236959,2019-06-20,6,16670.89000000,2019-06,1,0
1237096,2016-12-24,3,2741.81000000,2016-12,1,0
1237493,2020-07-18,1,659.85000000,2020-07,1,0
1237683,2020-07-01,1,13.76000000,2020-07,1,0
1237819,2020-10-03,1,864.00000000,2020-10,1,0
1237927,2021-02-20,1,29.97000000,2021-02,0,0
1237959,2019-03-08,1,7519.75000000,2019-03,1,0
1238419,2018-09-27,3,1449.83000000,2018-09,1,0
1238645,2016-11-05,3,7109.53000000,2016-11,1,0
1238858,2019-08-28,2,1831.96000000,2019-08,1,0
1238868,2018-06-08,1,1415.91000000,2018-06,1,0
1239188,2018-08-04,2,3631.88000000,2018-08,1,0
12392,2018-12-29,1,7988.67000000,2018-12,1,0
1239282,2016-10-22,4,9102.06000000,2016-10,1,0
1239387,2017-01-14,7,11533.46000000,2017-01,1,0
1239466,2019-02-28,1,1489.78000000,2019-02,1,0
1239489,2016-02-17,3,4358.18000000,2016-02,1,0
1239749,2019-10-07,1,3960.85000000,2019-10,1,0
1239772,2017-05-12,1,2723.00000000,2017-05,1,0
1239780,2016-02-27,5,8091.24000000,2016-02,1,0
1240113,2018-06-06,2,1628.94000000,2018-06,1,0
1240195,2018-05-07,3,4446.78000000,2018-05,1,0
1240319,2016-05-07,3,11741.74000000,2016-05,1,0
1240329,2019-02-19,1,749.97000000,2019-02,1,0
1240339,2016-09-05,1,526.95000000,2016-09,1,0
1240472,2017-12-20,4,8682.12000000,2017-12,1,0
1240492,2019-02-09,1,310.36000000,2019-02,1,0
1240494,2018-10-13,1,1079.94000000,2018-10,1,0
1240530,2016-02-16,5,7188.29000000,2016-02,1,0
1240603,2020-02-15,1,129.00000000,2020-02,1,0
1240746,2019-01-05,3,957.82000000,2019-01,1,0
1240776,2018-05-15,3,3642.37000000,2018-05,1,0
1240904,2016-05-25,6,9577.05000000,2016-05,1,0
1240910,2016-12-22,4,4372.29000000,2016-12,1,0
1241018,2018-08-11,2,2316.60000000,2018-08,1,0
1241093,2019-10-05,2,1484.87000000,2019-10,1,0
1241140,2018-05-18,4,5805.32000000,2018-05,1,1
1241190,2018-09-27,4,7493.61000000,2018-09,1,0
1241312,2019-12-07,1,4067.97000000,2019-12,1,0
1241542,2016-11-09,2,8079.87000000,2016-11,1,0
1241547,2018-03-10,2,8609.40000000,2018-03,1,0
1241710,2020-05-29,1,969.00000000,2020-05,1,0
1241747,2018-03-03,2,1598.94000000,2018-03,1,0
1241748,2016-11-09,2,1590.97000000,2016-11,1,0
1241860,2018-09-08,3,4229.92000000,2018-09,1,0
1242018,2018-03-03,3,6735.21000000,2018-03,1,0
1242050,2019-01-12,2,5074.61000000,2019-01,1,0
1242320,2019-05-04,3,3108.69000000,2019-05,1,1
1242463,2016-11-28,3,11068.70000000,2016-11,1,0
1242475,2019-05-08,1,2511.00000000,2019-05,1,0
1242504,2019-11-16,1,839.80000000,2019-11,1,0
1242570,2020-06-22,1,9.99000000,2020-06,1,0
1242885,2018-07-03,2,10556.92000000,2018-07,1,1
1242927,2020-10-03,1,936.97000000,2020-10,1,0
1243331,2017-08-17,7,5451.77000000,2017-08,1,0
1243578,2019-01-31,1,279.00000000,2019-01,1,0
1243658,2017-08-11,2,2698.91000000,2017-08,1,0
1243894,2016-09-10,6,24683.30000000,2016-09,1,0
1244004,2017-11-07,2,955.96000000,2017-11,1,0
1244073,2019-08-15,1,2710.97000000,2019-08,1,0
1244285,2018-10-26,5,9811.06000000,2018-10,1,0
124444,2019-12-12,1,96.00000000,2019-12,1,0
1245017,2019-06-10,2,6525.94000000,2019-06,1,0
1245138,2018-06-22,4,10177.92000000,2018-06,1,0
1245490,2020-05-09,1,259.99000000,2020-05,1,0
1245533,2020-01-03,2,5843.97000000,2020-01,1,0
1245575,2016-05-09,2,2771.45000000,2016-05,1,0
1245587,2017-11-23,2,6388.59000000,2017-11,1,0
1245616,2016-04-30,1,1198.93000000,2016-04,1,0
1245877,2017-08-18,3,6971.89000000,2017-08,1,1
1245904,2019-01-14,2,1392.30000000,2019-01,1,0
1246129,2016-08-04,4,9698.63000000,2016-08,1,0
1246299,2018-10-28,1,109.00000000,2018-10,1,0
1246530,2019-12-29,1,7982.75000000,2019-12,1,0
1246638,2020-12-24,1,3641.99000000,2020-12,0,0
1246775,2017-09-23,3,22026.26000000,2017-09,1,0
1246890,2018-11-13,1,1331.38000000,2018-11,1,0
1247074,2018-09-04,4,1778.44000000,2018-09,1,0
124719,2016-10-06,2,2185.46000000,2016-10,1,0
124722,2020-10-15,1,5569.96000000,2020-10,1,0
1247375,2019-07-26,1,2005.44000000,2019-07,1,0
1247394,2017-09-06,6,10047.98000000,2017-09,1,0
1247524,2017-07-05,2,6059.10000000,2017-07,1,0
1247605,2020-03-03,2,782.86000000,2020-03,1,0
1248024,2018-12-19,3,8139.61000000,2018-12,1,0
1248028,2017-02-02,3,4364.74000000,2017-02,1,0
1248112,2017-05-24,1,132.99000000,2017-05,1,0
1248803,2019-12-28,1,188.00000000,2019-12,1,0
1248847,2016-09-07,7,34858.48000000,2016-09,1,1
1248961,2017-11-21,7,25604.54000000,2017-11,1,1
1249166,2019-10-05,1,659.94000000,2019-10,1,0
1249191,2017-11-23,2,4322.99000000,2017-11,1,0
1250029,2017-05-31,4,12404.92000000,2017-05,1,0
1250036,2017-05-13,2,7955.49000000,2017-05,1,0
1250060,2020-07-11,1,1514.00000000,2020-07,1,0
125008,2016-08-20,1,990.00000000,2016-08,1,0
125033,2019-08-30,1,56.99000000,2019-08,1,0
1250408,2016-07-30,1,2929.55000000,2016-07,1,0
1250427,2019-08-26,2,995.94000000,2019-08,1,0
1250603,2018-06-20,2,6353.89000000,2018-06,1,0
1250754,2019-12-17,2,869.99000000,2019-12,1,1
1250867,2020-03-03,1,1268.60000000,2020-03,1,0
1250933,2018-11-09,3,5953.71000000,2018-11,1,0
1250940,2016-07-07,2,519.79000000,2016-07,1,0
1251181,2016-10-29,5,11312.24000000,2016-10,1,0
1251211,2018-10-23,2,956.94000000,2018-10,1,0
1251230,2019-03-06,2,802.81000000,2019-03,1,0
1251347,2019-02-18,1,1145.00000000,2019-02,1,0
1251360,2017-10-12,2,4389.63000000,2017-10,1,0
1251392,2018-10-06,2,1238.41000000,2018-10,1,0
1251398,2019-04-30,3,1704.04000000,2019-04,1,0
1251726,2016-01-20,4,4007.65000000,2016-01,1,0
1251782,2019-08-31,1,604.95000000,2019-08,1,0
1251931,2018-10-09,3,1173.67000000,2018-10,1,0
1252167,2018-09-27,3,7697.37000000,2018-09,1,0
125236,2016-05-21,2,20928.02000000,2016-05,1,0
1252370,2018-01-26,2,5682.42000000,2018-01,1,0
1252384,2020-01-15,1,628.00000000,2020-01,1,0
125254,2019-09-28,1,547.54000000,2019-09,1,0
1252582,2016-06-24,2,800.00000000,2016-06,1,0
1252738,2020-01-23,1,2315.18000000,2020-01,1,0
1253166,2016-07-27,6,18864.17000000,2016-07,1,0
1253509,2017-06-10,1,6672.00000000,2017-06,1,0
1253732,2016-06-25,6,9799.75000000,2016-06,1,0
1253855,2018-06-09,3,11884.82000000,2018-06,1,0
125391,2017-10-05,1,1876.00000000,2017-10,1,0
1253996,2016-08-09,3,10304.80000000,2016-08,1,0
1254069,2018-10-11,1,8779.95000000,2018-10,1,0
1254329,2017-12-04,5,16345.86000000,2017-12,1,0
1254388,2018-11-23,2,340.00000000,2018-11,1,0
1254497,2019-02-23,2,1574.45000000,2019-02,1,0
1254510,2017-11-17,4,8588.80000000,2017-11,1,0
1254806,2018-02-17,3,2077.24000000,2018-02,1,0
1254923,2017-02-10,1,2899.99000000,2017-02,1,0
1255045,2017-11-02,2,4861.93000000,2017-11,1,0
1255402,2017-06-02,5,10744.66000000,2017-06,1,0
1255483,2016-10-18,1,667.52000000,2016-10,1,0
1255497,2019-08-24,2,3590.32000000,2019-08,1,0
1255742,2017-08-12,4,6490.37000000,2017-08,1,0
1255805,2020-01-30,2,3758.58000000,2020-01,1,1
1256029,2018-10-19,1,386.96000000,2018-10,1,0
1256108,2017-12-19,3,9477.54000000,2017-12,1,0
1256256,2017-08-15,7,24321.44000000,2017-08,1,1
1256284,2018-07-28,3,8311.07000000,2018-07,1,0
1256294,2018-02-22,2,2029.64000000,2018-02,1,0
125649,2018-01-07,2,451.97000000,2018-01,1,0
1256645,2019-10-01,2,8793.78000000,2019-10,1,0
1256783,2018-10-25,1,75.90000000,2018-10,1,0
1256803,2019-08-23,1,2269.55000000,2019-08,1,0
1256860,2019-09-13,4,10408.33000000,2019-09,1,1
1257286,2018-11-20,1,459.80000000,2018-11,1,0
1257326,2019-10-08,1,13166.27000000,2019-10,1,0
1257514,2020-05-30,1,5427.00000000,2020-05,1,0
1257599,2018-10-02,4,2350.83000000,2018-10,1,0
1257627,2019-10-25,2,2682.61000000,2019-10,1,0
125764,2017-10-31,1,3390.96000000,2017-10,1,0
1257713,2017-07-28,1,1030.00000000,2017-07,1,0
125784,2019-11-06,2,2134.94000000,2019-11,1,1
1258033,2017-02-01,1,2861.86000000,2017-02,1,0
1258056,2019-02-27,1,5219.91000000,2019-02,1,0
1258398,2016-05-19,3,10585.96000000,2016-05,1,0
1258466,2016-02-08,2,2158.23000000,2016-02,1,0
1258687,2018-02-25,1,2713.98000000,2018-02,1,0
125873,2019-02-27,1,1726.60000000,2019-02,1,0
1258917,2016-02-22,1,11478.66000000,2016-02,1,0
1259204,2018-12-17,2,2444.46000000,2018-12,1,1
1259448,2016-12-07,5,12287.43000000,2016-12,1,0
125950,2016-01-26,1,506.87000000,2016-01,1,0
1259548,2020-08-22,1,4012.96000000,2020-08,1,0
1259633,2019-05-14,2,8171.89000000,2019-05,1,0
1259841,2018-01-24,2,10439.50000000,2018-01,1,0
1259925,2017-02-09,3,5551.21000000,2017-02,1,0
1260058,2017-12-02,2,4444.30000000,2017-12,1,1
1260533,2016-01-02,1,3399.99000000,2016-01,1,0
1260588,2017-06-05,5,16889.53000000,2017-06,1,0
126083,2019-12-31,2,15401.43000000,2019-12,1,0
1261112,2017-08-05,3,5635.41000000,2017-08,1,0
1261289,2016-07-16,4,11826.56000000,2016-07,1,0
1261460,2018-08-15,4,18856.54000000,2018-08,1,0
1261691,2018-04-27,3,1616.94000000,2018-04,1,0
1261718,2019-05-15,2,2254.58000000,2019-05,1,0
1261825,2018-05-12,3,5985.22000000,2018-05,1,0
1262038,2017-02-14,2,3500.90000000,2017-02,1,0
1262082,2019-04-30,1,877.00000000,2019-04,1,0
1262399,2019-01-03,1,19.98000000,2019-01,1,0
1262414,2017-12-31,8,9149.87000000,2017-12,1,1
1262429,2016-11-02,2,1656.53000000,2016-11,1,0
1262470,2018-11-30,2,10245.28000000,2018-11,1,0
1262657,2020-02-11,1,193.62000000,2020-02,1,0
1262704,2018-08-11,2,3782.93000000,2018-08,1,0
1263104,2019-06-19,4,7008.52000000,2019-06,1,1
1263184,2020-02-22,1,1099.93000000,2020-02,1,0
126320,2020-02-20,1,1076.00000000,2020-02,1,0
1263679,2017-07-13,4,1625.47000000,2017-07,1,0
1263798,2017-05-03,5,5279.66000000,2017-05,1,0
1263974,2016-01-19,3,4182.33000000,2016-01,1,0
1264011,2016-08-13,2,3117.80000000,2016-08,1,0
1264100,2019-01-17,5,28587.08000000,2019-01,1,1
1264277,2016-09-01,1,774.98000000,2016-09,1,0
1264513,2018-01-19,2,752.01000000,2018-01,1,0
1264784,2017-06-17,3,891.97000000,2017-06,1,1
1264805,2017-02-18,4,8178.37000000,2017-02,1,0
1264862,2017-01-12,2,3285.90000000,2017-01,1,0
1264875,2016-11-10,3,3854.60000000,2016-11,1,0
1264890,2020-10-27,1,1349.50000000,2020-10,1,0
12649,2020-02-20,1,62.91000000,2020-02,1,0
1264949,2019-12-31,1,493.96000000,2019-12,1,0
1264963,2020-08-03,1,23.72000000,2020-08,1,0
1264970,2019-08-15,1,1995.90000000,2019-08,1,0
1264995,2017-08-31,2,6192.98000000,2017-08,1,0
1265115,2018-07-05,4,7389.32000000,2018-07,1,1
1265147,2019-08-02,1,3049.50000000,2019-08,1,0
1265271,2017-09-09,3,2606.21000000,2017-09,1,1
1265357,2019-09-09,3,1389.63000000,2019-09,1,0
126573,2016-06-01,2,2479.00000000,2016-06,1,0
1265799,2016-10-27,2,772.95000000,2016-10,1,0
1265898,2019-11-02,3,961.95000000,2019-11,1,1
1266006,2017-12-05,3,10378.93000000,2017-12,1,0
1266191,2020-02-12,1,1183.99000000,2020-02,1,0
126633,2017-06-12,2,3667.96000000,2017-06,1,1
1266410,2017-12-27,1,2936.60000000,2017-12,1,0
1266756,2019-03-01,3,3714.97000000,2019-03,1,0
1266796,2017-08-26,4,11454.71000000,2017-08,1,0
1266821,2016-12-17,4,5969.62000000,2016-12,1,0
1266939,2017-11-23,4,4766.02000000,2017-11,1,0
1266981,2019-09-11,3,3424.78000000,2019-09,1,0
1266986,2016-05-28,3,2828.75000000,2016-05,1,0
1267352,2016-12-28,3,2213.89000000,2016-12,1,0
126744,2020-07-09,1,4692.00000000,2020-07,1,0
1267627,2018-01-10,4,25239.35000000,2018-01,1,0
1267678,2020-06-23,1,969.00000000,2020-06,1,0
1267860,2016-12-23,1,1398.00000000,2016-12,1,0
1267970,2017-09-28,2,1456.00000000,2017-09,1,0
1267986,2016-05-07,3,6216.69000000,2016-05,1,0
1268170,2019-08-15,3,8534.87000000,2019-08,1,1
126838,2019-07-10,1,1030.50000000,2019-07,1,0
1268392,2016-05-07,2,5077.20000000,2016-05,1,0
126852,2016-02-27,2,5980.58000000,2016-02,1,0
1268661,2017-02-17,10,20814.25000000,2017-02,1,1
1268744,2016-11-15,5,10926.78000000,2016-11,1,0
1268964,2017-02-18,3,10232.06000000,2017-02,1,0
1269051,2016-01-01,1,1519.94000000,2016-01,1,0
1269245,2019-03-16,2,441.83000000,2019-03,1,0
1269390,2019-12-27,2,3938.67000000,2019-12,1,0
1269780,2018-09-25,1,156.00000000,2018-09,1,0
1269972,2020-02-22,1,1935.94000000,2020-02,1,0
1270042,2019-11-02,1,831.80000000,2019-11,1,0
1270130,2018-03-09,2,4766.93000000,2018-03,1,0
127015,2016-07-02,5,11940.12000000,2016-07,1,0
1270231,2019-08-17,1,3292.00000000,2019-08,1,0
1270426,2018-07-25,3,1223.63000000,2018-07,1,0
1270478,2017-02-09,3,7593.61000000,2017-02,1,0
1270510,2019-11-13,1,835.95000000,2019-11,1,0
1270520,2019-02-23,1,298.99000000,2019-02,1,0
1270627,2017-11-04,4,4738.11000000,2017-11,1,0
1270898,2017-10-12,1,690.00000000,2017-10,1,0
1270948,2016-12-15,1,59.96000000,2016-12,1,0
1271222,2016-07-08,2,3527.53000000,2016-07,1,0
1271239,2016-12-29,2,18173.74000000,2016-12,1,0
127146,2019-01-03,1,624.00000000,2019-01,1,0
1271549,2019-09-18,1,1024.00000000,2019-09,1,0
1271830,2020-01-04,2,662.00000000,2020-01,1,0
127193,2016-01-30,1,1962.92000000,2016-01,1,0
1271947,2017-10-27,5,12544.67000000,2017-10,1,0
1271984,2019-05-06,1,1672.00000000,2019-05,1,0
1272086,2018-10-31,4,15280.28000000,2018-10,1,0
1272285,2017-12-30,3,4299.32000000,2017-12,1,0
127239,2020-12-19,1,343.42000000,2020-12,0,0
1272438,2016-10-08,1,359.98000000,2016-10,1,0
1272497,2018-03-09,5,5518.51000000,2018-03,1,0
127283,2020-01-02,1,259.99000000,2020-01,1,0
12729,2016-12-24,4,6990.45000000,2016-12,1,0
1273372,2018-10-15,3,2976.86000000,2018-10,1,0
1273533,2019-08-02,2,1284.87000000,2019-08,1,0
1273672,2019-12-25,1,253.80000000,2019-12,1,0
1273792,2019-09-07,1,2692.76000000,2019-09,1,0
1273837,2016-01-20,3,9638.99000000,2016-01,1,0
127417,2019-09-09,1,7741.29000000,2019-09,1,0
1274532,2017-09-11,2,1646.62000000,2017-09,1,0
1274790,2017-06-06,4,3372.63000000,2017-06,1,0
1274951,2019-01-14,2,11602.11000000,2019-01,1,0
1275055,2016-05-05,2,7270.00000000,2016-05,1,0
1275061,2016-06-16,5,9966.36000000,2016-06,1,1
1275472,2019-05-20,1,1476.00000000,2019-05,1,0
1275496,2016-06-01,1,785.45000000,2016-06,1,0
1275802,2016-02-23,3,5779.52000000,2016-02,1,0
1276047,2018-11-22,1,2308.00000000,2018-11,1,0
1276079,2016-11-12,1,5133.96000000,2016-11,1,0
1276232,2019-03-13,3,1893.89000000,2019-03,1,1
1276329,2016-11-10,3,10414.60000000,2016-11,1,0
1276598,2016-10-22,4,20138.58000000,2016-10,1,0
1276606,2019-12-17,1,1142.23000000,2019-12,1,0
1276810,2018-09-21,3,4996.17000000,2018-09,1,0
1276836,2018-01-11,4,3927.97000000,2018-01,1,1
1276853,2018-07-19,1,1142.72000000,2018-07,1,0
1276975,2017-10-26,3,2440.39000000,2017-10,1,0
1277143,2018-06-15,1,479.97000000,2018-06,1,0
1277243,2019-07-23,6,14337.71000000,2019-07,1,1
1277723,2016-11-19,7,8474.70000000,2016-11,1,0
1277798,2020-01-03,1,590.57000000,2020-01,1,0
1277888,2018-02-07,2,640.32000000,2018-02,1,0
1277982,2018-11-24,1,249.99000000,2018-11,1,0
1278242,2019-02-01,2,2161.00000000,2019-02,1,0
1278417,2018-06-02,3,5958.60000000,2018-06,1,0
1278507,2018-08-21,2,2284.15000000,2018-08,1,0
1278561,2019-09-26,2,3883.85000000,2019-09,1,0
1278619,2019-08-15,4,6407.85000000,2019-08,1,0
1278642,2018-12-20,2,2372.87000000,2018-12,1,0
1278844,2020-01-23,1,1105.00000000,2020-01,1,0
1279175,2018-07-04,6,8138.03000000,2018-07,1,0
1279307,2016-11-12,2,13619.18000000,2016-11,1,0
1279342,2018-12-27,4,4055.41000000,2018-12,1,0
127943,2017-02-18,3,8122.05000000,2017-02,1,0
1279546,2019-02-15,3,6530.45000000,2019-02,1,0
1279593,2016-02-18,2,821.95000000,2016-02,1,0
1279867,2019-05-10,2,11014.38000000,2019-05,1,0
1280639,2017-08-04,3,4502.06000000,2017-08,1,0
1280672,2019-05-21,2,3131.00000000,2019-05,1,1
1280813,2020-02-14,1,5.50000000,2020-02,1,0
1280832,2019-10-03,1,3782.70000000,2019-10,1,0
1281023,2019-01-31,2,3363.58000000,2019-01,1,0
1281027,2020-05-09,1,2039.80000000,2020-05,1,0
1281061,2018-12-24,1,610.66000000,2018-12,1,0
1281531,2016-10-14,4,14381.10000000,2016-10,1,0
1281684,2016-10-10,2,607.88000000,2016-10,1,0
1281731,2018-10-20,2,10208.45000000,2018-10,1,0
128179,2016-04-30,1,526.97000000,2016-04,1,0
1281867,2019-12-10,2,1739.68000000,2019-12,1,1
1282455,2016-10-07,4,3864.81000000,2016-10,1,0
1282783,2020-02-18,1,4001.70000000,2020-02,1,0
1282801,2016-11-09,5,32743.52000000,2016-11,1,0
128305,2017-07-04,4,4613.99000000,2017-07,1,0
1283320,2018-12-18,2,5071.97000000,2018-12,1,1
1283754,2017-02-27,5,9241.93000000,2017-02,1,0
1283914,2017-08-17,3,14163.25000000,2017-08,1,0
1283971,2019-12-23,1,598.00000000,2019-12,1,0
1284129,2016-09-02,1,112.00000000,2016-09,1,0
1284180,2019-01-03,3,4312.18000000,2019-01,1,0
1284244,2018-05-18,3,2170.23000000,2018-05,1,0
1284322,2019-01-19,3,8669.95000000,2019-01,1,0
1284353,2017-02-23,3,4242.17000000,2017-02,1,0
1284621,2017-05-04,1,3784.20000000,2017-05,1,0
1284640,2017-01-26,2,2467.60000000,2017-01,1,0
1284668,2019-05-20,1,88.62000000,2019-05,1,0
1284776,2016-08-26,4,6911.62000000,2016-08,1,0
1284778,2020-05-28,1,2085.78000000,2020-05,1,0
1284918,2017-01-13,3,2075.40000000,2017-01,1,0
1284953,2017-05-12,7,14463.62000000,2017-05,1,0
1285539,2018-01-09,1,2214.00000000,2018-01,1,0
1285541,2019-08-07,2,1030.85000000,2019-08,1,0
1285548,2017-01-28,1,169.99000000,2017-01,1,0
1285725,2018-08-25,3,4202.30000000,2018-08,1,0
12859,2019-12-28,1,545.68000000,2019-12,1,0
1285972,2018-06-16,4,14816.68000000,2018-06,1,1
1286466,2018-02-23,2,8053.00000000,2018-02,1,0
1286508,2019-12-03,1,8702.89000000,2019-12,1,0
1286602,2017-01-07,10,27443.91000000,2017-01,1,1
1286816,2018-06-30,2,4382.52000000,2018-06,1,0
1286959,2016-12-21,3,1403.37000000,2016-12,1,0
1287333,2019-09-02,3,17042.99000000,2019-09,1,1
1287610,2019-07-06,2,17238.25000000,2019-07,1,0
1287767,2019-08-08,1,1507.80000000,2019-08,1,0
1287822,2020-02-26,1,296.00000000,2020-02,1,0
1287862,2017-02-18,6,7711.41000000,2017-02,1,0
1288183,2019-07-09,1,2028.00000000,2019-07,1,0
1288206,2018-07-13,2,4600.99000000,2018-07,1,0
1288319,2017-02-25,2,1823.05000000,2017-02,1,0
1288469,2019-01-17,2,8505.69000000,2019-01,1,0
1288611,2019-02-19,1,668.00000000,2019-02,1,0
1288708,2016-06-22,4,6114.62000000,2016-06,1,1
1288830,2017-10-11,2,5644.85000000,2017-10,1,0
1288961,2019-10-12,3,3627.05000000,2019-10,1,1
1288974,2017-02-13,2,991.10000000,2017-02,1,0
1289001,2018-07-26,5,11702.96000000,2018-07,1,0
1289129,2019-11-23,1,32.00000000,2019-11,1,0
1289422,2017-10-21,2,1914.91000000,2017-10,1,0
1289480,2019-07-06,1,55.56000000,2019-07,1,0
1289490,2016-10-24,4,3954.39000000,2016-10,1,0
1290119,2017-11-04,4,4457.24000000,2017-11,1,0
1290284,2016-02-18,3,8350.49000000,2016-02,1,0
1290423,2020-06-25,1,10139.79000000,2020-06,1,0
1290828,2019-08-09,3,4160.93000000,2019-08,1,1
1290859,2017-12-16,1,1582.00000000,2017-12,1,0
1291365,2018-07-20,2,1435.07000000,2018-07,1,0
1291393,2020-07-24,1,3205.83000000,2020-07,1,0
1291411,2019-12-18,1,289.99000000,2019-12,1,0
1291414,2016-01-14,4,10483.59000000,2016-01,1,0
1291470,2019-10-09,1,139.00000000,2019-10,1,0
1291471,2017-03-03,3,5053.94000000,2017-03,1,0
129176,2018-09-17,2,7404.88000000,2018-09,1,0
1291868,2016-09-10,3,870.49000000,2016-09,1,0
1291961,2019-07-21,1,678.00000000,2019-07,1,0
1291980,2018-09-15,3,3922.34000000,2018-09,1,1
1292067,2020-02-24,1,329.97000000,2020-02,1,0
1292088,2019-03-14,1,408.26000000,2019-03,1,0
1292130,2017-05-13,1,2349.85000000,2017-05,1,0
1292219,2019-02-09,1,6598.92000000,2019-02,1,0
1292236,2018-06-27,1,4792.20000000,2018-06,1,0
1292238,2020-05-20,1,1416.95000000,2020-05,1,0
1292262,2019-06-22,1,75.96000000,2019-06,1,0
1292476,2019-06-20,1,203.98000000,2019-06,1,0
1292482,2017-09-13,2,8225.95000000,2017-09,1,0
1292543,2016-06-01,2,912.80000000,2016-06,1,0
1292710,2018-06-22,3,2563.86000000,2018-06,1,1
1292915,2019-08-13,1,3968.94000000,2019-08,1,0
1292949,2018-08-02,2,1736.04000000,2018-08,1,0
1293114,2019-06-29,1,55.00000000,2019-06,1,0
129318,2016-01-02,1,1970.00000000,2016-01,1,0
1293219,2018-05-18,2,615.72000000,2018-05,1,0
1293305,2017-01-05,1,1944.95000000,2017-01,1,0
1293441,2018-12-16,2,1032.61000000,2018-12,1,0
1293475,2020-07-05,1,26.00000000,2020-07,1,0
1293489,2016-12-30,2,2703.18000000,2016-12,1,0
1294022,2019-03-16,1,668.97000000,2019-03,1,0
1294164,2019-02-14,3,15547.90000000,2019-02,1,0
1294285,2019-05-23,1,900.49000000,2019-05,1,0
1294340,2018-08-30,1,1035.00000000,2018-08,1,0
1294690,2019-05-03,2,1423.90000000,2019-05,1,0
1294829,2020-05-16,1,738.00000000,2020-05,1,0
1294899,2019-03-02,5,4463.94000000,2019-03,1,0
1294910,2017-02-03,1,5054.96000000,2017-02,1,0
1294930,2017-03-08,2,1570.96000000,2017-03,1,0
129494,2016-03-02,2,10826.61000000,2016-03,1,0
1294953,2020-01-13,2,2662.67000000,2020-01,1,0
1295068,2016-07-20,5,6779.64000000,2016-07,1,0
129540,2019-01-28,2,3268.56000000,2019-01,1,0
1295403,2016-12-24,1,1992.87000000,2016-12,1,0
1295467,2020-10-24,1,798.97000000,2020-10,1,0
1295537,2016-03-05,8,10258.96000000,2016-03,1,0
129554,2019-07-25,2,5283.95000000,2019-07,1,0
1295545,2019-06-01,2,2844.93000000,2019-06,1,0
1295740,2019-02-09,2,846.97000000,2019-02,1,0
1295793,2017-12-30,4,4442.70000000,2017-12,1,0
129581,2018-08-07,1,3529.62000000,2018-08,1,0
1295834,2019-02-11,1,379.96000000,2019-02,1,0
1296282,2018-08-30,3,4242.29000000,2018-08,1,1
1296866,2016-01-30,1,4028.89000000,2016-01,1,0
129698,2020-02-27,1,54.00000000,2020-02,1,0
1297155,2016-02-12,4,8271.76000000,2016-02,1,0
1297686,2017-09-01,2,1230.79000000,2017-09,1,0
1297782,2019-01-01,2,2089.12000000,2019-01,1,1
1297804,2019-07-20,1,192.23000000,2019-07,1,0
1297890,2016-08-24,3,3005.06000000,2016-08,1,0
1298027,2016-12-23,1,5418.38000000,2016-12,1,0
1298070,2018-06-19,5,10568.95000000,2018-06,1,0
1298635,2017-12-04,4,4597.90000000,2017-12,1,0
1298688,2016-12-09,2,7546.48000000,2016-12,1,0
1299041,2016-08-30,2,2887.49000000,2016-08,1,0
1299161,2019-06-05,2,1729.87000000,2019-06,1,1
1299855,2019-10-02,3,8945.75000000,2019-10,1,0
1299894,2016-03-08,2,1514.78000000,2016-03,1,0
1299971,2020-02-14,1,779.97000000,2020-02,1,0
1300132,2018-05-23,3,11196.89000000,2018-05,1,0
1300250,2018-06-11,1,6846.90000000,2018-06,1,0
1300575,2019-12-24,2,512.00000000,2019-12,1,1
1300622,2019-02-07,3,2751.99000000,2019-02,1,0
1300668,2019-12-19,1,9.99000000,2019-12,1,0
1300742,2019-01-22,3,2220.79000000,2019-01,1,0
1300892,2019-11-20,4,4242.90000000,2019-11,1,1
1301181,2017-10-07,4,8292.54000000,2017-10,1,0
1301194,2019-10-22,1,1219.38000000,2019-10,1,0
1301542,2016-12-09,5,5339.27000000,2016-12,1,0
1301552,2016-01-25,4,3137.89000000,2016-01,1,0
1301565,2016-01-02,3,8082.20000000,2016-01,1,0
1302010,2017-07-19,3,16809.09000000,2017-07,1,0
130214,2016-02-02,1,8844.15000000,2016-02,1,0
1302333,2016-01-16,2,3502.93000000,2016-01,1,0
1302636,2016-03-03,1,345.00000000,2016-03,1,0
1302679,2017-08-23,4,9129.61000000,2017-08,1,0
130270,2017-11-22,1,3309.82000000,2017-11,1,0
1302817,2017-11-03,4,22175.03000000,2017-11,1,0
1302853,2017-07-20,2,550.99000000,2017-07,1,0
1302998,2016-01-27,2,1748.91000000,2016-01,1,0
1303284,2019-02-23,2,1508.80000000,2019-02,1,0
1303346,2019-01-23,1,1203.12000000,2019-01,1,0
1303360,2016-02-13,5,9487.29000000,2016-02,1,0
1303448,2019-06-11,3,3091.97000000,2019-06,1,1
1303513,2019-12-28,1,116.88000000,2019-12,1,0
1303868,2018-11-22,1,6440.35000000,2018-11,1,0
1303880,2019-06-27,1,453.31000000,2019-06,1,0
1303887,2020-01-22,2,1223.88000000,2020-01,1,0
1304026,2016-04-28,2,3855.66000000,2016-04,1,0
1304093,2016-02-20,6,9014.71000000,2016-02,1,0
13045,2016-12-07,2,1785.72000000,2016-12,1,0
1304549,2016-02-24,5,17847.76000000,2016-02,1,1
1304950,2018-01-02,1,6991.71000000,2018-01,1,0
1305082,2016-05-16,5,33999.52000000,2016-05,1,0
1305098,2018-02-03,1,1950.96000000,2018-02,1,0
1305152,2017-12-18,1,11414.97000000,2017-12,1,0
1305544,2019-11-05,1,641.97000000,2019-11,1,0
1305559,2019-03-02,1,4127.89000000,2019-03,1,0
1305648,2018-09-25,1,4503.00000000,2018-09,1,0
130585,2017-03-02,1,412.93000000,2017-03,1,0
1306013,2016-05-12,4,5066.45000000,2016-05,1,0
1306101,2019-03-04,3,6453.70000000,2019-03,1,0
1306301,2017-05-06,4,4330.98000000,2017-05,1,0
1306371,2018-02-15,1,765.90000000,2018-02,1,0
1306378,2017-11-21,4,6511.60000000,2017-11,1,1
1306536,2018-01-20,4,14090.56000000,2018-01,1,0
1306550,2018-05-11,1,7699.24000000,2018-05,1,0
1306559,2018-02-17,5,2986.45000000,2018-02,1,0
1306594,2018-11-21,1,179.97000000,2018-11,1,0
130670,2018-07-21,3,4652.72000000,2018-07,1,0
1306739,2018-01-18,4,3102.48000000,2018-01,1,0
1306768,2017-11-08,1,1021.69000000,2017-11,1,0
1306783,2019-01-10,1,179.99000000,2019-01,1,0
1306792,2016-10-07,2,1947.55000000,2016-10,1,0
1306881,2017-02-04,3,7497.80000000,2017-02,1,0
1307023,2017-12-07,7,16312.84000000,2017-12,1,1
13071,2020-11-14,1,749.00000000,2020-11,1,0
1307135,2019-01-14,2,13902.22000000,2019-01,1,0
1307296,2016-01-22,2,12580.91000000,2016-01,1,0
130750,2017-12-14,1,1362.56000000,2017-12,1,0
1307508,2020-02-06,1,4263.00000000,2020-02,1,0
1307638,2017-09-28,4,4664.88000000,2017-09,1,0
1307704,2018-02-17,4,6950.20000000,2018-02,1,0
1307834,2020-05-23,1,1334.00000000,2020-05,1,0
1307997,2018-08-31,4,7977.94000000,2018-08,1,0
1308091,2020-12-22,1,9879.98000000,2020-12,0,0
1308399,2020-05-05,1,646.96000000,2020-05,1,0
1308604,2019-08-31,1,57.88000000,2019-08,1,0
1308706,2017-12-30,5,3939.98000000,2017-12,1,0
1308901,2019-05-08,1,13.89000000,2019-05,1,0
1308993,2016-05-28,1,37.98000000,2016-05,1,0
1309027,2017-07-17,2,29020.82000000,2017-07,1,0
1309256,2017-10-21,3,5044.32000000,2017-10,1,0
1309524,2020-02-19,2,5296.30000000,2020-02,1,0
1310047,2016-02-04,2,797.81000000,2016-02,1,0
1310150,2019-11-14,1,896.99000000,2019-11,1,0
1310201,2016-02-10,5,14590.56000000,2016-02,1,0
1310403,2016-01-27,6,20589.98000000,2016-01,1,0
1310468,2019-05-04,2,1754.91000000,2019-05,1,0
1310493,2018-12-06,1,2455.60000000,2018-12,1,0
131067,2019-10-07,1,2831.00000000,2019-10,1,0
1310699,2017-06-12,2,7269.50000000,2017-06,1,0
1311008,2017-12-27,2,17259.89000000,2017-12,1,0
1311030,2017-09-02,6,8621.16000000,2017-09,1,0
1311674,2018-02-24,2,2498.25000000,2018-02,1,0
1311675,2019-01-15,1,3611.40000000,2019-01,1,0
1311681,2020-02-17,1,5097.97000000,2020-02,1,0
1311776,2018-08-02,4,5714.98000000,2018-08,1,0
1312078,2017-06-20,7,20078.74000000,2017-06,1,0
1312168,2016-07-16,7,18188.12000000,2016-07,1,0
1312497,2019-08-14,1,227.64000000,2019-08,1,0
1312510,2018-05-24,1,1157.97000000,2018-05,1,0
1312610,2018-10-16,1,2116.00000000,2018-10,1,0
1312920,2018-01-20,4,12251.97000000,2018-01,1,0
1313113,2016-07-01,9,11720.30000000,2016-07,1,0
1313198,2016-09-10,3,4595.57000000,2016-09,1,1
1313253,2019-01-03,2,6925.23000000,2019-01,1,0
1313316,2019-07-19,1,244.82000000,2019-07,1,0
1313504,2019-05-02,3,4562.99000000,2019-05,1,1
1313665,2017-12-14,2,7747.95000000,2017-12,1,1
1313754,2019-06-27,2,3910.87000000,2019-06,1,0
1313973,2019-03-15,1,144.95000000,2019-03,1,0
1314,2017-12-19,1,2539.86000000,2017-12,1,0
1314263,2018-01-03,1,1206.98000000,2018-01,1,0
1314363,2018-11-27,1,2274.00000000,2018-11,1,0
1314582,2019-12-19,2,119.98000000,2019-12,1,0
1314795,2019-01-26,1,421.43000000,2019-01,1,0
1314859,2019-06-15,2,12815.76000000,2019-06,1,1
1314888,2018-02-21,2,1777.65000000,2018-02,1,0
1314915,2016-09-07,2,1326.90000000,2016-09,1,0
1314990,2019-11-23,1,283.87000000,2019-11,1,0
1315137,2019-01-29,1,1838.00000000,2019-01,1,0
1315177,2019-11-23,1,2150.00000000,2019-11,1,0
1315208,2019-05-15,3,6877.11000000,2019-05,1,0
1315379,2018-08-08,2,2772.44000000,2018-08,1,0
1315506,2018-01-22,3,1262.08000000,2018-01,1,0
1315611,2018-09-20,2,926.79000000,2018-09,1,0
1315621,2016-09-27,4,5107.71000000,2016-09,1,0
1315898,2019-10-14,4,6798.11000000,2019-10,1,0
1316237,2016-11-12,5,17855.42000000,2016-11,1,0
1316290,2018-07-05,1,439.97000000,2018-07,1,0
1316297,2016-01-19,3,4194.71000000,2016-01,1,0
1316604,2018-11-22,2,10519.23000000,2018-11,1,0
1316622,2019-02-14,3,2854.09000000,2019-02,1,1
1316702,2017-01-28,2,1647.93000000,2017-01,1,0
1316816,2018-11-17,4,14044.91000000,2018-11,1,1
1317031,2017-05-10,2,3776.20000000,2017-05,1,0
1317157,2021-02-12,1,519.98000000,2021-02,0,0
1317281,2018-05-17,3,3642.12000000,2018-05,1,0
131758,2017-06-29,1,1436.40000000,2017-06,1,0
1317634,2016-03-16,1,12200.93000000,2016-03,1,0
1317733,2018-06-19,4,5202.06000000,2018-06,1,0
1318168,2017-11-13,2,11493.96000000,2017-11,1,0
1318218,2020-03-06,1,1379.40000000,2020-03,1,0
1318330,2017-11-22,2,6301.52000000,2017-11,1,0
1318393,2018-02-07,5,8643.78000000,2018-02,1,0
1318608,2016-12-14,3,16751.71000000,2016-12,1,1
1318625,2020-05-27,1,300.00000000,2020-05,1,0
1318857,2019-01-01,2,2718.27000000,2019-01,1,0
1319072,2016-12-26,3,3815.45000000,2016-12,1,0
1319327,2016-12-05,2,1314.38000000,2016-12,1,0
1319610,2016-02-25,2,4121.73000000,2016-02,1,0
1319657,2019-01-29,2,4563.13000000,2019-01,1,0
1319752,2019-05-01,2,1726.77000000,2019-05,1,1
131976,2016-02-18,2,10823.93000000,2016-02,1,0
1320115,2019-12-23,1,2383.60000000,2019-12,1,0
1320638,2019-09-09,1,284.95000000,2019-09,1,0
1320851,2016-02-19,3,4625.45000000,2016-02,1,0
1321513,2016-01-25,2,2718.94000000,2016-01,1,0
1321532,2018-10-23,3,4943.43000000,2018-10,1,1
1321913,2018-02-28,3,7466.76000000,2018-02,1,0
1322029,2017-05-13,4,6697.72000000,2017-05,1,0
1322032,2017-12-06,3,5027.27000000,2017-12,1,0
1322224,2018-09-19,1,199.98000000,2018-09,1,0
1322428,2019-01-21,1,119.98000000,2019-01,1,0
1322538,2019-10-15,1,380.00000000,2019-10,1,0
1322851,2016-10-28,1,12307.57000000,2016-10,1,0
1322927,2018-06-30,3,1304.86000000,2018-06,1,0
1322959,2016-01-02,2,678.21000000,2016-01,1,0
1323098,2019-08-28,2,374.73000000,2019-08,1,1
1323338,2017-12-08,2,4931.20000000,2017-12,1,0
1323445,2020-05-14,1,569.78000000,2020-05,1,0
1323545,2019-10-05,1,1904.97000000,2019-10,1,0
132377,2018-12-26,1,801.74000000,2018-12,1,0
1323882,2019-05-23,5,7691.05000000,2019-05,1,1
1323897,2018-12-20,1,322.00000000,2018-12,1,0
1323956,2018-11-24,3,6266.35000000,2018-11,1,0
1324146,2018-11-27,2,1836.00000000,2018-11,1,0
1324262,2016-12-28,3,8234.03000000,2016-12,1,0
1324451,2018-07-07,3,2841.90000000,2018-07,1,1
1324581,2017-12-28,6,15247.83000000,2017-12,1,0
1324602,2016-08-09,2,4478.87000000,2016-08,1,0
1324742,2016-03-10,2,1556.15000000,2016-03,1,0
1324842,2016-06-11,5,2689.54000000,2016-06,1,0
1324963,2016-02-08,1,1491.97000000,2016-02,1,0
1325088,2017-08-26,2,6345.91000000,2017-08,1,0
1325310,2017-12-20,1,2598.00000000,2017-12,1,0
1325567,2019-06-04,2,6657.04000000,2019-06,1,0
1325683,2020-09-17,1,863.70000000,2020-09,1,0
1325805,2016-11-17,7,10898.92000000,2016-11,1,0
1325989,2017-06-14,3,5711.52000000,2017-06,1,0
1326042,2017-02-14,2,8178.94000000,2017-02,1,0
1326094,2016-11-03,5,7526.70000000,2016-11,1,0
1326141,2018-02-10,1,7801.88000000,2018-02,1,0
1326562,2018-07-26,2,4249.56000000,2018-07,1,0
1326610,2018-02-22,2,1505.18000000,2018-02,1,0
1326966,2019-06-01,2,23728.54000000,2019-06,1,0
132701,2016-09-03,1,7019.98000000,2016-09,1,0
1327071,2020-05-06,1,362.00000000,2020-05,1,0
1327195,2020-12-03,1,3321.95000000,2020-12,0,0
1327386,2018-11-30,1,2678.80000000,2018-11,1,0
1327623,2016-12-15,3,5114.61000000,2016-12,1,0
132774,2018-07-25,2,2804.00000000,2018-07,1,0
1327766,2020-01-09,1,2108.96000000,2020-01,1,0
1327821,2019-01-01,2,6836.05000000,2019-01,1,0
1328055,2016-10-07,10,24736.08000000,2016-10,1,0
1328229,2019-01-04,1,1161.00000000,2019-01,1,0
1328273,2018-07-25,4,6106.97000000,2018-07,1,0
1328345,2018-01-27,1,1183.99000000,2018-01,1,0
1328539,2019-06-10,3,5143.94000000,2019-06,1,0
1328691,2016-06-22,3,5173.60000000,2016-06,1,0
1328708,2018-10-24,2,2782.06000000,2018-10,1,1
1328884,2017-05-25,2,1825.00000000,2017-05,1,0
1329668,2019-11-29,1,2449.86000000,2019-11,1,0
1329709,2019-06-05,2,2246.37000000,2019-06,1,0
1329796,2016-07-27,3,1657.82000000,2016-07,1,1
1329996,2019-09-21,3,5383.86000000,2019-09,1,1
1330039,2016-10-13,8,21728.71000000,2016-10,1,0
1330142,2016-05-04,6,9281.50000000,2016-05,1,0
1330188,2018-06-21,3,2104.98000000,2018-06,1,0
1330484,2017-03-02,1,3458.97000000,2017-03,1,0
1330560,2016-12-26,5,10397.69000000,2016-12,1,0
1330793,2018-08-31,2,4753.96000000,2018-08,1,0
1331346,2018-06-23,1,6869.69000000,2018-06,1,0
1331394,2020-05-06,1,2272.00000000,2020-05,1,0
1331532,2019-08-23,2,169.48000000,2019-08,1,0
1332152,2016-02-25,2,3060.80000000,2016-02,1,0
1332731,2017-10-26,1,4127.94000000,2017-10,1,0
1332991,2016-07-16,3,4671.64000000,2016-07,1,0
1333348,2018-08-17,1,1069.90000000,2018-08,1,0
1333425,2019-01-10,1,936.99000000,2019-01,1,0
1333477,2020-08-01,1,1230.00000000,2020-08,1,0
133358,2018-12-29,2,9660.13000000,2018-12,1,0
1333939,2018-08-18,2,2098.12000000,2018-08,1,0
1333943,2018-12-28,4,7807.33000000,2018-12,1,0
1334271,2016-05-14,2,2610.70000000,2016-05,1,0
1334369,2018-11-14,3,12516.88000000,2018-11,1,0
1334387,2017-01-15,5,34490.76000000,2017-01,1,1
1334562,2018-08-11,5,8503.90000000,2018-08,1,0
133458,2016-09-17,2,4628.96000000,2016-09,1,0
1334931,2016-07-02,2,1707.92000000,2016-07,1,0
1335146,2016-11-23,5,12984.89000000,2016-11,1,0
1335158,2018-09-15,1,237.00000000,2018-09,1,0
1335162,2018-07-14,3,5093.77000000,2018-07,1,0
1335336,2018-11-03,1,1647.52000000,2018-11,1,0
1335399,2018-10-30,1,505.77000000,2018-10,1,0
1335615,2019-02-14,1,1299.95000000,2019-02,1,0
1335682,2019-10-11,2,5542.60000000,2019-10,1,0
1335875,2017-05-02,4,5295.57000000,2017-05,1,0
1336461,2018-06-15,2,1508.68000000,2018-06,1,0
1336484,2017-07-28,2,657.00000000,2017-07,1,0
13365,2021-02-19,1,109.00000000,2021-02,0,0
1336555,2019-05-31,1,382.87000000,2019-05,1,0
1336561,2019-07-06,1,88.62000000,2019-07,1,0
1336583,2019-05-04,2,979.97000000,2019-05,1,0
1337241,2016-11-26,5,9764.17000000,2016-11,1,0
1337464,2018-12-19,3,8329.00000000,2018-12,1,0
133761,2016-12-24,2,2458.87000000,2016-12,1,0
1337730,2016-01-29,1,499.95000000,2016-01,1,0
1337807,2018-07-25,1,2006.72000000,2018-07,1,0
1337826,2020-03-03,1,921.95000000,2020-03,1,0
133787,2016-12-24,2,8201.50000000,2016-12,1,0
1338079,2019-12-16,2,1218.53000000,2019-12,1,1
1338214,2017-06-22,3,7421.20000000,2017-06,1,0
1338243,2016-08-22,3,10162.53000000,2016-08,1,0
1338272,2017-12-22,2,1177.46000000,2017-12,1,0
1338452,2016-02-18,5,6332.53000000,2016-02,1,0
1338473,2017-01-31,1,1907.57000000,2017-01,1,0
1338761,2017-02-07,2,909.98000000,2017-02,1,0
133905,2019-05-25,1,2470.97000000,2019-05,1,0
1339173,2020-06-04,1,160.23000000,2020-06,1,0
1339269,2018-10-04,2,8623.96000000,2018-10,1,0
133928,2017-09-30,1,2700.00000000,2017-09,1,0
133956,2019-08-10,1,11145.40000000,2019-08,1,0
1339651,2018-12-19,3,1419.44000000,2018-12,1,0
133986,2017-05-06,1,10871.85000000,2017-05,1,0
1340071,2019-11-26,1,777.00000000,2019-11,1,0
1340104,2017-01-13,3,3198.00000000,2017-01,1,0
1340193,2017-08-08,3,4879.81000000,2017-08,1,0
1340281,2018-10-26,1,296.00000000,2018-10,1,0
1340465,2019-02-05,1,811.41000000,2019-02,1,0
1340597,2018-10-15,2,12138.75000000,2018-10,1,0
1341076,2018-03-10,3,6624.90000000,2018-03,1,0
1341101,2016-05-09,3,7102.26000000,2016-05,1,0
1341195,2019-08-12,2,33362.66000000,2019-08,1,0
1341338,2018-08-11,2,2929.63000000,2018-08,1,0
1341787,2017-08-26,2,2000.85000000,2017-08,1,0
1342011,2016-12-21,2,2254.00000000,2016-12,1,0
1342154,2018-02-10,3,1560.25000000,2018-02,1,0
1342209,2016-12-20,2,1854.88000000,2016-12,1,0
1342226,2019-07-19,2,1364.72000000,2019-07,1,0
134230,2018-02-17,1,73.39000000,2018-02,1,0
1342539,2018-07-14,2,2366.83000000,2018-07,1,0
1342569,2016-09-03,6,8527.19000000,2016-09,1,0
134281,2018-01-25,2,3874.97000000,2018-01,1,0
1342870,2018-01-09,2,5271.96000000,2018-01,1,0
1342915,2016-02-11,4,9689.75000000,2016-02,1,0
1342972,2017-01-07,3,1047.16000000,2017-01,1,0
1343149,2018-10-27,2,3474.46000000,2018-10,1,0
1343255,2017-06-13,1,2237.80000000,2017-06,1,0
1343695,2019-05-30,1,1617.00000000,2019-05,1,0
1343700,2018-10-19,5,7425.10000000,2018-10,1,1
1344122,2019-02-23,1,172.00000000,2019-02,1,0
1344166,2019-08-06,2,799.89000000,2019-08,1,0
1344432,2018-12-17,7,14402.99000000,2018-12,1,1
1344457,2017-01-06,1,793.95000000,2017-01,1,0
1344488,2018-06-02,2,169.19000000,2018-06,1,1
1344505,2018-08-18,2,6780.95000000,2018-08,1,1
1344733,2018-06-05,4,13947.24000000,2018-06,1,0
1344815,2017-03-01,1,1039.96000000,2017-03,1,0
1344897,2019-07-05,2,2464.38000000,2019-07,1,0
1344962,2017-02-11,1,1908.54000000,2017-02,1,0
1345382,2016-02-13,7,9069.73000000,2016-02,1,0
1345502,2018-01-11,4,5614.16000000,2018-01,1,0
1345515,2017-07-15,2,661.88000000,2017-07,1,0
1345643,2018-05-21,2,4080.90000000,2018-05,1,0
1346398,2019-10-11,1,1432.00000000,2019-10,1,0
1346408,2019-11-30,1,576.00000000,2019-11,1,0
1346496,2018-05-12,1,2719.80000000,2018-05,1,0
1346532,2019-10-30,2,565.58000000,2019-10,1,1
1346534,2019-09-30,2,4628.80000000,2019-09,1,0
1346611,2016-02-27,3,574.00000000,2016-02,1,0
1346651,2017-10-23,4,6765.65000000,2017-10,1,0
1346790,2018-10-18,3,7157.80000000,2018-10,1,0
1346929,2017-01-24,2,3079.49000000,2017-01,1,0
1347067,2019-05-29,1,9.48000000,2019-05,1,0
1347239,2016-08-10,2,1253.30000000,2016-08,1,0
1347405,2016-07-28,3,6367.72000000,2016-07,1,0
1347641,2019-07-18,1,5262.21000000,2019-07,1,0
1347742,2018-12-06,1,56.00000000,2018-12,1,0
1347880,2019-02-23,3,7409.27000000,2019-02,1,0
1347884,2016-07-26,2,4328.40000000,2016-07,1,0
1348253,2016-02-01,2,6685.76000000,2016-02,1,0
1348328,2017-06-03,1,428.99000000,2017-06,1,0
1349069,2016-10-24,3,1799.93000000,2016-10,1,0
1349131,2016-02-14,11,16479.10000000,2016-02,1,1
1349155,2016-09-08,2,76.86000000,2016-09,1,0
1349711,2016-04-30,1,4687.49000000,2016-04,1,0
1349918,2017-06-16,2,7062.04000000,2017-06,1,0
135020,2016-02-20,1,1619.40000000,2016-02,1,0
1350476,2019-07-02,1,621.93000000,2019-07,1,0
1350579,2018-08-29,1,899.98000000,2018-08,1,0
1350616,2019-12-19,1,19.90000000,2019-12,1,0
1350729,2017-01-04,2,923.48000000,2017-01,1,0
1350819,2016-05-19,5,7134.23000000,2016-05,1,0
1350916,2018-05-04,2,2319.00000000,2018-05,1,0
1351006,2020-02-12,2,3051.99000000,2020-02,1,0
1351245,2018-01-30,3,1611.42000000,2018-01,1,0
1351308,2018-11-07,5,5913.62000000,2018-11,1,1
1351498,2017-03-04,1,4864.94000000,2017-03,1,0
1351590,2016-05-14,2,3728.54000000,2016-05,1,0
1351815,2018-11-08,2,3003.25000000,2018-11,1,0
1352418,2018-02-08,1,2592.00000000,2018-02,1,0
1352605,2017-09-20,2,1000.88000000,2017-09,1,0
1352665,2019-09-21,3,5942.50000000,2019-09,1,0
1352703,2018-11-17,3,17454.90000000,2018-11,1,0
1352889,2018-09-17,3,4346.44000000,2018-09,1,1
1352935,2019-01-12,4,4989.86000000,2019-01,1,1
1353111,2018-08-14,2,1203.62000000,2018-08,1,0
1353218,2017-02-25,1,2852.66000000,2017-02,1,0
1353398,2019-01-02,5,6838.36000000,2019-01,1,0
1353524,2019-01-21,2,1502.63000000,2019-01,1,0
1353538,2018-01-03,4,3927.06000000,2018-01,1,0
1353582,2017-08-21,2,2669.89000000,2017-08,1,0
1353710,2016-09-26,3,2553.89000000,2016-09,1,0
135374,2019-05-13,1,347.98000000,2019-05,1,0
1353804,2016-11-30,2,1829.42000000,2016-11,1,0
1353831,2019-08-12,2,2061.73000000,2019-08,1,0
1353843,2017-02-18,5,13374.97000000,2017-02,1,0
1353862,2016-05-06,1,686.00000000,2016-05,1,0
1353904,2019-12-30,1,1001.00000000,2019-12,1,0
1354052,2020-05-01,2,812.93000000,2020-05,1,1
1354140,2016-12-16,6,20278.47000000,2016-12,1,1
1354143,2016-12-17,1,259.00000000,2016-12,1,0
1354290,2019-08-24,2,3122.93000000,2019-08,1,1
1354464,2016-09-19,3,5011.18000000,2016-09,1,0
1354487,2018-12-27,1,7406.71000000,2018-12,1,0
1354873,2018-06-20,3,4921.83000000,2018-06,1,0
1355082,2019-02-25,2,7154.00000000,2019-02,1,0
1355134,2017-08-24,3,4819.04000000,2017-08,1,0
1355146,2018-07-12,5,8740.04000000,2018-07,1,1
1355155,2016-02-02,3,2080.84000000,2016-02,1,0
1355355,2019-11-28,3,3381.75000000,2019-11,1,1
1355953,2017-12-20,3,5369.76000000,2017-12,1,0
1356668,2020-01-22,1,2650.41000000,2020-01,1,0
1356695,2020-06-12,1,4145.99000000,2020-06,1,0
135675,2019-12-26,1,161.94000000,2019-12,1,0
1356871,2016-05-18,1,3615.70000000,2016-05,1,0
1356935,2017-02-14,3,3222.95000000,2017-02,1,0
1357114,2018-12-22,3,6327.85000000,2018-12,1,1
1357266,2019-11-07,3,3137.83000000,2019-11,1,1
1357408,2018-02-24,5,10655.76000000,2018-02,1,0
1357822,2017-06-08,5,25529.31000000,2017-06,1,0
1357991,2017-01-07,3,5959.36000000,2017-01,1,1
1358239,2018-09-04,1,1212.49000000,2018-09,1,0
1358670,2019-02-25,2,4291.60000000,2019-02,1,0
1358676,2019-09-14,1,1072.00000000,2019-09,1,0
1358700,2017-02-22,3,13509.16000000,2017-02,1,0
1358736,2019-01-02,2,4214.48000000,2019-01,1,1
1358765,2016-09-15,5,20377.89000000,2016-09,1,0
1358803,2016-05-05,3,7473.90000000,2016-05,1,0
1358810,2018-07-11,1,17.76000000,2018-07,1,0
1359024,2016-08-19,4,11588.70000000,2016-08,1,0
1359103,2019-06-01,1,151.62000000,2019-06,1,0
1359325,2019-11-08,2,5945.70000000,2019-11,1,1
1359483,2016-06-21,4,7673.60000000,2016-06,1,0
1359629,2018-12-20,1,3120.00000000,2018-12,1,0
1359727,2018-09-18,3,3929.36000000,2018-09,1,0
1360303,2017-01-06,1,5940.00000000,2017-01,1,0
1360450,2017-07-27,2,2430.86000000,2017-07,1,0
1360467,2017-07-08,4,13334.78000000,2017-07,1,0
136055,2020-02-26,1,299.99000000,2020-02,1,0
1360550,2018-08-02,7,30452.44000000,2018-08,1,1
1360697,2019-03-14,2,1639.83000000,2019-03,1,0
1360960,2018-01-05,3,14079.00000000,2018-01,1,0
1361042,2016-03-03,7,14337.37000000,2016-03,1,0
136134,2017-05-17,2,5722.80000000,2017-05,1,0
1361464,2019-11-20,2,2825.38000000,2019-11,1,1
1361542,2016-10-26,3,2528.84000000,2016-10,1,0
1361682,2019-06-27,2,2480.00000000,2019-06,1,0
1361958,2017-10-06,2,3116.87000000,2017-10,1,0
1361969,2017-11-29,1,119.80000000,2017-11,1,0
1362159,2020-07-11,1,12893.55000000,2020-07,1,0
1362686,2018-03-03,4,9614.36000000,2018-03,1,0
1362769,2019-09-28,2,6846.67000000,2019-09,1,1
136284,2016-09-02,3,17183.78000000,2016-09,1,0
1363027,2017-11-16,2,4279.94000000,2017-11,1,0
1363203,2016-02-03,4,7601.07000000,2016-02,1,0
1363258,2017-06-24,4,13440.52000000,2017-06,1,0
1363404,2017-05-05,6,5824.37000000,2017-05,1,0
1363472,2016-03-12,3,6150.67000000,2016-03,1,0
1363486,2019-08-29,2,3846.35000000,2019-08,1,0
1363803,2020-04-28,1,25608.74000000,2020-04,1,0
1364161,2019-11-17,1,728.00000000,2019-11,1,0
1364298,2020-04-30,3,4052.90000000,2020-04,1,1
1364334,2016-01-16,4,1779.87000000,2016-01,1,0
1364466,2016-08-21,4,3763.49000000,2016-08,1,0
1364538,2020-01-31,1,389.97000000,2020-01,1,0
1364716,2019-08-21,1,3597.14000000,2019-08,1,0
1365036,2021-02-17,1,451.87000000,2021-02,0,0
1365045,2016-06-14,5,8100.88000000,2016-06,1,0
1365090,2018-12-06,3,1427.70000000,2018-12,1,0
1365154,2017-12-25,3,12965.77000000,2017-12,1,0
1365286,2018-10-13,2,731.13000000,2018-10,1,0
1365450,2019-07-16,2,802.97000000,2019-07,1,0
1365840,2017-09-04,4,27223.75000000,2017-09,1,0
1366124,2018-12-29,3,9077.18000000,2018-12,1,0
1366250,2017-05-29,4,5645.14000000,2017-05,1,0
1366540,2019-08-15,1,1131.99000000,2019-08,1,0
1366578,2019-05-18,1,298.94000000,2019-05,1,0
1367070,2016-12-31,3,14152.28000000,2016-12,1,0
1367180,2019-12-19,2,13996.17000000,2019-12,1,0
1367366,2018-03-06,1,51.38000000,2018-03,1,0
1367439,2016-01-08,5,3368.00000000,2016-01,1,0
1367470,2017-12-13,2,2578.50000000,2017-12,1,0
1367542,2017-12-13,2,14211.69000000,2017-12,1,1
1367691,2016-09-13,2,4636.97000000,2016-09,1,0
1367711,2016-09-26,4,11317.23000000,2016-09,1,0
1367760,2016-08-17,3,3325.86000000,2016-08,1,0
1367800,2017-06-29,3,3362.84000000,2017-06,1,0
1367861,2016-07-06,3,802.85000000,2016-07,1,0
1367878,2019-02-15,2,2790.42000000,2019-02,1,0
1368025,2016-01-22,4,9320.38000000,2016-01,1,0
1368205,2018-02-08,2,2533.90000000,2018-02,1,0
1368261,2018-05-05,3,6151.00000000,2018-05,1,0
1368275,2020-01-03,1,4186.99000000,2020-01,1,0
1368341,2018-07-26,3,2123.27000000,2018-07,1,0
1368371,2019-01-16,1,3329.70000000,2019-01,1,0
1368372,2018-08-04,5,2593.70000000,2018-08,1,1
1368909,2018-07-28,2,1012.62000000,2018-07,1,0
1368924,2016-09-01,2,5245.15000000,2016-09,1,0
1369363,2017-09-25,5,19671.15000000,2017-09,1,0
1369522,2019-02-22,3,2459.97000000,2019-02,1,1
1369624,2016-01-19,1,1999.60000000,2016-01,1,0
1369643,2018-01-27,2,5702.80000000,2018-01,1,0
1369647,2020-03-05,2,659.89000000,2020-03,1,0
1370349,2017-09-20,3,4745.94000000,2017-09,1,0
1370573,2018-06-19,3,1740.14000000,2018-06,1,0
1370619,2016-08-13,2,1828.99000000,2016-08,1,0
1371177,2019-09-18,2,130.89000000,2019-09,1,0
1371463,2019-11-09,1,431.99000000,2019-11,1,0
1371492,2018-08-06,2,1205.39000000,2018-08,1,0
1371642,2018-01-10,5,13829.29000000,2018-01,1,1
1371777,2017-10-12,6,6168.51000000,2017-10,1,1
1372423,2018-02-24,2,5075.39000000,2018-02,1,0
1372502,2020-02-20,1,256.00000000,2020-02,1,0
1372748,2019-01-02,1,569.90000000,2019-01,1,0
1372912,2018-02-16,2,308.99000000,2018-02,1,0
1373028,2019-05-01,2,12290.68000000,2019-05,1,0
1373079,2019-12-06,1,211.61000000,2019-12,1,0
1373140,2018-08-28,4,14326.72000000,2018-08,1,0
1373148,2019-08-28,1,1600.00000000,2019-08,1,0
1373363,2016-08-10,6,23941.79000000,2016-08,1,0
1373535,2018-12-28,3,22338.17000000,2018-12,1,0
1373561,2017-01-26,5,36817.28000000,2017-01,1,0
1373602,2019-02-04,2,4522.82000000,2019-02,1,0
1373635,2018-06-05,3,1503.87000000,2018-06,1,0
1373637,2017-01-09,2,4838.11000000,2017-01,1,0
1373708,2016-02-27,5,5234.43000000,2016-02,1,0
1373882,2019-01-10,1,1066.00000000,2019-01,1,0
1374050,2019-09-03,2,1406.00000000,2019-09,1,0
1374276,2017-12-28,1,25.69000000,2017-12,1,0
1374285,2018-08-10,3,7383.50000000,2018-08,1,0
1374314,2017-12-29,3,1743.98000000,2017-12,1,0
1374408,2019-08-23,1,246.88000000,2019-08,1,0
1374597,2017-11-30,1,167.56000000,2017-11,1,0
1374605,2017-01-07,5,18705.31000000,2017-01,1,0
1374776,2021-01-09,1,4603.32000000,2021-01,0,0
1375025,2019-06-17,1,107.85000000,2019-06,1,0
1375201,2018-12-17,2,4632.77000000,2018-12,1,0
1375230,2019-03-13,3,21561.39000000,2019-03,1,0
1375827,2016-02-16,7,10107.73000000,2016-02,1,0
1376346,2018-11-27,1,1705.99000000,2018-11,1,0
1376441,2019-02-27,1,2777.51000000,2019-02,1,0
1376585,2018-02-15,3,1066.64000000,2018-02,1,0
1376687,2019-02-21,1,444.90000000,2019-02,1,0
1376798,2018-07-13,1,134.80000000,2018-07,1,0
1376991,2018-11-03,2,2740.93000000,2018-11,1,1
1377033,2017-11-04,2,223.62000000,2017-11,1,0
1377047,2020-03-03,1,4564.95000000,2020-03,1,0
1377152,2020-12-12,1,1303.89000000,2020-12,0,0
1377195,2018-09-15,4,2572.63000000,2018-09,1,1
1377272,2017-05-11,4,11126.34000000,2017-05,1,0
1377677,2016-11-08,4,1315.91000000,2016-11,1,0
1377680,2016-05-28,2,2774.92000000,2016-05,1,0
1377700,2018-12-25,2,9258.53000000,2018-12,1,1
1377713,2020-06-03,2,1054.92000000,2020-06,1,0
1378439,2016-01-06,3,2146.09000000,2016-01,1,1
1378568,2019-06-15,2,1115.83000000,2019-06,1,0
1378598,2016-12-22,2,4758.08000000,2016-12,1,0
137865,2016-08-06,1,1475.00000000,2016-08,1,0
1378700,2017-08-29,1,8216.97000000,2017-08,1,0
1378712,2020-02-26,1,94.88000000,2020-02,1,0
1378782,2017-09-21,4,3320.06000000,2017-09,1,0
1378815,2017-10-03,2,7130.97000000,2017-10,1,0
1378869,2019-06-19,1,35.99000000,2019-06,1,0
1378935,2016-12-28,3,5188.91000000,2016-12,1,0
1379027,2016-02-19,2,20076.38000000,2016-02,1,0
1379135,2018-12-23,1,1343.83000000,2018-12,1,0
137949,2017-11-13,1,485.52000000,2017-11,1,0
1379490,2019-09-07,1,5112.39000000,2019-09,1,0
1380130,2020-11-06,1,2776.00000000,2020-11,1,0
1380285,2019-10-23,1,920.00000000,2019-10,1,0
1380361,2016-05-05,1,664.55000000,2016-05,1,0
1380432,2018-09-03,2,1215.90000000,2018-09,1,0
1380510,2019-07-06,3,14711.49000000,2019-07,1,0
1380600,2017-01-02,5,3587.40000000,2017-01,1,0
1380607,2016-12-16,2,1309.73000000,2016-12,1,1
1380698,2017-10-28,5,7497.11000000,2017-10,1,0
1380707,2019-08-30,1,2710.85000000,2019-08,1,0
1380720,2019-06-08,2,531.50000000,2019-06,1,0
1380756,2016-02-11,6,5733.69000000,2016-02,1,0
1381115,2018-02-22,2,4209.99000000,2018-02,1,0
1381264,2017-02-16,1,438.00000000,2017-02,1,0
1381466,2016-12-12,4,7924.89000000,2016-12,1,0
1381554,2017-11-03,2,2756.00000000,2017-11,1,0
1381579,2020-01-08,2,8905.76000000,2020-01,1,0
1381618,2018-10-15,2,1750.51000000,2018-10,1,0
1381660,2017-02-25,1,657.00000000,2017-02,1,0
1381762,2017-02-15,1,1486.00000000,2017-02,1,0
1381883,2017-12-25,8,13584.55000000,2017-12,1,0
1381899,2018-09-14,2,5897.84000000,2018-09,1,0
1382048,2018-12-14,1,2671.71000000,2018-12,1,0
1382192,2016-09-22,2,4541.80000000,2016-09,1,0
1382226,2016-02-20,2,2790.65000000,2016-02,1,0
138242,2017-07-15,4,6604.62000000,2017-07,1,0
1382863,2017-03-04,4,7068.89000000,2017-03,1,0
1383079,2017-11-16,3,2878.16000000,2017-11,1,0
1383155,2017-03-16,1,564.00000000,2017-03,1,0
1383272,2019-08-27,1,558.40000000,2019-08,1,0
138332,2017-08-10,3,6268.38000000,2017-08,1,1
1383330,2018-10-06,2,4548.97000000,2018-10,1,0
1383605,2016-12-13,4,7248.23000000,2016-12,1,0
1383884,2016-06-14,2,2753.80000000,2016-06,1,0
1384111,2018-02-21,5,3238.28000000,2018-02,1,1
1384179,2019-02-15,1,279.99000000,2019-02,1,0
1384221,2019-05-17,1,881.40000000,2019-05,1,0
1384305,2019-05-03,1,1614.00000000,2019-05,1,0
1384464,2019-06-26,2,3253.81000000,2019-06,1,1
138464,2020-03-05,1,2223.00000000,2020-03,1,0
1384774,2018-12-14,1,4399.96000000,2018-12,1,0
1385312,2019-10-23,2,4640.21000000,2019-10,1,0
1385392,2018-01-03,2,271.98000000,2018-01,1,0
1385421,2019-03-09,2,2313.00000000,2019-03,1,0
1385491,2017-12-28,2,2948.84000000,2017-12,1,0
1385568,2016-10-14,6,14352.14000000,2016-10,1,0
1385828,2016-07-07,5,4540.65000000,2016-07,1,0
1385904,2017-08-16,3,3521.00000000,2017-08,1,0
1386224,2019-06-26,4,5003.07000000,2019-06,1,0
1386380,2020-02-25,1,1759.13000000,2020-02,1,0
1386439,2018-07-07,2,28910.37000000,2018-07,1,0
1386585,2019-02-20,1,359.88000000,2019-02,1,0
1386766,2019-08-17,2,62.00000000,2019-08,1,0
1386809,2020-12-23,1,2437.94000000,2020-12,0,0
1386844,2016-10-07,2,506.98000000,2016-10,1,0
1386926,2019-12-30,2,2133.21000000,2019-12,1,0
1387026,2018-11-29,1,312.45000000,2018-11,1,0
1387156,2016-12-05,1,2935.65000000,2016-12,1,0
1387194,2018-11-30,3,214.74000000,2018-11,1,0
138735,2016-12-17,2,4179.89000000,2016-12,1,0
1387459,2017-08-03,1,779.97000000,2017-08,1,0
1387724,2018-03-02,5,2594.69000000,2018-03,1,0
1387753,2018-09-12,3,1672.10000000,2018-09,1,1
1387959,2016-01-09,5,16195.25000000,2016-01,1,0
1388023,2016-06-28,10,25236.97000000,2016-06,1,0
1388042,2016-02-27,7,16882.19000000,2016-02,1,0
1388246,2016-12-23,1,1838.90000000,2016-12,1,0
1388434,2017-08-24,3,8784.90000000,2017-08,1,0
1388765,2016-06-19,5,6369.19000000,2016-06,1,0
1388801,2016-07-02,6,6698.92000000,2016-07,1,0
1388923,2018-01-06,1,1638.00000000,2018-01,1,0
1389047,2018-09-26,2,912.51000000,2018-09,1,0
1389079,2016-09-24,4,4408.06000000,2016-09,1,0
1389309,2017-08-14,2,5909.50000000,2017-08,1,0
1389310,2018-11-27,1,643.88000000,2018-11,1,0
1389440,2017-02-04,3,5072.45000000,2017-02,1,0
1389462,2016-01-04,2,2129.92000000,2016-01,1,1
1389494,2017-01-10,3,2580.64000000,2017-01,1,0
1389502,2019-05-11,2,2215.47000000,2019-05,1,0
1389511,2017-12-06,2,16220.10000000,2017-12,1,0
1389527,2020-02-24,2,163.45000000,2020-02,1,0
1389737,2019-12-25,2,5532.55000000,2019-12,1,1
1389855,2016-03-05,4,5763.56000000,2016-03,1,0
1389867,2016-10-25,6,12032.71000000,2016-10,1,0
1390208,2016-07-26,2,5601.50000000,2016-07,1,0
1390213,2020-05-02,1,289.99000000,2020-05,1,0
1390363,2016-08-16,4,10726.51000000,2016-08,1,0
1390639,2017-10-10,2,3178.91000000,2017-10,1,0
1390823,2018-07-11,7,7553.41000000,2018-07,1,0
1391057,2016-11-24,4,4228.73000000,2016-11,1,1
1391155,2016-10-27,2,3293.97000000,2016-10,1,0
1391230,2019-06-11,1,287.00000000,2019-06,1,0
1391234,2019-10-12,2,4062.08000000,2019-10,1,0
1391462,2016-03-02,5,5661.88000000,2016-03,1,0
1391759,2018-11-07,2,1579.86000000,2018-11,1,0
1392092,2018-09-20,4,10181.54000000,2018-09,1,0
1392223,2016-06-16,2,1948.99000000,2016-06,1,0
1392224,2016-02-24,2,1875.52000000,2016-02,1,0
139224,2020-01-02,1,2615.00000000,2020-01,1,0
1392332,2017-09-14,4,8266.73000000,2017-09,1,0
1392371,2016-02-06,5,15550.13000000,2016-02,1,0
1392468,2018-12-31,1,438.00000000,2018-12,1,0
1392666,2019-09-04,1,6283.42000000,2019-09,1,0
1392941,2016-12-03,3,10741.93000000,2016-12,1,0
1393169,2017-08-25,4,10483.52000000,2017-08,1,0
1393392,2018-01-06,5,23381.99000000,2018-01,1,1
1393425,2018-09-19,1,765.90000000,2018-09,1,0
1393738,2016-01-05,1,6306.39000000,2016-01,1,0
139376,2017-05-04,1,49.50000000,2017-05,1,0
139411,2019-02-22,1,89.98000000,2019-02,1,0
1394326,2020-02-22,1,6195.99000000,2020-02,1,0
1394327,2018-01-25,1,230.00000000,2018-01,1,0
1394461,2018-10-23,1,109.99000000,2018-10,1,0
139479,2018-06-27,2,906.89000000,2018-06,1,0
1394921,2018-10-24,2,2831.89000000,2018-10,1,0
1394970,2019-07-04,4,11929.67000000,2019-07,1,1
1395293,2020-12-21,1,568.00000000,2020-12,0,0
1395383,2018-08-20,1,49.99000000,2018-08,1,0
1395434,2016-10-20,1,984.00000000,2016-10,1,0
1395464,2018-05-03,5,3578.40000000,2018-05,1,0
1395483,2017-08-10,2,6532.77000000,2017-08,1,0
1395823,2018-12-16,1,1180.00000000,2018-12,1,0
1396425,2016-12-23,3,5358.67000000,2016-12,1,0
1396464,2017-10-02,4,4723.46000000,2017-10,1,0
1397180,2019-10-19,2,2999.98000000,2019-10,1,0
1397271,2016-05-19,8,10501.94000000,2016-05,1,0
139742,2019-12-03,1,4.06000000,2019-12,1,0
1397593,2016-10-21,4,5499.36000000,2016-10,1,0
1397652,2019-01-26,2,2673.81000000,2019-01,1,1
1397681,2019-05-18,1,1756.11000000,2019-05,1,0
1398115,2018-02-01,5,12492.81000000,2018-02,1,0
1398124,2016-08-31,2,1410.28000000,2016-08,1,0
139817,2020-01-07,1,433.80000000,2020-01,1,0
1398193,2018-01-04,1,126.90000000,2018-01,1,0
139856,2018-02-20,1,17149.69000000,2018-02,1,0
1398592,2019-08-31,3,8517.65000000,2019-08,1,0
1398769,2019-06-06,2,2526.20000000,2019-06,1,0
1398804,2017-12-23,1,1146.39000000,2017-12,1,0
139891,2016-10-18,3,2753.15000000,2016-10,1,0
1398957,2019-05-20,1,599.00000000,2019-05,1,0
1399159,2019-02-26,4,2487.99000000,2019-02,1,1
1399298,2018-08-15,1,149.99000000,2018-08,1,0
1399330,2018-05-17,2,5532.17000000,2018-05,1,0
1399512,2016-08-20,3,7640.05000000,2016-08,1,0
1399626,2017-01-12,3,2463.33000000,2017-01,1,0
140004,2018-02-19,1,3687.80000000,2018-02,1,0
1400159,2018-07-17,6,4586.82000000,2018-07,1,0
1400201,2019-11-21,2,7040.76000000,2019-11,1,0
1400238,2019-11-21,2,809.59000000,2019-11,1,1
1400564,2016-12-29,4,7838.20000000,2016-12,1,0
1400721,2017-10-28,3,3729.91000000,2017-10,1,0
1401111,2019-10-02,1,3075.00000000,2019-10,1,0
1401197,2016-08-24,2,5438.48000000,2016-08,1,0
1401276,2018-05-12,4,9710.54000000,2018-05,1,0
1401419,2016-01-30,3,2228.33000000,2016-01,1,0
1401445,2017-02-22,4,5140.03000000,2017-02,1,0
1401578,2016-06-02,5,13805.84000000,2016-06,1,0
1401657,2016-11-15,4,6477.59000000,2016-11,1,0
1401888,2018-09-17,1,3876.00000000,2018-09,1,0
1402036,2018-02-03,4,2681.90000000,2018-02,1,0
1402096,2017-12-20,3,4975.81000000,2017-12,1,1
1402107,2019-07-15,1,12202.00000000,2019-07,1,0
140239,2018-12-24,1,848.00000000,2018-12,1,0
1402689,2020-04-29,1,665.90000000,2020-04,1,0
1402712,2018-03-08,2,1389.70000000,2018-03,1,0
1402836,2018-05-21,6,20424.36000000,2018-05,1,0
1402912,2019-11-06,1,32.00000000,2019-11,1,0
1403355,2017-12-23,4,5945.81000000,2017-12,1,1
1403485,2017-12-29,1,58.99000000,2017-12,1,0
1403777,2019-07-27,1,184.50000000,2019-07,1,0
140389,2017-12-23,1,22.89000000,2017-12,1,0
1404266,2018-06-16,1,32.00000000,2018-06,1,0
1404328,2018-06-09,2,29988.88000000,2018-06,1,0
1404342,2017-10-14,5,11402.77000000,2017-10,1,0
1404633,2019-10-26,1,1339.99000000,2019-10,1,0
1404813,2018-02-27,3,3918.68000000,2018-02,1,0
1404840,2019-09-01,1,1939.73000000,2019-09,1,0
1404845,2016-06-07,5,19913.96000000,2016-06,1,0
1404905,2018-11-15,3,4348.30000000,2018-11,1,0
1405059,2018-12-14,3,3614.97000000,2018-12,1,0
1405105,2017-12-28,3,6334.53000000,2017-12,1,1
1405180,2018-08-22,2,4492.47000000,2018-08,1,0
1405663,2018-12-20,2,2355.91000000,2018-12,1,1
1405778,2019-12-03,2,1542.50000000,2019-12,1,0
1406079,2019-05-22,2,1371.01000000,2019-05,1,0
1406094,2019-11-09,1,1637.36000000,2019-11,1,0
1406178,2019-02-02,5,6595.48000000,2019-02,1,1
1406216,2018-02-22,3,4662.92000000,2018-02,1,0
1406231,2018-11-10,2,6024.25000000,2018-11,1,0
1406321,2019-05-22,1,400.00000000,2019-05,1,0
1406481,2018-06-29,4,8041.64000000,2018-06,1,0
14069,2018-12-19,1,837.00000000,2018-12,1,0
1406906,2018-08-13,1,365.80000000,2018-08,1,0
1407125,2018-06-14,2,2212.40000000,2018-06,1,0
1407128,2018-12-19,1,10617.00000000,2018-12,1,0
1407493,2016-05-07,3,4894.36000000,2016-05,1,0
1407506,2016-07-18,4,6812.30000000,2016-07,1,0
1407573,2018-11-01,2,5505.90000000,2018-11,1,0
1407578,2016-06-20,3,2546.32000000,2016-06,1,0
1407626,2018-09-26,2,9432.70000000,2018-09,1,0
1408283,2016-10-02,1,974.96000000,2016-10,1,0
140829,2018-12-06,1,11608.68000000,2018-12,1,0
1408372,2016-12-30,5,11638.57000000,2016-12,1,0
1408415,2017-03-04,2,1933.57000000,2017-03,1,0
1408432,2018-09-10,1,788.85000000,2018-09,1,0
1408551,2018-09-19,4,11571.28000000,2018-09,1,1
140872,2019-11-13,1,1149.50000000,2019-11,1,0
1409017,2019-10-22,2,3031.00000000,2019-10,1,0
140911,2020-02-05,1,559.00000000,2020-02,1,0
1409340,2016-11-15,4,23868.72000000,2016-11,1,0
1409410,2018-08-02,4,2353.82000000,2018-08,1,1
140956,2020-01-03,1,1009.89000000,2020-01,1,0
1409629,2017-01-05,2,9683.75000000,2017-01,1,0
140972,2018-05-19,1,3122.60000000,2018-05,1,0
1409729,2019-06-05,1,2325.94000000,2019-06,1,0
1409986,2017-05-12,3,6075.02000000,2017-05,1,0
1409991,2016-06-14,8,19777.52000000,2016-06,1,0
1410080,2019-11-29,2,419.38000000,2019-11,1,0
1410180,2018-10-06,3,6505.73000000,2018-10,1,1
1410305,2018-02-08,6,22950.98000000,2018-02,1,0
1410327,2019-09-27,1,296.94000000,2019-09,1,0
1410466,2019-05-21,1,302.95000000,2019-05,1,0
1410514,2016-11-16,4,20571.89000000,2016-11,1,1
1410548,2016-03-02,7,17845.84000000,2016-03,1,0
1410778,2017-09-20,5,25017.39000000,2017-09,1,1
1410879,2019-12-20,1,438.99000000,2019-12,1,0
1410945,2018-12-15,7,12255.34000000,2018-12,1,1
1411031,2016-10-21,2,1016.99000000,2016-10,1,0
1411283,2017-11-17,2,8229.89000000,2017-11,1,0
1411409,2017-02-04,3,5507.76000000,2017-02,1,0
1411591,2018-09-18,2,3856.89000000,2018-09,1,1
1411618,2019-05-04,3,4056.00000000,2019-05,1,0
1411747,2020-07-10,1,1539.65000000,2020-07,1,0
141179,2016-08-04,1,329.97000000,2016-08,1,0
1411860,2017-12-02,2,3860.98000000,2017-12,1,0
1411952,2017-12-26,2,300.45000000,2017-12,1,1
1411983,2020-05-12,1,676.20000000,2020-05,1,0
141238,2016-08-06,1,7100.97000000,2016-08,1,0
1412534,2016-01-07,3,2255.46000000,2016-01,1,0
1412576,2018-01-02,3,4199.57000000,2018-01,1,0
1412593,2019-10-05,2,220.85000000,2019-10,1,1
1412621,2016-09-03,2,500.35000000,2016-09,1,0
1412767,2018-12-25,2,1324.80000000,2018-12,1,0
1412783,2018-05-29,4,11765.91000000,2018-05,1,0
1412880,2017-09-13,1,89.98000000,2017-09,1,0
1412897,2019-07-20,1,56.00000000,2019-07,1,0
1412924,2019-08-31,1,227.96000000,2019-08,1,0
1412934,2018-06-18,1,1402.50000000,2018-06,1,0
1412994,2019-06-03,1,199.99000000,2019-06,1,0
1413042,2019-11-07,3,3361.72000000,2019-11,1,0
1413086,2018-03-13,4,8570.27000000,2018-03,1,0
141338,2016-09-19,2,5157.26000000,2016-09,1,0
1413539,2019-12-05,1,1881.00000000,2019-12,1,0
1413691,2019-08-27,1,1894.00000000,2019-08,1,0
1413758,2020-02-19,1,219.93000000,2020-02,1,0
1413890,2016-01-07,4,15791.01000000,2016-01,1,0
1414050,2016-05-21,5,14744.18000000,2016-05,1,0
1414205,2019-01-01,4,12468.30000000,2019-01,1,0
1414215,2017-02-13,4,3360.56000000,2017-02,1,0
1414226,2019-12-03,2,1972.80000000,2019-12,1,1
1414241,2017-10-10,3,6185.82000000,2017-10,1,0
1414248,2017-08-01,2,4826.00000000,2017-08,1,0
1414295,2017-07-26,3,7076.71000000,2017-07,1,0
1414525,2017-08-25,8,10196.84000000,2017-08,1,0
1414666,2017-01-05,6,15045.44000000,2017-01,1,0
1414773,2017-11-27,1,1797.00000000,2017-11,1,0
1414914,2018-02-14,2,2325.70000000,2018-02,1,0
1415255,2019-02-05,3,4535.50000000,2019-02,1,1
1415385,2019-08-31,1,539.97000000,2019-08,1,0
1415440,2017-08-05,4,2199.77000000,2017-08,1,0
1415442,2016-09-27,3,4724.92000000,2016-09,1,0
1415483,2018-07-18,4,3998.50000000,2018-07,1,0
1415490,2018-02-09,3,1999.67000000,2018-02,1,0
1415607,2019-02-01,3,4891.77000000,2019-02,1,0
1416025,2018-12-14,1,539.80000000,2018-12,1,0
1416154,2018-10-09,1,345.00000000,2018-10,1,0
1416469,2018-09-10,4,6738.61000000,2018-09,1,0
1416511,2019-01-09,2,596.05000000,2019-01,1,0
1416930,2020-08-03,1,1734.00000000,2020-08,1,0
141696,2017-05-20,1,2543.00000000,2017-05,1,0
1416995,2018-06-03,5,13159.82000000,2018-06,1,0
1417165,2017-06-04,5,12244.26000000,2017-06,1,0
1417542,2019-08-28,1,280.52000000,2019-08,1,0
1417576,2016-12-22,3,17530.93000000,2016-12,1,0
1417693,2017-11-24,6,11710.61000000,2017-11,1,1
1417781,2018-01-09,1,1219.00000000,2018-01,1,0
14180,2016-01-19,1,864.78000000,2016-01,1,0
1418096,2017-02-01,1,4437.00000000,2017-02,1,0
1418109,2016-06-29,3,6359.16000000,2016-06,1,0
1418119,2018-05-31,2,10821.95000000,2018-05,1,0
1418121,2019-12-12,4,3692.42000000,2019-12,1,1
1418131,2017-11-11,4,9535.50000000,2017-11,1,0
1418168,2019-04-25,2,1444.38000000,2019-04,1,0
1418448,2016-01-30,4,4285.67000000,2016-01,1,0
1418528,2019-03-07,2,898.50000000,2019-03,1,0
1418618,2016-06-11,5,4016.57000000,2016-06,1,0
1418842,2016-09-27,1,744.32000000,2016-09,1,0
1418976,2019-02-15,1,2038.90000000,2019-02,1,0
1418988,2019-05-11,3,11275.39000000,2019-05,1,0
1419155,2018-11-29,1,2373.00000000,2018-11,1,0
1419500,2020-10-20,1,1118.92000000,2020-10,1,0
1419573,2016-11-04,3,6865.33000000,2016-11,1,0
1419594,2019-10-26,1,5681.45000000,2019-10,1,0
1419863,2018-01-26,4,4028.75000000,2018-01,1,0
1420081,2019-08-15,3,9745.95000000,2019-08,1,1
1420133,2016-12-23,1,772.89000000,2016-12,1,0
1420237,2016-12-27,8,28270.19000000,2016-12,1,1
1420473,2018-08-27,2,2153.61000000,2018-08,1,0
1420774,2019-01-19,2,12511.19000000,2019-01,1,0
142086,2018-08-20,1,1720.98000000,2018-08,1,0
1420996,2019-08-24,3,7585.81000000,2019-08,1,0
1421393,2017-09-01,2,3821.00000000,2017-09,1,0
1421506,2017-10-28,2,5215.20000000,2017-10,1,0
1421626,2018-06-27,5,10934.88000000,2018-06,1,0
1421877,2018-08-29,2,10696.20000000,2018-08,1,0
1421881,2020-03-05,1,469.00000000,2020-03,1,0
1421890,2017-05-15,3,8844.65000000,2017-05,1,0
1421952,2017-06-20,1,200.95000000,2017-06,1,0
1422140,2018-12-03,1,1673.00000000,2018-12,1,0
1422175,2019-02-23,3,4912.88000000,2019-02,1,0
1422363,2020-03-07,1,6457.12000000,2020-03,1,0
1422377,2019-11-11,1,599.06000000,2019-11,1,0
1422501,2017-11-25,3,4388.19000000,2017-11,1,0
1422569,2018-01-03,3,3298.73000000,2018-01,1,0
1422773,2018-01-11,1,3070.23000000,2018-01,1,0
142282,2018-01-23,2,2923.37000000,2018-01,1,0
1422903,2018-08-07,3,1743.97000000,2018-08,1,0
142335,2020-05-20,1,599.00000000,2020-05,1,0
1423539,2017-03-01,4,5717.19000000,2017-03,1,0
1423675,2018-09-26,2,376.95000000,2018-09,1,0
1423826,2019-12-31,2,7445.56000000,2019-12,1,0
1423836,2019-02-16,3,5280.07000000,2019-02,1,0
1424211,2019-01-30,1,6433.27000000,2019-01,1,0
1424341,2018-02-20,3,7471.37000000,2018-02,1,0
1424488,2018-07-19,1,1199.94000000,2018-07,1,0
1424915,2016-05-03,3,13348.34000000,2016-05,1,1
1425175,2018-07-02,1,2186.82000000,2018-07,1,0
1425307,2018-02-17,4,16069.64000000,2018-02,1,0
1425323,2017-01-13,2,252.89000000,2017-01,1,0
1425386,2016-03-07,2,5767.91000000,2016-03,1,0
1425437,2016-11-09,1,6310.99000000,2016-11,1,0
1425449,2018-10-25,2,3368.37000000,2018-10,1,0
1425577,2018-10-11,3,2447.42000000,2018-10,1,0
1425887,2019-12-28,1,627.80000000,2019-12,1,0
1426096,2016-03-05,5,11020.57000000,2016-03,1,0
1426124,2018-09-13,3,13197.32000000,2018-09,1,0
1426220,2019-10-31,3,2060.58000000,2019-10,1,1
1426290,2019-12-28,1,40.55000000,2019-12,1,0
1426777,2017-12-26,5,11243.73000000,2017-12,1,1
1427026,2019-08-16,3,6719.60000000,2019-08,1,1
1427132,2016-12-29,6,8853.14000000,2016-12,1,0
1427309,2016-07-15,5,8633.10000000,2016-07,1,0
1427357,2016-11-23,1,2774.34000000,2016-11,1,0
1427596,2016-02-06,3,20386.12000000,2016-02,1,1
1427869,2016-01-26,3,2599.86000000,2016-01,1,0
1428088,2019-05-08,1,747.80000000,2019-05,1,0
1428180,2016-02-16,4,13993.38000000,2016-02,1,0
1428214,2018-01-31,4,3771.48000000,2018-01,1,0
1428309,2018-12-29,2,2140.63000000,2018-12,1,0
142837,2018-09-17,2,13014.37000000,2018-09,1,0
1428776,2019-09-13,1,1104.96000000,2019-09,1,0
1428812,2019-11-04,2,4077.74000000,2019-11,1,1
1428814,2018-02-23,1,75.96000000,2018-02,1,0
1429222,2017-07-13,2,667.88000000,2017-07,1,0
1429300,2019-05-06,3,21384.61000000,2019-05,1,0
1429357,2019-06-25,2,8760.96000000,2019-06,1,0
1429587,2016-12-21,2,4300.54000000,2016-12,1,0
1429691,2019-12-19,2,1217.98000000,2019-12,1,0
1429765,2017-07-14,2,5228.50000000,2017-07,1,0
1429878,2020-05-18,2,2378.03000000,2020-05,1,0
1430214,2017-06-08,4,2162.89000000,2017-06,1,0
1430321,2018-01-03,4,2161.81000000,2018-01,1,0
143033,2019-05-18,2,26747.83000000,2019-05,1,1
1430625,2016-12-06,3,7875.57000000,2016-12,1,0
1430661,2018-11-21,2,2611.92000000,2018-11,1,1
1430718,2016-04-28,3,5831.95000000,2016-04,1,0
1430890,2017-12-30,2,1852.37000000,2017-12,1,0
1430917,2019-02-23,1,1476.00000000,2019-02,1,0
1430923,2020-01-04,1,3783.55000000,2020-01,1,0
1431002,2016-10-29,4,3427.10000000,2016-10,1,0
1431209,2018-12-22,3,5326.92000000,2018-12,1,0
1431630,2020-02-27,1,919.00000000,2020-02,1,0
1431715,2016-11-02,4,16196.10000000,2016-11,1,0
1431767,2016-02-25,1,3314.85000000,2016-02,1,0
1431908,2018-05-28,2,3003.65000000,2018-05,1,0
1431986,2016-07-03,1,746.67000000,2016-07,1,0
143206,2019-06-12,1,2200.00000000,2019-06,1,0
1432139,2018-08-02,2,7488.81000000,2018-08,1,0
1432379,2017-05-04,2,512.64000000,2017-05,1,1
1432419,2016-07-13,8,28100.96000000,2016-07,1,0
1432652,2018-05-19,3,8172.20000000,2018-05,1,0
1432706,2018-09-19,2,1996.85000000,2018-09,1,0
143278,2016-02-24,1,5445.44000000,2016-02,1,0
1432834,2019-09-12,1,255.00000000,2019-09,1,0
1432907,2018-01-06,3,3414.78000000,2018-01,1,0
1433136,2017-06-15,4,6700.78000000,2017-06,1,1
1433216,2017-11-30,2,5129.60000000,2017-11,1,0
1433269,2018-10-01,4,3959.99000000,2018-10,1,1
1433344,2016-07-15,2,5751.73000000,2016-07,1,0
1433389,2018-02-22,1,1053.77000000,2018-02,1,0
1433539,2016-10-05,2,5656.00000000,2016-10,1,0
1433584,2019-11-07,3,6632.60000000,2019-11,1,1
1433628,2016-03-02,2,4025.89000000,2016-03,1,0
1433844,2018-11-27,2,1124.80000000,2018-11,1,0
1433991,2016-09-17,4,6117.33000000,2016-09,1,0
1434399,2016-11-17,2,2849.63000000,2016-11,1,0
1434562,2017-09-25,1,1190.00000000,2017-09,1,0
1435081,2019-03-10,1,1599.68000000,2019-03,1,0
1435185,2020-05-02,1,251.00000000,2020-05,1,0
1435339,2016-10-10,5,6135.52000000,2016-10,1,0
1435532,2017-07-17,2,8449.69000000,2017-07,1,0
1435829,2019-11-02,1,3984.04000000,2019-11,1,0
143585,2019-12-10,1,12.66000000,2019-12,1,0
1436054,2018-07-03,3,5469.83000000,2018-07,1,1
1436124,2016-11-17,3,4231.70000000,2016-11,1,0
1436157,2018-01-16,2,319.99000000,2018-01,1,0
1436857,2017-01-26,4,10743.94000000,2017-01,1,0
1436891,2019-06-08,4,3601.52000000,2019-06,1,0
1437052,2016-05-14,3,10335.91000000,2016-05,1,0
1437117,2018-02-26,3,8959.97000000,2018-02,1,0
1437127,2018-12-21,1,579.98000000,2018-12,1,0
1437243,2016-11-04,3,1739.73000000,2016-11,1,0
1437275,2018-08-29,3,11728.00000000,2018-08,1,0
1437592,2016-02-09,1,5650.69000000,2016-02,1,0
1437644,2019-10-07,2,6410.90000000,2019-10,1,0
1437943,2021-02-11,1,1079.91000000,2021-02,0,0
1437958,2019-01-03,1,4845.00000000,2019-01,1,0
1437978,2016-02-17,3,1539.93000000,2016-02,1,0
1438050,2016-01-02,1,1000.00000000,2016-01,1,0
1438329,2017-05-24,2,5577.00000000,2017-05,1,0
1438425,2018-08-25,1,2367.00000000,2018-08,1,0
1438477,2016-03-03,1,1926.70000000,2016-03,1,0
1438489,2019-01-17,1,1157.95000000,2019-01,1,0
1438900,2019-10-15,2,24463.95000000,2019-10,1,0
1438951,2016-09-15,2,10575.66000000,2016-09,1,0
1439027,2016-07-09,5,25847.28000000,2016-07,1,1
1439472,2018-12-10,1,3004.39000000,2018-12,1,0
1439502,2016-07-06,6,19632.29000000,2016-07,1,0
143972,2017-12-21,2,7557.22000000,2017-12,1,0
1439788,2019-10-04,2,2842.55000000,2019-10,1,1
1440032,2019-01-16,2,2759.18000000,2019-01,1,0
1440047,2018-05-16,4,2555.93000000,2018-05,1,1
1440061,2019-01-03,1,4959.83000000,2019-01,1,0
1440062,2019-01-31,2,1804.99000000,2019-01,1,0
1440084,2018-02-03,2,1028.00000000,2018-02,1,0
1440349,2016-11-28,3,6509.22000000,2016-11,1,0
1440476,2017-11-05,2,2230.95000000,2017-11,1,0
1440748,2018-09-06,2,9625.28000000,2018-09,1,1
1440753,2017-01-14,2,750.81000000,2017-01,1,0
144080,2017-07-06,4,6458.29000000,2017-07,1,0
1440889,2019-07-04,2,1706.73000000,2019-07,1,0
1441210,2020-01-14,1,315.34000000,2020-01,1,0
1441326,2017-10-05,5,5140.98000000,2017-10,1,1
1441384,2016-02-18,5,5344.51000000,2016-02,1,0
1441657,2020-02-29,1,129.99000000,2020-02,1,0
1441731,2019-09-14,2,1133.35000000,2019-09,1,0
1442048,2018-10-10,5,7368.85000000,2018-10,1,0
1442274,2018-11-30,1,631.52000000,2018-11,1,0
1442358,2020-02-03,2,930.00000000,2020-02,1,0
1442626,2018-05-17,1,5140.80000000,2018-05,1,0
1442640,2017-02-24,4,11883.75000000,2017-02,1,0
144273,2018-06-23,1,2498.38000000,2018-06,1,0
1442830,2018-05-25,2,2974.00000000,2018-05,1,0
1442886,2019-09-26,1,737.53000000,2019-09,1,0
1442911,2018-12-07,2,5084.29000000,2018-12,1,0
144330,2018-12-20,2,916.83000000,2018-12,1,1
1443446,2016-08-08,3,4801.79000000,2016-08,1,0
1443641,2019-03-05,3,12748.35000000,2019-03,1,0
1443682,2019-09-25,2,2846.56000000,2019-09,1,0
1444352,2016-10-08,1,398.93000000,2016-10,1,0
1444672,2017-12-23,2,2571.49000000,2017-12,1,0
1444831,2020-02-22,2,1270.00000000,2020-02,1,0
1444901,2016-10-15,6,9982.92000000,2016-10,1,0
1444903,2019-11-12,3,10128.05000000,2019-11,1,1
1445061,2018-03-02,2,7978.95000000,2018-03,1,0
1445115,2019-11-26,1,2891.60000000,2019-11,1,0
1445195,2016-07-21,2,8228.83000000,2016-07,1,0
1445497,2017-09-06,2,4706.00000000,2017-09,1,0
1445597,2018-08-11,1,115.00000000,2018-08,1,0
1445735,2016-06-02,4,12015.62000000,2016-06,1,1
1446473,2019-06-28,1,1476.46000000,2019-06,1,0
1446919,2018-12-29,1,6521.22000000,2018-12,1,0
1447016,2019-01-10,3,4537.97000000,2019-01,1,0
1447394,2016-12-22,2,168.39000000,2016-12,1,0
1447556,2016-09-13,1,1499.94000000,2016-09,1,0
1448062,2020-01-14,1,779.97000000,2020-01,1,0
1448213,2019-09-16,2,874.92000000,2019-09,1,0
1448404,2017-12-23,3,2198.93000000,2017-12,1,0
1448408,2019-11-01,3,3106.11000000,2019-11,1,0
1448602,2017-11-20,1,6256.90000000,2017-11,1,0
1448616,2018-11-26,2,148.61000000,2018-11,1,0
1448778,2018-05-24,1,5871.17000000,2018-05,1,0
1449155,2018-01-05,6,17658.12000000,2018-01,1,1
1449187,2018-12-06,5,11312.58000000,2018-12,1,0
1449784,2019-10-22,1,6.95000000,2019-10,1,0
1449949,2017-12-19,2,2637.35000000,2017-12,1,0
1450086,2016-12-01,6,6936.50000000,2016-12,1,1
1450137,2017-01-11,1,1865.52000000,2017-01,1,0
1450225,2017-03-01,3,3201.87000000,2017-03,1,0
1450245,2019-12-24,1,1600.00000000,2019-12,1,0
1450286,2019-12-07,3,2957.59000000,2019-12,1,1
1450826,2019-08-29,2,1827.95000000,2019-08,1,0
145085,2018-09-12,1,3020.44000000,2018-09,1,0
1451193,2018-11-29,4,7874.29000000,2018-11,1,0
1451236,2018-09-22,2,2083.00000000,2018-09,1,0
1451323,2018-10-09,7,20708.89000000,2018-10,1,1
1451427,2017-03-08,1,1477.00000000,2017-03,1,0
1451431,2017-06-28,3,2131.66000000,2017-06,1,0
1451466,2017-05-26,4,15616.33000000,2017-05,1,0
1451748,2016-01-09,2,1452.84000000,2016-01,1,0
1451764,2016-02-10,4,4810.96000000,2016-02,1,0
1451784,2018-10-04,1,2878.92000000,2018-10,1,0
1451919,2016-02-13,5,17930.63000000,2016-02,1,0
1451966,2019-02-14,2,10545.93000000,2019-02,1,0
1452039,2016-08-13,4,5615.36000000,2016-08,1,0
1452458,2019-10-21,1,2727.69000000,2019-10,1,0
145258,2020-02-28,1,1558.32000000,2020-02,1,0
1453090,2018-09-25,1,438.00000000,2018-09,1,0
1453297,2019-12-20,1,809.85000000,2019-12,1,0
1453389,2016-12-28,4,5787.85000000,2016-12,1,0
145342,2016-12-31,1,3980.99000000,2016-12,1,0
1453427,2016-12-17,5,6895.60000000,2016-12,1,1
1453451,2017-09-18,3,822.97000000,2017-09,1,0
1453679,2020-05-23,1,717.00000000,2020-05,1,0
1453776,2018-08-03,2,1606.14000000,2018-08,1,0
1453868,2019-01-05,1,1740.72000000,2019-01,1,0
1454131,2020-01-02,1,1927.72000000,2020-01,1,0
1454138,2018-09-03,2,1880.98000000,2018-09,1,0
1454163,2019-05-16,1,3703.00000000,2019-05,1,0
1454248,2016-11-12,5,7161.65000000,2016-11,1,0
1454859,2019-02-14,1,891.00000000,2019-02,1,0
1454940,2016-07-12,5,8964.96000000,2016-07,1,0
1454988,2018-08-04,3,5627.92000000,2018-08,1,0
1455360,2018-10-24,2,4020.14000000,2018-10,1,0
1455437,2016-09-22,2,2870.99000000,2016-09,1,0
1456036,2018-06-28,4,10850.51000000,2018-06,1,0
1456078,2018-05-04,3,11072.82000000,2018-05,1,0
1456120,2016-10-15,3,2946.93000000,2016-10,1,0
1456247,2016-06-01,6,10157.66000000,2016-06,1,0
1456404,2017-10-11,3,1731.86000000,2017-10,1,0
1456891,2018-11-21,1,999.80000000,2018-11,1,0
1457037,2019-01-26,2,1524.82000000,2019-01,1,0
1457192,2017-12-21,3,6098.44000000,2017-12,1,0
1457226,2019-02-20,1,1237.20000000,2019-02,1,0
1457268,2017-09-07,2,8005.34000000,2017-09,1,0
1457295,2016-12-15,3,13840.29000000,2016-12,1,0
1457391,2016-12-31,6,10933.89000000,2016-12,1,0
1457465,2020-06-04,1,12951.99000000,2020-06,1,0
1457500,2017-07-01,3,3232.57000000,2017-07,1,0
1457759,2016-08-10,1,270.16000000,2016-08,1,0
1458164,2016-07-01,3,3193.46000000,2016-07,1,0
1458301,2016-01-27,7,24714.27000000,2016-01,1,0
1458350,2017-07-04,4,1292.87000000,2017-07,1,0
1458544,2016-08-13,2,2502.41000000,2016-08,1,0
1458590,2018-03-15,4,8812.91000000,2018-03,1,0
1458743,2017-03-03,4,14080.20000000,2017-03,1,0
1458780,2016-10-14,2,3372.10000000,2016-10,1,0
1458811,2017-05-03,2,3131.04000000,2017-05,1,1
1459006,2016-12-22,3,11446.23000000,2016-12,1,0
1459686,2019-01-31,3,8357.50000000,2019-01,1,0
1459858,2019-09-19,2,1031.98000000,2019-09,1,0
1459894,2019-12-20,1,57.88000000,2019-12,1,0
1460061,2020-05-07,1,2208.20000000,2020-05,1,0
1460077,2017-07-15,3,12005.50000000,2017-07,1,0
1460194,2016-06-30,3,2839.98000000,2016-06,1,0
1460501,2018-07-19,3,23636.45000000,2018-07,1,0
1460614,2019-01-26,1,718.00000000,2019-01,1,0
1460919,2017-12-20,2,1763.78000000,2017-12,1,0
1460974,2019-01-01,3,6531.98000000,2019-01,1,0
1461001,2017-06-29,2,4021.38000000,2017-06,1,0
1461020,2019-05-18,1,1350.98000000,2019-05,1,0
1461041,2016-02-17,2,3209.51000000,2016-02,1,0
1461077,2019-02-16,1,666.68000000,2019-02,1,0
1461248,2017-11-10,3,2612.38000000,2017-11,1,0
1461316,2017-01-06,2,7637.00000000,2017-01,1,0
1461681,2019-01-02,4,6107.29000000,2019-01,1,0
1461845,2018-05-02,3,3018.38000000,2018-05,1,0
146194,2017-01-28,2,7260.04000000,2017-01,1,0
1462148,2016-06-30,2,4661.52000000,2016-06,1,0
1462224,2016-07-12,3,5957.00000000,2016-07,1,0
1462274,2018-12-06,1,1773.99000000,2018-12,1,0
1462312,2016-11-11,2,9188.68000000,2016-11,1,1
1462974,2019-07-04,1,460.00000000,2019-07,1,0
1463092,2019-11-19,1,539.80000000,2019-11,1,0
1463149,2021-01-04,1,1816.88000000,2021-01,0,0
1463375,2018-05-10,1,4374.00000000,2018-05,1,0
1463606,2016-07-30,3,6383.35000000,2016-07,1,0
1463715,2016-06-18,1,2848.00000000,2016-06,1,0
1464274,2017-02-22,4,6846.87000000,2017-02,1,0
1464440,2018-10-02,2,3277.41000000,2018-10,1,0
1464857,2016-09-21,3,1997.89000000,2016-09,1,0
1464960,2017-02-13,1,3345.60000000,2017-02,1,0
1465108,2019-12-13,1,666.67000000,2019-12,1,0
1465279,2019-11-28,1,2770.99000000,2019-11,1,0
1465283,2019-02-21,3,6240.58000000,2019-02,1,0
146534,2018-02-14,1,616.00000000,2018-02,1,0
1465462,2018-06-29,7,12948.60000000,2018-06,1,0
1465552,2018-10-02,4,7128.72000000,2018-10,1,0
1465813,2020-01-18,1,4087.00000000,2020-01,1,0
1465827,2017-12-16,2,1181.28000000,2017-12,1,0
1465839,2017-05-26,5,12242.00000000,2017-05,1,0
1466089,2018-12-21,4,2427.73000000,2018-12,1,0
1466160,2018-01-31,1,120.00000000,2018-01,1,0
1466166,2016-06-10,3,6262.30000000,2016-06,1,0
1466422,2018-08-10,3,11441.81000000,2018-08,1,1
1466506,2020-10-31,1,8.88000000,2020-10,1,0
1466528,2019-07-04,2,6799.71000000,2019-07,1,0
1466537,2018-05-18,3,1667.69000000,2018-05,1,1
1466682,2019-09-12,1,202.75000000,2019-09,1,0
1466728,2018-02-21,2,907.98000000,2018-02,1,0
1467036,2019-02-21,3,3623.42000000,2019-02,1,0
1467046,2016-09-16,4,6088.76000000,2016-09,1,0
1467054,2018-06-16,2,127.92000000,2018-06,1,0
1467088,2019-06-01,1,299.00000000,2019-06,1,0
1467137,2017-11-16,2,2094.97000000,2017-11,1,0
1467183,2019-11-20,1,841.99000000,2019-11,1,0
1467292,2020-02-07,2,97.37000000,2020-02,1,0
1467706,2017-02-18,4,11186.07000000,2017-02,1,0
1468248,2018-09-29,4,10188.89000000,2018-09,1,1
1468252,2018-09-20,3,8141.70000000,2018-09,1,0
1469208,2019-12-18,1,430.00000000,2019-12,1,0
1469355,2018-08-21,3,7128.46000000,2018-08,1,0
1469379,2019-06-22,1,957.90000000,2019-06,1,0
1469753,2017-02-09,3,12737.41000000,2017-02,1,0
1470025,2018-02-17,5,5630.92000000,2018-02,1,0
1470076,2019-06-20,2,3739.79000000,2019-06,1,0
1470332,2018-11-15,3,3439.91000000,2018-11,1,0
1470398,2018-08-07,1,559.00000000,2018-08,1,0
1470640,2018-01-18,3,3142.13000000,2018-01,1,0
1470648,2016-12-28,2,687.60000000,2016-12,1,0
1470803,2016-01-13,1,10636.41000000,2016-01,1,0
1470908,2017-06-23,3,18243.37000000,2017-06,1,0
1471107,2018-03-17,4,18397.95000000,2018-03,1,0
1471304,2018-11-17,3,3192.55000000,2018-11,1,0
1471397,2016-01-27,6,17002.64000000,2016-01,1,0
1471544,2018-09-27,2,5953.42000000,2018-09,1,0
1472106,2016-06-25,2,584.99000000,2016-06,1,0
1472188,2017-12-22,1,564.54000000,2017-12,1,0
1472278,2017-12-16,2,5929.97000000,2017-12,1,0
147228,2019-01-08,4,1615.26000000,2019-01,1,0
1472319,2016-11-07,5,28674.32000000,2016-11,1,1
1472334,2019-02-26,1,699.00000000,2019-02,1,0
1472355,2017-12-06,2,4792.26000000,2017-12,1,0
1472632,2017-09-01,3,4175.94000000,2017-09,1,0
1472706,2018-06-19,3,6910.32000000,2018-06,1,1
1472731,2018-06-23,3,10208.92000000,2018-06,1,1
1472942,2019-12-25,2,1092.00000000,2019-12,1,0
1472967,2018-10-09,3,3561.98000000,2018-10,1,0
1473090,2016-01-05,4,7178.47000000,2016-01,1,0
147312,2017-01-10,3,2550.72000000,2017-01,1,0
147341,2020-05-30,1,9308.92000000,2020-05,1,0
1473522,2019-07-03,4,21250.28000000,2019-07,1,1
1473690,2016-08-13,2,3526.96000000,2016-08,1,0
147413,2016-12-19,2,4990.98000000,2016-12,1,0
1474188,2017-09-23,2,6251.45000000,2017-09,1,0
1474189,2017-02-02,2,648.95000000,2017-02,1,0
1474251,2019-11-03,2,7915.46000000,2019-11,1,0
1474264,2019-02-18,3,11316.86000000,2019-02,1,0
1474363,2018-12-01,3,3102.26000000,2018-12,1,0
1474420,2017-01-07,5,5460.64000000,2017-01,1,0
1474834,2016-02-16,3,3305.72000000,2016-02,1,0
1475255,2016-09-07,2,287.94000000,2016-09,1,0
1475591,2019-06-18,1,1004.00000000,2019-06,1,0
1475761,2018-01-04,3,10081.17000000,2018-01,1,0
1475886,2016-01-05,1,1930.76000000,2016-01,1,0
1475900,2018-12-12,1,7484.19000000,2018-12,1,0
1476356,2018-08-15,3,831.44000000,2018-08,1,0
1476450,2016-02-03,1,189.98000000,2016-02,1,0
1476600,2018-03-07,2,3120.06000000,2018-03,1,0
1476648,2019-04-27,2,5018.64000000,2019-04,1,0
1476747,2017-02-22,2,1531.34000000,2017-02,1,0
1476834,2017-09-19,3,4564.97000000,2017-09,1,0
1476967,2017-09-19,2,1604.25000000,2017-09,1,0
1477324,2018-05-22,5,6035.97000000,2018-05,1,0
1477343,2017-02-14,4,16071.48000000,2017-02,1,0
1477627,2016-10-05,4,6101.64000000,2016-10,1,0
1477712,2017-11-30,3,1859.03000000,2017-11,1,0
1477953,2017-09-09,4,5482.70000000,2017-09,1,0
1478150,2016-10-27,1,55.92000000,2016-10,1,0
1478441,2017-07-27,1,257.50000000,2017-07,1,0
1478481,2018-01-19,2,31543.43000000,2018-01,1,0
1478631,2016-03-05,1,904.95000000,2016-03,1,0
1478691,2020-02-22,1,824.93000000,2020-02,1,0
1479015,2017-03-11,1,3140.97000000,2017-03,1,0
1479035,2016-11-01,1,132.99000000,2016-11,1,0
1479117,2017-12-28,4,8166.81000000,2017-12,1,0
1479170,2019-01-17,3,138.08000000,2019-01,1,0
1479334,2016-08-28,3,15503.81000000,2016-08,1,0
1480115,2019-06-27,2,3203.67000000,2019-06,1,1
1480191,2017-01-10,2,1994.91000000,2017-01,1,0
1480257,2018-09-14,2,4882.55000000,2018-09,1,0
1480276,2018-12-31,2,4961.49000000,2018-12,1,0
1480378,2016-05-06,4,7263.46000000,2016-05,1,0
1480712,2016-12-27,3,11235.37000000,2016-12,1,0
1480876,2018-12-27,2,1514.84000000,2018-12,1,0
1480890,2017-09-11,1,608.98000000,2017-09,1,0
1480971,2017-04-27,7,15604.29000000,2017-04,1,0
1481042,2018-07-20,5,7850.98000000,2018-07,1,1
1481067,2019-01-05,3,3094.97000000,2019-01,1,0
1481150,2018-09-22,2,868.96000000,2018-09,1,0
1481250,2017-12-16,3,4076.95000000,2017-12,1,0
1481578,2019-09-21,3,619.33000000,2019-09,1,1
1482039,2016-03-04,7,9293.31000000,2016-03,1,0
1482078,2018-02-13,2,1207.35000000,2018-02,1,0
1482176,2019-12-17,2,1873.00000000,2019-12,1,1
1482325,2017-12-12,4,2215.27000000,2017-12,1,0
1482467,2018-05-05,3,3371.02000000,2018-05,1,0
1482513,2016-02-16,5,12525.32000000,2016-02,1,0
1482535,2019-03-13,3,1534.63000000,2019-03,1,0
1482570,2019-10-10,1,3123.98000000,2019-10,1,0
1482586,2016-01-02,1,307.45000000,2016-01,1,0
1482831,2016-05-07,2,1420.98000000,2016-05,1,0
1483091,2019-05-01,1,3051.99000000,2019-05,1,0
1483256,2017-05-12,7,22975.09000000,2017-05,1,0
1483469,2019-02-12,2,2558.61000000,2019-02,1,0
148348,2018-09-20,1,6828.24000000,2018-09,1,0
1483567,2016-06-16,1,1150.90000000,2016-06,1,0
1483593,2017-11-15,2,2386.90000000,2017-11,1,0
1483653,2018-07-07,2,2891.94000000,2018-07,1,0
1483885,2017-05-27,1,1405.95000000,2017-05,1,0
1484053,2017-07-01,3,8742.95000000,2017-07,1,0
1484131,2018-09-20,3,2373.43000000,2018-09,1,0
1484183,2017-08-11,6,25791.42000000,2017-08,1,1
1484343,2019-10-17,4,13575.13000000,2019-10,1,0
1484427,2017-12-28,1,1069.46000000,2017-12,1,0
1484484,2019-01-02,4,6458.72000000,2019-01,1,0
1484561,2018-10-08,4,12196.29000000,2018-10,1,0
1484738,2018-09-16,2,6841.65000000,2018-09,1,0
1484743,2018-06-21,1,2630.32000000,2018-06,1,0
1484805,2017-12-12,4,9691.99000000,2017-12,1,1
1484963,2017-02-02,6,13136.58000000,2017-02,1,0
1484964,2021-02-13,1,2691.95000000,2021-02,0,0
1485014,2019-10-25,1,6.88000000,2019-10,1,0
1485404,2018-08-25,1,1811.56000000,2018-08,1,0
1485415,2018-07-11,4,2410.79000000,2018-07,1,0
1485548,2020-01-05,3,4182.85000000,2020-01,1,1
1486024,2019-07-20,2,234.60000000,2019-07,1,0
1486029,2019-06-16,6,3355.88000000,2019-06,1,1
1486156,2017-10-04,3,1968.81000000,2017-10,1,0
1486370,2018-03-03,1,1855.00000000,2018-03,1,0
1486608,2018-09-19,1,1878.50000000,2018-09,1,0
1486720,2017-08-31,1,9195.19000000,2017-08,1,0
1486762,2019-02-15,1,15387.76000000,2019-02,1,0
1486787,2019-08-16,2,2536.95000000,2019-08,1,0
1486871,2020-12-23,2,1340.99000000,2020-12,0,0
1486879,2021-02-12,1,1247.99000000,2021-02,0,0
1486980,2017-06-29,4,12018.77000000,2017-06,1,0
1487034,2016-10-01,1,7052.95000000,2016-10,1,0
148716,2017-03-09,3,3923.93000000,2017-03,1,0
1487198,2016-08-11,1,68.67000000,2016-08,1,0
1487390,2017-10-01,3,3967.67000000,2017-10,1,0
1487544,2020-01-21,1,4416.98000000,2020-01,1,0
1487580,2016-12-07,1,6493.99000000,2016-12,1,0
1487693,2019-06-08,2,1110.94000000,2019-06,1,0
1487794,2016-09-28,2,1202.18000000,2016-09,1,0
1488083,2016-04-30,2,5597.78000000,2016-04,1,0
1488175,2018-09-29,2,554.51000000,2018-09,1,0
1488346,2019-12-21,1,3649.00000000,2019-12,1,0
1488538,2018-08-07,2,1499.17000000,2018-08,1,0
1488708,2019-12-28,1,2475.95000000,2019-12,1,0
1488734,2018-12-11,1,850.48000000,2018-12,1,0
1489054,2016-10-22,8,11783.25000000,2016-10,1,0
1489075,2019-02-27,3,3296.50000000,2019-02,1,0
1489101,2017-01-21,1,257.50000000,2017-01,1,0
1489110,2016-11-29,3,4150.62000000,2016-11,1,0
1489156,2018-02-22,3,468.94000000,2018-02,1,0
1489269,2017-12-18,4,12822.77000000,2017-12,1,0
1489610,2018-09-17,2,15778.96000000,2018-09,1,0
1489650,2020-08-27,1,5231.17000000,2020-08,1,0
1490044,2018-06-29,1,561.93000000,2018-06,1,0
1490226,2018-08-24,5,9770.69000000,2018-08,1,0
1490323,2018-12-20,3,7092.39000000,2018-12,1,0
1490471,2016-03-02,5,8003.40000000,2016-03,1,0
14906,2017-09-07,1,770.42000000,2017-09,1,0
1490800,2018-09-26,1,462.00000000,2018-09,1,0
1490808,2018-08-15,4,4814.05000000,2018-08,1,1
1491175,2019-08-21,2,7432.96000000,2019-08,1,0
149123,2020-03-11,1,41.34000000,2020-03,1,0
1491533,2017-02-23,2,138.45000000,2017-02,1,0
1491550,2017-05-03,2,1591.98000000,2017-05,1,0
1491708,2018-09-06,2,1046.99000000,2018-09,1,0
1491746,2018-11-17,2,3879.49000000,2018-11,1,0
1491814,2017-05-09,3,7529.00000000,2017-05,1,0
1491817,2017-02-02,3,4952.78000000,2017-02,1,0
1492176,2016-03-09,10,29985.50000000,2016-03,1,0
1492661,2016-06-13,4,13894.00000000,2016-06,1,0
1493184,2018-09-08,1,2040.00000000,2018-09,1,0
1493457,2017-07-15,7,26102.13000000,2017-07,1,0
149353,2017-02-17,1,4379.80000000,2017-02,1,0
1493539,2017-01-20,5,4508.61000000,2017-01,1,0
1493694,2019-08-21,1,1499.00000000,2019-08,1,0
1493760,2016-05-26,1,29002.99000000,2016-05,1,0
1493826,2018-07-07,1,2066.00000000,2018-07,1,0
1493947,2017-03-01,3,1090.88000000,2017-03,1,0
1494306,2016-05-16,5,8706.57000000,2016-05,1,0
149478,2019-08-15,1,1417.95000000,2019-08,1,0
1494972,2020-02-08,1,2500.79000000,2020-02,1,0
1495200,2018-10-27,4,7482.06000000,2018-10,1,0
1495557,2017-06-03,3,7444.61000000,2017-06,1,0
1495668,2016-10-12,1,1198.00000000,2016-10,1,0
1495710,2018-05-11,2,5831.00000000,2018-05,1,0
1495716,2019-01-01,3,3452.72000000,2019-01,1,0
1495792,2020-05-29,2,1759.28000000,2020-05,1,0
1496038,2019-12-19,1,120.57000000,2019-12,1,0
14962,2017-12-09,2,15810.83000000,2017-12,1,0
1496211,2017-11-16,3,8390.91000000,2017-11,1,0
1496288,2020-01-20,1,50.00000000,2020-01,1,0
1496323,2018-08-17,1,6783.00000000,2018-08,1,0
1496360,2019-10-13,1,32.00000000,2019-10,1,0
1496507,2018-11-10,1,53.97000000,2018-11,1,0
1496883,2019-01-04,1,156.00000000,2019-01,1,0
1497151,2019-01-18,2,4527.84000000,2019-01,1,1
149733,2018-06-07,2,3245.96000000,2018-06,1,0
1497629,2018-12-27,1,629.88000000,2018-12,1,0
1497719,2016-10-27,4,4077.02000000,2016-10,1,0
1497730,2019-12-25,1,327.99000000,2019-12,1,0
1497768,2016-11-16,2,1189.99000000,2016-11,1,0
1498031,2017-02-15,3,498.25000000,2017-02,1,0
1498135,2019-03-12,1,199.99000000,2019-03,1,0
1498218,2018-06-20,4,2618.36000000,2018-06,1,1
1498538,2017-06-06,5,13239.08000000,2017-06,1,0
14988,2019-03-01,1,6001.97000000,2019-03,1,0
1498800,2017-12-28,3,12164.78000000,2017-12,1,0
1499317,2018-10-09,2,8295.92000000,2018-10,1,1
1499462,2017-09-21,3,4202.62000000,2017-09,1,0
149955,2018-09-12,2,29936.00000000,2018-09,1,0
1499604,2019-01-01,1,25447.00000000,2019-01,1,0
1499630,2018-11-24,1,1617.68000000,2018-11,1,0
1499679,2016-08-30,4,6157.15000000,2016-08,1,0
1499911,2019-05-22,1,2650.13000000,2019-05,1,0
1500150,2019-05-29,1,960.99000000,2019-05,1,0
1500269,2017-12-06,1,2158.99000000,2017-12,1,0
1500391,2016-03-01,3,3848.90000000,2016-03,1,0
1501073,2019-09-09,1,2779.85000000,2019-09,1,0
1501127,2017-02-15,3,1304.81000000,2017-02,1,0
1501383,2016-01-06,2,9374.99000000,2016-01,1,0
1501439,2016-07-19,4,13559.38000000,2016-07,1,0
1501443,2019-01-31,2,4813.95000000,2019-01,1,0
1501608,2018-01-13,2,4239.44000000,2018-01,1,0
1501626,2017-08-29,2,8083.57000000,2017-08,1,0
1501704,2018-01-01,1,3879.95000000,2018-01,1,0
1501746,2018-12-01,4,10994.34000000,2018-12,1,1
1501857,2019-11-05,1,118.23000000,2019-11,1,0
1502034,2020-01-13,2,5360.89000000,2020-01,1,1
1502234,2017-05-11,5,3724.32000000,2017-05,1,1
1502480,2018-06-13,2,11392.81000000,2018-06,1,0
1502555,2017-11-21,2,495.88000000,2017-11,1,0
1502567,2017-12-28,3,15954.63000000,2017-12,1,0
1502818,2018-07-02,4,14426.44000000,2018-07,1,0
1502837,2018-01-04,3,4047.17000000,2018-01,1,0
1503301,2017-01-25,5,13644.53000000,2017-01,1,0
1503418,2019-02-01,3,8154.44000000,2019-02,1,0
1503489,2018-07-28,1,3032.00000000,2018-07,1,0
1503640,2017-12-26,3,3444.06000000,2017-12,1,0
1503831,2018-07-18,3,37319.88000000,2018-07,1,0
1503933,2018-10-05,4,7116.70000000,2018-10,1,0
1504078,2016-12-09,3,2674.75000000,2016-12,1,0
1504102,2018-12-29,1,684.00000000,2018-12,1,0
1504353,2017-04-29,2,2512.73000000,2017-04,1,0
1504430,2018-12-28,1,219.95000000,2018-12,1,0
1504616,2017-03-13,3,9587.51000000,2017-03,1,0
1504968,2018-07-28,3,6259.02000000,2018-07,1,0
1505426,2018-11-03,2,236.98000000,2018-11,1,0
1505443,2018-11-01,3,7037.98000000,2018-11,1,0
1505785,2020-02-26,1,3.35000000,2020-02,1,0
1506082,2019-02-26,1,188.64000000,2019-02,1,0
1506352,2016-10-05,1,1349.50000000,2016-10,1,0
1506430,2017-05-31,1,2377.45000000,2017-05,1,0
1506493,2020-03-05,1,758.00000000,2020-03,1,0
1506511,2017-10-06,2,2733.82000000,2017-10,1,0
1506603,2019-03-07,2,8349.85000000,2019-03,1,0
1506640,2019-08-08,2,1839.35000000,2019-08,1,0
1507007,2017-10-02,2,2270.07000000,2017-10,1,1
1507090,2017-05-11,2,2223.50000000,2017-05,1,0
1507348,2019-01-10,1,1971.00000000,2019-01,1,0
1507400,2016-12-14,2,4484.92000000,2016-12,1,0
1507519,2017-07-11,1,9161.95000000,2017-07,1,0
150762,2017-02-08,1,1555.96000000,2017-02,1,0
150770,2020-01-15,1,639.96000000,2020-01,1,0
1507750,2016-10-03,2,4332.65000000,2016-10,1,0
1507791,2016-12-31,1,737.99000000,2016-12,1,0
1507926,2016-05-18,3,4937.46000000,2016-05,1,1
1508230,2016-11-24,1,759.92000000,2016-11,1,0
1508295,2017-10-28,1,2494.95000000,2017-10,1,0
1508721,2020-02-01,1,828.56000000,2020-02,1,0
1509196,2019-07-09,1,2238.89000000,2019-07,1,0
1509250,2016-07-29,1,202.29000000,2016-07,1,0
1509335,2018-01-25,4,6430.02000000,2018-01,1,0
1509730,2016-05-31,4,8728.94000000,2016-05,1,1
1509931,2016-12-16,2,399.88000000,2016-12,1,0
1509978,2018-01-27,5,24007.11000000,2018-01,1,0
1510026,2017-01-27,2,15792.82000000,2017-01,1,0
1510144,2016-09-21,2,1355.39000000,2016-09,1,0
1510251,2016-07-07,5,14455.40000000,2016-07,1,0
151044,2019-01-03,1,16.99000000,2019-01,1,0
1510449,2018-07-03,1,4425.00000000,2018-07,1,0
1510628,2017-06-16,3,2966.86000000,2017-06,1,0
151076,2017-06-03,1,2480.27000000,2017-06,1,0
1510796,2020-06-06,1,64.90000000,2020-06,1,0
1511165,2018-05-05,2,2924.97000000,2018-05,1,0
1511333,2020-01-04,2,1881.92000000,2020-01,1,1
1511494,2016-05-21,5,10443.95000000,2016-05,1,1
1512083,2018-10-12,2,554.51000000,2018-10,1,0
1512274,2019-02-27,3,10154.57000000,2019-02,1,0
1512289,2017-05-04,4,7791.78000000,2017-05,1,0
1512558,2016-01-02,3,4223.77000000,2016-01,1,0
1512747,2018-10-20,2,2044.20000000,2018-10,1,1
1513100,2018-05-04,2,2710.88000000,2018-05,1,0
1513119,2016-12-28,2,1703.93000000,2016-12,1,0
151318,2018-01-25,2,5634.00000000,2018-01,1,0
151326,2021-02-20,1,1946.96000000,2021-02,0,0
1513290,2019-12-07,1,897.97000000,2019-12,1,0
1513428,2017-12-27,5,6057.02000000,2017-12,1,0
1513448,2018-09-15,3,5375.25000000,2018-09,1,0
1513582,2019-09-03,1,1659.80000000,2019-09,1,0
1513646,2017-09-28,2,676.76000000,2017-09,1,0
1513670,2020-06-25,1,1275.96000000,2020-06,1,0
1513795,2019-11-16,3,2787.92000000,2019-11,1,1
1513894,2018-08-04,1,2780.34000000,2018-08,1,0
1513963,2016-03-04,2,1326.49000000,2016-03,1,0
1514006,2017-07-08,1,4335.91000000,2017-07,1,0
151401,2020-09-24,1,3198.00000000,2020-09,1,0
1514093,2019-02-16,4,4891.91000000,2019-02,1,0
1514233,2018-10-18,2,7001.18000000,2018-10,1,1
1514479,2019-01-04,2,3956.61000000,2019-01,1,1
1514787,2018-12-27,3,9601.85000000,2018-12,1,1
1514884,2020-01-18,1,599.96000000,2020-01,1,0
1514909,2016-10-19,1,529.00000000,2016-10,1,0
151499,2018-09-18,2,9993.06000000,2018-09,1,0
1515177,2018-11-10,3,5096.42000000,2018-11,1,0
1515615,2019-09-10,2,7853.55000000,2019-09,1,0
1515621,2018-05-30,3,4032.17000000,2018-05,1,0
1515698,2018-01-13,1,537.00000000,2018-01,1,0
151589,2018-11-02,1,215.00000000,2018-11,1,0
1516060,2019-06-01,2,405.10000000,2019-06,1,0
1516123,2018-01-01,2,1575.96000000,2018-01,1,0
151628,2018-10-17,3,6339.90000000,2018-10,1,0
1516541,2019-05-18,3,6046.59000000,2019-05,1,0
1516646,2017-07-21,2,8381.74000000,2017-07,1,0
1516885,2020-01-17,2,5211.69000000,2020-01,1,1
1517046,2019-11-23,3,2888.99000000,2019-11,1,0
1517088,2018-10-10,2,4930.16000000,2018-10,1,0
1517199,2017-05-29,2,10909.58000000,2017-05,1,0
1517394,2018-01-12,2,640.05000000,2018-01,1,0
1517504,2016-05-17,2,14831.28000000,2016-05,1,0
1517554,2019-08-30,2,2543.34000000,2019-08,1,0
1517642,2018-05-19,2,899.00000000,2018-05,1,0
1517700,2019-07-17,1,6301.42000000,2019-07,1,0
1517783,2016-08-10,2,1319.65000000,2016-08,1,0
1517872,2018-11-02,1,2748.64000000,2018-11,1,0
1518136,2019-10-14,2,3498.23000000,2019-10,1,0
1518244,2019-03-04,2,780.70000000,2019-03,1,0
1518437,2018-05-23,1,1490.97000000,2018-05,1,0
151851,2018-10-09,1,480.00000000,2018-10,1,0
1518651,2019-03-02,3,9504.64000000,2019-03,1,0
1519041,2019-02-19,1,550.00000000,2019-02,1,0
1519236,2018-11-01,2,9293.13000000,2018-11,1,0
1519309,2017-07-29,2,414.96000000,2017-07,1,0
1519413,2016-10-21,5,2387.91000000,2016-10,1,0
1519854,2019-01-09,4,4141.57000000,2019-01,1,1
151986,2019-11-16,1,1967.97000000,2019-11,1,0
152009,2019-10-30,1,783.15000000,2019-10,1,0
1520094,2018-02-05,4,6864.92000000,2018-02,1,0
1520217,2019-08-13,1,27.78000000,2019-08,1,0
1520295,2017-12-30,2,2509.99000000,2017-12,1,0
1520875,2017-11-11,5,5458.65000000,2017-11,1,1
1520979,2017-11-01,3,2523.91000000,2017-11,1,0
1521107,2018-12-25,4,8485.33000000,2018-12,1,0
1521358,2020-03-17,1,1558.94000000,2020-03,1,0
1521733,2016-12-27,9,17474.39000000,2016-12,1,0
1521744,2017-12-26,1,897.00000000,2017-12,1,0
1522232,2019-05-01,1,259.80000000,2019-05,1,0
1522440,2016-11-30,4,7969.59000000,2016-11,1,0
1522447,2018-12-27,2,4142.39000000,2018-12,1,0
1522483,2017-10-18,1,2022.94000000,2017-10,1,0
1522590,2016-01-05,4,6466.69000000,2016-01,1,0
1522682,2019-07-02,1,1472.00000000,2019-07,1,0
152270,2019-05-22,1,4546.60000000,2019-05,1,0
1522843,2018-03-16,3,5345.86000000,2018-03,1,0
1522988,2017-09-09,1,215.00000000,2017-09,1,0
1523267,2017-11-07,1,3895.95000000,2017-11,1,0
1523366,2019-05-18,3,5809.95000000,2019-05,1,0
152342,2018-06-29,1,6563.50000000,2018-06,1,0
1523497,2018-09-22,2,55.66000000,2018-09,1,0
1523902,2020-01-08,1,2177.00000000,2020-01,1,0
1523947,2017-11-16,2,829.89000000,2017-11,1,0
1523982,2017-05-20,9,29008.84000000,2017-05,1,1
1524144,2018-05-05,4,7071.84000000,2018-05,1,0
152438,2018-12-11,4,3156.18000000,2018-12,1,0
1524428,2018-02-22,3,7228.42000000,2018-02,1,0
1524438,2020-02-22,1,415.74000000,2020-02,1,0
152445,2019-01-03,1,928.00000000,2019-01,1,0
1524450,2019-12-30,1,12.66000000,2019-12,1,0
1524551,2017-05-03,5,10176.24000000,2017-05,1,0
1524676,2016-05-07,2,684.91000000,2016-05,1,0
1524756,2016-05-25,4,2159.83000000,2016-05,1,0
1524810,2019-09-30,1,1939.00000000,2019-09,1,0
1524904,2017-08-31,4,10434.84000000,2017-08,1,0
1525000,2016-01-21,3,7571.94000000,2016-01,1,0
1525002,2018-01-04,3,3024.26000000,2018-01,1,0
1525015,2016-09-18,1,5276.00000000,2016-09,1,0
1525125,2016-06-11,2,1959.49000000,2016-06,1,0
1525193,2016-05-26,6,32925.03000000,2016-05,1,0
1525634,2020-01-22,2,3756.03000000,2020-01,1,1
1525920,2019-03-14,1,2266.00000000,2019-03,1,0
1525943,2017-03-09,1,1991.49000000,2017-03,1,0
1525958,2018-06-06,3,6865.40000000,2018-06,1,0
1526098,2018-02-26,4,5137.70000000,2018-02,1,0
1526191,2018-12-06,4,1815.19000000,2018-12,1,1
1526388,2018-10-31,5,10774.77000000,2018-10,1,0
1526612,2017-11-09,5,3255.07000000,2017-11,1,0
1526675,2019-07-17,2,5060.64000000,2019-07,1,0
1526835,2018-02-10,2,771.16000000,2018-02,1,0
1526993,2018-07-27,2,1066.65000000,2018-07,1,0
1527115,2018-12-24,1,11.90000000,2018-12,1,0
1527126,2018-06-18,4,7263.56000000,2018-06,1,0
1527475,2019-01-10,1,33.00000000,2019-01,1,0
1527714,2019-02-14,2,4228.50000000,2019-02,1,1
1527949,2018-11-13,1,1359.70000000,2018-11,1,0
1527995,2019-08-17,1,7646.84000000,2019-08,1,0
1528045,2020-02-17,1,724.00000000,2020-02,1,0
1528114,2019-11-03,1,658.90000000,2019-11,1,0
1528345,2019-04-29,1,1504.99000000,2019-04,1,0
1528423,2019-01-17,1,3792.70000000,2019-01,1,0
1528439,2016-06-07,4,2784.87000000,2016-06,1,0
1528611,2018-07-30,3,13351.59000000,2018-07,1,0
1529022,2019-05-03,1,8850.00000000,2019-05,1,0
152908,2017-07-22,1,945.00000000,2017-07,1,0
1529235,2018-10-11,2,5421.50000000,2018-10,1,0
1529263,2020-01-01,1,6688.90000000,2020-01,1,0
1529720,2020-05-02,1,5296.30000000,2020-05,1,0
1529852,2016-12-19,5,5618.31000000,2016-12,1,0
1529853,2018-01-13,2,3241.47000000,2018-01,1,0
1529909,2019-11-08,1,3432.98000000,2019-11,1,0
1529931,2016-10-08,2,5543.57000000,2016-10,1,0
1530535,2017-11-15,4,4919.38000000,2017-11,1,1
1530554,2018-02-08,2,915.34000000,2018-02,1,0
1530756,2016-01-15,2,5748.80000000,2016-01,1,0
1530958,2018-06-26,2,14648.33000000,2018-06,1,0
1530975,2017-11-30,3,7490.50000000,2017-11,1,0
1531024,2016-05-28,5,13218.79000000,2016-05,1,0
1531046,2019-01-01,1,1101.60000000,2019-01,1,0
1531146,2017-07-22,2,958.00000000,2017-07,1,0
1531376,2017-10-28,2,1218.96000000,2017-10,1,0
1531435,2020-01-01,2,23083.91000000,2020-01,1,1
1531565,2017-06-30,4,13688.40000000,2017-06,1,0
1531685,2019-03-05,2,5331.64000000,2019-03,1,0
1531794,2017-12-21,2,1246.24000000,2017-12,1,0
1531796,2016-12-22,4,5891.21000000,2016-12,1,0
1531809,2020-12-23,1,2062.35000000,2020-12,0,0
1532128,2017-01-14,3,4056.38000000,2017-01,1,0
1532248,2018-01-23,3,1283.87000000,2018-01,1,0
1532276,2017-09-23,3,10425.01000000,2017-09,1,0
1532333,2018-10-19,1,1886.97000000,2018-10,1,0
1532522,2018-10-17,6,11063.01000000,2018-10,1,1
1532790,2017-10-13,1,2117.46000000,2017-10,1,0
1533025,2016-12-23,2,2142.00000000,2016-12,1,0
1533095,2017-09-30,1,12.66000000,2017-09,1,0
1533246,2017-03-09,1,119.99000000,2017-03,1,0
1533381,2016-05-24,2,6997.90000000,2016-05,1,0
1533401,2018-09-28,2,6026.58000000,2018-09,1,0
1533574,2016-11-26,1,1228.69000000,2016-11,1,0
1533894,2016-02-10,7,8132.20000000,2016-02,1,0
1533906,2018-11-02,3,6286.53000000,2018-11,1,1
1534133,2019-06-27,3,1310.51000000,2019-06,1,0
1534242,2018-03-03,4,2475.81000000,2018-03,1,0
1534539,2017-12-28,2,234.82000000,2017-12,1,0
1534621,2019-01-02,1,2382.77000000,2019-01,1,0
1534676,2019-08-09,1,5359.95000000,2019-08,1,0
1534703,2018-12-27,4,7253.57000000,2018-12,1,0
1534799,2018-09-05,2,1812.97000000,2018-09,1,1
1534954,2017-10-09,2,2308.00000000,2017-10,1,0
1534968,2019-02-26,1,8372.93000000,2019-02,1,0
1535089,2016-10-19,4,5236.18000000,2016-10,1,1
1535104,2019-05-23,1,3557.81000000,2019-05,1,0
1535347,2019-01-01,3,9172.10000000,2019-01,1,0
1535357,2016-01-09,5,16489.85000000,2016-01,1,0
1535406,2018-07-16,2,4603.00000000,2018-07,1,1
1535424,2019-02-14,3,2874.29000000,2019-02,1,0
1535433,2017-01-18,2,1622.98000000,2017-01,1,0
1535508,2017-04-28,3,6991.59000000,2017-04,1,0
1535646,2017-06-30,1,1187.00000000,2017-06,1,0
1535726,2018-06-27,3,4220.06000000,2018-06,1,1
1535814,2017-01-05,2,1484.28000000,2017-01,1,0
1536206,2018-12-21,3,7469.90000000,2018-12,1,1
1536254,2020-02-07,1,680.96000000,2020-02,1,0
1536373,2017-09-09,3,2325.84000000,2017-09,1,0
1536505,2017-10-19,3,20272.51000000,2017-10,1,0
1536966,2018-06-16,4,7206.56000000,2018-06,1,0
1537074,2016-06-11,3,6210.41000000,2016-06,1,0
1537138,2017-01-04,1,3505.07000000,2017-01,1,0
1537178,2019-06-29,2,1027.66000000,2019-06,1,0
1537343,2018-11-09,3,2968.29000000,2018-11,1,0
1537435,2016-07-19,5,3569.84000000,2016-07,1,0
1537459,2019-06-25,1,389.97000000,2019-06,1,0
1537507,2017-11-24,4,9779.93000000,2017-11,1,0
1537589,2017-12-23,3,1480.39000000,2017-12,1,0
1537923,2019-12-27,1,291.90000000,2019-12,1,0
1538150,2017-02-14,3,15711.89000000,2017-02,1,0
1538224,2018-12-27,2,8979.51000000,2018-12,1,0
1538337,2019-02-14,2,182.15000000,2019-02,1,0
1538436,2019-07-24,2,1274.97000000,2019-07,1,0
1538632,2018-11-16,1,749.97000000,2018-11,1,0
1538662,2017-09-21,2,4353.73000000,2017-09,1,0
1538667,2020-02-26,2,4692.93000000,2020-02,1,0
1538685,2016-09-24,1,488.98000000,2016-09,1,0
1538701,2016-06-18,2,1793.78000000,2016-06,1,0
1538797,2016-11-12,2,1173.99000000,2016-11,1,0
1538902,2018-12-18,2,2311.78000000,2018-12,1,0
1538967,2017-11-08,4,4640.38000000,2017-11,1,0
1538998,2019-01-04,3,12257.03000000,2019-01,1,0
1539041,2017-11-27,4,5738.84000000,2017-11,1,0
15391,2018-01-05,1,497.97000000,2018-01,1,0
1539245,2018-10-03,2,2216.60000000,2018-10,1,0
1539247,2019-07-11,2,2035.70000000,2019-07,1,0
1539384,2017-12-30,1,310.43000000,2017-12,1,0
1539414,2018-03-03,3,2389.94000000,2018-03,1,0
1539544,2017-05-20,2,5885.39000000,2017-05,1,0
1539575,2016-04-30,5,28281.49000000,2016-04,1,0
1539806,2019-06-26,4,18757.00000000,2019-06,1,0
1539986,2019-02-25,1,394.00000000,2019-02,1,0
1540067,2017-05-17,4,8602.50000000,2017-05,1,0
1540227,2018-10-06,4,7768.38000000,2018-10,1,0
1540284,2021-01-06,1,2885.98000000,2021-01,0,0
1540376,2019-01-12,1,129.00000000,2019-01,1,0
154042,2019-12-14,2,8475.65000000,2019-12,1,0
1540569,2019-02-13,1,930.94000000,2019-02,1,0
1540634,2017-06-14,2,3911.80000000,2017-06,1,0
1540821,2018-05-10,2,4476.77000000,2018-05,1,0
1540849,2017-08-24,2,1792.57000000,2017-08,1,0
1541000,2016-07-06,6,10221.18000000,2016-07,1,0
1541239,2017-09-28,2,1002.97000000,2017-09,1,0
1541249,2016-09-20,2,326.55000000,2016-09,1,0
1541279,2019-06-22,3,1431.98000000,2019-06,1,1
1541470,2020-09-07,1,5242.93000000,2020-09,1,0
1541474,2016-09-17,1,116.10000000,2016-09,1,0
1541524,2016-08-08,3,32984.91000000,2016-08,1,0
154163,2019-02-18,1,358.00000000,2019-02,1,0
1541789,2016-08-27,5,13678.62000000,2016-08,1,0
1542311,2016-06-07,1,1834.00000000,2016-06,1,0
1542332,2017-01-04,3,6580.08000000,2017-01,1,0
1542481,2018-02-09,2,5437.01000000,2018-02,1,0
1542495,2016-07-07,3,12830.68000000,2016-07,1,0
1542638,2017-09-26,2,1814.57000000,2017-09,1,0
1542784,2018-09-27,4,9020.74000000,2018-09,1,0
1543271,2019-09-04,1,3280.49000000,2019-09,1,0
1543325,2018-02-17,8,26283.34000000,2018-02,1,1
1543466,2017-02-16,4,20541.15000000,2017-02,1,0
1543863,2019-02-19,2,164.90000000,2019-02,1,0
1544231,2018-12-06,1,335.38000000,2018-12,1,0
1544244,2018-02-23,1,2519.77000000,2018-02,1,0
1544289,2018-02-14,2,3886.90000000,2018-02,1,0
1544330,2018-12-03,1,9216.79000000,2018-12,1,0
1544497,2016-03-09,1,2477.56000000,2016-03,1,0
1544568,2017-05-27,3,8134.48000000,2017-05,1,0
1544577,2017-02-23,4,4736.75000000,2017-02,1,0
1544679,2020-03-12,1,128.00000000,2020-03,1,0
1544722,2019-07-15,2,1375.00000000,2019-07,1,0
1544819,2018-07-19,4,4310.45000000,2018-07,1,0
1545230,2016-12-10,2,2034.95000000,2016-12,1,0
1545880,2019-11-30,1,1239.94000000,2019-11,1,0
1545927,2019-01-17,2,5126.85000000,2019-01,1,1
154611,2018-12-14,1,513.93000000,2018-12,1,0
1546247,2019-07-29,1,2305.00000000,2019-07,1,0
1546540,2016-05-04,3,14342.00000000,2016-05,1,0
1546647,2016-05-27,4,3048.87000000,2016-05,1,0
1546746,2019-02-20,2,1950.96000000,2019-02,1,1
1546902,2019-12-30,1,1050.00000000,2019-12,1,0
1546927,2018-05-26,1,72.85000000,2018-05,1,0
1547483,2019-02-21,1,1825.38000000,2019-02,1,0
1547527,2020-01-21,2,13451.11000000,2020-01,1,0
1547560,2019-10-26,1,667.60000000,2019-10,1,0
1547777,2018-02-24,2,7554.54000000,2018-02,1,0
1547810,2019-09-27,1,536.00000000,2019-09,1,0
1547892,2016-08-17,2,1427.90000000,2016-08,1,0
1548057,2018-05-05,2,3692.47000000,2018-05,1,0
1548257,2016-06-28,1,6136.67000000,2016-06,1,0
1548406,2016-02-09,2,867.95000000,2016-02,1,0
1548410,2016-02-20,2,11134.87000000,2016-02,1,0
1548524,2016-07-21,4,10542.57000000,2016-07,1,0
1548647,2019-09-07,1,341.97000000,2019-09,1,0
154891,2018-10-26,2,1902.98000000,2018-10,1,0
1548927,2018-05-10,4,4541.58000000,2018-05,1,0
1548942,2016-05-13,3,3698.54000000,2016-05,1,1
1549048,2016-11-25,3,4897.26000000,2016-11,1,0
1549412,2016-02-23,2,2910.91000000,2016-02,1,0
1549476,2019-10-19,1,2093.93000000,2019-10,1,0
1549671,2019-01-05,3,11944.80000000,2019-01,1,1
1549707,2019-08-17,2,3864.50000000,2019-08,1,0
154973,2018-02-20,1,349.00000000,2018-02,1,0
1549951,2018-12-22,1,2481.95000000,2018-12,1,0
1549964,2016-01-30,5,9277.38000000,2016-01,1,0
1550192,2018-08-25,2,12681.00000000,2018-08,1,0
1550479,2016-12-28,2,2058.86000000,2016-12,1,0
1550543,2017-02-03,3,16810.77000000,2017-02,1,0
1550559,2019-01-26,2,1973.30000000,2019-01,1,0
1551051,2017-01-30,3,4421.99000000,2017-01,1,0
1551066,2019-02-02,4,1447.83000000,2019-02,1,1
1551319,2016-02-12,3,7493.55000000,2016-02,1,0
1551427,2016-08-12,1,6599.94000000,2016-08,1,0
1551531,2019-12-29,1,791.00000000,2019-12,1,0
1551713,2019-02-16,1,3254.22000000,2019-02,1,0
1551714,2018-02-10,2,763.93000000,2018-02,1,0
1552401,2021-02-19,1,1085.86000000,2021-02,0,0
1552478,2019-09-19,2,2408.33000000,2019-09,1,1
1552696,2017-12-15,6,4242.36000000,2017-12,1,0
1552741,2018-12-14,2,2714.90000000,2018-12,1,0
1553271,2017-06-05,4,14128.03000000,2017-06,1,0
1553334,2018-05-24,5,4524.81000000,2018-05,1,0
1553366,2016-07-13,1,149.00000000,2016-07,1,0
1553446,2020-04-30,1,25.32000000,2020-04,1,0
155350,2018-12-29,2,3507.03000000,2018-12,1,0
1553574,2016-12-24,6,15093.38000000,2016-12,1,0
155388,2018-12-22,1,4733.80000000,2018-12,1,0
1553965,2018-06-30,4,2810.49000000,2018-06,1,1
1554137,2016-01-16,1,1273.96000000,2016-01,1,0
1554303,2018-12-29,2,3994.94000000,2018-12,1,0
1554591,2020-02-20,1,1012.61000000,2020-02,1,0
1554806,2019-10-21,2,2230.96000000,2019-10,1,0
1554835,2018-11-15,2,6109.92000000,2018-11,1,0
1555078,2016-12-21,2,1155.49000000,2016-12,1,0
1555615,2018-08-08,1,416.57000000,2018-08,1,0
155611,2021-01-09,1,4356.60000000,2021-01,0,0
1556134,2018-12-27,3,3123.95000000,2018-12,1,1
1556431,2019-09-11,2,3020.60000000,2019-09,1,1
155656,2020-08-20,1,398.00000000,2020-08,1,0
1556602,2016-01-14,6,26123.27000000,2016-01,1,0
1556707,2020-02-19,2,3476.88000000,2020-02,1,0
1556976,2019-09-28,2,141.93000000,2019-09,1,1
1557174,2017-02-02,2,1212.38000000,2017-02,1,0
1557251,2016-04-30,2,7452.93000000,2016-04,1,0
1557502,2020-05-02,1,2010.33000000,2020-05,1,0
1557593,2018-05-26,2,12601.22000000,2018-05,1,0
1557688,2016-09-24,3,8965.96000000,2016-09,1,0
1557761,2018-12-20,2,4875.99000000,2018-12,1,1
1557811,2018-05-07,5,21219.41000000,2018-05,1,0
155797,2017-01-12,1,3942.49000000,2017-01,1,0
1558454,2018-06-01,4,6412.53000000,2018-06,1,0
1558511,2020-12-30,1,1022.92000000,2020-12,0,0
1558551,2019-06-18,2,1155.50000000,2019-06,1,0
1558588,2016-02-25,5,3438.53000000,2016-02,1,0
1558640,2018-12-01,2,3780.91000000,2018-12,1,0
1558652,2019-01-28,2,4556.00000000,2019-01,1,0
1558964,2016-01-09,3,3729.45000000,2016-01,1,0
1559125,2018-12-03,2,729.97000000,2018-12,1,1
1559226,2017-09-15,1,934.50000000,2017-09,1,0
1559342,2017-02-07,3,3704.95000000,2017-02,1,0
1559404,2016-07-07,2,2006.32000000,2016-07,1,0
1559552,2016-01-23,4,3802.31000000,2016-01,1,0
1559597,2016-12-24,3,1891.24000000,2016-12,1,0
1559711,2016-05-28,5,3169.23000000,2016-05,1,0
1559760,2018-05-02,4,2479.29000000,2018-05,1,0
1559820,2017-10-10,4,11206.23000000,2017-10,1,0
156006,2018-11-30,1,282.12000000,2018-11,1,0
1560123,2016-03-09,3,7818.80000000,2016-03,1,0
1560282,2016-11-02,2,4275.96000000,2016-11,1,0
1560490,2016-12-24,6,7001.55000000,2016-12,1,0
1560587,2018-05-02,2,10178.92000000,2018-05,1,0
1560641,2017-01-09,1,476.00000000,2017-01,1,0
156070,2020-10-03,1,1239.78000000,2020-10,1,0
1560793,2018-11-02,4,8951.34000000,2018-11,1,0
1561059,2016-10-19,1,345.00000000,2016-10,1,0
1561454,2016-11-29,6,15947.26000000,2016-11,1,0
1561561,2017-06-08,4,10508.36000000,2017-06,1,0
1561764,2016-12-28,5,7851.26000000,2016-12,1,0
1561945,2017-11-28,2,1689.29000000,2017-11,1,0
1561955,2018-09-21,4,3889.76000000,2018-09,1,0
1562024,2016-10-18,3,4787.91000000,2016-10,1,0
1562099,2017-02-15,2,3381.71000000,2017-02,1,0
1562638,2016-08-20,2,1486.70000000,2016-08,1,0
1562703,2018-08-16,2,6830.47000000,2018-08,1,0
1562806,2018-01-03,4,9950.91000000,2018-01,1,0
156286,2017-12-14,2,3463.48000000,2017-12,1,0
1562994,2017-10-06,2,667.52000000,2017-10,1,0
1563045,2016-06-25,4,6805.76000000,2016-06,1,0
1563218,2018-11-09,2,18778.02000000,2018-11,1,0
1563279,2016-11-29,3,5777.40000000,2016-11,1,0
1563724,2017-10-31,7,11078.05000000,2017-10,1,0
1563746,2020-05-01,1,13.89000000,2020-05,1,0
156399,2018-09-07,1,519.97000000,2018-09,1,0
1564311,2018-12-26,4,1858.29000000,2018-12,1,0
1564394,2018-11-03,1,645.88000000,2018-11,1,0
1564526,2017-12-19,2,2397.85000000,2017-12,1,0
1564649,2019-01-31,2,2704.93000000,2019-01,1,0
1564727,2018-02-07,1,218.00000000,2018-02,1,0
1564733,2018-02-21,4,2817.20000000,2018-02,1,0
1564826,2019-11-01,2,5331.46000000,2019-11,1,1
1564987,2017-07-15,3,482.38000000,2017-07,1,0
1565782,2018-06-02,2,1332.00000000,2018-06,1,0
1565847,2016-02-05,5,9432.88000000,2016-02,1,0
1566037,2016-05-20,3,4297.90000000,2016-05,1,0
1566368,2016-06-08,4,14713.56000000,2016-06,1,0
1566584,2016-02-20,2,1467.00000000,2016-02,1,0
1566670,2018-05-22,1,115.00000000,2018-05,1,0
1566740,2021-01-02,1,1536.00000000,2021-01,0,0
1566742,2016-08-04,3,6245.56000000,2016-08,1,1
1567069,2020-01-22,1,534.00000000,2020-01,1,0
1567343,2019-10-05,3,20667.27000000,2019-10,1,0
1567347,2018-07-18,4,25855.16000000,2018-07,1,0
1567503,2017-10-09,2,7763.69000000,2017-10,1,0
1567570,2017-02-07,1,1336.96000000,2017-02,1,0
1567719,2018-10-17,2,2213.78000000,2018-10,1,1
156795,2016-12-20,3,1907.89000000,2016-12,1,0
1568,2019-12-31,4,4922.43000000,2019-12,1,1
1568116,2016-12-10,8,18003.65000000,2016-12,1,1
156814,2018-05-22,1,1115.72000000,2018-05,1,0
1568316,2016-02-18,2,9821.87000000,2016-02,1,0
1568944,2017-05-13,5,15834.33000000,2017-05,1,0
156902,2020-10-19,1,576.00000000,2020-10,1,0
1569144,2018-10-31,5,4001.79000000,2018-10,1,1
1569496,2017-10-16,6,12192.30000000,2017-10,1,0
1569601,2018-12-24,1,828.94000000,2018-12,1,0
1569702,2017-02-21,2,4970.64000000,2017-02,1,0
1569944,2016-07-19,3,2283.32000000,2016-07,1,0
1570075,2018-06-11,1,567.98000000,2018-06,1,0
1570164,2016-12-03,4,2978.55000000,2016-12,1,0
1570185,2019-09-25,2,1590.00000000,2019-09,1,0
1570220,2020-06-03,1,2399.60000000,2020-06,1,0
1570381,2019-08-05,1,115.98000000,2019-08,1,0
1570733,2019-01-04,3,5498.63000000,2019-01,1,0
1570781,2016-12-27,2,8881.36000000,2016-12,1,0
1570784,2016-08-24,2,962.00000000,2016-08,1,0
1570925,2019-05-11,4,7387.07000000,2019-05,1,0
1571048,2019-01-15,2,5196.45000000,2019-01,1,0
1571124,2016-02-22,3,8576.57000000,2016-02,1,0
1571169,2017-11-24,2,2411.72000000,2017-11,1,0
1571311,2016-06-29,6,27283.02000000,2016-06,1,0
1571374,2019-05-28,2,1526.78000000,2019-05,1,0
1571665,2019-02-15,2,3517.91000000,2019-02,1,0
157171,2016-09-28,1,319.98000000,2016-09,1,0
1571781,2018-05-01,4,8340.64000000,2018-05,1,1
15718,2020-01-13,1,2072.51000000,2020-01,1,0
1571856,2019-08-02,1,43.00000000,2019-08,1,0
1571957,2016-06-01,5,10776.59000000,2016-06,1,0
1572109,2020-02-08,1,121.98000000,2020-02,1,0
1572157,2017-06-10,1,219.95000000,2017-06,1,0
1572239,2019-12-29,1,269.98000000,2019-12,1,0
1572283,2017-10-16,2,8229.21000000,2017-10,1,0
1572390,2016-07-13,2,2385.90000000,2016-07,1,0
1572525,2016-06-01,3,11610.90000000,2016-06,1,0
1572607,2019-02-15,1,1267.99000000,2019-02,1,0
1572714,2019-06-28,1,899.75000000,2019-06,1,0
1572728,2017-10-20,1,2108.93000000,2017-10,1,0
1572877,2016-10-21,4,10569.90000000,2016-10,1,0
1573050,2017-08-07,2,3503.96000000,2017-08,1,0
1573316,2019-08-17,1,3998.40000000,2019-08,1,0
1573427,2018-01-04,3,6155.16000000,2018-01,1,0
1573485,2017-11-06,2,3936.00000000,2017-11,1,0
1574202,2018-06-20,2,1036.59000000,2018-06,1,0
1574270,2017-09-26,1,299.90000000,2017-09,1,0
1574290,2016-11-25,1,2671.49000000,2016-11,1,0
1574307,2018-07-07,4,8326.66000000,2018-07,1,0
1574553,2019-11-22,2,3544.76000000,2019-11,1,1
1574605,2017-12-05,2,2503.07000000,2017-12,1,0
1575066,2020-01-12,2,396.52000000,2020-01,1,0
1575457,2016-02-23,5,5028.33000000,2016-02,1,0
1575584,2019-10-19,3,4051.79000000,2019-10,1,1
1575642,2017-10-31,3,5227.06000000,2017-10,1,0
1575801,2018-06-30,3,12323.23000000,2018-06,1,0
1575920,2020-01-02,1,16.17000000,2020-01,1,0
1576331,2016-12-31,7,13990.92000000,2016-12,1,0
1576374,2017-08-04,2,338.06000000,2017-08,1,0
1576532,2016-05-27,3,2558.61000000,2016-05,1,0
1576610,2019-10-01,1,735.20000000,2019-10,1,0
1576676,2019-02-16,3,13665.32000000,2019-02,1,1
1577191,2016-10-15,4,4695.38000000,2016-10,1,0
1577297,2018-06-02,5,10358.90000000,2018-06,1,1
1577472,2020-02-22,2,4951.08000000,2020-02,1,0
1577535,2016-08-05,3,6341.22000000,2016-08,1,0
1577659,2016-06-30,8,10536.15000000,2016-06,1,0
1577700,2018-11-22,3,7323.76000000,2018-11,1,1
1577921,2019-09-12,1,828.07000000,2019-09,1,0
1578249,2018-06-08,2,3341.24000000,2018-06,1,0
157872,2018-09-24,2,7052.78000000,2018-09,1,1
1578933,2016-12-22,3,473.96000000,2016-12,1,0
1579183,2017-11-18,10,35780.33000000,2017-11,1,0
1579553,2019-02-14,2,4366.26000000,2019-02,1,0
1579735,2017-05-04,3,3688.45000000,2017-05,1,0
1579793,2016-08-10,3,4218.89000000,2016-08,1,0
1579839,2019-01-16,3,7145.99000000,2019-01,1,0
1579971,2016-07-12,1,3071.90000000,2016-07,1,0
1579996,2018-05-28,3,8521.48000000,2018-05,1,0
1579999,2019-09-25,1,25.69000000,2019-09,1,0
1580391,2019-02-18,1,694.99000000,2019-02,1,0
1580459,2017-12-21,4,4929.52000000,2017-12,1,0
1581139,2020-10-15,1,1006.81000000,2020-10,1,0
1581375,2019-01-04,1,260.96000000,2019-01,1,0
1581545,2019-01-05,2,7895.99000000,2019-01,1,0
1581565,2018-09-18,1,188.50000000,2018-09,1,0
1581788,2019-01-23,2,1590.69000000,2019-01,1,0
158179,2016-09-19,1,646.00000000,2016-09,1,0
1581888,2018-08-09,7,10493.83000000,2018-08,1,0
158191,2019-06-05,1,398.00000000,2019-06,1,0
1581992,2018-08-10,3,2939.80000000,2018-08,1,1
1582077,2018-02-24,2,298.89000000,2018-02,1,0
1582099,2018-05-09,2,7021.95000000,2018-05,1,0
1582192,2018-05-05,2,2788.91000000,2018-05,1,0
1582197,2018-06-16,1,3675.88000000,2018-06,1,0
1582515,2019-09-19,1,4066.82000000,2019-09,1,0
1582605,2018-11-23,2,1403.25000000,2018-11,1,0
1582684,2017-05-08,3,4363.64000000,2017-05,1,0
1582685,2016-12-30,3,682.29000000,2016-12,1,0
1582741,2016-08-23,5,4288.70000000,2016-08,1,0
1582814,2019-08-03,1,155.36000000,2019-08,1,0
1583170,2016-02-24,4,4405.07000000,2016-02,1,0
1583342,2016-07-30,4,4802.28000000,2016-07,1,0
1583359,2016-07-09,3,1402.01000000,2016-07,1,0
158349,2019-06-20,1,4911.93000000,2019-06,1,0
1583546,2019-08-07,1,2826.68000000,2019-08,1,0
1583625,2016-12-22,4,4542.55000000,2016-12,1,0
1583892,2017-10-18,4,9955.62000000,2017-10,1,0
1583943,2018-09-12,1,1999.60000000,2018-09,1,0
1584109,2016-01-18,1,184.50000000,2016-01,1,0
1584520,2018-08-30,2,2264.80000000,2018-08,1,1
1584962,2018-01-20,4,5360.71000000,2018-01,1,0
1585,2018-02-26,2,6700.62000000,2018-02,1,0
1585026,2019-10-18,2,1242.84000000,2019-10,1,1
1585030,2020-02-13,1,3329.80000000,2020-02,1,0
1585075,2019-01-28,2,249.09000000,2019-01,1,0
1585149,2018-05-23,4,23348.98000000,2018-05,1,0
1585185,2018-09-05,4,12610.51000000,2018-09,1,0
1585352,2019-12-28,1,2576.00000000,2019-12,1,0
1585631,2018-08-04,2,9902.33000000,2018-08,1,0
1585758,2018-02-27,2,4853.13000000,2018-02,1,0
1585780,2018-02-20,3,2274.32000000,2018-02,1,0
1585839,2017-11-25,2,1864.31000000,2017-11,1,0
1585904,2019-09-26,2,2646.96000000,2019-09,1,1
1585932,2017-02-04,5,14727.25000000,2017-02,1,0
1586325,2018-02-22,3,6718.33000000,2018-02,1,0
1586481,2019-05-02,2,2251.51000000,2019-05,1,0
1586491,2017-03-11,4,5931.08000000,2017-03,1,0
1586575,2018-09-08,2,4175.69000000,2018-09,1,0
1586587,2017-12-28,3,4305.27000000,2017-12,1,0
1586604,2018-12-19,1,613.00000000,2018-12,1,0
1586620,2017-07-09,2,884.60000000,2017-07,1,0
1587170,2019-12-23,2,2842.99000000,2019-12,1,1
1587252,2019-06-03,1,534.97000000,2019-06,1,0
1587288,2017-02-25,1,759.95000000,2017-02,1,0
1587485,2016-06-21,1,499.95000000,2016-06,1,0
1587609,2018-10-03,2,2435.94000000,2018-10,1,0
1587863,2020-01-31,2,7326.67000000,2020-01,1,0
1588014,2018-02-21,3,6988.08000000,2018-02,1,1
1588361,2016-12-23,8,29915.80000000,2016-12,1,1
1588395,2019-02-07,2,20762.00000000,2019-02,1,0
1588449,2017-11-03,3,6989.32000000,2017-11,1,0
1588479,2019-01-09,3,1426.71000000,2019-01,1,0
1588825,2019-02-13,4,2478.29000000,2019-02,1,0
1589180,2020-12-11,1,200.00000000,2020-12,0,0
1589348,2018-12-20,5,15048.01000000,2018-12,1,0
1589387,2017-08-10,3,10991.17000000,2017-08,1,1
1589445,2020-01-04,1,3313.20000000,2020-01,1,0
158951,2017-10-05,2,518.99000000,2017-10,1,0
1589664,2016-09-24,2,3373.81000000,2016-09,1,0
1589671,2019-11-15,1,140.26000000,2019-11,1,0
1589810,2016-11-02,4,7885.21000000,2016-11,1,0
1589934,2018-06-30,1,1132.97000000,2018-06,1,0
1589958,2016-01-12,3,5696.05000000,2016-01,1,0
1590155,2019-02-20,2,1164.63000000,2019-02,1,1
1590257,2017-01-04,6,10669.21000000,2017-01,1,0
1590518,2019-01-19,4,4772.21000000,2019-01,1,0
1590619,2016-05-19,2,6589.12000000,2016-05,1,0
1590912,2018-04-28,3,4116.92000000,2018-04,1,0
1590949,2017-09-16,2,4438.51000000,2017-09,1,0
1591113,2016-05-21,4,8911.01000000,2016-05,1,0
159123,2017-02-11,2,964.39000000,2017-02,1,0
159137,2017-08-16,1,265.23000000,2017-08,1,0
1591484,2019-01-03,2,13463.49000000,2019-01,1,0
1591550,2019-08-16,1,7996.39000000,2019-08,1,0
1591588,2020-02-08,1,462.00000000,2020-02,1,0
1591623,2020-04-27,1,1599.60000000,2020-04,1,0
1591779,2018-12-01,1,3082.00000000,2018-12,1,0
1591782,2019-09-26,1,2473.50000000,2019-09,1,0
1591884,2016-05-18,2,10562.65000000,2016-05,1,0
1591998,2016-02-26,2,520.90000000,2016-02,1,0
1592095,2018-05-25,2,2372.91000000,2018-05,1,0
1592128,2017-12-22,1,72.93000000,2017-12,1,0
1592197,2019-10-25,2,3932.00000000,2019-10,1,1
1592335,2019-01-01,2,5136.12000000,2019-01,1,0
1592367,2018-07-27,4,1264.69000000,2018-07,1,0
1592400,2018-02-14,4,22217.99000000,2018-02,1,0
159242,2019-08-10,1,1108.52000000,2019-08,1,0
159255,2020-06-24,1,2160.97000000,2020-06,1,0
1592559,2021-01-08,1,41.94000000,2021-01,0,0
1592592,2018-05-02,2,404.13000000,2018-05,1,0
1592641,2017-10-07,2,14829.11000000,2017-10,1,0
159270,2019-09-25,1,1949.70000000,2019-09,1,0
1592800,2016-02-19,2,1731.82000000,2016-02,1,1
1592930,2017-11-14,3,4819.56000000,2017-11,1,0
1593111,2018-07-14,3,8296.64000000,2018-07,1,0
1593191,2016-12-15,1,800.00000000,2016-12,1,0
1593756,2018-12-13,1,2123.68000000,2018-12,1,0
1593888,2017-10-28,4,5482.69000000,2017-10,1,0
1594010,2016-05-31,3,6047.62000000,2016-05,1,0
1594074,2019-02-23,1,2313.36000000,2019-02,1,0
1594267,2016-05-26,6,4846.54000000,2016-05,1,0
1594272,2017-02-20,3,32867.00000000,2017-02,1,0
1594290,2017-06-12,2,2418.40000000,2017-06,1,0
1594429,2018-01-29,1,10564.95000000,2018-01,1,0
1594465,2018-01-03,2,2328.35000000,2018-01,1,0
1594579,2018-07-12,2,5740.25000000,2018-07,1,1
1594791,2017-07-03,4,9308.74000000,2017-07,1,0
1594853,2021-01-15,1,4396.57000000,2021-01,0,0
1594919,2017-12-16,3,7243.96000000,2017-12,1,0
1595354,2019-07-24,1,50.54000000,2019-07,1,0
1595386,2017-05-31,2,2788.81000000,2017-05,1,0
159547,2019-06-28,2,459.90000000,2019-06,1,0
1595510,2019-07-27,2,2919.52000000,2019-07,1,0
1595518,2019-11-19,1,4619.00000000,2019-11,1,0
1595569,2020-10-10,1,70.13000000,2020-10,1,0
1595616,2018-09-27,1,15380.09000000,2018-09,1,0
1595646,2019-03-16,2,430.89000000,2019-03,1,0
1596027,2017-08-19,6,6049.88000000,2017-08,1,0
1596238,2016-06-29,3,6181.67000000,2016-06,1,0
1596264,2016-06-08,6,11996.40000000,2016-06,1,1
1596639,2019-10-19,1,2526.00000000,2019-10,1,0
1596830,2018-12-25,2,455.39000000,2018-12,1,0
1596943,2018-06-19,1,1900.61000000,2018-06,1,0
1597238,2019-06-06,1,149.99000000,2019-06,1,0
1597329,2019-12-26,3,2739.50000000,2019-12,1,1
1597913,2019-07-16,1,396.00000000,2019-07,1,0
159816,2019-09-21,1,129.12000000,2019-09,1,0
1598422,2016-11-12,3,7440.09000000,2016-11,1,0
1598675,2018-02-17,3,18334.21000000,2018-02,1,0
1598894,2018-02-20,3,2097.17000000,2018-02,1,0
1599193,2019-03-13,2,3884.90000000,2019-03,1,1
1599307,2016-02-19,3,2675.00000000,2016-02,1,0
1599316,2019-08-28,1,650.99000000,2019-08,1,0
1599489,2019-05-17,1,6448.97000000,2019-05,1,0
1599683,2016-09-30,6,14695.12000000,2016-09,1,1
1599697,2019-11-22,3,2907.15000000,2019-11,1,1
1599716,2016-01-13,3,797.48000000,2016-01,1,0
1599863,2019-06-04,2,4140.02000000,2019-06,1,0
1599869,2018-10-13,2,3603.66000000,2018-10,1,0
1599966,2018-08-21,2,2626.91000000,2018-08,1,0
1599978,2018-11-05,3,4084.43000000,2018-11,1,0
1600031,2017-02-25,2,265.98000000,2017-02,1,0
1600297,2019-08-11,1,997.12000000,2019-08,1,0
1600419,2018-07-13,6,21952.57000000,2018-07,1,0
1600674,2019-02-19,1,3194.10000000,2019-02,1,0
1600939,2017-03-15,2,5111.11000000,2017-03,1,0
1600965,2016-11-22,4,7636.90000000,2016-11,1,0
1601116,2018-06-30,2,768.35000000,2018-06,1,0
160124,2019-12-21,1,601.99000000,2019-12,1,0
1601287,2018-10-10,3,3027.83000000,2018-10,1,1
1601341,2018-03-03,2,2529.69000000,2018-03,1,0
1601387,2016-08-03,5,12128.16000000,2016-08,1,0
1601425,2019-08-02,1,127.54000000,2019-08,1,0
1601798,2017-01-30,2,686.80000000,2017-01,1,0
1602280,2019-12-17,1,7291.60000000,2019-12,1,0
1602426,2018-08-14,8,14128.86000000,2018-08,1,0
1602459,2016-02-15,6,8014.26000000,2016-02,1,0
1602496,2019-07-09,2,7202.69000000,2019-07,1,0
1602848,2018-11-09,2,2319.84000000,2018-11,1,0
1603055,2018-02-27,2,1967.93000000,2018-02,1,0
1603158,2017-09-08,3,23650.11000000,2017-09,1,1
1603395,2017-01-16,2,6054.60000000,2017-01,1,0
1603545,2016-11-17,1,717.35000000,2016-11,1,0
1604035,2019-08-23,2,5482.34000000,2019-08,1,1
1604064,2016-11-01,2,1989.33000000,2016-11,1,0
1604181,2019-01-27,1,2693.99000000,2019-01,1,0
1604320,2018-06-19,1,3447.80000000,2018-06,1,0
1604366,2018-04-30,2,1838.97000000,2018-04,1,0
1604371,2017-11-20,4,2797.26000000,2017-11,1,0
1604428,2018-05-26,4,2975.84000000,2018-05,1,0
1605025,2018-09-05,2,778.16000000,2018-09,1,1
1605063,2020-06-18,1,5394.00000000,2020-06,1,0
1605189,2017-08-28,2,1901.97000000,2017-08,1,0
160533,2019-03-05,1,9996.00000000,2019-03,1,0
1605337,2018-01-12,6,6525.71000000,2018-01,1,0
1605350,2018-07-17,7,7557.04000000,2018-07,1,0
1605500,2018-02-01,3,2209.38000000,2018-02,1,0
1605807,2016-07-02,4,864.63000000,2016-07,1,0
160624,2019-11-05,2,1534.09000000,2019-11,1,0
1606396,2018-08-25,2,6356.66000000,2018-08,1,0
1606420,2016-05-19,1,4250.00000000,2016-05,1,0
1606628,2018-03-14,3,4704.27000000,2018-03,1,0
1606629,2019-02-21,2,3087.08000000,2019-02,1,0
1606675,2016-02-23,2,3546.99000000,2016-02,1,0
1606767,2017-05-02,1,79.80000000,2017-05,1,0
1606792,2019-03-01,3,2518.94000000,2019-03,1,0
1606868,2018-02-20,1,115.76000000,2018-02,1,0
1607033,2018-09-29,2,3600.36000000,2018-09,1,0
1607034,2018-07-08,2,7939.40000000,2018-07,1,0
1607152,2018-06-05,1,598.00000000,2018-06,1,0
1607269,2018-10-07,3,1829.49000000,2018-10,1,0
1607584,2016-09-15,3,13025.10000000,2016-09,1,0
160804,2019-05-17,2,730.74000000,2019-05,1,0
1608129,2018-06-09,2,2401.91000000,2018-06,1,0
1608153,2019-12-20,1,31.55000000,2019-12,1,0
1608259,2017-02-14,4,9912.84000000,2017-02,1,0
1608505,2018-11-20,2,1117.98000000,2018-11,1,1
1608553,2018-09-16,3,2784.02000000,2018-09,1,0
1608642,2019-12-05,1,210.39000000,2019-12,1,0
1608686,2018-12-29,1,2534.00000000,2018-12,1,0
1608818,2020-09-10,1,53.28000000,2020-09,1,0
1609030,2018-12-13,1,710.75000000,2018-12,1,0
1609149,2016-08-20,4,11164.81000000,2016-08,1,0
1609162,2017-08-24,2,2428.76000000,2017-08,1,0
1609340,2019-07-18,1,219.98000000,2019-07,1,0
1609370,2019-09-19,1,159.90000000,2019-09,1,0
1609568,2019-08-22,1,503.61000000,2019-08,1,0
1609589,2018-11-14,5,10945.04000000,2018-11,1,1
1609703,2019-07-12,3,1985.58000000,2019-07,1,0
1609870,2016-12-26,3,1121.17000000,2016-12,1,0
1610011,2017-02-18,3,16483.69000000,2017-02,1,0
1610092,2017-12-30,4,2544.00000000,2017-12,1,0
1610098,2016-06-22,9,20458.22000000,2016-06,1,0
1610147,2016-02-10,4,7076.09000000,2016-02,1,0
1610211,2019-05-11,2,343.89000000,2019-05,1,0
161038,2020-11-26,1,1500.39000000,2020-11,0,0
1610770,2018-05-24,4,26692.76000000,2018-05,1,0
161095,2017-10-26,4,16086.48000000,2017-10,1,0
1611379,2019-12-21,1,101.99000000,2019-12,1,0
1611553,2016-09-01,2,2188.86000000,2016-09,1,0
1611777,2017-01-20,3,3596.80000000,2017-01,1,0
1611795,2018-12-19,1,160.23000000,2018-12,1,0
1611906,2019-11-21,1,41.67000000,2019-11,1,0
1611938,2016-02-16,2,4902.94000000,2016-02,1,0
1612400,2016-01-02,3,5968.00000000,2016-01,1,0
1612490,2018-10-17,3,4264.49000000,2018-10,1,0
1612496,2018-12-17,2,703.31000000,2018-12,1,0
1612511,2018-07-05,3,2121.83000000,2018-07,1,0
1612752,2019-08-25,2,7262.48000000,2019-08,1,1
161286,2017-01-19,3,3769.80000000,2017-01,1,0
1613129,2018-07-26,4,2266.57000000,2018-07,1,1
1613178,2016-09-29,2,3438.19000000,2016-09,1,0
1613285,2018-02-03,3,9428.98000000,2018-02,1,0
1613362,2016-11-21,6,4585.33000000,2016-11,1,0
1613518,2018-08-10,1,3597.42000000,2018-08,1,0
1613605,2019-02-19,1,832.00000000,2019-02,1,0
1613767,2018-11-24,4,5207.86000000,2018-11,1,0
1613977,2019-01-04,3,10071.27000000,2019-01,1,1
1614019,2017-11-23,4,14328.24000000,2017-11,1,0
1614150,2019-12-07,1,1002.91000000,2019-12,1,0
1614172,2016-01-15,3,1819.14000000,2016-01,1,0
1614592,2018-05-23,3,2103.27000000,2018-05,1,0
161493,2016-08-03,1,1926.99000000,2016-08,1,0
1615113,2017-08-26,3,6591.45000000,2017-08,1,0
1615254,2018-08-10,1,888.00000000,2018-08,1,0
1615340,2020-12-18,1,161.72000000,2020-12,0,0
1615716,2016-06-07,2,481.99000000,2016-06,1,0
1615839,2018-12-20,3,1725.31000000,2018-12,1,1
161613,2019-02-23,1,749.49000000,2019-02,1,0
1616131,2018-02-12,5,5705.94000000,2018-02,1,0
1616162,2016-09-12,4,2144.67000000,2016-09,1,0
1616350,2016-01-22,7,5403.07000000,2016-01,1,0
1616392,2020-02-19,1,203.61000000,2020-02,1,0
1616456,2016-09-01,2,6386.70000000,2016-09,1,0
1616678,2018-06-26,2,2140.36000000,2018-06,1,0
1616770,2019-08-22,2,5214.88000000,2019-08,1,1
1616811,2019-02-07,1,2300.00000000,2019-02,1,0
1617106,2016-05-17,3,2228.50000000,2016-05,1,0
1617142,2019-06-22,3,3163.94000000,2019-06,1,0
161742,2018-12-14,2,1735.88000000,2018-12,1,0
1617935,2019-05-22,1,109.99000000,2019-05,1,0
1618133,2018-12-19,1,854.00000000,2018-12,1,0
1618221,2019-08-30,4,15692.41000000,2019-08,1,1
1618248,2018-03-08,3,5456.45000000,2018-03,1,0
1618288,2017-12-22,2,197.96000000,2017-12,1,0
1618347,2016-12-29,2,2924.94000000,2016-12,1,0
1618469,2019-03-12,1,627.00000000,2019-03,1,0
1618514,2017-05-20,4,6494.55000000,2017-05,1,0
1618579,2017-03-14,5,4591.29000000,2017-03,1,0
1618654,2018-09-11,1,43.00000000,2018-09,1,0
1618759,2019-06-17,1,6142.50000000,2019-06,1,0
161879,2020-03-06,2,5502.61000000,2020-03,1,0
1618878,2017-06-29,2,567.00000000,2017-06,1,0
1618921,2016-12-23,6,8108.94000000,2016-12,1,0
1618950,2017-02-28,2,21143.46000000,2017-02,1,0
1619118,2017-05-25,1,800.00000000,2017-05,1,0
161962,2016-05-10,1,561.04000000,2016-05,1,0
1620094,2017-08-17,1,1629.99000000,2017-08,1,0
1620151,2017-09-18,2,6492.24000000,2017-09,1,0
1620519,2018-11-07,2,8311.98000000,2018-11,1,0
1620615,2019-05-29,2,502.76000000,2019-05,1,0
1620629,2018-08-22,3,6886.75000000,2018-08,1,1
162091,2019-03-12,1,9340.00000000,2019-03,1,0
1621290,2018-07-11,2,2015.00000000,2018-07,1,0
1621370,2019-01-31,4,3115.57000000,2019-01,1,0
1621372,2018-02-20,1,1988.07000000,2018-02,1,0
1621469,2017-12-30,2,2016.79000000,2017-12,1,0
1621752,2018-09-08,2,941.79000000,2018-09,1,1
1621778,2016-12-03,2,3498.97000000,2016-12,1,1
162181,2018-05-25,1,1194.00000000,2018-05,1,0
1621832,2017-02-20,5,7528.82000000,2017-02,1,0
1622140,2016-09-22,2,629.97000000,2016-09,1,0
1622508,2017-09-29,2,3143.75000000,2017-09,1,0
1622857,2018-02-22,3,2074.95000000,2018-02,1,1
162300,2018-02-20,2,5329.92000000,2018-02,1,1
1623146,2020-07-18,1,4387.67000000,2020-07,1,0
1623262,2019-06-12,1,1299.00000000,2019-06,1,0
1623290,2019-07-04,1,411.00000000,2019-07,1,0
162355,2017-04-26,1,660.00000000,2017-04,1,0
1623592,2018-12-26,1,4403.94000000,2018-12,1,0
1624025,2019-07-25,2,835.20000000,2019-07,1,1
1624159,2020-03-10,1,2559.88000000,2020-03,1,0
1624311,2017-05-28,6,8408.79000000,2017-05,1,0
1624323,2018-05-20,2,2555.70000000,2018-05,1,0
1624456,2018-08-02,2,638.08000000,2018-08,1,0
1624573,2018-12-26,4,7184.15000000,2018-12,1,1
1625065,2016-07-02,3,9619.03000000,2016-07,1,0
1625232,2018-02-20,4,3796.90000000,2018-02,1,0
1625255,2019-01-14,1,6212.60000000,2019-01,1,0
1625297,2016-03-15,6,11191.79000000,2016-03,1,0
1625704,2019-02-21,5,15712.54000000,2019-02,1,1
1625870,2017-12-07,2,12291.83000000,2017-12,1,0
1625909,2018-11-08,2,15193.00000000,2018-11,1,0
1626,2018-12-13,2,2940.35000000,2018-12,1,0
1626189,2018-09-28,4,5458.84000000,2018-09,1,0
1626576,2017-10-26,1,1754.99000000,2017-10,1,0
1626614,2019-08-14,2,832.60000000,2019-08,1,1
1626758,2017-08-27,2,1119.58000000,2017-08,1,0
1626780,2020-01-07,1,1377.00000000,2020-01,1,0
1626920,2017-11-29,2,4346.68000000,2017-11,1,0
1626970,2019-11-13,2,1208.86000000,2019-11,1,1
1626990,2019-02-16,6,6221.07000000,2019-02,1,0
1627365,2018-07-06,3,4005.22000000,2018-07,1,0
1627394,2017-02-09,4,4393.86000000,2017-02,1,0
1627421,2018-09-07,2,2429.94000000,2018-09,1,0
1627570,2016-02-15,4,10377.18000000,2016-02,1,0
1627599,2019-03-09,2,607.00000000,2019-03,1,0
1627711,2016-12-22,3,2492.97000000,2016-12,1,0
162784,2019-10-16,2,500.38000000,2019-10,1,0
1627931,2019-12-28,1,8914.94000000,2019-12,1,0
1628073,2016-11-11,3,3270.66000000,2016-11,1,0
1628237,2018-11-29,3,8461.42000000,2018-11,1,0
1628618,2020-05-23,1,1885.00000000,2020-05,1,0
1628631,2019-02-19,2,2036.95000000,2019-02,1,0
1628727,2017-12-27,4,8283.04000000,2017-12,1,0
1628856,2017-11-22,2,8291.36000000,2017-11,1,0
162905,2016-10-11,1,273.61000000,2016-10,1,0
1629058,2018-02-21,2,638.64000000,2018-02,1,0
1629123,2017-10-20,4,7124.10000000,2017-10,1,0
1629311,2018-07-11,3,8406.50000000,2018-07,1,0
1629416,2019-03-16,4,11914.77000000,2019-03,1,0
1629447,2016-09-19,4,3366.32000000,2016-09,1,0
1629610,2017-02-09,5,8793.88000000,2017-02,1,0
1629676,2019-05-04,2,2192.00000000,2019-05,1,0
1629879,2019-01-07,1,1977.57000000,2019-01,1,0
1629941,2017-07-22,2,1255.90000000,2017-07,1,0
1630103,2017-11-27,3,13732.17000000,2017-11,1,0
1631070,2018-07-23,3,3173.44000000,2018-07,1,0
1631101,2019-09-19,1,69.93000000,2019-09,1,0
1631350,2019-06-01,2,508.33000000,2019-06,1,0
1631443,2016-10-28,3,4509.84000000,2016-10,1,0
163186,2019-10-31,1,2437.00000000,2019-10,1,0
1631876,2016-01-16,2,1345.86000000,2016-01,1,0
1632062,2017-08-22,4,4081.45000000,2017-08,1,1
1632235,2019-11-01,2,6707.06000000,2019-11,1,0
1632278,2019-09-11,1,2508.52000000,2019-09,1,0
1632302,2019-01-12,3,18795.80000000,2019-01,1,0
1632461,2017-06-26,4,8853.35000000,2017-06,1,0
1632492,2019-02-21,2,1542.03000000,2019-02,1,0
1632547,2017-12-06,1,1578.00000000,2017-12,1,0
1632630,2018-07-12,3,3071.69000000,2018-07,1,0
1633217,2017-12-29,2,2497.74000000,2017-12,1,0
1633409,2016-01-02,3,5168.08000000,2016-01,1,0
1633425,2019-02-08,2,2237.19000000,2019-02,1,0
1633498,2018-06-02,2,7408.82000000,2018-06,1,0
1633676,2019-05-06,1,44.40000000,2019-05,1,0
1633913,2016-10-26,2,4170.93000000,2016-10,1,0
1633967,2016-05-05,6,34484.28000000,2016-05,1,0
1633997,2018-12-31,2,4862.85000000,2018-12,1,0
1634029,2018-05-23,1,4669.58000000,2018-05,1,0
163416,2020-06-08,1,698.00000000,2020-06,1,0
1634354,2018-09-13,4,1477.73000000,2018-09,1,0
1634380,2016-11-18,2,667.57000000,2016-11,1,0
1634778,2016-05-06,5,21428.09000000,2016-05,1,0
1635130,2016-07-16,2,6931.65000000,2016-07,1,0
1635142,2019-02-28,2,4209.57000000,2019-02,1,0
1635172,2020-12-26,1,2567.89000000,2020-12,0,0
1635245,2016-12-24,2,3495.00000000,2016-12,1,0
1635374,2017-06-17,5,9609.46000000,2017-06,1,0
1635396,2018-12-18,2,1686.00000000,2018-12,1,0
1635484,2018-01-16,2,2630.88000000,2018-01,1,1
1635565,2017-08-09,3,2522.72000000,2017-08,1,0
1635587,2017-12-23,3,9361.81000000,2017-12,1,1
1635725,2017-11-10,4,8199.89000000,2017-11,1,0
1635754,2019-08-27,1,4595.00000000,2019-08,1,0
1636482,2016-08-17,2,9840.00000000,2016-08,1,0
1636548,2019-02-22,4,8696.00000000,2019-02,1,0
1636578,2020-12-28,1,484.16000000,2020-12,0,0
1636845,2018-08-24,3,5494.58000000,2018-08,1,1
1637055,2016-12-22,3,5760.47000000,2016-12,1,0
163706,2019-06-22,2,1928.02000000,2019-06,1,1
1637269,2018-06-23,5,6557.91000000,2018-06,1,1
1637330,2016-10-08,1,5607.82000000,2016-10,1,0
1637399,2016-05-06,4,5483.82000000,2016-05,1,0
1637773,2017-05-18,2,2076.54000000,2017-05,1,0
1637776,2018-06-28,2,9275.42000000,2018-06,1,0
1638102,2016-12-17,6,13194.28000000,2016-12,1,0
1638118,2016-12-29,8,32605.91000000,2016-12,1,0
1638303,2018-08-31,1,2991.65000000,2018-08,1,0
163849,2021-01-19,1,1881.59000000,2021-01,0,0
1638766,2018-08-04,1,334.99000000,2018-08,1,0
1639435,2017-03-04,4,7145.12000000,2017-03,1,0
1639477,2017-12-01,2,3345.04000000,2017-12,1,0
1639535,2018-10-31,1,5693.40000000,2018-10,1,0
1639605,2018-06-14,4,19664.79000000,2018-06,1,0
1639790,2018-06-13,1,1254.93000000,2018-06,1,0
1639920,2020-08-22,1,2284.92000000,2020-08,1,0
163999,2019-06-25,1,777.05000000,2019-06,1,0
1640237,2017-07-20,2,2179.53000000,2017-07,1,0
1640519,2018-11-26,2,4734.97000000,2018-11,1,1
1640635,2016-03-10,2,6658.05000000,2016-03,1,0
1640955,2017-01-18,3,5522.78000000,2017-01,1,0
1641246,2016-06-24,1,277.33000000,2016-06,1,0
164129,2017-12-26,1,19.98000000,2017-12,1,0
1641431,2020-07-25,1,307.56000000,2020-07,1,0
1641744,2019-01-07,2,4365.50000000,2019-01,1,0
1641759,2018-03-07,1,1480.99000000,2018-03,1,0
1641811,2020-02-29,1,4.98000000,2020-02,1,0
1642,2019-05-21,1,115.98000000,2019-05,1,0
1642691,2020-05-16,1,679.00000000,2020-05,1,0
1642882,2019-10-28,2,349.97000000,2019-10,1,0
1642890,2016-05-18,3,1258.99000000,2016-05,1,0
1643134,2019-10-26,3,6288.97000000,2019-10,1,1
1643550,2017-12-26,8,8487.57000000,2017-12,1,0
1643619,2017-02-18,3,2939.87000000,2017-02,1,1
1644234,2017-06-21,2,2061.00000000,2017-06,1,0
1644301,2018-11-03,2,1343.90000000,2018-11,1,1
1644327,2017-11-25,4,2868.21000000,2017-11,1,0
1644544,2019-10-02,2,6439.70000000,2019-10,1,0
1644716,2018-12-06,2,3351.77000000,2018-12,1,0
1645326,2019-02-13,1,289.99000000,2019-02,1,0
1645441,2017-07-08,5,4525.16000000,2017-07,1,0
1645445,2017-08-09,1,947.93000000,2017-08,1,0
1645532,2016-05-11,3,8493.93000000,2016-05,1,0
164579,2016-10-05,1,13.98000000,2016-10,1,0
1646029,2018-11-29,1,5579.19000000,2018-11,1,0
1646102,2016-08-25,4,12834.70000000,2016-08,1,0
1646264,2019-10-01,1,1825.74000000,2019-10,1,0
1646403,2016-08-19,4,8704.08000000,2016-08,1,0
1646517,2017-02-22,5,12176.94000000,2017-02,1,0
1646561,2018-01-01,1,1118.00000000,2018-01,1,0
1646713,2018-05-10,5,2814.90000000,2018-05,1,0
1647241,2016-06-21,3,7177.45000000,2016-06,1,0
1647289,2019-09-19,1,559.98000000,2019-09,1,0
1647358,2016-11-01,3,5630.98000000,2016-11,1,0
1647588,2018-02-24,2,9761.68000000,2018-02,1,0
1647594,2017-12-16,2,18234.88000000,2017-12,1,0
1647752,2018-02-07,2,2982.61000000,2018-02,1,0
1647827,2018-12-29,1,3156.95000000,2018-12,1,0
1647919,2020-02-15,2,4200.67000000,2020-02,1,0
1647940,2018-09-05,2,6302.59000000,2018-09,1,0
1648240,2019-01-12,2,4054.05000000,2019-01,1,0
1648616,2018-05-05,3,1154.52000000,2018-05,1,0
1648699,2018-02-21,2,7851.99000000,2018-02,1,0
1649468,2018-08-29,3,4850.50000000,2018-08,1,0
1649694,2017-06-14,2,1724.35000000,2017-06,1,0
1649724,2016-12-26,4,12754.78000000,2016-12,1,0
1649797,2019-07-13,2,2797.93000000,2019-07,1,0
1649927,2019-06-08,2,2969.81000000,2019-06,1,0
1649990,2019-12-07,1,1863.00000000,2019-12,1,0
165032,2017-09-28,3,6386.90000000,2017-09,1,0
1650349,2018-10-19,3,3507.13000000,2018-10,1,0
1650383,2019-08-15,2,2472.86000000,2019-08,1,1
1650488,2016-08-09,4,7885.14000000,2016-08,1,1
1650783,2016-01-18,4,28829.13000000,2016-01,1,1
1650975,2019-03-09,2,8441.70000000,2019-03,1,0
1651118,2019-05-11,1,229.34000000,2019-05,1,0
1651231,2019-10-30,2,1411.84000000,2019-10,1,0
1651423,2017-07-22,2,8994.99000000,2017-07,1,0
1651668,2019-10-31,1,1881.00000000,2019-10,1,0
1651796,2019-02-04,1,657.00000000,2019-02,1,0
1651921,2019-10-07,1,104.89000000,2019-10,1,0
1651927,2017-12-18,2,5272.80000000,2017-12,1,1
1652611,2016-05-20,2,2514.96000000,2016-05,1,0
1652631,2018-11-10,2,148.60000000,2018-11,1,0
1652808,2016-11-28,5,15284.84000000,2016-11,1,0
1652819,2019-08-29,2,3194.24000000,2019-08,1,0
1653040,2018-08-03,3,2423.01000000,2018-08,1,1
1653099,2019-06-06,3,9452.34000000,2019-06,1,1
1653179,2017-01-04,1,6399.83000000,2017-01,1,0
165336,2020-02-01,1,888.00000000,2020-02,1,0
1653389,2016-07-20,2,4872.95000000,2016-07,1,0
1653529,2018-03-13,2,2805.62000000,2018-03,1,0
1653624,2016-02-06,7,9682.29000000,2016-02,1,0
1653751,2019-05-15,1,517.32000000,2019-05,1,0
1653979,2016-08-11,2,6941.00000000,2016-08,1,0
1654095,2018-05-14,2,8724.30000000,2018-05,1,0
1654125,2018-01-04,2,1469.38000000,2018-01,1,0
1654128,2018-12-28,1,3008.76000000,2018-12,1,0
1654206,2019-02-20,2,1241.27000000,2019-02,1,0
1654309,2019-03-09,1,4397.62000000,2019-03,1,0
1654502,2017-09-14,2,6139.95000000,2017-09,1,0
1654717,2017-07-15,1,1197.70000000,2017-07,1,0
1654802,2018-12-05,2,6859.99000000,2018-12,1,0
1654855,2019-10-25,1,2616.93000000,2019-10,1,0
1655053,2019-06-21,3,2171.75000000,2019-06,1,1
1655136,2017-09-20,3,9653.44000000,2017-09,1,0
1655148,2019-10-16,1,3397.00000000,2019-10,1,0
1655705,2016-12-25,2,3195.94000000,2016-12,1,0
1655733,2018-10-01,3,1814.97000000,2018-10,1,1
1655745,2019-08-10,1,645.00000000,2019-08,1,0
165581,2019-08-13,2,5000.40000000,2019-08,1,1
165611,2018-12-09,1,5304.00000000,2018-12,1,0
1656224,2017-01-19,1,726.99000000,2017-01,1,0
1656233,2019-07-16,1,2287.76000000,2019-07,1,0
1656349,2019-08-14,1,1588.19000000,2019-08,1,0
165649,2018-02-12,1,478.55000000,2018-02,1,0
1656614,2018-12-08,4,4852.74000000,2018-12,1,1
1656683,2017-08-08,3,15028.23000000,2017-08,1,0
1656716,2019-09-14,1,2066.94000000,2019-09,1,0
1656756,2017-11-01,1,850.34000000,2017-11,1,0
1656861,2018-01-12,3,9634.00000000,2018-01,1,0
1656873,2017-02-10,3,158.59000000,2017-02,1,0
1657133,2019-05-17,2,1817.61000000,2019-05,1,1
1657334,2018-10-12,1,347.28000000,2018-10,1,0
1657494,2019-11-21,1,103.99000000,2019-11,1,0
1657885,2016-02-29,3,3773.26000000,2016-02,1,0
1657930,2016-07-09,1,1908.93000000,2016-07,1,0
1657976,2019-03-09,2,1449.19000000,2019-03,1,0
165801,2020-03-14,1,99.98000000,2020-03,1,0
1658273,2016-02-23,6,14458.26000000,2016-02,1,0
1658428,2019-05-23,1,8085.23000000,2019-05,1,0
1658532,2019-02-26,2,4152.89000000,2019-02,1,0
1658995,2017-06-28,2,2578.44000000,2017-06,1,0
1659040,2016-12-01,5,22223.66000000,2016-12,1,0
1659112,2016-05-17,1,198.00000000,2016-05,1,0
1659162,2019-12-08,2,1036.15000000,2019-12,1,0
1659181,2018-10-30,6,6345.08000000,2018-10,1,1
1659595,2019-06-08,2,8566.85000000,2019-06,1,0
1660175,2018-02-24,1,2236.00000000,2018-02,1,0
1660406,2017-01-24,2,1456.67000000,2017-01,1,0
1660494,2018-10-12,2,1353.87000000,2018-10,1,0
1660620,2016-09-12,1,1321.98000000,2016-09,1,0
1661010,2019-08-08,1,684.00000000,2019-08,1,0
1661150,2019-07-10,1,5610.61000000,2019-07,1,0
1661166,2016-03-08,1,32056.89000000,2016-03,1,0
1661177,2017-02-20,2,265.19000000,2017-02,1,0
1661180,2018-09-07,2,2365.00000000,2018-09,1,0
1661465,2017-01-10,1,1556.99000000,2017-01,1,0
1661476,2017-08-25,3,21534.80000000,2017-08,1,0
1661516,2019-02-23,1,689.70000000,2019-02,1,0
1661596,2017-07-11,2,2202.64000000,2017-07,1,0
1661735,2017-05-23,4,5622.54000000,2017-05,1,0
1662334,2017-04-29,4,6996.20000000,2017-04,1,0
1662706,2020-12-01,1,159.99000000,2020-12,0,0
1662787,2018-11-13,1,10343.22000000,2018-11,1,0
1662788,2019-07-25,2,4517.45000000,2019-07,1,0
1662988,2018-11-03,1,3179.30000000,2018-11,1,0
1663056,2017-02-23,4,11800.41000000,2017-02,1,0
1663250,2020-05-16,1,696.00000000,2020-05,1,0
1663270,2020-01-04,1,307.47000000,2020-01,1,0
1663333,2018-10-03,3,2686.36000000,2018-10,1,0
1663459,2019-07-18,1,1155.95000000,2019-07,1,0
166366,2017-06-15,1,4689.12000000,2017-06,1,0
1663669,2019-10-29,1,1882.97000000,2019-10,1,0
1663745,2019-07-05,2,538.00000000,2019-07,1,0
1664155,2016-11-16,3,8115.26000000,2016-11,1,0
1664195,2019-05-10,1,506.83000000,2019-05,1,0
166456,2018-12-06,2,4241.00000000,2018-12,1,0
1664688,2016-06-27,5,7993.72000000,2016-06,1,0
1664742,2018-07-18,4,1222.11000000,2018-07,1,0
1664824,2016-01-04,8,8487.46000000,2016-01,1,0
1664972,2017-11-13,1,539.80000000,2017-11,1,0
1665138,2020-12-14,1,445.00000000,2020-12,0,0
1665621,2019-12-16,2,3178.67000000,2019-12,1,1
1665839,2018-07-26,1,478.95000000,2018-07,1,0
166599,2018-12-20,2,1479.57000000,2018-12,1,0
1666075,2017-11-16,5,7985.46000000,2017-11,1,0
1666094,2018-06-16,2,1095.97000000,2018-06,1,0
1666310,2018-09-28,3,5153.98000000,2018-09,1,1
1666423,2019-07-29,1,9.99000000,2019-07,1,0
1666650,2019-09-25,3,5857.75000000,2019-09,1,1
1666766,2018-11-03,1,2824.00000000,2018-11,1,0
1666909,2018-02-07,2,1151.51000000,2018-02,1,0
1667179,2019-11-22,1,6.99000000,2019-11,1,0
1667206,2019-10-07,5,5597.43000000,2019-10,1,1
1667349,2018-07-10,2,3674.65000000,2018-07,1,0
1667754,2021-01-29,1,13056.65000000,2021-01,0,0
1667950,2019-11-11,2,3724.00000000,2019-11,1,0
1667987,2020-05-19,1,860.40000000,2020-05,1,0
1668069,2018-03-10,2,4613.22000000,2018-03,1,0
166813,2017-08-14,4,4071.80000000,2017-08,1,1
1668237,2017-05-06,7,10638.03000000,2017-05,1,0
1668372,2016-06-22,2,3646.00000000,2016-06,1,0
166838,2018-08-14,1,2276.94000000,2018-08,1,0
1668458,2016-02-28,6,14539.57000000,2016-02,1,1
1668474,2019-12-21,2,4539.20000000,2019-12,1,0
1668513,2016-07-07,1,4692.92000000,2016-07,1,0
1668545,2017-10-03,2,1369.47000000,2017-10,1,0
1668822,2017-12-19,2,18602.48000000,2017-12,1,0
1668828,2016-02-23,1,2013.00000000,2016-02,1,0
1668853,2018-11-16,2,9803.47000000,2018-11,1,0
1669021,2018-01-06,5,7919.57000000,2018-01,1,0
1669134,2019-09-02,1,835.97000000,2019-09,1,0
1669230,2019-03-03,1,2277.00000000,2019-03,1,0
1669551,2019-01-05,1,4817.51000000,2019-01,1,0
1669695,2017-11-28,3,5072.95000000,2017-11,1,0
1669725,2019-08-28,1,648.99000000,2019-08,1,0
1669745,2016-01-06,3,3215.45000000,2016-01,1,0
1669971,2017-09-28,3,14592.61000000,2017-09,1,0
1669997,2018-09-05,2,2062.59000000,2018-09,1,0
1670107,2016-01-18,6,7593.27000000,2016-01,1,0
1670150,2019-02-12,1,3714.84000000,2019-02,1,0
1670409,2017-11-11,1,2421.00000000,2017-11,1,0
1670689,2018-05-14,3,6816.96000000,2018-05,1,0
1670789,2016-01-03,4,9533.30000000,2016-01,1,0
1670940,2016-09-14,6,7487.37000000,2016-09,1,0
1670942,2017-05-31,2,9846.00000000,2017-05,1,0
1670966,2018-11-15,1,3650.98000000,2018-11,1,0
1670993,2016-07-16,3,9966.46000000,2016-07,1,0
1671068,2020-11-28,1,6.95000000,2020-11,0,0
167115,2020-05-16,1,1083.01000000,2020-05,1,0
1671353,2019-10-12,1,300.50000000,2019-10,1,0
1671513,2019-12-19,2,6515.58000000,2019-12,1,0
167153,2020-06-26,1,269.95000000,2020-06,1,0
1671541,2016-01-23,4,9411.51000000,2016-01,1,0
16716,2019-07-15,1,1889.08000000,2019-07,1,0
1671672,2017-02-01,3,5270.06000000,2017-02,1,0
1671692,2017-12-29,2,1843.99000000,2017-12,1,0
167214,2019-11-20,2,1956.83000000,2019-11,1,0
1672305,2017-02-13,3,4747.96000000,2017-02,1,0
167257,2019-12-19,1,527.38000000,2019-12,1,0
1673040,2017-03-11,2,3244.70000000,2017-03,1,0
1673191,2016-02-06,2,2435.62000000,2016-02,1,0
1673408,2017-06-10,2,26787.00000000,2017-06,1,0
1673423,2017-12-25,1,10355.99000000,2017-12,1,0
1673438,2019-06-26,2,2450.18000000,2019-06,1,0
1673539,2016-08-26,1,2027.00000000,2016-08,1,0
1673797,2017-11-02,1,503.94000000,2017-11,1,0
167382,2020-03-12,1,14426.56000000,2020-03,1,0
1673825,2017-01-02,2,1757.23000000,2017-01,1,0
1674200,2018-12-29,3,776.65000000,2018-12,1,1
1674304,2016-07-15,3,6943.72000000,2016-07,1,0
167441,2017-10-14,1,4949.80000000,2017-10,1,0
167444,2020-08-19,1,3722.84000000,2020-08,1,0
1675004,2018-12-06,3,5626.58000000,2018-12,1,1
1675064,2018-01-03,2,4903.97000000,2018-01,1,0
1675160,2018-10-14,4,14526.46000000,2018-10,1,0
1675546,2017-01-21,4,6215.11000000,2017-01,1,0
1675644,2018-09-15,7,9795.90000000,2018-09,1,0
1675809,2016-06-30,2,7758.91000000,2016-06,1,0
1676402,2016-05-30,4,6625.05000000,2016-05,1,0
1676434,2017-05-16,2,1047.26000000,2017-05,1,0
1676445,2018-08-16,2,606.23000000,2018-08,1,1
1676582,2018-04-30,1,1354.00000000,2018-04,1,0
1676628,2016-02-19,3,5582.32000000,2016-02,1,0
1676662,2016-12-19,2,2173.99000000,2016-12,1,0
1677103,2018-06-07,2,3113.24000000,2018-06,1,0
1677457,2016-06-03,2,4211.92000000,2016-06,1,0
1677703,2018-09-08,2,2790.70000000,2018-09,1,1
1677730,2018-11-26,1,13.76000000,2018-11,1,0
1677739,2016-02-01,3,3001.43000000,2016-02,1,0
1677794,2018-12-22,5,2608.97000000,2018-12,1,1
1678135,2018-10-01,3,2553.18000000,2018-10,1,0
1678208,2019-01-12,3,786.63000000,2019-01,1,0
1678458,2020-01-28,1,2395.20000000,2020-01,1,0
1678562,2017-12-29,4,20648.63000000,2017-12,1,0
1678602,2017-07-18,2,5235.99000000,2017-07,1,0
1678735,2017-06-06,3,4101.98000000,2017-06,1,0
167874,2018-12-08,1,8364.00000000,2018-12,1,0
1678823,2017-09-14,5,7931.27000000,2017-09,1,1
1678977,2017-07-01,1,1921.92000000,2017-07,1,0
1678994,2017-01-13,1,402.00000000,2017-01,1,0
1679618,2019-05-02,2,6279.69000000,2019-05,1,0
167962,2020-01-13,1,231.96000000,2020-01,1,0
1679762,2021-01-28,1,309.50000000,2021-01,0,0
1679789,2018-08-21,3,3958.15000000,2018-08,1,0
1679869,2020-01-02,1,2190.00000000,2020-01,1,0
1680169,2019-02-23,2,2876.94000000,2019-02,1,0
1680415,2018-02-19,3,4287.94000000,2018-02,1,0
1680645,2016-03-01,4,32840.51000000,2016-03,1,0
1680728,2016-06-17,7,8580.76000000,2016-06,1,0
1680775,2016-12-10,1,80.65000000,2016-12,1,0
168089,2019-10-05,2,639.85000000,2019-10,1,1
1681033,2016-07-02,3,7755.54000000,2016-07,1,0
1681092,2017-02-24,3,7400.59000000,2017-02,1,0
1681099,2016-06-02,4,2443.50000000,2016-06,1,0
1681186,2018-02-20,2,13594.06000000,2018-02,1,0
1681270,2019-08-25,2,811.58000000,2019-08,1,0
1681427,2017-06-18,5,7100.00000000,2017-06,1,1
1681761,2019-01-30,3,9258.29000000,2019-01,1,1
1681854,2018-02-09,1,2195.87000000,2018-02,1,0
1682006,2019-09-21,1,272.91000000,2019-09,1,0
1682062,2018-09-08,2,9201.95000000,2018-09,1,0
1682198,2017-07-10,2,2190.05000000,2017-07,1,0
1682354,2017-09-27,2,5510.15000000,2017-09,1,0
1682386,2018-02-21,4,20504.22000000,2018-02,1,0
1682472,2016-08-24,3,20345.89000000,2016-08,1,0
1682553,2018-11-07,1,5656.02000000,2018-11,1,0
1682660,2018-07-19,6,10337.56000000,2018-07,1,1
1682730,2018-08-11,1,1602.00000000,2018-08,1,0
1682942,2018-12-30,1,5424.50000000,2018-12,1,0
1683222,2016-06-21,2,886.95000000,2016-06,1,0
1683603,2019-09-30,1,354.90000000,2019-09,1,0
1683799,2018-07-17,1,2157.98000000,2018-07,1,0
1684157,2018-04-30,6,9784.62000000,2018-04,1,1
1684287,2016-09-01,4,1205.67000000,2016-09,1,0
1684539,2020-01-01,2,3797.74000000,2020-01,1,0
1684677,2019-02-21,2,3358.74000000,2019-02,1,0
1684931,2017-02-10,3,4947.61000000,2017-02,1,0
1685055,2018-02-24,3,6109.34000000,2018-02,1,0
1685102,2017-01-03,3,3420.39000000,2017-01,1,0
1686021,2017-05-23,4,15697.42000000,2017-05,1,0
1686106,2017-07-05,1,1386.99000000,2017-07,1,0
1686113,2016-09-15,2,2136.85000000,2016-09,1,0
1686257,2016-10-25,2,4207.40000000,2016-10,1,0
1686269,2018-01-26,3,7936.98000000,2018-01,1,0
1686496,2016-06-28,5,5912.22000000,2016-06,1,1
1686673,2020-09-11,3,21816.12000000,2020-09,1,1
1686731,2018-11-03,1,449.89000000,2018-11,1,0
1686814,2016-08-06,5,10538.79000000,2016-08,1,1
1686889,2017-11-02,4,8447.53000000,2017-11,1,0
1687058,2020-02-16,1,2778.96000000,2020-02,1,0
1687142,2017-12-06,3,19795.21000000,2017-12,1,0
1687146,2020-03-07,1,7462.60000000,2020-03,1,0
1687187,2018-01-27,2,819.60000000,2018-01,1,0
1687281,2016-12-20,1,3478.88000000,2016-12,1,0
1687294,2019-08-14,3,4827.97000000,2019-08,1,0
1687392,2017-08-16,4,15477.58000000,2017-08,1,0
1687406,2019-01-12,1,4315.99000000,2019-01,1,0
1687512,2019-08-20,2,787.73000000,2019-08,1,0
1687668,2021-01-27,1,659.70000000,2021-01,0,0
1688009,2019-10-17,1,2671.96000000,2019-10,1,0
1688255,2019-07-12,1,5243.91000000,2019-07,1,0
1688411,2017-12-30,3,22103.12000000,2017-12,1,0
1688415,2019-05-17,1,8363.93000000,2019-05,1,0
1688501,2016-07-18,4,4078.85000000,2016-07,1,0
1688698,2016-05-16,2,3000.00000000,2016-05,1,0
1688706,2020-01-09,1,4232.97000000,2020-01,1,0
1688818,2017-03-11,2,4038.97000000,2017-03,1,0
1688921,2018-02-23,2,707.23000000,2018-02,1,0
1688939,2016-12-08,2,633.46000000,2016-12,1,0
168899,2016-08-13,2,7771.92000000,2016-08,1,0
1689433,2018-10-24,2,853.97000000,2018-10,1,0
1689813,2018-10-19,1,2209.62000000,2018-10,1,0
1689863,2017-01-21,2,2047.59000000,2017-01,1,0
1689951,2018-02-27,1,4766.78000000,2018-02,1,0
1690200,2016-12-24,2,5685.37000000,2016-12,1,0
1690335,2016-05-25,3,4614.97000000,2016-05,1,0
1690458,2017-09-08,4,3236.97000000,2017-09,1,0
169067,2018-12-22,1,571.53000000,2018-12,1,0
1690713,2018-05-23,1,3366.20000000,2018-05,1,0
1690737,2018-08-21,1,447.00000000,2018-08,1,0
1691086,2018-11-28,4,2353.88000000,2018-11,1,1
1691196,2019-05-25,1,752.00000000,2019-05,1,0
1691284,2018-02-22,3,4383.07000000,2018-02,1,0
1691296,2017-06-07,3,3582.80000000,2017-06,1,0
1691351,2018-09-29,3,2562.85000000,2018-09,1,0
1691521,2016-06-09,2,2711.88000000,2016-06,1,0
1691683,2017-03-15,4,3350.08000000,2017-03,1,0
1691871,2016-08-18,1,47.95000000,2016-08,1,0
1691895,2017-12-30,4,4679.89000000,2017-12,1,0
1691988,2017-09-29,2,1424.89000000,2017-09,1,0
1692085,2018-06-09,1,3694.48000000,2018-06,1,0
1692115,2016-07-12,6,9249.12000000,2016-07,1,0
1692156,2017-08-08,3,8352.18000000,2017-08,1,0
1692200,2018-10-27,2,1791.09000000,2018-10,1,0
1692220,2018-12-05,3,1837.80000000,2018-12,1,0
1692266,2018-12-31,3,13242.52000000,2018-12,1,0
1692405,2019-12-25,1,29.98000000,2019-12,1,0
1692448,2017-10-30,1,187.62000000,2017-10,1,0
1692531,2019-11-29,2,4915.00000000,2019-11,1,0
1693028,2018-10-17,2,3638.67000000,2018-10,1,0
1693067,2018-08-10,3,9724.40000000,2018-08,1,0
1693133,2016-12-08,2,10778.95000000,2016-12,1,0
1693175,2016-05-24,3,20532.66000000,2016-05,1,0
1693179,2018-12-05,2,1500.28000000,2018-12,1,0
1693373,2019-07-02,2,3655.40000000,2019-07,1,0
1693705,2018-12-04,4,7469.44000000,2018-12,1,0
1693753,2017-10-27,5,5592.60000000,2017-10,1,0
1693809,2016-10-15,1,531.96000000,2016-10,1,0
1693813,2017-12-26,6,8535.39000000,2017-12,1,0
1693920,2019-06-27,1,230.76000000,2019-06,1,0
1694130,2016-08-20,3,6512.84000000,2016-08,1,0
1694135,2018-05-28,5,12604.93000000,2018-05,1,0
1694264,2019-01-20,3,7985.78000000,2019-01,1,1
1694314,2018-09-28,2,4189.92000000,2018-09,1,0
1694419,2017-12-19,6,21614.12000000,2017-12,1,0
1694565,2017-03-11,3,4962.00000000,2017-03,1,0
169470,2018-07-09,2,1317.00000000,2018-07,1,1
1694752,2019-09-03,3,9829.71000000,2019-09,1,1
1695804,2018-12-22,4,6116.74000000,2018-12,1,0
169633,2019-07-30,1,7249.44000000,2019-07,1,0
1696458,2020-10-10,1,539.90000000,2020-10,1,0
1696481,2018-02-03,2,1106.65000000,2018-02,1,0
1696508,2018-03-06,2,7961.49000000,2018-03,1,0
1696512,2019-07-04,1,2716.00000000,2019-07,1,0
1696695,2016-01-04,3,9858.03000000,2016-01,1,0
1696726,2017-10-05,3,1992.12000000,2017-10,1,0
1696748,2017-07-17,3,5892.41000000,2017-07,1,0
1697119,2019-06-15,1,339.39000000,2019-06,1,0
1697375,2019-01-07,4,11044.17000000,2019-01,1,0
1697467,2016-12-22,4,13766.62000000,2016-12,1,0
1697627,2019-05-29,2,2217.46000000,2019-05,1,0
1697711,2017-09-26,3,14015.86000000,2017-09,1,0
1697767,2018-09-27,2,7660.32000000,2018-09,1,0
1697895,2016-05-23,1,507.60000000,2016-05,1,0
1698033,2016-08-13,3,15050.35000000,2016-08,1,0
1698157,2016-02-16,1,889.95000000,2016-02,1,0
1698337,2017-12-02,1,8850.00000000,2017-12,1,0
1698496,2019-12-23,1,1908.53000000,2019-12,1,0
1698662,2017-07-25,3,6977.47000000,2017-07,1,1
1698828,2019-01-25,3,2388.98000000,2019-01,1,1
1698831,2016-08-29,1,329.85000000,2016-08,1,0
1698870,2016-08-22,1,2736.56000000,2016-08,1,0
1699027,2017-08-16,5,11611.11000000,2017-08,1,1
1699343,2019-12-29,1,251.94000000,2019-12,1,0
1699480,2016-02-24,5,1187.09000000,2016-02,1,0
1699570,2016-01-25,5,5508.87000000,2016-01,1,0
1700005,2016-09-13,2,6551.88000000,2016-09,1,0
1700023,2017-04-27,1,5307.97000000,2017-04,1,0
1700215,2018-10-18,3,7594.47000000,2018-10,1,0
1700598,2017-01-13,2,4089.78000000,2017-01,1,0
1700661,2019-09-28,2,3278.97000000,2019-09,1,0
170077,2018-10-03,2,4982.98000000,2018-10,1,0
1700848,2018-08-10,4,5038.35000000,2018-08,1,0
1701408,2019-08-06,1,1563.99000000,2019-08,1,0
1701609,2019-07-20,1,9810.55000000,2019-07,1,0
1701621,2017-12-16,2,1533.69000000,2017-12,1,0
1701624,2018-01-04,4,9771.02000000,2018-01,1,0
1702195,2020-07-08,1,108.15000000,2020-07,1,0
1702221,2016-05-02,9,61871.70000000,2016-05,1,0
1702256,2016-11-03,2,9654.98000000,2016-11,1,1
1702428,2016-12-21,2,7196.26000000,2016-12,1,0
1702622,2019-11-16,3,5374.92000000,2019-11,1,0
1702638,2016-06-21,2,5180.09000000,2016-06,1,0
1702792,2019-05-30,2,4544.00000000,2019-05,1,0
1702861,2020-01-17,1,2919.00000000,2020-01,1,0
1702898,2016-01-23,4,12649.96000000,2016-01,1,0
1702950,2018-04-30,5,4603.17000000,2018-04,1,0
1703670,2016-10-04,3,10863.75000000,2016-10,1,0
1703702,2019-06-12,1,1619.91000000,2019-06,1,0
1703807,2019-01-21,3,1613.74000000,2019-01,1,0
1703884,2018-08-25,3,3654.72000000,2018-08,1,0
1703974,2016-11-05,2,9121.40000000,2016-11,1,0
1704016,2020-06-02,1,296.00000000,2020-06,1,0
1704090,2019-01-26,1,1647.28000000,2019-01,1,0
1704092,2018-09-01,4,13050.70000000,2018-09,1,0
1704192,2019-01-26,2,1254.79000000,2019-01,1,0
1704194,2016-06-15,1,539.80000000,2016-06,1,0
1704454,2019-12-24,3,7269.98000000,2019-12,1,1
1704575,2019-06-04,1,4845.00000000,2019-06,1,0
170467,2019-11-02,1,7272.00000000,2019-11,1,0
1704715,2019-09-21,2,16682.94000000,2019-09,1,0
1705258,2020-02-15,1,201.10000000,2020-02,1,0
1705429,2019-11-30,1,1360.00000000,2019-11,1,0
1705560,2017-03-01,4,958.74000000,2017-03,1,0
1705952,2018-09-25,2,7626.00000000,2018-09,1,0
1706020,2016-10-22,2,8247.70000000,2016-10,1,0
1706247,2018-06-09,6,17033.32000000,2018-06,1,0
1706324,2018-05-02,3,5536.13000000,2018-05,1,0
1706428,2019-08-15,2,3268.78000000,2019-08,1,0
1706433,2019-05-13,3,5859.69000000,2019-05,1,0
1706457,2017-06-16,1,277.96000000,2017-06,1,0
1706633,2016-09-14,3,7725.29000000,2016-09,1,0
1706702,2016-12-21,2,8687.98000000,2016-12,1,0
1706860,2018-10-01,2,1068.14000000,2018-10,1,0
1706876,2018-09-13,1,1662.63000000,2018-09,1,0
1706908,2019-04-27,1,1317.96000000,2019-04,1,0
1706944,2017-12-07,2,9575.98000000,2017-12,1,0
1707121,2017-12-08,2,4647.00000000,2017-12,1,0
1707124,2017-02-20,2,2181.90000000,2017-02,1,0
1707755,2018-06-18,1,3280.00000000,2018-06,1,0
1707959,2017-04-28,2,681.52000000,2017-04,1,0
1708295,2016-12-28,2,1359.92000000,2016-12,1,0
1708493,2017-07-02,5,6466.97000000,2017-07,1,1
1708592,2019-02-22,1,2575.00000000,2019-02,1,0
1708668,2020-02-05,1,624.00000000,2020-02,1,0
1709345,2020-02-27,1,579.98000000,2020-02,1,0
1709993,2019-05-04,3,2768.77000000,2019-05,1,1
171030,2019-05-18,1,416.00000000,2019-05,1,0
1710315,2018-06-07,1,2537.00000000,2018-06,1,0
1710320,2019-04-30,2,2085.66000000,2019-04,1,0
1710324,2017-05-13,3,5725.88000000,2017-05,1,0
1710583,2018-03-10,2,2091.85000000,2018-03,1,0
1710657,2018-05-16,2,1375.99000000,2018-05,1,0
1711010,2016-12-14,3,4495.96000000,2016-12,1,0
1711283,2016-03-08,4,2457.78000000,2016-03,1,0
1711488,2019-12-21,3,4919.99000000,2019-12,1,1
1711599,2018-12-22,3,7214.67000000,2018-12,1,0
1711949,2019-11-14,1,354.00000000,2019-11,1,0
1712116,2017-08-28,3,15135.39000000,2017-08,1,0
171237,2020-01-23,1,599.00000000,2020-01,1,0
1712404,2019-12-21,1,45.77000000,2019-12,1,0
171253,2019-02-04,2,778.96000000,2019-02,1,1
1712795,2018-06-06,2,3622.33000000,2018-06,1,0
1712868,2018-10-27,1,1464.00000000,2018-10,1,0
1713253,2016-01-02,1,15367.00000000,2016-01,1,0
1713326,2019-11-18,2,14282.17000000,2019-11,1,0
1713539,2016-03-10,2,1338.00000000,2016-03,1,0
1713595,2017-01-18,2,2038.15000000,2017-01,1,0
1713837,2019-10-19,1,2768.50000000,2019-10,1,0
1713848,2018-12-22,4,9033.49000000,2018-12,1,0
1713898,2018-05-11,3,1313.55000000,2018-05,1,0
1713950,2017-06-30,4,9381.14000000,2017-06,1,0
1714238,2017-05-22,2,7208.51000000,2017-05,1,0
1714276,2017-11-21,4,6211.07000000,2017-11,1,0
1714301,2016-10-19,1,2258.00000000,2016-10,1,0
1714346,2019-11-08,2,2288.98000000,2019-11,1,0
1714451,2016-01-30,2,3439.77000000,2016-01,1,0
1714587,2017-02-01,3,6320.79000000,2017-02,1,0
1714594,2018-02-24,2,7800.90000000,2018-02,1,0
1714697,2018-12-04,1,3283.99000000,2018-12,1,0
1714835,2019-02-23,1,4657.80000000,2019-02,1,0
1714946,2016-12-14,4,16358.55000000,2016-12,1,0
1715326,2018-03-12,8,7273.93000000,2018-03,1,0
1715354,2018-12-26,1,1614.00000000,2018-12,1,0
1715386,2017-09-21,1,9245.76000000,2017-09,1,0
1715553,2017-01-21,2,4950.55000000,2017-01,1,0
1715693,2020-01-03,2,913.89000000,2020-01,1,1
1716160,2019-12-28,3,8057.98000000,2019-12,1,1
1716246,2020-03-05,1,1091.62000000,2020-03,1,0
1716357,2016-08-10,7,18913.99000000,2016-08,1,1
1716379,2020-05-15,1,704.75000000,2020-05,1,0
1716435,2016-02-27,2,8744.26000000,2016-02,1,0
1716470,2018-01-29,1,2503.47000000,2018-01,1,0
1716510,2019-04-30,1,1647.85000000,2019-04,1,0
1716565,2016-02-12,3,8469.16000000,2016-02,1,0
1716584,2016-01-06,1,213.57000000,2016-01,1,0
1716647,2019-05-30,3,11396.73000000,2019-05,1,0
1716821,2019-02-25,1,1116.94000000,2019-02,1,0
1716827,2020-01-17,1,5233.16000000,2020-01,1,0
1716962,2016-12-10,1,12.66000000,2016-12,1,0
1717167,2017-10-28,4,11859.91000000,2017-10,1,0
1717242,2019-01-05,2,91.45000000,2019-01,1,0
1717593,2016-09-12,3,9876.50000000,2016-09,1,0
1717637,2018-08-20,4,6812.19000000,2018-08,1,1
1717650,2018-01-12,4,5136.76000000,2018-01,1,0
1717932,2017-06-14,1,9609.97000000,2017-06,1,0
1717991,2017-02-14,6,8421.58000000,2017-02,1,0
1718030,2018-09-17,3,1887.46000000,2018-09,1,1
1718031,2019-02-12,2,1834.07000000,2019-02,1,0
1718194,2018-08-03,5,25551.53000000,2018-08,1,0
1718240,2016-01-07,6,9385.93000000,2016-01,1,0
1718289,2017-07-03,3,3153.71000000,2017-07,1,0
1718303,2019-07-15,2,186.88000000,2019-07,1,0
1718597,2016-06-07,4,6997.27000000,2016-06,1,0
1718821,2019-01-24,1,4958.97000000,2019-01,1,0
1718920,2018-02-25,3,3415.42000000,2018-02,1,0
1719466,2018-08-07,1,747.99000000,2018-08,1,0
1719541,2018-08-14,2,409.89000000,2018-08,1,1
1719596,2019-02-15,2,2590.49000000,2019-02,1,0
1719777,2016-06-10,2,3219.45000000,2016-06,1,0
1719794,2018-03-09,9,15021.16000000,2018-03,1,1
1719829,2017-03-09,1,1184.97000000,2017-03,1,0
1719849,2017-02-22,2,4572.12000000,2017-02,1,0
1719990,2019-09-24,3,2012.72000000,2019-09,1,1
1720025,2019-02-12,2,4088.50000000,2019-02,1,1
1720029,2017-01-30,3,25063.53000000,2017-01,1,0
1720050,2016-01-20,2,1426.51000000,2016-01,1,0
1720112,2018-05-17,1,1749.00000000,2018-05,1,0
1720405,2019-01-01,3,3583.25000000,2019-01,1,0
1720475,2021-02-19,1,190.00000000,2021-02,0,0
1720870,2019-07-20,1,269.00000000,2019-07,1,0
1720942,2019-09-13,2,6614.50000000,2019-09,1,1
1720965,2018-11-29,1,2096.65000000,2018-11,1,0
1721037,2019-12-06,2,3520.37000000,2019-12,1,1
1721080,2019-07-06,1,1292.72000000,2019-07,1,0
1721634,2019-01-30,4,7639.39000000,2019-01,1,0
1721961,2017-06-24,4,4285.89000000,2017-06,1,0
1722159,2020-01-14,1,624.00000000,2020-01,1,0
1722247,2018-01-24,3,13386.09000000,2018-01,1,0
1722271,2016-03-12,3,4624.19000000,2016-03,1,0
1722330,2017-02-16,2,3822.40000000,2017-02,1,1
1722337,2017-09-21,3,6537.85000000,2017-09,1,0
1722524,2017-08-26,3,2254.45000000,2017-08,1,0
1722764,2016-11-09,3,4660.25000000,2016-11,1,0
1722802,2016-12-14,5,14419.15000000,2016-12,1,0
1722880,2018-09-27,3,9062.22000000,2018-09,1,0
1722993,2018-10-18,1,6222.40000000,2018-10,1,0
1723103,2019-05-29,4,1788.84000000,2019-05,1,1
1723161,2020-02-06,1,115.76000000,2020-02,1,0
1723332,2019-02-12,1,9523.00000000,2019-02,1,0
1723372,2017-05-04,3,4826.66000000,2017-05,1,0
1723530,2016-10-03,6,11538.93000000,2016-10,1,0
1723864,2019-05-17,2,8201.58000000,2019-05,1,0
172387,2019-07-12,1,570.97000000,2019-07,1,0
1724062,2018-02-16,4,9558.17000000,2018-02,1,0
1724286,2018-07-14,2,10224.34000000,2018-07,1,0
1724519,2020-11-28,1,17364.95000000,2020-11,0,0
1724660,2016-05-21,2,13857.89000000,2016-05,1,0
1724776,2017-02-17,4,7945.92000000,2017-02,1,0
1724782,2017-03-16,6,19861.93000000,2017-03,1,0
1724786,2018-07-07,3,2444.01000000,2018-07,1,0
1724799,2017-09-16,3,2614.58000000,2017-09,1,0
1724829,2016-01-27,3,7275.92000000,2016-01,1,0
1725488,2016-12-31,3,3407.00000000,2016-12,1,0
1725975,2016-02-23,2,1090.05000000,2016-02,1,0
1726473,2019-07-30,1,530.90000000,2019-07,1,0
1726826,2019-01-08,1,936.00000000,2019-01,1,0
1727024,2020-01-15,2,215.89000000,2020-01,1,1
1727049,2018-12-31,2,3724.97000000,2018-12,1,0
1727268,2019-06-06,1,1071.80000000,2019-06,1,0
1727550,2018-11-22,2,2908.10000000,2018-11,1,0
1727561,2018-07-12,3,12927.00000000,2018-07,1,0
1727572,2020-02-19,1,4362.86000000,2020-02,1,0
1727849,2018-02-10,4,23732.70000000,2018-02,1,0
1728060,2017-12-05,5,3144.55000000,2017-12,1,0
1728275,2017-10-24,2,2309.18000000,2017-10,1,1
1728306,2017-10-04,2,7741.80000000,2017-10,1,0
1728581,2017-01-09,4,22953.37000000,2017-01,1,0
1728981,2019-07-15,1,9001.64000000,2019-07,1,0
1729134,2018-08-22,1,3262.65000000,2018-08,1,0
1729199,2017-10-25,2,6704.52000000,2017-10,1,0
1729213,2017-01-03,1,296.00000000,2017-01,1,0
1729347,2016-06-13,4,9627.70000000,2016-06,1,0
1729473,2019-12-03,2,2072.45000000,2019-12,1,0
1729484,2018-05-07,4,7232.28000000,2018-05,1,0
1729535,2019-10-21,1,4369.30000000,2019-10,1,0
1729563,2020-02-24,1,4317.48000000,2020-02,1,0
1729878,2016-03-07,6,2277.13000000,2016-03,1,0
1730084,2017-08-01,4,8360.80000000,2017-08,1,0
1730127,2017-12-16,4,6473.66000000,2017-12,1,0
1730150,2018-05-24,1,736.40000000,2018-05,1,0
1730190,2018-01-06,2,2024.88000000,2018-01,1,0
1730210,2016-01-23,1,56.99000000,2016-01,1,0
1730391,2017-07-18,7,13126.76000000,2017-07,1,0
1730479,2016-02-06,4,19479.61000000,2016-02,1,0
1730522,2018-07-10,2,2657.89000000,2018-07,1,1
1730966,2017-12-15,5,20589.69000000,2017-12,1,0
1730985,2016-01-02,1,3967.00000000,2016-01,1,0
1731008,2018-07-17,1,1176.97000000,2018-07,1,0
1731452,2018-12-29,2,5846.00000000,2018-12,1,0
1731467,2018-11-15,2,3743.00000000,2018-11,1,0
1731694,2020-02-19,1,5937.99000000,2020-02,1,0
1731696,2018-02-22,2,2159.78000000,2018-02,1,0
1732017,2016-08-26,1,329.97000000,2016-08,1,0
1732048,2017-09-19,1,179.99000000,2017-09,1,0
1732121,2017-12-27,2,4249.76000000,2017-12,1,0
1732250,2016-10-17,1,526.00000000,2016-10,1,0
1732258,2017-11-08,1,992.00000000,2017-11,1,0
173245,2019-11-09,1,484.94000000,2019-11,1,0
1732455,2018-10-03,1,4117.20000000,2018-10,1,0
1732554,2019-08-31,1,1257.80000000,2019-08,1,0
1732613,2019-10-26,2,3064.96000000,2019-10,1,0
1732661,2016-02-26,3,691.79000000,2016-02,1,0
1732784,2018-11-22,3,6390.29000000,2018-11,1,0
1732890,2020-01-23,1,1857.00000000,2020-01,1,0
1733137,2018-10-31,2,3383.94000000,2018-10,1,0
1733373,2017-11-29,1,345.00000000,2017-11,1,0
1733399,2018-11-30,2,5242.99000000,2018-11,1,0
1733897,2017-06-09,4,5250.90000000,2017-06,1,0
1733927,2016-08-31,3,6257.76000000,2016-08,1,0
1734698,2016-12-07,7,7809.87000000,2016-12,1,1
1734732,2018-08-26,1,407.92000000,2018-08,1,0
1735123,2020-06-17,1,257.94000000,2020-06,1,0
1735125,2018-06-21,2,5554.32000000,2018-06,1,0
1735139,2018-07-14,2,687.99000000,2018-07,1,0
1735191,2017-12-27,4,10810.66000000,2017-12,1,0
1735272,2017-12-20,2,1546.89000000,2017-12,1,0
1735341,2018-02-02,3,1010.82000000,2018-02,1,0
1735668,2017-12-28,3,4322.90000000,2017-12,1,0
1735845,2017-09-23,2,1853.03000000,2017-09,1,0
1736019,2016-01-29,3,2996.12000000,2016-01,1,0
1736139,2016-06-17,6,28425.35000000,2016-06,1,0
1736140,2016-03-05,1,1815.49000000,2016-03,1,0
1736495,2018-05-11,2,6633.96000000,2018-05,1,1
1736536,2017-05-24,3,1190.98000000,2017-05,1,0
1736614,2018-05-15,3,1355.95000000,2018-05,1,0
1736623,2016-01-02,7,7412.59000000,2016-01,1,0
1736630,2019-05-30,1,238.02000000,2019-05,1,0
1737038,2016-08-06,2,1574.01000000,2016-08,1,0
1737226,2016-02-17,2,3678.49000000,2016-02,1,0
1737326,2017-06-12,2,9883.38000000,2017-06,1,0
1737466,2017-12-11,8,4816.97000000,2017-12,1,0
1737591,2017-12-16,4,7973.28000000,2017-12,1,0
1737854,2017-07-19,3,6514.56000000,2017-07,1,0
1737921,2016-03-01,4,2908.64000000,2016-03,1,0
1738064,2017-01-17,5,5694.88000000,2017-01,1,0
1738243,2017-02-25,3,2640.60000000,2017-02,1,0
1738306,2018-03-14,3,16943.33000000,2018-03,1,0
1738341,2019-07-15,2,2889.79000000,2019-07,1,0
1738345,2020-01-17,2,5012.23000000,2020-01,1,0
1738514,2017-11-25,1,51.00000000,2017-11,1,0
1738542,2017-12-30,1,1135.35000000,2017-12,1,0
1738685,2017-12-23,2,21538.94000000,2017-12,1,0
1738763,2017-07-22,2,6973.93000000,2017-07,1,1
1739377,2017-10-17,5,3859.38000000,2017-10,1,0
1739383,2019-06-08,1,147.00000000,2019-06,1,0
1739969,2019-06-06,2,10967.08000000,2019-06,1,0
1739983,2017-02-07,6,4490.61000000,2017-02,1,0
1739992,2017-12-14,4,4226.42000000,2017-12,1,0
1740013,2020-01-11,3,5154.25000000,2020-01,1,1
1740312,2019-11-15,1,3243.40000000,2019-11,1,0
1740334,2021-01-19,1,2334.08000000,2021-01,0,0
1740766,2018-09-15,4,2594.42000000,2018-09,1,0
1740840,2017-09-14,2,870.40000000,2017-09,1,0
1740873,2019-02-09,4,9960.32000000,2019-02,1,0
1741021,2018-05-12,3,1778.45000000,2018-05,1,0
17412,2018-05-15,3,2083.31000000,2018-05,1,0
1741351,2017-06-10,6,7576.87000000,2017-06,1,0
1741571,2019-01-10,3,4171.95000000,2019-01,1,0
1741581,2019-09-15,2,4266.99000000,2019-09,1,1
174176,2018-06-19,4,3702.07000000,2018-06,1,0
1741944,2018-09-04,1,2995.98000000,2018-09,1,0
1742077,2018-09-07,2,859.69000000,2018-09,1,0
1742088,2018-12-13,4,5739.26000000,2018-12,1,0
1742261,2019-07-10,2,805.96000000,2019-07,1,0
1742326,2017-12-01,2,2650.00000000,2017-12,1,0
1742432,2019-03-07,1,77.68000000,2019-03,1,0
1742438,2016-06-03,1,5516.99000000,2016-06,1,0
1742626,2020-02-01,1,2252.71000000,2020-02,1,0
1742787,2018-05-09,1,5208.93000000,2018-05,1,0
1742913,2020-02-22,1,132.99000000,2020-02,1,0
1743080,2016-08-19,3,13652.01000000,2016-08,1,0
1743083,2016-09-03,2,2795.98000000,2016-09,1,0
1743133,2016-06-29,3,4688.37000000,2016-06,1,0
1743422,2020-12-01,2,361.36000000,2020-12,0,0
1743547,2021-02-18,1,21.57000000,2021-02,0,0
1744031,2019-06-29,3,10972.24000000,2019-06,1,1
1744333,2018-01-24,1,297.68000000,2018-01,1,0
1744383,2019-10-12,1,349.00000000,2019-10,1,0
1744411,2018-03-09,1,119.98000000,2018-03,1,0
1744437,2016-12-22,3,1718.97000000,2016-12,1,0
1745076,2016-03-05,7,12914.28000000,2016-03,1,0
1745111,2019-02-13,4,7686.68000000,2019-02,1,1
1745187,2016-02-18,3,8180.58000000,2016-02,1,0
1745222,2018-12-31,2,892.87000000,2018-12,1,0
1745312,2018-06-27,4,10380.52000000,2018-06,1,0
1745379,2017-08-22,5,10819.95000000,2017-08,1,0
1745497,2018-06-09,3,10948.52000000,2018-06,1,0
1745820,2018-07-14,3,6287.51000000,2018-07,1,0
1745966,2018-11-23,2,2940.50000000,2018-11,1,1
1746184,2016-09-01,3,3229.04000000,2016-09,1,0
174622,2016-01-09,2,809.42000000,2016-01,1,0
1746251,2017-02-08,3,6943.87000000,2017-02,1,0
1746274,2018-04-28,2,10983.98000000,2018-04,1,0
1746364,2017-01-03,4,13518.30000000,2017-01,1,0
1746527,2019-02-28,3,12017.64000000,2019-02,1,0
1747015,2016-02-13,5,3889.85000000,2016-02,1,0
1747078,2018-06-23,3,7394.93000000,2018-06,1,1
1747611,2020-02-14,2,3089.56000000,2020-02,1,0
1748140,2017-03-02,4,11705.97000000,2017-03,1,0
174819,2019-05-25,1,3669.98000000,2019-05,1,0
1748309,2019-10-05,1,749.95000000,2019-10,1,0
1748312,2019-01-10,4,9209.31000000,2019-01,1,0
1748682,2019-02-27,2,9239.87000000,2019-02,1,0
1749088,2019-02-18,4,2020.08000000,2019-02,1,0
1749144,2016-05-04,1,642.00000000,2016-05,1,0
1749145,2018-12-01,1,408.00000000,2018-12,1,0
1749157,2018-02-24,3,16761.85000000,2018-02,1,0
1749311,2017-12-23,2,1748.83000000,2017-12,1,0
1749380,2016-02-18,3,667.79000000,2016-02,1,0
1749542,2018-02-13,4,8047.28000000,2018-02,1,0
1749596,2019-12-10,1,28.00000000,2019-12,1,0
1750109,2020-03-12,1,2029.76000000,2020-03,1,0
1750142,2019-06-07,2,12141.06000000,2019-06,1,1
1750248,2016-05-20,2,817.92000000,2016-05,1,0
1750322,2020-01-03,1,529.00000000,2020-01,1,0
1750451,2019-03-01,1,5097.66000000,2019-03,1,0
1750513,2018-02-14,6,7628.87000000,2018-02,1,0
1750528,2018-01-04,4,2324.42000000,2018-01,1,0
1750554,2016-01-08,2,14888.42000000,2016-01,1,0
1750735,2020-04-28,1,2059.98000000,2020-04,1,0
1751015,2018-05-26,2,9068.25000000,2018-05,1,0
1751091,2016-09-13,5,10109.36000000,2016-09,1,0
1751123,2019-06-20,3,3565.71000000,2019-06,1,1
1751553,2019-10-24,1,69.00000000,2019-10,1,0
1751728,2020-12-18,1,258.00000000,2020-12,0,0
175184,2018-09-05,1,659.94000000,2018-09,1,0
1751918,2019-02-01,1,84.00000000,2019-02,1,0
1752012,2018-12-12,3,4507.92000000,2018-12,1,0
1752287,2017-01-02,2,815.64000000,2017-01,1,0
1752382,2017-09-30,1,1763.99000000,2017-09,1,0
1752592,2018-08-29,2,2210.95000000,2018-08,1,0
1752596,2017-02-23,1,835.00000000,2017-02,1,0
1752797,2017-02-08,2,2397.05000000,2017-02,1,0
1752811,2019-10-03,1,477.98000000,2019-10,1,0
175282,2016-10-22,2,2145.88000000,2016-10,1,0
1753006,2016-08-29,1,1122.81000000,2016-08,1,0
1753015,2018-07-14,6,5287.71000000,2018-07,1,0
175310,2020-05-26,1,1567.34000000,2020-05,1,0
1753324,2017-11-01,1,399.90000000,2017-11,1,0
1753601,2017-05-06,2,14011.93000000,2017-05,1,0
1754112,2017-12-23,3,6680.10000000,2017-12,1,0
1754192,2018-12-22,3,4271.13000000,2018-12,1,1
1754205,2018-09-25,3,9491.22000000,2018-09,1,1
1754312,2018-02-12,3,3764.65000000,2018-02,1,0
1754382,2018-09-22,3,2041.18000000,2018-09,1,0
1754483,2019-09-13,2,293.76000000,2019-09,1,0
1754573,2017-01-12,1,5354.58000000,2017-01,1,0
1754849,2018-12-27,3,3317.38000000,2018-12,1,0
1754919,2016-08-17,1,1099.75000000,2016-08,1,0
1755082,2020-12-12,1,28.00000000,2020-12,0,0
1755084,2016-08-11,1,3639.61000000,2016-08,1,0
175556,2019-07-25,1,817.94000000,2019-07,1,0
1755623,2018-12-19,2,2056.00000000,2018-12,1,0
1755730,2016-07-21,2,5825.94000000,2016-07,1,0
1755769,2018-10-06,1,579.00000000,2018-10,1,0
1755781,2018-07-03,4,16987.73000000,2018-07,1,0
1755993,2019-10-26,2,8935.90000000,2019-10,1,0
1756027,2018-01-17,3,19542.46000000,2018-01,1,0
1756123,2016-10-01,5,15390.23000000,2016-10,1,0
1756154,2016-03-12,2,3898.90000000,2016-03,1,0
1756245,2017-01-18,6,8356.59000000,2017-01,1,0
1756332,2018-02-01,2,5699.52000000,2018-02,1,0
1756350,2016-10-27,3,5532.86000000,2016-10,1,0
1756364,2017-08-25,4,21670.61000000,2017-08,1,0
1756681,2018-07-16,4,7993.38000000,2018-07,1,0
1756709,2018-10-13,2,3863.01000000,2018-10,1,1
1756761,2017-05-31,1,115.00000000,2017-05,1,0
1756921,2020-12-15,1,638.96000000,2020-12,0,0
175741,2019-08-24,1,220.90000000,2019-08,1,0
1757500,2017-02-09,2,5285.87000000,2017-02,1,0
1757539,2019-01-19,2,3825.20000000,2019-01,1,0
1757948,2020-07-08,1,1468.90000000,2020-07,1,0
1758051,2016-09-10,1,5528.90000000,2016-09,1,0
1758053,2019-05-01,2,7209.48000000,2019-05,1,0
1758208,2016-01-09,2,902.95000000,2016-01,1,0
1758240,2019-11-09,1,349.92000000,2019-11,1,0
1758421,2018-06-15,4,2381.59000000,2018-06,1,1
1758439,2017-05-20,2,8946.69000000,2017-05,1,0
1758999,2018-03-05,1,11378.00000000,2018-03,1,0
1759717,2018-06-16,3,3042.70000000,2018-06,1,0
1759870,2019-05-07,1,1234.76000000,2019-05,1,0
1760076,2017-11-15,6,27502.48000000,2017-11,1,0
1760131,2019-06-20,2,235.23000000,2019-06,1,0
1760136,2017-01-04,3,6149.91000000,2017-01,1,0
1760369,2018-02-21,1,4439.35000000,2018-02,1,0
1760929,2016-07-21,3,10971.57000000,2016-07,1,0
1761007,2018-09-27,2,782.18000000,2018-09,1,0
1761079,2017-01-16,3,3289.57000000,2017-01,1,0
1761462,2016-02-02,1,5588.14000000,2016-02,1,0
1761592,2019-12-19,5,13401.71000000,2019-12,1,1
1761910,2018-07-16,3,7779.50000000,2018-07,1,0
1762395,2017-07-10,2,5526.76000000,2017-07,1,0
1762396,2016-06-15,2,3901.92000000,2016-06,1,0
1762467,2018-11-15,5,4670.33000000,2018-11,1,0
1762532,2019-01-10,1,5442.00000000,2019-01,1,0
1762564,2016-03-08,2,3715.50000000,2016-03,1,0
1763016,2019-02-21,7,4225.17000000,2019-02,1,0
1763082,2016-10-17,4,7453.39000000,2016-10,1,0
176310,2019-07-19,1,101.34000000,2019-07,1,0
1763268,2016-05-31,2,1768.73000000,2016-05,1,0
1763365,2016-01-08,5,8941.67000000,2016-01,1,0
1763456,2018-08-09,2,5058.13000000,2018-08,1,0
1763514,2018-01-16,2,3756.88000000,2018-01,1,0
1763642,2016-02-06,6,19734.21000000,2016-02,1,0
1763841,2017-12-20,1,2088.99000000,2017-12,1,0
1764107,2018-03-14,1,859.83000000,2018-03,1,0
1764261,2019-05-01,1,312.00000000,2019-05,1,0
1764444,2018-11-20,5,7208.61000000,2018-11,1,1
1764577,2019-07-09,1,2123.94000000,2019-07,1,0
1764598,2019-12-17,1,937.99000000,2019-12,1,0
1764911,2018-12-14,2,3792.91000000,2018-12,1,0
1764995,2018-02-23,4,16878.11000000,2018-02,1,0
1765105,2018-07-20,2,2011.43000000,2018-07,1,0
176531,2019-02-22,1,539.90000000,2019-02,1,0
1765324,2016-01-28,4,11768.82000000,2016-01,1,0
1765346,2019-06-27,1,99.00000000,2019-06,1,0
1765360,2017-02-16,6,6367.95000000,2017-02,1,0
1765384,2017-02-17,3,8640.98000000,2017-02,1,0
1765579,2016-01-28,1,94.99000000,2016-01,1,0
1765634,2016-09-09,2,20297.00000000,2016-09,1,0
1765668,2018-08-21,3,14785.68000000,2018-08,1,1
1765862,2019-10-12,3,4278.00000000,2019-10,1,1
1765910,2017-02-25,3,5988.66000000,2017-02,1,1
1765915,2017-02-11,3,7835.40000000,2017-02,1,0
1765917,2018-10-02,1,4615.34000000,2018-10,1,0
1766136,2019-09-28,1,567.67000000,2019-09,1,0
1766407,2017-02-08,1,623.78000000,2017-02,1,0
1766504,2016-09-10,1,15501.96000000,2016-09,1,0
1766556,2019-02-25,1,1156.88000000,2019-02,1,0
1766887,2017-09-02,3,19543.49000000,2017-09,1,0
1766951,2019-01-08,2,2187.00000000,2019-01,1,0
1767101,2019-01-31,1,2273.92000000,2019-01,1,0
1767210,2017-07-15,1,3672.35000000,2017-07,1,0
1767377,2017-07-13,3,4394.27000000,2017-07,1,0
1767588,2019-07-06,1,1223.06000000,2019-07,1,0
1767794,2016-09-01,3,6197.91000000,2016-09,1,0
1767848,2018-07-12,1,1873.76000000,2018-07,1,0
1767858,2017-09-18,3,24046.99000000,2017-09,1,0
176800,2017-10-06,1,1281.67000000,2017-10,1,0
1768079,2018-02-07,2,4669.93000000,2018-02,1,0
176813,2017-10-19,1,1347.14000000,2017-10,1,0
1768180,2017-07-22,3,4525.09000000,2017-07,1,0
1768281,2020-10-31,1,460.00000000,2020-10,1,0
1768548,2016-01-18,2,798.22000000,2016-01,1,0
1768600,2019-02-15,1,12808.50000000,2019-02,1,0
1768779,2018-03-06,3,4268.05000000,2018-03,1,0
1768999,2018-08-25,1,1677.00000000,2018-08,1,0
1769156,2017-02-25,2,10345.00000000,2017-02,1,0
1769294,2019-06-26,2,1128.79000000,2019-06,1,0
1769400,2019-02-19,2,4000.22000000,2019-02,1,0
1770021,2019-07-06,4,8139.10000000,2019-07,1,1
1770119,2020-10-14,1,4399.39000000,2020-10,1,0
1770393,2019-05-19,2,118.87000000,2019-05,1,0
1770405,2019-08-05,2,6491.92000000,2019-08,1,0
1770497,2017-11-04,3,6543.98000000,2017-11,1,1
1770572,2016-12-28,1,380.70000000,2016-12,1,0
1771027,2016-09-29,2,1893.66000000,2016-09,1,0
1771171,2018-12-10,3,2169.33000000,2018-12,1,0
1771225,2017-05-23,4,17716.69000000,2017-05,1,0
1771228,2020-01-22,2,5266.42000000,2020-01,1,1
1771296,2016-02-18,2,13135.18000000,2016-02,1,0
1771430,2016-05-19,4,1304.33000000,2016-05,1,0
1771687,2019-10-23,1,16306.00000000,2019-10,1,0
1772294,2019-04-25,1,975.82000000,2019-04,1,0
177231,2017-05-05,1,1319.70000000,2017-05,1,0
1772324,2017-11-09,3,3256.99000000,2017-11,1,1
1772502,2017-02-11,3,2149.28000000,2017-02,1,0
1772543,2016-09-17,2,2905.48000000,2016-09,1,0
1772750,2019-12-04,1,3061.11000000,2019-12,1,0
1772778,2018-12-29,5,7544.40000000,2018-12,1,1
1772938,2018-12-18,1,2105.64000000,2018-12,1,0
1773061,2019-02-03,4,6409.95000000,2019-02,1,0
1773266,2017-12-31,1,3406.55000000,2017-12,1,0
1773702,2017-10-24,2,8041.04000000,2017-10,1,0
1773883,2020-02-12,1,2254.97000000,2020-02,1,0
1773985,2017-09-13,3,7501.85000000,2017-09,1,0
1774119,2016-02-05,3,2393.95000000,2016-02,1,0
1774187,2019-08-03,2,8297.00000000,2019-08,1,1
1774947,2019-05-30,1,255.00000000,2019-05,1,0
1775004,2019-09-06,1,2373.00000000,2019-09,1,0
1775251,2020-01-23,1,504.00000000,2020-01,1,0
1775279,2016-08-03,1,1608.91000000,2016-08,1,0
1775355,2017-06-07,3,1704.98000000,2017-06,1,0
1775445,2017-10-03,3,7728.60000000,2017-10,1,0
1775632,2019-02-25,1,22.89000000,2019-02,1,0
1775819,2016-01-21,4,7137.76000000,2016-01,1,0
1775846,2019-12-12,1,312.00000000,2019-12,1,0
1776672,2017-02-23,4,8880.08000000,2017-02,1,0
177687,2019-11-09,1,2191.97000000,2019-11,1,0
1776919,2017-06-08,2,1394.72000000,2017-06,1,1
1777022,2016-12-23,5,6636.17000000,2016-12,1,0
1777025,2019-09-06,2,2988.71000000,2019-09,1,0
1777218,2016-12-30,4,7396.41000000,2016-12,1,1
1777562,2018-06-24,1,1661.85000000,2018-06,1,0
1777744,2018-07-02,3,5858.65000000,2018-07,1,0
1777880,2017-10-03,2,6827.97000000,2017-10,1,0
1777945,2018-07-06,2,590.70000000,2018-07,1,0
1778037,2017-12-21,1,1340.00000000,2017-12,1,0
1778116,2017-11-22,2,679.98000000,2017-11,1,0
1778182,2019-06-20,1,501.96000000,2019-06,1,0
1778282,2016-08-30,3,12817.61000000,2016-08,1,0
1778294,2018-11-01,2,1371.34000000,2018-11,1,0
1778317,2019-10-26,3,3377.52000000,2019-10,1,0
1778440,2017-10-26,5,14921.93000000,2017-10,1,0
1778475,2019-12-21,1,1868.08000000,2019-12,1,0
1778536,2016-03-08,4,8606.91000000,2016-03,1,0
1778618,2018-08-17,3,22932.88000000,2018-08,1,0
1778793,2018-10-05,1,2672.81000000,2018-10,1,0
1778966,2020-02-18,1,59.99000000,2020-02,1,0
1779456,2019-11-21,1,4132.97000000,2019-11,1,0
1779533,2018-07-05,4,5170.46000000,2018-07,1,0
1779637,2019-02-22,3,3847.03000000,2019-02,1,0
177969,2020-05-09,1,6559.71000000,2020-05,1,0
1779884,2018-08-18,1,898.99000000,2018-08,1,0
1780040,2017-09-05,4,32975.15000000,2017-09,1,0
1780047,2017-02-22,2,1158.97000000,2017-02,1,0
1780125,2017-01-14,3,6834.02000000,2017-01,1,0
1780196,2019-01-02,1,1668.04000000,2019-01,1,0
1780221,2016-12-31,5,4492.93000000,2016-12,1,0
1780342,2020-06-04,1,298.95000000,2020-06,1,0
1780349,2017-12-26,3,5735.42000000,2017-12,1,0
1780459,2018-05-16,2,4319.32000000,2018-05,1,0
1780660,2017-01-03,1,1184.97000000,2017-01,1,0
1780669,2016-01-05,4,27359.55000000,2016-01,1,0
1780687,2017-02-27,3,7096.04000000,2017-02,1,0
1780707,2017-06-03,2,5426.00000000,2017-06,1,0
1781002,2017-09-13,1,5036.98000000,2017-09,1,0
1781033,2016-08-23,4,9798.28000000,2016-08,1,0
17811,2018-12-20,1,2727.20000000,2018-12,1,0
178133,2016-12-13,2,1184.65000000,2016-12,1,0
1781366,2016-06-18,1,6922.66000000,2016-06,1,0
1781561,2017-12-23,3,1944.26000000,2017-12,1,0
1781953,2019-01-04,4,4908.17000000,2019-01,1,1
1782074,2018-12-15,5,9639.77000000,2018-12,1,0
1782076,2016-02-24,1,3668.00000000,2016-02,1,0
1782301,2019-08-10,3,5579.53000000,2019-08,1,1
1782404,2019-03-09,1,16.50000000,2019-03,1,0
1782452,2016-08-11,4,11993.90000000,2016-08,1,0
178265,2018-12-19,1,701.97000000,2018-12,1,0
1782682,2018-05-30,4,13309.09000000,2018-05,1,0
178302,2018-12-05,2,1550.86000000,2018-12,1,0
1783167,2016-12-30,4,6300.46000000,2016-12,1,0
1783253,2018-09-03,2,1653.94000000,2018-09,1,0
1783443,2018-06-16,4,6821.72000000,2018-06,1,1
1783597,2017-01-10,3,3514.74000000,2017-01,1,0
1783631,2018-02-13,3,5336.57000000,2018-02,1,0
1783789,2019-02-16,1,2082.80000000,2019-02,1,0
1783995,2017-08-19,2,3097.00000000,2017-08,1,0
1783996,2017-11-16,3,5090.57000000,2017-11,1,1
1784345,2016-11-24,1,7734.00000000,2016-11,1,0
1784417,2019-09-28,2,2486.31000000,2019-09,1,0
1784511,2018-11-10,1,2494.18000000,2018-11,1,0
1784517,2017-12-29,5,7041.93000000,2017-12,1,0
1784567,2019-12-26,2,386.89000000,2019-12,1,0
1784590,2016-05-31,3,4626.46000000,2016-05,1,0
1784636,2019-09-03,2,1284.45000000,2019-09,1,0
1784986,2018-02-20,4,3148.17000000,2018-02,1,0
1785081,2019-05-02,1,88.62000000,2019-05,1,0
1785366,2019-06-26,1,519.98000000,2019-06,1,0
1785567,2017-10-20,6,8898.19000000,2017-10,1,0
1785644,2018-12-01,7,11769.99000000,2018-12,1,1
1785720,2017-10-05,3,3098.94000000,2017-10,1,1
1785735,2017-05-11,4,8212.84000000,2017-05,1,1
1785853,2016-09-09,3,3926.98000000,2016-09,1,0
1785982,2016-12-23,3,7345.50000000,2016-12,1,0
178612,2020-05-21,1,140.97000000,2020-05,1,0
1787415,2016-02-05,2,5535.97000000,2016-02,1,0
1787494,2016-08-24,1,1148.97000000,2016-08,1,0
178780,2018-12-20,2,5225.88000000,2018-12,1,0
1788027,2019-11-05,1,1582.00000000,2019-11,1,0
1788149,2018-12-13,2,13119.74000000,2018-12,1,0
1788303,2017-03-17,1,3766.00000000,2017-03,1,0
1788365,2016-05-09,3,1484.76000000,2016-05,1,0
1788641,2017-10-24,4,15433.33000000,2017-10,1,0
1788837,2019-02-16,2,7613.43000000,2019-02,1,0
1788888,2016-02-12,2,6997.84000000,2016-02,1,0
1789606,2018-02-12,3,5009.96000000,2018-02,1,0
1789699,2016-02-22,6,19728.64000000,2016-02,1,0
1789789,2018-07-20,3,4321.60000000,2018-07,1,1
1789839,2016-09-05,1,3205.25000000,2016-09,1,0
1789996,2018-09-27,4,5608.59000000,2018-09,1,0
1790102,2017-06-24,1,1501.07000000,2017-06,1,0
1790139,2016-05-11,2,7308.94000000,2016-05,1,0
1790221,2019-08-16,2,1930.38000000,2019-08,1,1
1790366,2016-05-20,4,8746.10000000,2016-05,1,0
1790382,2019-12-14,1,219.95000000,2019-12,1,0
1790385,2018-01-13,4,3076.74000000,2018-01,1,0
1790410,2018-02-16,1,2810.45000000,2018-02,1,0
1790439,2017-10-31,2,3789.95000000,2017-10,1,0
1790446,2018-08-21,3,3064.55000000,2018-08,1,0
1790540,2018-06-30,3,4046.55000000,2018-06,1,0
1790575,2017-02-13,2,3377.25000000,2017-02,1,1
1790611,2017-11-28,2,6517.63000000,2017-11,1,0
1790883,2019-01-09,3,8200.04000000,2019-01,1,1
1791044,2016-10-29,6,6757.38000000,2016-10,1,1
1791069,2017-03-09,3,1995.84000000,2017-03,1,0
1791133,2018-11-30,1,1048.99000000,2018-11,1,0
1791157,2020-01-08,1,132.99000000,2020-01,1,0
179144,2017-02-03,2,10502.92000000,2017-02,1,0
1791454,2018-08-17,2,4956.26000000,2018-08,1,0
1791691,2018-10-16,1,236.06000000,2018-10,1,0
1792010,2018-02-23,3,3319.61000000,2018-02,1,0
1792062,2018-08-08,1,3301.28000000,2018-08,1,0
1792273,2016-12-31,2,664.76000000,2016-12,1,0
1792421,2017-08-31,4,2952.36000000,2017-08,1,0
1792455,2018-04-30,1,864.00000000,2018-04,1,0
1792550,2018-01-03,3,7480.91000000,2018-01,1,0
1792653,2019-01-16,1,580.00000000,2019-01,1,0
1792688,2017-06-01,4,5812.32000000,2017-06,1,0
1792707,2016-08-18,4,6942.97000000,2016-08,1,0
179278,2018-08-02,1,4777.30000000,2018-08,1,0
179287,2019-12-24,1,178.00000000,2019-12,1,0
1792947,2016-12-02,2,1097.67000000,2016-12,1,0
1793136,2019-05-25,1,6302.94000000,2019-05,1,0
1793197,2016-12-29,2,6816.85000000,2016-12,1,0
1793240,2018-06-25,2,7083.50000000,2018-06,1,0
1793371,2019-02-28,1,2199.17000000,2019-02,1,0
1793467,2018-07-26,2,2221.96000000,2018-07,1,0
179431,2017-12-30,2,912.89000000,2017-12,1,0
1794593,2017-11-30,3,969.42000000,2017-11,1,0
1794768,2018-08-18,1,129.90000000,2018-08,1,0
1794796,2016-06-21,3,4144.13000000,2016-06,1,0
1794860,2018-01-01,1,8147.52000000,2018-01,1,0
1794922,2019-01-21,3,12242.95000000,2019-01,1,0
1795078,2018-12-10,1,7039.46000000,2018-12,1,0
1795387,2020-02-29,1,1822.57000000,2020-02,1,0
1795527,2016-07-28,1,798.97000000,2016-07,1,0
1795690,2019-02-02,5,5393.63000000,2019-02,1,0
1795837,2018-08-20,4,711.93000000,2018-08,1,0
1795866,2019-10-12,1,199.99000000,2019-10,1,0
1796158,2020-02-10,1,3021.84000000,2020-02,1,0
1796189,2016-08-12,3,13676.19000000,2016-08,1,0
1796196,2020-05-06,1,1103.89000000,2020-05,1,0
1796381,2019-08-28,1,6752.70000000,2019-08,1,0
1796733,2019-01-01,3,8459.08000000,2019-01,1,0
1796950,2016-02-15,3,8218.77000000,2016-02,1,0
1797082,2019-06-04,1,920.00000000,2019-06,1,0
1797122,2020-01-23,1,205.00000000,2020-01,1,0
1797235,2018-02-10,3,1834.96000000,2018-02,1,0
1797536,2019-07-06,2,1398.70000000,2019-07,1,0
1797850,2017-02-21,3,12685.66000000,2017-02,1,0
1797885,2020-02-03,1,5410.90000000,2020-02,1,0
1798806,2018-10-20,4,4417.15000000,2018-10,1,0
1798962,2017-02-09,1,188.00000000,2017-02,1,0
1798993,2018-09-26,1,101.40000000,2018-09,1,0
1799269,2017-03-11,5,8110.87000000,2017-03,1,0
1799542,2017-02-25,2,1723.21000000,2017-02,1,0
1799621,2019-10-10,2,802.88000000,2019-10,1,0
1799821,2016-12-02,3,4162.99000000,2016-12,1,0
1800131,2018-11-03,6,11658.07000000,2018-11,1,0
1800201,2018-11-23,1,1605.80000000,2018-11,1,0
1800672,2020-05-02,1,2583.29000000,2020-05,1,0
1800716,2017-05-10,2,917.98000000,2017-05,1,0
1800847,2020-01-04,2,931.89000000,2020-01,1,1
1801025,2018-12-29,1,652.00000000,2018-12,1,0
1801198,2017-03-14,4,4160.27000000,2017-03,1,0
1801318,2019-03-09,1,1390.00000000,2019-03,1,0
1801478,2020-07-11,2,855.21000000,2020-07,1,1
1801831,2016-06-08,5,7169.18000000,2016-06,1,0
1801975,2016-09-15,4,2963.27000000,2016-09,1,0
1802049,2016-08-17,2,1602.83000000,2016-08,1,0
1802052,2016-03-11,3,17162.50000000,2016-03,1,0
1802074,2019-02-18,1,6371.50000000,2019-02,1,0
1802110,2016-12-03,4,10992.74000000,2016-12,1,0
1802396,2017-07-01,1,1497.00000000,2017-07,1,0
1802406,2017-09-02,2,3459.13000000,2017-09,1,0
1802602,2019-01-07,2,1296.80000000,2019-01,1,0
1802632,2020-05-08,1,2085.93000000,2020-05,1,0
1802872,2017-02-18,4,4532.47000000,2017-02,1,1
1803087,2019-08-06,2,3897.14000000,2019-08,1,1
1803130,2019-07-08,1,1751.00000000,2019-07,1,0
1803140,2017-11-27,2,8854.51000000,2017-11,1,0
1803346,2016-01-16,3,12409.47000000,2016-01,1,0
1803392,2018-11-22,1,473.00000000,2018-11,1,0
180348,2017-10-28,1,219.98000000,2017-10,1,0
1803547,2019-08-24,1,354.90000000,2019-08,1,0
1803860,2018-01-06,2,693.48000000,2018-01,1,0
1804459,2017-11-22,2,2776.85000000,2017-11,1,0
1804464,2018-02-23,1,1688.30000000,2018-02,1,0
1804844,2016-06-15,2,1803.60000000,2016-06,1,0
1804988,2020-02-26,1,3317.99000000,2020-02,1,0
1805271,2019-12-28,2,3543.48000000,2019-12,1,0
1805297,2018-11-18,2,2631.59000000,2018-11,1,0
1805324,2017-08-21,2,1174.89000000,2017-08,1,0
1805625,2019-07-09,3,11546.63000000,2019-07,1,0
1805674,2019-01-08,2,920.17000000,2019-01,1,0
1805961,2018-11-22,3,6163.90000000,2018-11,1,1
180599,2020-03-13,1,2551.09000000,2020-03,1,0
180605,2016-12-19,3,1288.74000000,2016-12,1,0
1806153,2018-07-24,3,17535.64000000,2018-07,1,0
1806437,2017-12-30,4,8808.24000000,2017-12,1,0
1806460,2018-10-30,1,1047.89000000,2018-10,1,0
1806498,2017-06-27,3,8505.80000000,2017-06,1,0
180678,2018-02-17,3,2445.62000000,2018-02,1,0
1807158,2017-09-16,5,1858.52000000,2017-09,1,0
1807226,2018-08-16,2,742.88000000,2018-08,1,0
1807423,2018-09-20,6,13408.79000000,2018-09,1,0
1807526,2016-12-30,1,20.67000000,2016-12,1,0
1807561,2018-02-07,2,8409.62000000,2018-02,1,0
1807649,2017-01-29,9,16738.95000000,2017-01,1,0
1808006,2017-10-27,4,5211.71000000,2017-10,1,0
1808141,2017-12-29,1,1345.77000000,2017-12,1,0
180820,2019-09-10,1,1267.98000000,2019-09,1,0
1808265,2016-10-27,4,13310.58000000,2016-10,1,0
1808415,2018-08-11,1,11046.00000000,2018-08,1,0
1808663,2019-07-06,1,2952.00000000,2019-07,1,0
1808884,2018-04-30,2,3576.49000000,2018-04,1,0
1809447,2016-05-07,2,3414.98000000,2016-05,1,0
1809495,2020-02-19,1,1339.34000000,2020-02,1,0
1809642,2018-06-08,1,1081.70000000,2018-06,1,0
1809928,2017-06-26,3,9817.20000000,2017-06,1,0
1810121,2020-12-27,1,254.79000000,2020-12,0,0
1810207,2017-05-24,3,4506.48000000,2017-05,1,0
1810391,2019-09-28,2,477.00000000,2019-09,1,0
1810401,2016-01-29,2,1206.03000000,2016-01,1,0
1810547,2018-10-12,2,3242.97000000,2018-10,1,1
1810728,2019-01-08,3,6464.11000000,2019-01,1,0
1810944,2017-11-04,1,24.36000000,2017-11,1,0
1810957,2017-06-07,2,1089.03000000,2017-06,1,0
1811110,2016-07-09,2,12592.16000000,2016-07,1,0
1811222,2019-08-06,2,2541.32000000,2019-08,1,1
1811432,2019-09-30,4,7745.69000000,2019-09,1,1
1811434,2017-12-15,2,2242.47000000,2017-12,1,0
1811452,2019-07-15,3,11379.33000000,2019-07,1,1
1811457,2019-06-28,3,4905.94000000,2019-06,1,0
1811458,2016-11-05,2,2220.78000000,2016-11,1,0
1811629,2016-10-20,1,5587.33000000,2016-10,1,0
1811725,2017-03-15,1,4500.64000000,2017-03,1,0
1811793,2020-02-05,1,438.00000000,2020-02,1,0
1811849,2019-07-22,1,267.00000000,2019-07,1,0
1812105,2019-08-01,2,1718.34000000,2019-08,1,0
1812139,2017-01-14,2,6268.50000000,2017-01,1,0
1812290,2018-09-29,3,5403.90000000,2018-09,1,0
1812572,2016-07-07,1,5102.68000000,2016-07,1,0
1812851,2017-06-10,1,536.00000000,2017-06,1,0
1812932,2020-04-29,1,7048.85000000,2020-04,1,0
1813010,2016-09-20,2,2928.28000000,2016-09,1,0
181317,2018-12-13,1,1378.30000000,2018-12,1,0
1813454,2017-01-04,4,11138.67000000,2017-01,1,1
1813480,2017-10-05,5,19513.34000000,2017-10,1,0
1813536,2017-12-23,1,2415.20000000,2017-12,1,0
1813538,2016-02-16,5,12161.47000000,2016-02,1,0
1813551,2020-01-04,1,1562.54000000,2020-01,1,0
1813883,2019-09-26,1,2127.92000000,2019-09,1,0
1813898,2019-02-20,1,1618.00000000,2019-02,1,0
1813998,2018-05-17,3,6603.26000000,2018-05,1,0
1814002,2017-07-08,3,9156.29000000,2017-07,1,0
1814198,2017-10-24,4,6360.45000000,2017-10,1,0
1814434,2017-01-20,4,10110.68000000,2017-01,1,0
1814480,2019-05-25,1,32.00000000,2019-05,1,0
1814733,2016-09-23,3,6025.62000000,2016-09,1,0
181488,2018-11-27,2,5506.22000000,2018-11,1,1
1814968,2018-02-08,5,9279.30000000,2018-02,1,0
1815207,2019-01-04,1,691.50000000,2019-01,1,0
1815320,2018-03-11,2,4752.94000000,2018-03,1,0
1815456,2016-11-16,8,17732.90000000,2016-11,1,0
1815871,2019-07-06,3,5029.36000000,2019-07,1,0
1815874,2017-03-10,1,593.88000000,2017-03,1,0
1815919,2019-12-29,2,923.50000000,2019-12,1,0
1816024,2018-08-25,2,3055.75000000,2018-08,1,0
1816077,2020-04-29,1,649.80000000,2020-04,1,0
181622,2019-05-01,1,188.00000000,2019-05,1,0
1816342,2017-01-11,5,14834.25000000,2017-01,1,0
1816681,2017-10-13,4,5232.90000000,2017-10,1,0
1816741,2018-02-09,4,5078.66000000,2018-02,1,0
1816984,2018-08-29,1,2823.93000000,2018-08,1,0
1816999,2016-12-15,2,4863.37000000,2016-12,1,0
1817382,2017-10-26,3,2686.22000000,2017-10,1,0
1817444,2019-07-03,1,3446.98000000,2019-07,1,0
1817680,2017-03-12,4,965.96000000,2017-03,1,0
1817900,2017-11-07,2,2728.03000000,2017-11,1,0
1818102,2016-11-24,6,35806.19000000,2016-11,1,0
1818186,2018-11-05,2,755.92000000,2018-11,1,0
1818370,2016-03-10,5,14247.35000000,2016-03,1,0
1818629,2020-01-02,1,480.00000000,2020-01,1,0
1818632,2018-02-17,2,3290.10000000,2018-02,1,0
181881,2018-12-04,2,9415.40000000,2018-12,1,0
181892,2019-11-06,1,1120.00000000,2019-11,1,0
1819014,2016-11-21,1,155.36000000,2016-11,1,0
1819071,2017-11-14,1,1282.37000000,2017-11,1,0
1819146,2018-07-22,4,8043.65000000,2018-07,1,0
1819180,2019-10-24,1,402.75000000,2019-10,1,0
1819252,2017-05-03,6,25269.02000000,2017-05,1,0
1819268,2018-02-22,4,2050.97000000,2018-02,1,0
1819547,2018-01-11,4,5238.29000000,2018-01,1,0
1819713,2018-08-30,3,7062.18000000,2018-08,1,0
1819731,2019-05-29,1,559.96000000,2019-05,1,0
1820216,2016-10-22,1,2689.99000000,2016-10,1,0
1820236,2017-12-29,2,679.12000000,2017-12,1,1
1820245,2018-07-31,4,1149.88000000,2018-07,1,1
1820327,2017-05-11,4,3595.89000000,2017-05,1,0
1820377,2018-06-01,2,10321.27000000,2018-06,1,0
1820462,2019-07-22,3,2069.78000000,2019-07,1,1
1820906,2017-03-03,1,1854.05000000,2017-03,1,0
1820936,2016-08-11,2,5831.98000000,2016-08,1,0
1821386,2017-08-31,5,5129.73000000,2017-08,1,0
1821463,2019-03-05,4,5853.53000000,2019-03,1,1
182177,2018-10-25,1,1116.95000000,2018-10,1,0
182186,2017-07-01,2,1880.45000000,2017-07,1,0
182208,2017-11-11,1,7432.60000000,2017-11,1,0
1822089,2016-02-02,4,6440.78000000,2016-02,1,0
1822172,2016-03-14,5,8082.40000000,2016-03,1,0
1822685,2018-06-13,7,16656.33000000,2018-06,1,1
1823278,2018-08-01,4,7033.43000000,2018-08,1,0
1823386,2018-12-15,1,2555.95000000,2018-12,1,0
1823649,2018-08-25,4,5290.92000000,2018-08,1,0
1823848,2017-12-05,1,8207.00000000,2017-12,1,0
1823888,2016-01-28,4,14391.90000000,2016-01,1,0
1824297,2017-01-07,2,7715.29000000,2017-01,1,0
1824381,2018-12-07,4,11813.56000000,2018-12,1,1
1824698,2017-08-23,2,1676.75000000,2017-08,1,0
1825107,2018-01-18,3,1914.86000000,2018-01,1,0
1825407,2018-10-22,3,4016.66000000,2018-10,1,1
1825416,2018-12-18,1,3935.66000000,2018-12,1,0
1825586,2020-12-26,1,1560.00000000,2020-12,0,0
1825775,2021-02-19,1,1536.96000000,2021-02,0,0
1825918,2017-06-20,2,4560.92000000,2017-06,1,0
1825948,2017-03-07,2,1980.56000000,2017-03,1,0
1826200,2016-09-01,4,4710.00000000,2016-09,1,0
1826355,2018-09-01,3,15863.76000000,2018-09,1,1
1826392,2019-02-20,2,1108.90000000,2019-02,1,0
1826459,2016-05-05,3,6590.35000000,2016-05,1,0
1826486,2019-12-10,1,2893.00000000,2019-12,1,0
1826576,2017-10-07,1,1652.19000000,2017-10,1,0
1826676,2016-08-20,2,6121.00000000,2016-08,1,0
1826756,2019-12-25,2,2905.45000000,2019-12,1,0
1826940,2019-11-01,2,3564.95000000,2019-11,1,1
1826964,2019-10-04,1,1810.70000000,2019-10,1,0
1826974,2019-12-30,1,323.40000000,2019-12,1,0
1827075,2018-05-23,1,1198.98000000,2018-05,1,0
1827136,2019-09-28,2,7943.72000000,2019-09,1,1
1827243,2016-02-10,5,11051.65000000,2016-02,1,0
1827725,2021-01-02,2,5231.10000000,2021-01,0,0
1827746,2019-02-16,2,2891.89000000,2019-02,1,0
1827824,2020-07-02,1,4138.84000000,2020-07,1,0
1827897,2019-02-25,2,4507.58000000,2019-02,1,0
1828009,2020-02-08,1,1698.00000000,2020-02,1,0
1828240,2019-02-15,2,309.57000000,2019-02,1,0
1828585,2018-01-06,2,4594.35000000,2018-01,1,0
1828761,2018-02-21,2,15856.88000000,2018-02,1,0
1828828,2016-10-28,2,2423.98000000,2016-10,1,0
1828948,2017-02-17,1,1964.85000000,2017-02,1,0
1829007,2016-11-17,6,13069.95000000,2016-11,1,0
1829128,2019-03-12,1,229.90000000,2019-03,1,0
1829280,2016-08-26,4,9968.93000000,2016-08,1,0
1829393,2018-08-23,3,5343.13000000,2018-08,1,0
1829833,2018-09-11,3,5574.49000000,2018-09,1,0
1829841,2016-04-28,1,6552.00000000,2016-04,1,0
1830019,2016-08-10,2,27973.95000000,2016-08,1,1
1830222,2018-06-04,1,892.41000000,2018-06,1,0
1830367,2017-12-22,4,6113.45000000,2017-12,1,0
1830423,2016-12-21,2,1544.00000000,2016-12,1,0
1830633,2019-08-15,2,3808.79000000,2019-08,1,1
18309,2018-06-13,1,511.95000000,2018-06,1,0
1830954,2018-10-25,3,1955.32000000,2018-10,1,0
1831168,2016-07-11,2,9441.88000000,2016-07,1,0
1831399,2019-02-23,3,6935.66000000,2019-02,1,0
1831518,2016-02-27,3,2474.44000000,2016-02,1,0
183169,2019-08-27,3,4634.66000000,2019-08,1,1
1831770,2017-02-16,2,1738.40000000,2017-02,1,0
1832086,2017-12-12,3,27282.71000000,2017-12,1,1
1832245,2018-01-06,1,64.00000000,2018-01,1,0
183264,2016-01-05,3,2955.63000000,2016-01,1,0
1832998,2018-02-07,3,7677.79000000,2018-02,1,0
1833076,2017-11-21,2,7035.83000000,2017-11,1,0
1833178,2019-05-04,1,959.92000000,2019-05,1,0
1833206,2019-09-05,2,8023.03000000,2019-09,1,1
1833460,2016-02-20,7,21748.08000000,2016-02,1,0
1833503,2018-02-14,4,4180.59000000,2018-02,1,0
183354,2020-12-05,1,1368.50000000,2020-12,0,0
1833543,2018-07-03,4,8084.63000000,2018-07,1,0
1833615,2016-09-15,2,10762.23000000,2016-09,1,0
1834034,2019-08-22,2,4166.48000000,2019-08,1,0
1834262,2017-10-18,3,11227.45000000,2017-10,1,0
1834499,2017-10-20,2,1686.32000000,2017-10,1,0
1834516,2016-06-23,3,8349.46000000,2016-06,1,1
1834537,2016-07-27,2,989.13000000,2016-07,1,0
1834579,2017-11-07,4,3585.94000000,2017-11,1,0
1834801,2020-01-15,2,6138.82000000,2020-01,1,0
1834856,2020-03-07,1,3437.85000000,2020-03,1,0
1835239,2019-12-10,1,7253.74000000,2019-12,1,0
1835506,2019-01-30,2,6263.90000000,2019-01,1,0
1835626,2019-05-06,3,10301.40000000,2019-05,1,0
1835733,2019-05-25,1,4056.00000000,2019-05,1,0
1835849,2018-08-29,3,2332.90000000,2018-08,1,0
1836280,2018-01-30,3,9420.76000000,2018-01,1,0
1836318,2016-08-09,3,5710.20000000,2016-08,1,0
1836410,2018-10-11,3,9400.85000000,2018-10,1,0
1836599,2016-01-02,1,280.53000000,2016-01,1,0
1836932,2020-02-21,2,1337.72000000,2020-02,1,0
1837049,2016-02-13,3,5048.31000000,2016-02,1,0
1837395,2017-10-10,3,3905.27000000,2017-10,1,0
1837602,2016-11-10,1,1176.00000000,2016-11,1,0
1837603,2018-09-24,1,1843.94000000,2018-09,1,0
1837627,2016-08-25,2,3861.41000000,2016-08,1,0
1837766,2020-01-10,2,1489.85000000,2020-01,1,0
1838770,2019-10-09,1,13.98000000,2019-10,1,0
1838798,2016-12-14,1,1107.25000000,2016-12,1,0
1838833,2016-02-16,3,6616.18000000,2016-02,1,0
1838885,2018-12-18,1,544.30000000,2018-12,1,0
1838893,2016-08-19,4,8704.56000000,2016-08,1,0
1839336,2017-08-05,3,7147.55000000,2017-08,1,1
183954,2020-11-04,1,488.70000000,2020-11,1,0
1839627,2016-01-02,4,6808.83000000,2016-01,1,0
1839784,2018-12-20,1,370.67000000,2018-12,1,0
1839909,2018-01-11,1,1812.84000000,2018-01,1,0
1839940,2017-05-13,3,9185.64000000,2017-05,1,0
1840032,2019-12-04,1,3586.67000000,2019-12,1,0
1840147,2016-05-05,1,5008.99000000,2016-05,1,0
1840223,2019-08-16,2,480.50000000,2019-08,1,0
1840260,2018-08-29,4,10774.86000000,2018-08,1,0
1840664,2016-12-17,3,6256.61000000,2016-12,1,0
1840835,2016-12-06,5,18995.60000000,2016-12,1,1
1841513,2016-11-10,3,6233.93000000,2016-11,1,0
1841548,2017-11-30,2,2240.17000000,2017-11,1,0
1841562,2017-08-17,4,9573.22000000,2017-08,1,0
1841571,2019-09-07,3,5138.87000000,2019-09,1,0
1841859,2020-01-10,1,4729.89000000,2020-01,1,0
1842010,2019-01-03,1,215.00000000,2019-01,1,0
1842041,2020-09-29,1,168.00000000,2020-09,1,0
1842058,2018-11-06,1,610.69000000,2018-11,1,0
1842116,2017-12-27,2,1388.93000000,2017-12,1,0
1842350,2018-08-11,2,7921.84000000,2018-08,1,0
1842475,2021-02-18,1,293.00000000,2021-02,0,0
1842526,2017-01-25,1,3690.00000000,2017-01,1,0
1842681,2018-01-08,4,8334.67000000,2018-01,1,1
1842847,2019-02-21,1,4006.40000000,2019-02,1,0
1842942,2017-01-05,5,21647.24000000,2017-01,1,0
1843033,2016-06-18,2,12639.59000000,2016-06,1,0
184327,2018-06-04,1,24.97000000,2018-06,1,0
1843318,2016-10-28,4,4620.34000000,2016-10,1,0
1843621,2017-10-18,2,7415.34000000,2017-10,1,0
1843636,2016-08-11,3,10078.81000000,2016-08,1,0
1843729,2017-11-02,1,297.00000000,2017-11,1,0
1843780,2018-01-13,2,4254.87000000,2018-01,1,0
1843882,2016-01-02,6,12084.45000000,2016-01,1,0
1844148,2020-02-06,1,1302.68000000,2020-02,1,0
1844416,2019-06-04,2,3415.79000000,2019-06,1,0
1844682,2017-07-20,1,1830.00000000,2017-07,1,0
1845069,2016-09-24,6,10834.67000000,2016-09,1,0
1845084,2016-02-16,2,14359.09000000,2016-02,1,0
1845277,2016-06-02,5,6938.42000000,2016-06,1,0
1845648,2016-09-23,6,12474.62000000,2016-09,1,0
1845770,2019-12-23,1,598.90000000,2019-12,1,0
1846024,2016-02-22,7,17276.63000000,2016-02,1,0
1846325,2019-05-25,3,1475.49000000,2019-05,1,1
1846392,2020-02-27,1,517.96000000,2020-02,1,0
1846531,2018-10-23,3,19425.38000000,2018-10,1,0
18470,2017-11-14,3,1811.69000000,2017-11,1,0
1847006,2019-06-13,3,5731.13000000,2019-06,1,0
1847047,2017-12-29,3,2596.00000000,2017-12,1,0
1847562,2017-05-25,2,9750.33000000,2017-05,1,0
1847709,2016-12-29,3,8390.87000000,2016-12,1,0
1848290,2018-06-07,5,6811.35000000,2018-06,1,1
1848327,2017-03-03,5,8282.04000000,2017-03,1,0
1848442,2017-11-22,2,6189.97000000,2017-11,1,1
1848729,2019-05-28,6,10762.82000000,2019-05,1,1
1848776,2019-10-15,1,3439.60000000,2019-10,1,0
18493,2016-06-14,1,350.48000000,2016-06,1,0
1849306,2016-02-18,8,19204.32000000,2016-02,1,0
1849364,2018-01-06,1,4499.97000000,2018-01,1,0
1849584,2018-02-14,3,10728.15000000,2018-02,1,0
1849625,2017-09-16,2,6007.84000000,2017-09,1,0
1849661,2016-07-13,4,6942.39000000,2016-07,1,0
1849831,2018-01-26,2,3233.99000000,2018-01,1,0
1850237,2018-06-09,1,3126.40000000,2018-06,1,0
1850415,2018-07-04,4,7743.20000000,2018-07,1,0
185061,2020-02-19,1,479.97000000,2020-02,1,0
1851066,2019-06-15,1,3040.00000000,2019-06,1,0
1851335,2016-08-09,3,3150.76000000,2016-08,1,0
1851698,2017-02-25,5,11622.74000000,2017-02,1,0
185180,2016-10-24,4,8242.24000000,2016-10,1,0
1851881,2018-06-28,4,12727.83000000,2018-06,1,0
1851889,2018-09-06,1,767.98000000,2018-09,1,0
1851932,2020-07-01,2,356.93000000,2020-07,1,0
1852515,2017-04-28,4,11165.14000000,2017-04,1,0
1852635,2019-05-04,6,14887.34000000,2019-05,1,1
1853071,2018-01-09,4,3541.97000000,2018-01,1,0
1853111,2020-01-16,1,1367.88000000,2020-01,1,0
1853113,2017-09-14,3,2574.72000000,2017-09,1,0
1853251,2016-03-05,2,3917.75000000,2016-03,1,0
1853279,2019-01-04,2,4542.50000000,2019-01,1,0
1853561,2019-12-28,1,2938.40000000,2019-12,1,0
1853633,2018-10-25,1,1511.96000000,2018-10,1,0
1853699,2016-01-02,2,479.89000000,2016-01,1,0
185409,2019-01-08,1,1673.97000000,2019-01,1,0
1854194,2018-11-15,2,2635.60000000,2018-11,1,0
1854270,2018-11-27,5,5723.23000000,2018-11,1,0
1854450,2019-09-06,2,1802.03000000,2019-09,1,1
1854563,2016-05-30,6,25834.60000000,2016-05,1,0
1854577,2017-07-06,6,3951.04000000,2017-07,1,0
1854760,2016-05-24,1,1739.94000000,2016-05,1,0
1854956,2018-12-12,3,9078.56000000,2018-12,1,0
1855046,2016-11-08,2,45.38000000,2016-11,1,0
1855193,2016-05-31,1,708.00000000,2016-05,1,0
1855347,2016-01-27,5,11059.96000000,2016-01,1,0
1855461,2020-08-10,1,539.97000000,2020-08,1,0
1855661,2018-08-24,2,7763.72000000,2018-08,1,0
1855763,2017-01-12,5,11933.32000000,2017-01,1,0
1855892,2017-05-17,4,7897.11000000,2017-05,1,0
1855926,2019-12-24,2,889.83000000,2019-12,1,0
1855974,2016-12-25,3,3376.91000000,2016-12,1,0
1856073,2019-05-16,1,179.90000000,2019-05,1,0
1856165,2019-01-07,2,2595.55000000,2019-01,1,0
1856221,2016-02-13,2,13926.31000000,2016-02,1,0
1856367,2019-11-22,1,356.00000000,2019-11,1,0
1856429,2018-11-15,3,2521.77000000,2018-11,1,1
1856634,2018-02-28,2,918.78000000,2018-02,1,0
1856690,2017-02-12,1,2494.97000000,2017-02,1,0
1856828,2019-08-31,1,690.00000000,2019-08,1,0
1857129,2016-04-26,6,6202.48000000,2016-04,1,0
1857436,2018-11-17,3,5488.44000000,2018-11,1,1
1857461,2016-02-17,1,49.80000000,2016-02,1,0
1857519,2018-12-07,3,4370.78000000,2018-12,1,1
1857819,2018-05-29,1,50.00000000,2018-05,1,0
1857865,2017-05-15,3,2104.87000000,2017-05,1,0
1857896,2017-09-01,4,4080.19000000,2017-09,1,1
1857984,2017-06-01,2,2814.86000000,2017-06,1,1
1858251,2019-05-17,5,12666.07000000,2019-05,1,0
1858284,2019-07-12,1,725.89000000,2019-07,1,0
1858292,2017-12-27,4,2673.31000000,2017-12,1,0
1858660,2019-02-21,5,5908.95000000,2019-02,1,0
1858665,2018-05-02,5,17595.59000000,2018-05,1,0
1858814,2019-02-28,3,7541.96000000,2019-02,1,0
1858963,2020-01-01,1,1095.59000000,2020-01,1,0
1859121,2019-12-06,2,962.00000000,2019-12,1,1
1859167,2017-09-09,2,2173.39000000,2017-09,1,0
1859258,2019-07-31,1,6135.21000000,2019-07,1,0
1859434,2018-08-16,1,1071.67000000,2018-08,1,0
1859603,2019-01-23,1,2063.51000000,2019-01,1,0
1859707,2018-12-19,2,8865.40000000,2018-12,1,0
1859740,2019-10-18,1,3199.30000000,2019-10,1,0
1859855,2020-05-21,1,1844.79000000,2020-05,1,0
1859902,2017-05-18,1,1435.99000000,2017-05,1,0
1860085,2016-12-10,7,5673.28000000,2016-12,1,0
1860133,2017-07-07,1,1301.06000000,2017-07,1,0
1860389,2016-05-25,2,845.94000000,2016-05,1,0
1860488,2018-08-15,9,12310.44000000,2018-08,1,0
1860591,2016-11-14,2,7162.49000000,2016-11,1,0
1860639,2019-08-23,1,924.00000000,2019-08,1,0
1860642,2017-01-02,5,9954.79000000,2017-01,1,0
1861020,2017-02-23,5,23874.20000000,2017-02,1,0
1861166,2019-08-31,2,4193.97000000,2019-08,1,0
1861173,2016-07-16,2,10295.77000000,2016-07,1,0
1861290,2018-09-11,3,4478.86000000,2018-09,1,0
1861354,2018-09-01,2,2442.97000000,2018-09,1,0
186136,2017-10-05,2,1516.70000000,2017-10,1,0
1861363,2019-01-01,1,1457.00000000,2019-01,1,0
1861576,2019-01-30,2,3290.92000000,2019-01,1,0
1861686,2018-02-17,2,357.95000000,2018-02,1,0
1861844,2018-08-20,5,10410.18000000,2018-08,1,0
186193,2020-04-25,1,447.00000000,2020-04,1,0
1862500,2016-01-11,3,9050.40000000,2016-01,1,0
1862520,2019-01-07,1,310.00000000,2019-01,1,0
1862524,2019-07-10,1,159.99000000,2019-07,1,0
1862622,2017-07-13,3,7053.48000000,2017-07,1,0
1862651,2018-07-20,3,7553.27000000,2018-07,1,0
186266,2019-01-03,1,657.00000000,2019-01,1,0
1862990,2019-02-15,1,5752.58000000,2019-02,1,0
1863,2020-03-11,2,2198.25000000,2020-03,1,0
1863297,2019-01-04,2,4346.04000000,2019-01,1,0
1863384,2018-08-09,2,3016.59000000,2018-08,1,1
1863578,2018-03-08,3,3532.32000000,2018-03,1,0
1864354,2017-02-06,5,6239.76000000,2017-02,1,0
1864461,2018-11-13,2,2445.00000000,2018-11,1,0
1864541,2016-05-27,2,1921.21000000,2016-05,1,0
1864693,2020-02-10,2,5058.78000000,2020-02,1,0
1864772,2018-03-10,5,3504.48000000,2018-03,1,0
1865096,2017-10-31,4,7438.18000000,2017-10,1,0
1865137,2019-07-04,2,9839.67000000,2019-07,1,0
1865183,2018-08-05,2,7881.89000000,2018-08,1,0
1865189,2016-08-06,3,6091.95000000,2016-08,1,0
1865278,2018-12-12,1,405.98000000,2018-12,1,0
1865305,2019-07-24,2,11044.97000000,2019-07,1,0
1865362,2018-04-27,4,4954.01000000,2018-04,1,1
1865399,2017-12-25,4,8510.01000000,2017-12,1,0
1865461,2017-08-19,1,2842.41000000,2017-08,1,0
1865468,2016-12-31,4,2798.98000000,2016-12,1,0
1865702,2018-12-21,3,13564.41000000,2018-12,1,1
1865718,2017-11-04,6,15195.75000000,2017-11,1,1
1865833,2017-02-01,4,7180.51000000,2017-02,1,0
1865857,2018-07-19,1,4391.89000000,2018-07,1,0
1865927,2018-03-01,1,2747.74000000,2018-03,1,0
1866061,2019-07-06,1,95.90000000,2019-07,1,0
1866245,2018-02-16,4,3474.60000000,2018-02,1,0
1866388,2016-06-09,6,25112.30000000,2016-06,1,0
1866421,2016-02-01,5,5770.51000000,2016-02,1,0
1866637,2016-01-04,3,6367.62000000,2016-01,1,0
1866870,2020-02-26,1,6486.40000000,2020-02,1,0
1867076,2017-10-07,2,901.95000000,2017-10,1,0
1867082,2019-02-12,4,2979.87000000,2019-02,1,0
1867250,2019-06-18,2,1328.48000000,2019-06,1,1
1867252,2016-10-29,3,5657.02000000,2016-10,1,0
1867338,2018-12-27,4,5797.52000000,2018-12,1,0
1867408,2019-12-25,1,3387.00000000,2019-12,1,0
186798,2018-09-11,1,1872.59000000,2018-09,1,0
1868016,2019-06-21,2,3228.34000000,2019-06,1,0
1868176,2019-09-07,4,2597.10000000,2019-09,1,1
1868588,2016-02-17,6,14204.23000000,2016-02,1,0
186894,2016-01-29,4,18283.25000000,2016-01,1,0
1869148,2017-11-24,1,1617.93000000,2017-11,1,0
1869336,2018-03-13,2,15898.96000000,2018-03,1,0
1869542,2017-08-23,5,7680.30000000,2017-08,1,0
1869574,2018-06-12,2,132.90000000,2018-06,1,0
1869727,2019-11-07,5,8238.69000000,2019-11,1,1
1869800,2018-07-20,2,6643.97000000,2018-07,1,0
186985,2019-05-11,1,2403.00000000,2019-05,1,0
1870033,2016-12-29,3,1255.74000000,2016-12,1,0
1870208,2016-11-03,3,3793.15000000,2016-11,1,0
1870226,2018-03-07,2,881.84000000,2018-03,1,0
1870287,2018-07-24,3,4607.23000000,2018-07,1,0
1870500,2019-06-14,4,11898.18000000,2019-06,1,1
1870661,2019-10-09,2,2333.13000000,2019-10,1,1
1870877,2016-02-19,3,4655.95000000,2016-02,1,0
1871089,2018-01-24,2,2656.87000000,2018-01,1,0
1871157,2018-01-25,4,1599.21000000,2018-01,1,0
1871379,2019-07-13,1,300.00000000,2019-07,1,0
1871416,2019-02-27,4,8855.94000000,2019-02,1,0
1871472,2016-12-13,2,2449.93000000,2016-12,1,0
1871500,2016-12-20,4,4780.26000000,2016-12,1,0
1871990,2021-02-16,1,4342.85000000,2021-02,0,0
1872005,2019-05-21,1,883.28000000,2019-05,1,0
1872046,2019-02-16,4,5848.54000000,2019-02,1,1
1872178,2018-02-01,1,5473.76000000,2018-02,1,0
1872284,2017-12-14,1,111.94000000,2017-12,1,0
1872442,2019-05-02,2,606.57000000,2019-05,1,0
1872529,2019-08-13,2,867.07000000,2019-08,1,1
1872587,2018-12-26,3,5708.42000000,2018-12,1,0
187301,2019-12-28,1,838.17000000,2019-12,1,0
187349,2019-09-07,1,869.58000000,2019-09,1,0
1873593,2019-06-13,3,7327.95000000,2019-06,1,0
1873607,2019-08-03,2,976.88000000,2019-08,1,1
1873740,2019-08-22,1,5339.00000000,2019-08,1,0
1873895,2017-06-29,3,7761.82000000,2017-06,1,0
1874014,2019-01-21,1,1054.40000000,2019-01,1,0
1874019,2016-08-19,3,5150.00000000,2016-08,1,0
1874020,2018-08-10,4,1123.73000000,2018-08,1,0
1874057,2019-03-10,1,2483.40000000,2019-03,1,0
1874501,2017-09-12,2,564.95000000,2017-09,1,0
1875275,2017-12-09,2,3517.96000000,2017-12,1,1
187544,2018-12-29,1,3.35000000,2018-12,1,0
1875566,2017-12-02,2,5792.92000000,2017-12,1,0
1875792,2016-05-10,2,230.94000000,2016-05,1,0
1875921,2019-07-09,1,140.26000000,2019-07,1,0
1875946,2019-11-13,3,10276.35000000,2019-11,1,1
1876093,2019-12-05,2,2889.25000000,2019-12,1,0
1876132,2017-10-12,2,1302.48000000,2017-10,1,0
1876269,2018-08-09,1,2097.00000000,2018-08,1,0
187653,2020-02-07,2,16778.46000000,2020-02,1,1
1876912,2016-08-25,4,2233.56000000,2016-08,1,0
1877016,2019-01-18,4,9564.81000000,2019-01,1,0
1877046,2017-09-30,2,1083.99000000,2017-09,1,0
1877054,2017-06-07,2,3594.95000000,2017-06,1,0
1877176,2019-11-19,2,367.88000000,2019-11,1,1
1877381,2018-09-25,5,9610.43000000,2018-09,1,1
187750,2019-09-11,2,5104.43000000,2019-09,1,1
1877525,2017-10-26,2,3509.22000000,2017-10,1,0
1877744,2018-09-22,3,3656.66000000,2018-09,1,0
1877836,2016-08-06,4,17710.84000000,2016-08,1,0
1878087,2018-03-13,1,350.94000000,2018-03,1,0
1878163,2019-09-02,5,16205.30000000,2019-09,1,1
1878175,2019-08-24,2,7428.55000000,2019-08,1,0
1878210,2017-02-10,4,2979.68000000,2017-02,1,0
1878446,2018-05-14,1,3709.81000000,2018-05,1,0
1878531,2017-10-19,3,2615.73000000,2017-10,1,0
1878787,2017-01-06,4,2544.67000000,2017-01,1,0
1878834,2017-02-18,3,2034.44000000,2017-02,1,0
1878939,2018-12-11,1,77.07000000,2018-12,1,0
1878966,2017-01-25,2,1174.55000000,2017-01,1,0
1878983,2019-12-07,2,2145.40000000,2019-12,1,1
1878988,2019-12-27,2,1850.59000000,2019-12,1,0
1879578,2018-07-03,1,775.96000000,2018-07,1,0
1879693,2016-12-22,3,4055.28000000,2016-12,1,0
1879735,2020-03-02,1,229.90000000,2020-03,1,0
1880031,2019-10-05,1,2310.53000000,2019-10,1,0
1880406,2016-08-03,5,24259.91000000,2016-08,1,0
1880655,2016-10-26,7,11378.44000000,2016-10,1,0
1880727,2016-10-28,3,5296.39000000,2016-10,1,0
1880784,2016-12-03,2,6658.92000000,2016-12,1,0
1880923,2016-06-11,1,1175.69000000,2016-06,1,0
1881107,2018-05-11,2,17474.45000000,2018-05,1,0
1882011,2017-06-30,2,728.75000000,2017-06,1,0
1882071,2017-06-10,1,1542.20000000,2017-06,1,0
1882274,2020-01-20,2,4811.18000000,2020-01,1,1
1882501,2019-05-12,1,479.97000000,2019-05,1,0
1882504,2017-11-07,3,1485.89000000,2017-11,1,0
1882594,2016-09-29,4,5660.46000000,2016-09,1,0
1882958,2017-02-06,4,9510.49000000,2017-02,1,0
188311,2019-06-08,1,689.92000000,2019-06,1,0
1883496,2018-11-22,5,25364.76000000,2018-11,1,0
1883630,2017-08-17,4,13028.97000000,2017-08,1,0
1883710,2016-04-28,6,5285.64000000,2016-04,1,0
1883755,2016-02-04,3,4107.83000000,2016-02,1,0
1883820,2016-02-10,4,8939.13000000,2016-02,1,0
1883844,2019-05-01,3,3391.20000000,2019-05,1,0
1883941,2018-08-03,1,3318.71000000,2018-08,1,0
1883981,2016-06-13,5,11696.72000000,2016-06,1,0
1884026,2019-02-07,1,2344.00000000,2019-02,1,0
188404,2019-02-04,2,5625.60000000,2019-02,1,1
1884596,2018-12-27,2,3699.50000000,2018-12,1,0
1884616,2017-02-16,2,23612.00000000,2017-02,1,0
1884663,2018-11-12,3,43517.80000000,2018-11,1,1
1884718,2019-06-15,2,4523.77000000,2019-06,1,0
1884908,2016-01-05,3,19844.75000000,2016-01,1,0
1885023,2018-11-09,4,4540.28000000,2018-11,1,1
1885114,2019-01-07,4,6865.12000000,2019-01,1,1
1885279,2019-01-30,5,9894.47000000,2019-01,1,0
1885351,2016-07-19,4,2430.06000000,2016-07,1,0
1885398,2018-11-14,2,14110.00000000,2018-11,1,0
1885532,2018-02-14,4,6616.28000000,2018-02,1,0
1885716,2018-11-22,3,23649.17000000,2018-11,1,0
1885738,2019-12-28,1,12495.00000000,2019-12,1,0
1885765,2016-10-12,3,2186.10000000,2016-10,1,0
1885890,2019-11-30,2,6064.52000000,2019-11,1,1
1885990,2016-01-26,2,1336.71000000,2016-01,1,0
1886071,2016-02-25,6,11827.20000000,2016-02,1,1
1886283,2017-10-07,2,4495.94000000,2017-10,1,0
1886388,2017-11-14,2,9504.20000000,2017-11,1,0
1886594,2019-04-27,2,229.93000000,2019-04,1,0
188670,2019-06-21,2,3838.97000000,2019-06,1,0
1886776,2018-01-11,4,4538.72000000,2018-01,1,0
1886932,2018-07-18,4,17838.55000000,2018-07,1,1
1886968,2019-12-15,3,8459.75000000,2019-12,1,1
188712,2016-05-19,1,1394.52000000,2016-05,1,0
1887153,2016-11-04,1,461.75000000,2016-11,1,0
1887180,2017-01-03,5,8979.51000000,2017-01,1,0
1887326,2016-06-15,2,3119.80000000,2016-06,1,0
1887449,2016-02-03,1,69.45000000,2016-02,1,0
1887604,2018-03-12,2,5943.12000000,2018-03,1,0
1887682,2018-06-05,3,9424.48000000,2018-06,1,0
1887933,2018-07-11,1,2164.95000000,2018-07,1,0
1888089,2016-05-05,2,10835.78000000,2016-05,1,0
1888484,2018-03-12,2,2378.00000000,2018-03,1,0
1888531,2019-01-12,1,355.17000000,2019-01,1,0
1888585,2017-01-14,5,1749.42000000,2017-01,1,0
18887,2017-08-12,1,1328.36000000,2017-08,1,0
1888911,2018-05-08,2,16731.70000000,2018-05,1,0
1889142,2017-02-06,2,10617.42000000,2017-02,1,1
1889189,2018-02-17,2,2543.37000000,2018-02,1,0
1889224,2019-12-24,1,422.95000000,2019-12,1,0
1889240,2019-05-10,2,3201.76000000,2019-05,1,0
1889587,2017-10-17,1,333.94000000,2017-10,1,0
1889635,2019-06-12,3,650.80000000,2019-06,1,1
1889903,2018-07-07,2,2301.33000000,2018-07,1,0
1889918,2016-09-21,3,3642.68000000,2016-09,1,0
1889963,2020-01-02,1,839.97000000,2020-01,1,0
1890381,2019-01-26,2,11741.40000000,2019-01,1,0
1890413,2019-07-09,1,519.98000000,2019-07,1,0
1890640,2016-11-04,2,963.32000000,2016-11,1,0
1890777,2017-11-10,3,3909.60000000,2017-11,1,0
1890847,2019-11-02,1,3520.00000000,2019-11,1,0
189113,2020-02-07,1,387.00000000,2020-02,1,0
1891277,2019-07-13,1,329.97000000,2019-07,1,0
1891465,2018-01-13,2,2229.99000000,2018-01,1,0
1891501,2019-09-28,2,5517.11000000,2019-09,1,0
1891647,2016-04-28,4,8703.16000000,2016-04,1,0
1891818,2017-06-09,2,6473.00000000,2017-06,1,0
1891950,2020-12-12,1,701.40000000,2020-12,0,0
1891992,2018-06-05,3,7449.97000000,2018-06,1,1
1892189,2019-11-02,1,37.98000000,2019-11,1,0
1892205,2018-12-29,1,6901.30000000,2018-12,1,0
1892265,2017-05-15,6,12382.16000000,2017-05,1,0
1892320,2016-06-07,2,9686.58000000,2016-06,1,0
1892367,2019-05-24,1,605.67000000,2019-05,1,0
1892488,2016-12-22,2,5923.48000000,2016-12,1,0
1892614,2016-10-12,5,2562.82000000,2016-10,1,0
1892767,2017-07-11,4,5103.54000000,2017-07,1,1
1893372,2017-08-23,1,1210.96000000,2017-08,1,0
1893377,2019-11-26,1,1039.13000000,2019-11,1,0
1893487,2016-01-23,6,5096.90000000,2016-01,1,0
1893526,2018-12-08,3,9861.29000000,2018-12,1,0
1893682,2017-09-10,4,9768.90000000,2017-09,1,0
1893783,2018-10-30,5,11737.84000000,2018-10,1,0
1893869,2019-02-13,5,12217.78000000,2019-02,1,0
189414,2019-01-08,1,1335.32000000,2019-01,1,0
1894588,2016-08-26,6,11221.44000000,2016-08,1,0
189459,2019-02-26,1,1939.98000000,2019-02,1,0
1894779,2019-01-23,1,771.99000000,2019-01,1,0
1895182,2017-12-30,1,1731.96000000,2017-12,1,0
1895245,2019-08-07,2,8563.91000000,2019-08,1,0
1895594,2017-03-08,4,3673.42000000,2017-03,1,0
1895637,2017-05-17,2,4704.91000000,2017-05,1,0
1895744,2018-06-20,4,9894.88000000,2018-06,1,0
1896161,2020-03-07,1,3135.93000000,2020-03,1,0
1896473,2019-07-02,2,3924.95000000,2019-07,1,0
1896531,2016-05-12,1,1002.98000000,2016-05,1,0
1896611,2018-02-28,1,10584.86000000,2018-02,1,0
1897230,2018-07-02,1,2378.60000000,2018-07,1,0
1897695,2020-11-30,1,1079.94000000,2020-11,0,0
1897818,2020-02-01,1,1610.69000000,2020-02,1,0
1897822,2016-01-12,3,1495.18000000,2016-01,1,0
1898056,2016-10-03,1,1471.35000000,2016-10,1,0
1898417,2017-07-01,2,13534.89000000,2017-07,1,0
1898526,2019-11-05,2,1608.33000000,2019-11,1,1
1898765,2018-09-22,3,9497.45000000,2018-09,1,0
1898949,2017-10-05,4,19464.88000000,2017-10,1,0
1899152,2020-01-04,2,3543.46000000,2020-01,1,0
1899416,2016-08-11,4,2774.94000000,2016-08,1,0
1899495,2016-05-12,4,5588.77000000,2016-05,1,0
1899770,2019-06-05,3,5686.00000000,2019-06,1,1
1899782,2018-07-09,2,1750.87000000,2018-07,1,0
1899970,2016-04-29,5,5453.41000000,2016-04,1,0
1900139,2019-09-27,2,7193.64000000,2019-09,1,0
1900664,2020-11-16,1,1224.00000000,2020-11,1,0
1900678,2016-02-20,3,2037.95000000,2016-02,1,0
1900738,2016-09-24,5,10991.25000000,2016-09,1,0
1900993,2018-09-18,3,4272.00000000,2018-09,1,1
1901026,2020-02-25,1,593.99000000,2020-02,1,0
1901076,2019-01-09,1,1890.65000000,2019-01,1,0
1901837,2017-12-08,1,969.00000000,2017-12,1,0
1901852,2017-10-03,2,8113.34000000,2017-10,1,0
1901931,2018-11-21,3,2281.30000000,2018-11,1,0
1902278,2019-10-02,2,10005.09000000,2019-10,1,0
1902499,2016-12-22,2,7611.95000000,2016-12,1,0
1902593,2020-10-08,1,2023.00000000,2020-10,1,0
1902908,2016-10-06,2,983.98000000,2016-10,1,0
1902925,2018-08-24,2,1997.21000000,2018-08,1,0
1902988,2017-01-23,1,99.00000000,2017-01,1,0
190347,2020-01-03,1,83.34000000,2020-01,1,0
1903707,2019-05-20,2,6946.14000000,2019-05,1,0
1904257,2019-08-02,1,257.65000000,2019-08,1,0
1904291,2019-10-10,1,1945.93000000,2019-10,1,0
1904309,2016-10-29,3,10243.69000000,2016-10,1,0
1904324,2019-08-17,2,3185.60000000,2019-08,1,0
1904355,2020-10-17,1,78.98000000,2020-10,1,0
1904679,2020-02-12,2,11029.00000000,2020-02,1,1
1904946,2018-03-14,3,1780.46000000,2018-03,1,1
1905050,2016-01-11,3,1281.79000000,2016-01,1,0
1905165,2018-08-29,2,640.00000000,2018-08,1,0
1905321,2020-11-06,1,459.80000000,2020-11,1,0
1905450,2019-12-21,2,1437.90000000,2019-12,1,1
1905463,2020-02-20,1,1338.69000000,2020-02,1,0
1905541,2017-01-11,3,18376.78000000,2017-01,1,0
1905578,2018-02-14,1,2496.94000000,2018-02,1,0
1906314,2019-10-03,1,13.98000000,2019-10,1,0
1906497,2017-03-01,4,7226.85000000,2017-03,1,0
1906508,2017-12-28,2,12099.90000000,2017-12,1,1
1906549,2016-02-09,4,15163.52000000,2016-02,1,0
1906975,2016-02-06,2,3220.86000000,2016-02,1,0
1907334,2019-05-18,2,5923.59000000,2019-05,1,0
1907494,2017-09-14,2,238.13000000,2017-09,1,0
1907810,2019-10-19,1,729.95000000,2019-10,1,0
1907899,2019-12-12,1,399.98000000,2019-12,1,0
1907935,2019-06-08,2,2113.00000000,2019-06,1,0
1908058,2017-12-09,1,299.90000000,2017-12,1,0
1908175,2016-02-12,5,5699.76000000,2016-02,1,0
19082,2019-08-08,3,4469.97000000,2019-08,1,0
1908428,2019-02-19,2,12331.58000000,2019-02,1,1
1908736,2019-09-04,1,539.97000000,2019-09,1,0
1908813,2017-02-24,5,3003.47000000,2017-02,1,0
1908818,2019-02-08,3,6113.82000000,2019-02,1,0
190882,2016-05-04,2,16940.60000000,2016-05,1,0
1908923,2016-12-15,5,14363.65000000,2016-12,1,0
1908997,2019-02-21,2,2444.00000000,2019-02,1,0
1909007,2018-10-09,4,5669.67000000,2018-10,1,1
1909047,2020-06-15,1,1130.58000000,2020-06,1,0
190919,2019-05-27,2,2042.89000000,2019-05,1,0
1909198,2016-06-18,4,12747.03000000,2016-06,1,0
1909290,2019-03-08,2,3074.28000000,2019-03,1,0
1909376,2018-09-03,1,89.90000000,2018-09,1,0
1909425,2019-04-25,2,3397.97000000,2019-04,1,0
190944,2019-01-01,3,11760.54000000,2019-01,1,0
1909470,2019-11-26,2,6450.98000000,2019-11,1,1
1909588,2019-02-20,2,2279.85000000,2019-02,1,0
1909589,2017-12-23,1,273.84000000,2017-12,1,0
1909638,2017-02-21,3,2434.58000000,2017-02,1,0
1909649,2016-01-15,5,10068.12000000,2016-01,1,1
1910016,2016-02-27,1,536.00000000,2016-02,1,0
1910322,2016-10-08,3,5254.65000000,2016-10,1,0
1910347,2019-08-24,1,4149.04000000,2019-08,1,0
1910529,2016-07-19,1,134.97000000,2016-07,1,0
1910546,2020-01-30,1,2216.99000000,2020-01,1,0
1910709,2019-09-07,2,5266.92000000,2019-09,1,0
1910821,2017-11-29,2,7102.06000000,2017-11,1,0
1911030,2016-05-25,1,327.95000000,2016-05,1,0
1911080,2016-11-24,2,2508.52000000,2016-11,1,0
1911270,2019-01-15,1,1146.00000000,2019-01,1,0
1911371,2018-06-28,1,2932.75000000,2018-06,1,0
1911482,2020-05-09,1,609.38000000,2020-05,1,0
1911567,2019-05-20,2,2470.85000000,2019-05,1,0
1911774,2017-10-26,2,1840.87000000,2017-10,1,0
1911986,2017-08-12,1,331.87000000,2017-08,1,0
1912106,2016-08-13,3,6115.47000000,2016-08,1,0
191211,2019-12-20,2,13292.33000000,2019-12,1,0
1912287,2020-05-04,1,1290.98000000,2020-05,1,0
1912515,2019-01-18,3,666.52000000,2019-01,1,0
1912666,2016-01-21,7,11866.85000000,2016-01,1,0
1912774,2018-01-08,5,2394.03000000,2018-01,1,0
1912902,2016-02-26,4,7025.91000000,2016-02,1,0
1913004,2021-01-11,1,1789.39000000,2021-01,0,0
1913013,2018-12-15,4,12214.56000000,2018-12,1,0
1913401,2019-11-08,1,2483.96000000,2019-11,1,0
1913410,2017-12-30,1,1019.97000000,2017-12,1,0
1913981,2017-12-27,6,10249.33000000,2017-12,1,0
1914029,2018-07-05,6,9941.02000000,2018-07,1,1
1914066,2019-07-17,1,1925.05000000,2019-07,1,0
1914255,2016-01-16,5,4028.49000000,2016-01,1,0
1914379,2016-09-08,4,4772.87000000,2016-09,1,0
1914473,2019-07-16,3,4243.53000000,2019-07,1,1
1914491,2016-12-29,3,5598.79000000,2016-12,1,0
1914533,2019-01-02,1,1879.95000000,2019-01,1,0
1914720,2017-06-28,2,136.89000000,2017-06,1,0
1914795,2019-11-27,2,797.79000000,2019-11,1,0
1915155,2016-10-01,1,4791.92000000,2016-10,1,0
1915156,2017-09-23,1,556.00000000,2017-09,1,0
1915291,2019-09-28,1,4095.00000000,2019-09,1,0
1915613,2018-07-13,2,8450.15000000,2018-07,1,0
1915620,2018-09-06,2,3105.84000000,2018-09,1,0
1915763,2018-01-24,2,2856.01000000,2018-01,1,0
1915783,2016-06-10,4,6009.42000000,2016-06,1,0
1915808,2018-09-26,3,12375.98000000,2018-09,1,0
1916463,2018-10-13,4,10977.16000000,2018-10,1,0
1916479,2018-07-28,2,2789.62000000,2018-07,1,1
1916541,2018-07-12,1,469.95000000,2018-07,1,0
1916734,2016-02-15,2,6001.86000000,2016-02,1,1
1916770,2016-07-20,2,2719.00000000,2016-07,1,0
1916780,2019-05-25,1,2482.78000000,2019-05,1,0
1916927,2018-09-01,2,6321.04000000,2018-09,1,0
1916988,2018-06-22,5,25743.46000000,2018-06,1,0
1917006,2016-06-13,4,4254.85000000,2016-06,1,0
191711,2017-11-04,1,10730.89000000,2017-11,1,0
1917684,2019-09-12,1,3003.99000000,2019-09,1,0
1918030,2018-05-21,5,4544.75000000,2018-05,1,0
1918103,2018-07-14,3,1852.99000000,2018-07,1,0
1918131,2016-02-25,6,9198.80000000,2016-02,1,0
1918152,2019-03-06,2,8423.37000000,2019-03,1,0
1918233,2019-09-17,3,2902.29000000,2019-09,1,1
1918342,2018-06-06,6,11802.89000000,2018-06,1,1
1918496,2019-09-07,1,999.00000000,2019-09,1,0
1918687,2016-01-06,3,3459.70000000,2016-01,1,0
1918775,2018-08-03,4,8767.77000000,2018-08,1,0
1918788,2018-01-20,2,2073.10000000,2018-01,1,0
1918814,2019-05-30,2,4838.40000000,2019-05,1,0
1918817,2020-02-25,1,51.73000000,2020-02,1,0
1918928,2020-02-22,1,859.75000000,2020-02,1,0
1918941,2018-11-18,1,1585.98000000,2018-11,1,0
1918975,2017-12-06,3,7856.75000000,2017-12,1,0
1919042,2016-12-31,4,5362.13000000,2016-12,1,1
1919414,2018-08-23,2,2804.46000000,2018-08,1,0
1919557,2018-11-20,4,4693.26000000,2018-11,1,0
1919773,2017-12-15,2,828.00000000,2017-12,1,0
1919833,2017-12-15,3,3401.99000000,2017-12,1,0
1919938,2020-01-10,3,2309.93000000,2020-01,1,1
1920061,2017-12-13,2,4332.43000000,2017-12,1,0
1920064,2017-01-26,3,11117.48000000,2017-01,1,0
1920128,2017-09-20,6,32858.29000000,2017-09,1,1
1920351,2019-02-15,1,2971.99000000,2019-02,1,0
1920357,2019-06-17,2,8038.96000000,2019-06,1,0
19207,2016-10-13,2,2282.64000000,2016-10,1,0
1920940,2019-05-25,1,8932.90000000,2019-05,1,0
1921349,2017-02-18,2,2062.97000000,2017-02,1,0
192139,2018-01-11,1,637.75000000,2018-01,1,0
1921614,2019-05-07,1,507.88000000,2019-05,1,0
1921651,2016-02-23,2,2079.88000000,2016-02,1,0
1921662,2019-03-16,2,1913.68000000,2019-03,1,0
1921710,2017-12-29,4,8321.65000000,2017-12,1,0
1921829,2017-08-09,4,2971.79000000,2017-08,1,0
1921863,2017-01-24,4,5163.32000000,2017-01,1,0
192200,2019-08-24,2,5503.97000000,2019-08,1,1
1922254,2019-01-08,3,7985.86000000,2019-01,1,1
1922310,2018-09-05,2,1132.99000000,2018-09,1,0
1922715,2019-11-12,1,15747.94000000,2019-11,1,0
1922950,2019-11-06,1,1107.00000000,2019-11,1,0
1923233,2017-01-25,3,4164.60000000,2017-01,1,0
1923443,2017-01-11,2,2535.62000000,2017-01,1,0
1923504,2016-11-30,2,6865.95000000,2016-11,1,0
1923520,2017-08-16,2,2561.71000000,2017-08,1,0
1923526,2019-09-06,2,2364.97000000,2019-09,1,0
1923558,2016-01-06,4,6838.58000000,2016-01,1,0
1923575,2018-10-13,2,2912.63000000,2018-10,1,0
192425,2018-12-18,3,2209.86000000,2018-12,1,0
192428,2017-06-13,1,7739.88000000,2017-06,1,0
1924329,2017-01-05,7,15490.73000000,2017-01,1,0
192436,2019-10-05,1,1806.00000000,2019-10,1,0
1924461,2016-05-19,2,613.49000000,2016-05,1,0
1924622,2018-05-19,1,3577.40000000,2018-05,1,0
192466,2019-12-21,1,365.89000000,2019-12,1,0
1924810,2018-11-15,1,3972.57000000,2018-11,1,0
1924885,2018-12-05,1,2614.00000000,2018-12,1,0
1924903,2020-02-01,1,2228.58000000,2020-02,1,0
1924985,2020-01-13,1,1897.65000000,2020-01,1,0
1925694,2016-05-03,9,26339.39000000,2016-05,1,0
1925771,2019-03-08,1,1160.95000000,2019-03,1,0
1925886,2016-12-31,2,5371.34000000,2016-12,1,0
1925959,2018-05-31,3,4916.66000000,2018-05,1,0
1926067,2016-02-25,1,474.47000000,2016-02,1,0
1926176,2016-05-28,5,5806.12000000,2016-05,1,1
1926326,2019-06-03,1,1909.75000000,2019-06,1,0
1926362,2017-02-04,3,1240.91000000,2017-02,1,0
1926364,2018-06-28,4,1786.72000000,2018-06,1,0
1926487,2017-01-31,2,3329.98000000,2017-01,1,0
1926512,2020-07-03,3,4852.63000000,2020-07,1,1
1926792,2018-07-18,1,1434.95000000,2018-07,1,0
1927194,2020-07-15,1,42.00000000,2020-07,1,0
1927276,2016-12-14,3,10019.94000000,2016-12,1,0
1927617,2018-11-08,2,1197.98000000,2018-11,1,0
1927946,2018-01-15,2,4105.20000000,2018-01,1,0
1928016,2019-02-13,1,1889.65000000,2019-02,1,0
1928399,2016-11-05,2,1458.97000000,2016-11,1,0
1928421,2018-01-18,3,6684.46000000,2018-01,1,0
1928459,2018-03-03,2,15634.88000000,2018-03,1,0
1928466,2016-08-15,4,38191.06000000,2016-08,1,0
1928617,2016-06-07,1,2456.90000000,2016-06,1,0
1928655,2019-02-16,2,9168.74000000,2019-02,1,1
1928849,2018-06-20,2,1413.30000000,2018-06,1,0
1929193,2020-01-31,1,2686.00000000,2020-01,1,0
1929255,2017-08-28,3,4646.14000000,2017-08,1,0
1929334,2019-02-13,2,1410.70000000,2019-02,1,0
1929402,2020-01-02,1,1494.31000000,2020-01,1,0
1929451,2019-10-21,2,9840.22000000,2019-10,1,0
1929478,2018-09-29,3,6401.33000000,2018-09,1,1
1929549,2019-05-07,1,299.97000000,2019-05,1,0
1929631,2018-12-22,4,14439.05000000,2018-12,1,0
1929743,2016-05-16,3,2770.42000000,2016-05,1,0
1929786,2017-12-16,1,1060.76000000,2017-12,1,0
1929845,2020-12-24,1,650.22000000,2020-12,0,0
1929971,2019-06-26,2,3640.37000000,2019-06,1,0
1930107,2018-07-05,2,553.38000000,2018-07,1,0
1930125,2018-07-06,2,675.00000000,2018-07,1,0
1930205,2019-08-09,1,807.00000000,2019-08,1,0
1930311,2020-09-17,1,1012.99000000,2020-09,1,0
1930372,2017-09-08,2,2596.51000000,2017-09,1,0
1930384,2019-06-21,2,3032.46000000,2019-06,1,0
1930815,2019-02-01,2,584.81000000,2019-02,1,1
1930860,2018-09-05,2,729.75000000,2018-09,1,0
1930960,2017-06-15,1,2139.89000000,2017-06,1,0
1931096,2020-07-21,1,4.06000000,2020-07,1,0
1931347,2018-12-30,2,1423.32000000,2018-12,1,0
1931400,2018-12-23,1,1758.00000000,2018-12,1,0
1931445,2019-10-05,1,585.99000000,2019-10,1,0
1931525,2016-05-12,5,21658.93000000,2016-05,1,0
1932022,2018-11-20,1,175.97000000,2018-11,1,0
1932072,2019-02-11,3,3666.93000000,2019-02,1,1
193216,2016-01-09,1,1308.60000000,2016-01,1,0
1932228,2018-08-22,2,1290.67000000,2018-08,1,1
1932334,2016-04-27,1,161.78000000,2016-04,1,0
1932412,2017-02-28,2,4033.47000000,2017-02,1,0
1932536,2016-09-14,1,2031.99000000,2016-09,1,0
1932733,2019-12-21,2,7991.65000000,2019-12,1,1
1932745,2016-11-05,4,20198.17000000,2016-11,1,0
1932808,2018-03-05,3,7163.50000000,2018-03,1,0
1933265,2017-01-25,4,4176.44000000,2017-01,1,0
1933298,2018-01-11,5,9513.95000000,2018-01,1,0
1933319,2018-05-07,1,10868.66000000,2018-05,1,0
1933399,2019-09-12,1,3631.90000000,2019-09,1,0
1933414,2019-02-19,4,3061.57000000,2019-02,1,0
1933910,2020-04-25,1,8164.02000000,2020-04,1,0
1934436,2017-02-15,2,4268.00000000,2017-02,1,0
193445,2017-02-07,1,5603.99000000,2017-02,1,0
1934470,2019-01-30,3,7510.72000000,2019-01,1,0
193458,2019-03-14,1,1843.30000000,2019-03,1,0
1934726,2020-02-10,2,2138.56000000,2020-02,1,0
1934815,2018-02-05,1,1563.96000000,2018-02,1,0
1934862,2017-11-01,3,16206.17000000,2017-11,1,0
1934889,2019-05-22,2,6276.99000000,2019-05,1,0
1935094,2018-06-14,1,74.97000000,2018-06,1,0
1935224,2019-11-29,1,219.98000000,2019-11,1,0
1935843,2018-10-02,1,5527.58000000,2018-10,1,0
1935954,2017-06-16,1,16119.45000000,2017-06,1,0
1936191,2018-10-05,3,7935.92000000,2018-10,1,0
1936262,2018-09-25,2,3586.73000000,2018-09,1,0
1936378,2017-05-20,3,2430.62000000,2017-05,1,0
1936527,2019-07-23,2,602.88000000,2019-07,1,0
1936759,2020-06-20,1,2454.00000000,2020-06,1,0
1936890,2019-01-17,2,9934.75000000,2019-01,1,0
1937213,2016-06-25,3,4521.51000000,2016-06,1,0
1937355,2017-02-15,3,9319.42000000,2017-02,1,0
1937404,2016-03-10,2,20785.74000000,2016-03,1,0
1937882,2019-12-25,1,438.00000000,2019-12,1,0
1937990,2018-12-28,3,4300.98000000,2018-12,1,0
1938352,2018-05-08,2,4733.33000000,2018-05,1,0
193847,2018-01-03,1,3891.97000000,2018-01,1,0
1938573,2019-12-14,1,687.00000000,2019-12,1,0
1938586,2018-08-27,3,11526.75000000,2018-08,1,0
1938588,2017-12-23,2,3669.74000000,2017-12,1,0
1938850,2017-12-20,1,3933.00000000,2017-12,1,0
1938856,2016-12-10,3,4238.45000000,2016-12,1,0
1939013,2016-07-01,3,2731.58000000,2016-07,1,0
1939030,2018-05-31,1,2466.99000000,2018-05,1,0
1939127,2018-05-31,1,714.00000000,2018-05,1,0
1939196,2017-11-23,3,7403.88000000,2017-11,1,0
1939210,2018-05-08,2,4875.00000000,2018-05,1,0
193929,2019-09-23,2,603.77000000,2019-09,1,1
1939321,2016-11-16,6,23478.25000000,2016-11,1,0
1939398,2018-12-08,3,8886.93000000,2018-12,1,0
1939452,2020-02-12,1,1499.70000000,2020-02,1,0
1939795,2019-05-06,3,7247.40000000,2019-05,1,0
1939841,2018-07-12,3,5818.75000000,2018-07,1,0
1939877,2018-03-02,3,2734.93000000,2018-03,1,0
1939960,2017-07-06,3,14864.88000000,2017-07,1,0
1940053,2019-08-26,1,1972.30000000,2019-08,1,0
1940327,2019-02-16,2,677.95000000,2019-02,1,0
1940393,2019-10-04,3,9361.94000000,2019-10,1,1
19404,2020-02-17,1,657.00000000,2020-02,1,0
1940504,2020-03-09,1,567.90000000,2020-03,1,0
1940708,2018-09-18,6,14082.95000000,2018-09,1,1
1941044,2018-01-14,2,1563.95000000,2018-01,1,0
1941084,2017-05-24,4,10983.65000000,2017-05,1,0
1941219,2019-01-16,2,3614.52000000,2019-01,1,1
1941222,2018-09-01,2,4326.90000000,2018-09,1,0
1941245,2019-01-15,3,5100.06000000,2019-01,1,0
1941302,2020-07-21,1,3738.15000000,2020-07,1,0
1941611,2018-08-27,1,2405.50000000,2018-08,1,0
1941728,2019-03-01,1,2147.95000000,2019-03,1,0
1941801,2019-04-29,2,6247.99000000,2019-04,1,1
1941806,2019-10-02,2,819.00000000,2019-10,1,0
1941945,2017-03-16,1,16260.00000000,2017-03,1,0
1942015,2016-11-21,3,3547.69000000,2016-11,1,0
1942072,2016-02-15,7,25079.21000000,2016-02,1,0
194226,2017-02-18,2,2637.86000000,2017-02,1,0
1942541,2019-05-27,1,2656.96000000,2019-05,1,0
1942560,2017-06-21,6,11905.64000000,2017-06,1,0
1942638,2017-07-15,1,1331.88000000,2017-07,1,0
1942682,2018-10-27,3,5839.60000000,2018-10,1,0
194279,2021-01-02,1,512.00000000,2021-01,0,0
1943078,2018-10-17,3,4248.46000000,2018-10,1,0
194359,2018-05-16,2,2970.81000000,2018-05,1,0
1943741,2019-06-13,2,2847.81000000,2019-06,1,0
1943961,2017-12-28,4,3059.82000000,2017-12,1,0
1944490,2020-06-17,1,652.56000000,2020-06,1,0
1944536,2017-10-24,3,3027.00000000,2017-10,1,0
1944572,2018-02-17,6,17739.27000000,2018-02,1,1
1944664,2017-02-16,1,648.03000000,2017-02,1,0
1944691,2017-01-31,3,3572.35000000,2017-01,1,0
1944754,2017-12-26,2,5104.60000000,2017-12,1,0
1944766,2018-11-20,1,2849.00000000,2018-11,1,0
1944880,2019-06-27,2,5429.50000000,2019-06,1,0
1945099,2019-06-15,2,3407.07000000,2019-06,1,0
194510,2020-06-11,1,2936.90000000,2020-06,1,0
1945363,2019-07-13,5,10616.19000000,2019-07,1,0
1945385,2016-09-24,2,319.00000000,2016-09,1,0
1945782,2020-09-05,1,169.82000000,2020-09,1,0
1946530,2018-09-07,3,1292.23000000,2018-09,1,0
1946796,2016-05-14,2,840.23000000,2016-05,1,0
1946805,2018-09-11,2,2756.90000000,2018-09,1,1
1947004,2017-08-30,1,419.97000000,2017-08,1,0
1947078,2019-03-01,3,2634.87000000,2019-03,1,0
1947294,2018-06-27,2,4286.60000000,2018-06,1,0
1947606,2018-03-06,2,1779.00000000,2018-03,1,0
1947708,2018-08-08,2,1172.33000000,2018-08,1,0
1947876,2017-07-26,5,12906.60000000,2017-07,1,0
1947939,2016-11-18,3,4754.65000000,2016-11,1,0
1948036,2017-07-01,2,1625.94000000,2017-07,1,0
1948125,2017-08-18,1,578.65000000,2017-08,1,0
1948390,2017-09-30,5,16400.91000000,2017-09,1,0
1948539,2016-12-29,3,782.96000000,2016-12,1,0
1948840,2019-01-04,2,2327.30000000,2019-01,1,0
1948852,2017-10-27,5,19048.35000000,2017-10,1,0
1949149,2016-10-16,4,7636.94000000,2016-10,1,0
1949270,2017-09-16,2,2756.48000000,2017-09,1,0
1949420,2019-08-26,1,1338.96000000,2019-08,1,0
1949764,2019-07-10,4,3975.76000000,2019-07,1,0
1950414,2017-05-30,3,677.49000000,2017-05,1,0
1950457,2017-05-01,1,724.90000000,2017-05,1,0
1950591,2018-02-13,3,13512.79000000,2018-02,1,0
1950637,2018-08-23,2,421.48000000,2018-08,1,0
1950674,2018-05-14,4,4224.66000000,2018-05,1,0
1950756,2019-07-31,3,5146.00000000,2019-07,1,0
1950883,2018-03-07,3,5360.88000000,2018-03,1,0
1950884,2017-05-18,3,10906.89000000,2017-05,1,0
1950929,2016-12-23,1,539.80000000,2016-12,1,0
1951129,2018-08-22,2,1814.99000000,2018-08,1,0
1951334,2018-02-08,3,6385.74000000,2018-02,1,0
1951406,2019-01-01,2,960.38000000,2019-01,1,0
1951411,2017-10-18,5,7747.94000000,2017-10,1,1
1951594,2018-11-29,4,10006.49000000,2018-11,1,0
1951611,2016-09-17,3,20504.94000000,2016-09,1,0
1951643,2018-03-15,1,1451.84000000,2018-03,1,0
1951677,2019-05-11,2,4002.97000000,2019-05,1,1
1951766,2016-09-08,5,14500.59000000,2016-09,1,0
1951832,2017-08-02,2,3487.17000000,2017-08,1,0
1952169,2016-02-18,1,2436.00000000,2016-02,1,0
1952261,2017-10-06,5,15904.59000000,2017-10,1,0
1952376,2017-02-07,2,2856.90000000,2017-02,1,0
1952591,2016-09-05,8,14703.04000000,2016-09,1,0
1952663,2016-06-22,4,21622.94000000,2016-06,1,0
1952779,2018-05-30,1,521.83000000,2018-05,1,0
1953018,2016-12-03,1,5142.81000000,2016-12,1,0
1953023,2018-10-23,1,57.88000000,2018-10,1,0
1953058,2018-11-22,1,405.50000000,2018-11,1,0
1953190,2018-06-06,1,2363.97000000,2018-06,1,0
1953216,2018-08-03,2,4936.73000000,2018-08,1,0
1953232,2017-09-06,2,1741.56000000,2017-09,1,0
19534,2018-08-09,1,870.02000000,2018-08,1,0
1953978,2018-01-13,3,7655.42000000,2018-01,1,0
1954251,2018-12-13,3,7609.54000000,2018-12,1,0
1954387,2020-03-05,1,98.59000000,2020-03,1,0
1954452,2018-05-19,2,7021.10000000,2018-05,1,0
1954639,2016-02-10,2,1831.94000000,2016-02,1,0
1954871,2018-09-13,2,235.98000000,2018-09,1,0
1954880,2018-10-17,3,29155.30000000,2018-10,1,0
195521,2016-01-07,1,3678.98000000,2016-01,1,0
1955238,2018-08-28,3,932.61000000,2018-08,1,1
1955493,2018-12-25,1,928.00000000,2018-12,1,0
1955888,2019-12-13,1,779.00000000,2019-12,1,0
1955971,2016-01-06,4,7987.13000000,2016-01,1,0
1956080,2019-01-19,1,1446.00000000,2019-01,1,0
195613,2020-06-08,1,119.80000000,2020-06,1,0
1956193,2018-05-05,1,297.79000000,2018-05,1,0
1956270,2019-01-05,2,1024.69000000,2019-01,1,0
1956301,2016-11-11,3,3421.71000000,2016-11,1,0
1956404,2017-05-31,4,2325.54000000,2017-05,1,0
1956497,2018-10-02,4,16986.53000000,2018-10,1,1
1956520,2017-06-21,4,13129.44000000,2017-06,1,0
1956840,2017-01-07,5,12864.02000000,2017-01,1,0
1956922,2017-11-22,2,6368.75000000,2017-11,1,0
1956960,2017-09-13,3,14637.69000000,2017-09,1,0
1956984,2018-06-26,5,13091.75000000,2018-06,1,0
1957363,2017-10-26,6,23379.38000000,2017-10,1,0
1957757,2020-06-02,2,10090.99000000,2020-06,1,0
1957771,2018-08-18,2,6170.53000000,2018-08,1,0
1957841,2018-02-22,7,17036.49000000,2018-02,1,0
1957844,2017-03-11,1,1193.00000000,2017-03,1,0
1958005,2019-01-17,2,2431.08000000,2019-01,1,0
1958373,2018-02-16,5,7035.32000000,2018-02,1,0
1958543,2017-12-22,3,4537.98000000,2017-12,1,0
1958590,2019-02-28,1,7185.00000000,2019-02,1,0
1958662,2018-05-17,1,1019.70000000,2018-05,1,0
1958679,2016-07-06,1,1840.00000000,2016-07,1,0
1958731,2020-02-21,1,2147.67000000,2020-02,1,0
1958824,2019-10-25,5,6128.97000000,2019-10,1,1
1958828,2018-11-23,2,891.48000000,2018-11,1,0
1958936,2019-05-24,2,10085.93000000,2019-05,1,0
1959045,2017-09-14,1,848.99000000,2017-09,1,0
1959163,2018-12-19,4,6663.00000000,2018-12,1,1
1959184,2019-07-27,3,2923.11000000,2019-07,1,1
1959237,2018-10-22,1,3800.95000000,2018-10,1,0
1959272,2018-01-16,3,7198.48000000,2018-01,1,0
1959480,2019-01-16,1,2994.99000000,2019-01,1,0
1959688,2019-02-10,3,9000.51000000,2019-02,1,0
1959821,2017-01-23,2,1146.20000000,2017-01,1,0
1959860,2019-05-31,3,3897.64000000,2019-05,1,0
1959938,2016-02-13,3,4666.00000000,2016-02,1,0
1960099,2017-05-29,2,23447.50000000,2017-05,1,0
1960149,2017-10-03,3,818.32000000,2017-10,1,0
1960256,2017-09-06,3,4535.04000000,2017-09,1,0
1960599,2018-09-19,2,1467.31000000,2018-09,1,1
1960809,2019-12-02,1,2875.96000000,2019-12,1,0
1960909,2017-01-03,2,5140.78000000,2017-01,1,0
1961299,2016-11-09,2,1367.46000000,2016-11,1,0
1961520,2019-12-17,2,11253.00000000,2019-12,1,1
196161,2019-12-24,1,303.60000000,2019-12,1,0
1961837,2018-02-16,2,8665.86000000,2018-02,1,0
1961950,2017-01-26,3,3826.76000000,2017-01,1,0
1961969,2016-05-04,3,14999.72000000,2016-05,1,1
1961975,2019-04-30,1,441.00000000,2019-04,1,0
1961979,2016-07-15,5,11261.27000000,2016-07,1,0
1962126,2017-03-08,1,2743.61000000,2017-03,1,0
1962199,2016-08-05,1,1540.00000000,2016-08,1,0
1962210,2020-12-10,1,50.00000000,2020-12,0,0
1962218,2017-08-16,3,4068.81000000,2017-08,1,1
1962303,2017-07-20,4,3480.39000000,2017-07,1,0
1962528,2018-12-25,1,3265.78000000,2018-12,1,0
1962740,2018-10-04,2,5915.53000000,2018-10,1,0
1962805,2018-09-28,3,2635.86000000,2018-09,1,1
1962816,2017-01-13,1,5623.00000000,2017-01,1,0
196288,2018-05-17,1,13573.29000000,2018-05,1,0
1963081,2017-10-21,3,7720.39000000,2017-10,1,0
196331,2018-11-01,1,847.90000000,2018-11,1,0
1963343,2019-08-27,2,1176.78000000,2019-08,1,0
1963509,2017-08-14,2,5889.20000000,2017-08,1,0
1964297,2017-03-05,6,16784.30000000,2017-03,1,0
1964342,2017-02-18,2,3215.75000000,2017-02,1,0
1964702,2017-12-29,2,321.95000000,2017-12,1,0
1964759,2016-06-10,6,10698.52000000,2016-06,1,0
1964791,2016-11-08,2,2014.65000000,2016-11,1,0
1964906,2020-05-26,1,400.00000000,2020-05,1,0
1965288,2018-12-24,3,17706.79000000,2018-12,1,0
1965339,2018-02-15,2,1361.00000000,2018-02,1,0
1965605,2016-02-15,1,227.96000000,2016-02,1,0
1965809,2019-05-24,3,2863.24000000,2019-05,1,0
1965850,2019-03-12,2,1030.98000000,2019-03,1,0
1966223,2019-12-09,1,14.94000000,2019-12,1,0
1966751,2018-07-21,2,8306.31000000,2018-07,1,0
1966972,2016-03-11,3,5373.54000000,2016-03,1,0
1967003,2018-10-29,1,1184.00000000,2018-10,1,0
1967017,2017-08-19,2,1199.97000000,2017-08,1,0
1967159,2019-11-15,1,289.98000000,2019-11,1,0
1967380,2017-09-28,1,4705.61000000,2017-09,1,0
1967407,2018-12-17,1,978.00000000,2018-12,1,0
1967496,2018-01-10,2,126.55000000,2018-01,1,0
1967534,2019-12-28,1,533.26000000,2019-12,1,0
1967813,2016-12-07,2,3754.84000000,2016-12,1,0
1967848,2016-09-21,2,3163.91000000,2016-09,1,0
1968118,2017-12-16,3,5014.77000000,2017-12,1,0
1968385,2018-05-21,3,4856.84000000,2018-05,1,0
1968675,2016-03-04,1,539.80000000,2016-03,1,0
1968723,2019-08-24,1,6303.00000000,2019-08,1,0
1969111,2019-12-09,1,935.47000000,2019-12,1,0
196921,2017-09-02,2,9451.95000000,2017-09,1,0
1969221,2016-02-27,2,9100.05000000,2016-02,1,0
1969254,2020-02-18,1,47.44000000,2020-02,1,0
1969340,2020-05-09,1,2212.91000000,2020-05,1,0
1969368,2019-12-19,1,49.98000000,2019-12,1,0
1969433,2018-09-29,4,6696.47000000,2018-09,1,0
1969704,2016-08-13,7,42788.04000000,2016-08,1,0
1969722,2018-12-20,4,26534.61000000,2018-12,1,1
1969736,2016-11-18,2,6727.27000000,2016-11,1,0
1969751,2016-09-02,2,1241.99000000,2016-09,1,0
1969970,2019-02-09,5,6788.41000000,2019-02,1,0
1970218,2018-09-04,1,46.01000000,2018-09,1,0
1970395,2020-02-14,1,1327.61000000,2020-02,1,0
1970732,2016-06-29,4,3205.43000000,2016-06,1,0
197088,2019-12-17,1,6387.08000000,2019-12,1,0
1970893,2016-03-10,4,6728.21000000,2016-03,1,0
1970944,2018-09-03,2,1911.78000000,2018-09,1,1
1971018,2016-05-14,3,14502.45000000,2016-05,1,0
1971514,2016-12-18,4,12297.02000000,2016-12,1,0
1971540,2018-06-15,3,2126.89000000,2018-06,1,0
1971558,2019-12-20,1,3573.90000000,2019-12,1,0
1971593,2018-07-20,2,1566.70000000,2018-07,1,0
1971661,2017-12-27,3,9943.53000000,2017-12,1,0
1971806,2018-07-21,5,5663.27000000,2018-07,1,0
1971820,2018-01-08,3,7321.37000000,2018-01,1,0
1971893,2017-12-21,3,1648.48000000,2017-12,1,0
197192,2019-12-17,2,5380.77000000,2019-12,1,0
1971969,2018-07-04,2,634.00000000,2018-07,1,0
1971983,2016-01-09,4,17620.74000000,2016-01,1,0
197212,2019-07-18,2,916.71000000,2019-07,1,1
1972196,2019-06-01,1,3416.95000000,2019-06,1,0
1972249,2017-12-18,9,28869.45000000,2017-12,1,0
1972329,2019-10-28,1,37.98000000,2019-10,1,0
19726,2020-03-06,1,857.00000000,2020-03,1,0
1972624,2016-07-07,3,3011.79000000,2016-07,1,0
1972699,2018-12-22,3,3501.57000000,2018-12,1,1
1972768,2019-02-27,2,1133.40000000,2019-02,1,0
1973315,2017-01-14,1,288.00000000,2017-01,1,0
1973393,2020-01-30,1,335.19000000,2020-01,1,0
1973634,2020-01-04,1,1472.00000000,2020-01,1,0
1973647,2016-12-16,4,4733.85000000,2016-12,1,0
1974024,2017-06-15,1,6873.95000000,2017-06,1,0
1974066,2018-08-22,1,2400.00000000,2018-08,1,0
1974221,2020-01-07,1,903.00000000,2020-01,1,0
1974339,2016-10-25,5,13017.76000000,2016-10,1,0
1974345,2018-12-24,3,6612.89000000,2018-12,1,0
1974387,2018-12-26,3,3531.41000000,2018-12,1,1
1974792,2019-05-07,2,2824.33000000,2019-05,1,0
1974863,2020-02-20,1,299.95000000,2020-02,1,0
19753,2018-08-15,2,684.85000000,2018-08,1,0
1975386,2017-06-01,4,9266.63000000,2017-06,1,0
1975423,2018-12-06,2,7223.78000000,2018-12,1,0
1975759,2016-11-04,1,2020.85000000,2016-11,1,0
1975761,2018-02-10,3,5250.27000000,2018-02,1,0
1975850,2020-01-29,2,3625.73000000,2020-01,1,0
1976355,2016-01-13,3,8929.46000000,2016-01,1,0
1976499,2018-01-18,3,9458.98000000,2018-01,1,0
1976526,2017-11-30,1,4193.00000000,2017-11,1,0
197655,2017-12-20,1,25.69000000,2017-12,1,0
1976633,2016-11-03,4,10172.14000000,2016-11,1,0
1976945,2019-02-16,1,67.89000000,2019-02,1,0
1976957,2017-06-14,4,7894.46000000,2017-06,1,1
1977454,2019-02-25,2,2784.00000000,2019-02,1,0
1977527,2016-01-01,2,1467.44000000,2016-01,1,0
1977543,2017-08-12,2,2879.28000000,2017-08,1,0
1977775,2019-12-21,3,13863.07000000,2019-12,1,1
1977971,2018-12-18,2,1966.93000000,2018-12,1,0
1977993,2017-10-19,1,1792.00000000,2017-10,1,0
1978029,2017-07-22,4,24982.14000000,2017-07,1,0
1978474,2017-10-08,2,1214.50000000,2017-10,1,0
1979129,2017-09-12,2,12540.91000000,2017-09,1,0
1979251,2018-09-13,3,1853.50000000,2018-09,1,1
1979261,2019-10-15,1,521.98000000,2019-10,1,0
1979589,2016-08-11,2,25118.19000000,2016-08,1,1
1979667,2019-03-02,1,96.00000000,2019-03,1,0
1979728,2016-06-03,5,11522.41000000,2016-06,1,0
1979787,2016-10-13,3,4651.56000000,2016-10,1,0
1979837,2017-07-01,4,5492.37000000,2017-07,1,0
1979879,2019-02-02,2,507.00000000,2019-02,1,0
1979995,2016-08-27,7,13809.04000000,2016-08,1,0
1980004,2016-09-06,2,957.99000000,2016-09,1,0
1980048,2016-11-24,1,60.99000000,2016-11,1,0
1980266,2017-03-01,2,2467.91000000,2017-03,1,0
1980499,2018-02-24,3,6692.45000000,2018-02,1,0
1980538,2018-01-20,2,4231.87000000,2018-01,1,0
1980830,2016-09-03,2,729.93000000,2016-09,1,0
1980973,2019-02-22,1,1604.49000000,2019-02,1,0
1980993,2017-02-24,1,53.28000000,2017-02,1,0
1981004,2016-06-16,7,17119.99000000,2016-06,1,0
198128,2020-07-12,1,1442.74000000,2020-07,1,0
1981433,2017-10-04,6,8313.91000000,2017-10,1,0
1981754,2020-02-07,1,1835.15000000,2020-02,1,0
1981833,2017-08-25,4,10765.54000000,2017-08,1,0
1981868,2016-05-10,6,17074.22000000,2016-05,1,0
1981968,2018-08-16,2,3485.98000000,2018-08,1,0
1981992,2018-08-16,4,14629.00000000,2018-08,1,0
1982066,2016-12-12,2,6942.60000000,2016-12,1,0
1982150,2017-06-26,6,4047.98000000,2017-06,1,0
1982247,2017-05-23,4,4094.60000000,2017-05,1,0
1982336,2016-06-17,4,6669.15000000,2016-06,1,0
1982502,2016-05-20,1,2276.94000000,2016-05,1,0
1982762,2016-01-01,4,5808.47000000,2016-01,1,0
1982856,2018-03-03,4,2630.33000000,2018-03,1,0
1982994,2016-01-07,1,1688.00000000,2016-01,1,0
1983111,2016-07-01,4,12618.09000000,2016-07,1,0
1983213,2019-06-06,2,7964.69000000,2019-06,1,0
1983228,2016-12-24,2,1033.76000000,2016-12,1,0
1983416,2016-10-20,4,9555.14000000,2016-10,1,0
1983649,2016-02-11,1,3560.89000000,2016-02,1,0
1983666,2018-01-01,1,8495.85000000,2018-01,1,0
1983692,2018-12-22,3,4472.62000000,2018-12,1,1
1984464,2017-11-15,3,14878.48000000,2017-11,1,0
1984624,2016-10-24,3,8388.88000000,2016-10,1,0
1984649,2016-02-25,3,2610.00000000,2016-02,1,0
1984685,2016-01-16,1,1533.89000000,2016-01,1,0
1984697,2018-02-08,3,927.70000000,2018-02,1,0
1984985,2016-01-01,3,5265.79000000,2016-01,1,0
1984991,2020-12-24,1,4054.00000000,2020-12,0,0
1985627,2019-01-09,1,4924.99000000,2019-01,1,0
1985636,2018-05-05,2,6530.63000000,2018-05,1,0
1985886,2019-02-21,1,10074.18000000,2019-02,1,0
1985903,2019-03-06,3,3061.45000000,2019-03,1,0
1986036,2020-02-18,1,888.00000000,2020-02,1,0
198616,2019-04-29,1,2274.00000000,2019-04,1,0
1986204,2016-06-02,4,4254.70000000,2016-06,1,0
198627,2018-06-28,1,289.99000000,2018-06,1,0
1986637,2019-10-09,1,936.00000000,2019-10,1,0
1986674,2020-12-17,1,1996.50000000,2020-12,0,0
1986804,2018-04-28,7,13273.62000000,2018-04,1,1
1986927,2016-02-22,4,1142.89000000,2016-02,1,0
1987069,2019-06-08,1,695.65000000,2019-06,1,0
198716,2019-11-04,1,3992.26000000,2019-11,1,0
1987171,2018-02-14,2,4449.96000000,2018-02,1,0
1987314,2016-12-17,3,5898.20000000,2016-12,1,0
1987493,2017-10-05,3,4954.42000000,2017-10,1,0
1987593,2017-12-23,2,2361.19000000,2017-12,1,0
1987601,2016-09-20,2,2820.04000000,2016-09,1,0
1987941,2016-02-04,3,17246.85000000,2016-02,1,0
1987964,2020-06-01,1,2282.28000000,2020-06,1,0
1987984,2019-08-10,1,13668.99000000,2019-08,1,0
1988069,2020-07-09,2,1280.20000000,2020-07,1,0
1988615,2020-02-15,1,1582.00000000,2020-02,1,0
1988805,2018-01-13,7,10823.46000000,2018-01,1,0
1989435,2018-01-29,3,2515.62000000,2018-01,1,0
1989635,2017-01-07,4,8322.60000000,2017-01,1,0
1989753,2017-12-30,1,473.19000000,2017-12,1,0
1989863,2019-08-08,3,6119.69000000,2019-08,1,1
1990017,2019-10-08,1,364.91000000,2019-10,1,0
1990185,2016-07-17,1,234.00000000,2016-07,1,0
1990343,2016-11-26,3,4829.58000000,2016-11,1,0
1990506,2019-09-28,1,458.00000000,2019-09,1,0
1990647,2019-06-20,1,140.26000000,2019-06,1,0
1990814,2019-02-25,2,1308.47000000,2019-02,1,0
199120,2016-11-09,2,2546.78000000,2016-11,1,0
1991239,2016-09-10,2,2745.88000000,2016-09,1,0
1991278,2020-05-07,1,919.00000000,2020-05,1,0
1991339,2017-12-21,4,4813.88000000,2017-12,1,0
1991411,2017-08-14,3,4314.87000000,2017-08,1,0
1991497,2019-01-26,2,414.80000000,2019-01,1,0
1991742,2017-12-15,5,12172.91000000,2017-12,1,0
1991913,2016-11-22,3,6521.34000000,2016-11,1,0
1991961,2017-01-25,2,10410.00000000,2017-01,1,0
1992043,2016-10-20,2,1326.00000000,2016-10,1,0
1992074,2016-09-03,4,13827.06000000,2016-09,1,0
1992835,2017-09-07,3,12680.59000000,2017-09,1,0
199288,2016-09-20,1,1342.59000000,2016-09,1,0
1993046,2019-02-19,1,199.95000000,2019-02,1,0
1993577,2019-05-18,1,1072.00000000,2019-05,1,0
1994181,2018-01-06,3,7038.93000000,2018-01,1,0
1994581,2018-02-09,1,5598.99000000,2018-02,1,0
1994606,2019-09-30,1,4958.22000000,2019-09,1,0
1994932,2020-05-30,2,2424.70000000,2020-05,1,0
1994967,2018-12-14,2,1212.00000000,2018-12,1,0
1994972,2018-01-25,3,3081.73000000,2018-01,1,0
1995044,2020-02-08,2,6970.14000000,2020-02,1,0
1995071,2017-06-13,3,1197.69000000,2017-06,1,0
1995593,2018-09-10,2,1154.85000000,2018-09,1,0
1995697,2016-05-07,2,4825.66000000,2016-05,1,0
1995699,2017-07-31,2,3152.75000000,2017-07,1,0
1995928,2020-06-05,1,438.00000000,2020-06,1,0
1996019,2017-12-23,2,7457.45000000,2017-12,1,0
1996029,2018-08-18,4,12027.84000000,2018-08,1,0
1996108,2017-08-09,4,6218.29000000,2017-08,1,0
1996351,2019-08-01,1,2029.50000000,2019-08,1,0
1996365,2019-11-29,3,5744.01000000,2019-11,1,0
1996488,2019-12-26,2,3199.80000000,2019-12,1,1
1996680,2017-09-05,1,40.55000000,2017-09,1,0
1996781,2017-01-04,6,9503.63000000,2017-01,1,0
1996797,2018-06-15,5,10933.13000000,2018-06,1,0
1996847,2019-11-28,2,2182.65000000,2019-11,1,0
1996909,2019-08-01,3,9721.60000000,2019-08,1,1
1996959,2016-02-04,7,18230.30000000,2016-02,1,0
1997104,2018-12-12,1,2453.29000000,2018-12,1,0
1997208,2018-12-01,4,11442.31000000,2018-12,1,0
1997221,2016-07-14,4,3553.66000000,2016-07,1,0
1997307,2017-06-17,1,7803.04000000,2017-06,1,0
1997542,2019-12-24,1,14.94000000,2019-12,1,0
1997694,2019-01-18,1,843.00000000,2019-01,1,0
1997727,2017-11-09,3,1232.40000000,2017-11,1,0
1997765,2016-12-12,5,4955.83000000,2016-12,1,0
1997780,2018-09-21,5,16439.61000000,2018-09,1,0
1998013,2016-12-24,6,11946.34000000,2016-12,1,0
1998163,2016-07-16,1,1537.95000000,2016-07,1,0
1998179,2018-07-23,3,4846.73000000,2018-07,1,0
1998305,2016-11-22,2,8982.50000000,2016-11,1,0
1998377,2019-02-23,2,19901.00000000,2019-02,1,0
1998481,2017-08-10,4,10277.37000000,2017-08,1,0
1999313,2019-05-15,1,3055.98000000,2019-05,1,0
1999333,2018-06-23,3,3200.07000000,2018-06,1,0
1999383,2016-05-26,2,3718.46000000,2016-05,1,0
1999721,2017-02-25,3,18230.28000000,2017-02,1,0
1999750,2017-01-10,1,1015.95000000,2017-01,1,0
1999911,2019-10-23,2,2415.94000000,2019-10,1,1
1999956,2017-08-22,2,1636.81000000,2017-08,1,0
2000293,2019-08-17,1,2079.40000000,2019-08,1,0
2000732,2018-09-19,3,3260.61000000,2018-09,1,1
2000744,2019-11-04,2,1993.98000000,2019-11,1,1
2000872,2016-05-21,2,211.98000000,2016-05,1,1
2001416,2019-07-16,2,415.69000000,2019-07,1,0
2001744,2019-05-31,2,2310.34000000,2019-05,1,0
2001745,2018-05-22,2,2076.85000000,2018-05,1,0
2001755,2016-11-08,3,36067.47000000,2016-11,1,0
2001808,2019-09-03,1,2948.67000000,2019-09,1,0
2001813,2020-12-31,2,1817.84000000,2020-12,0,0
2001941,2020-06-06,1,2364.57000000,2020-06,1,0
2001951,2018-11-08,2,426.99000000,2018-11,1,0
200208,2018-10-05,3,6209.90000000,2018-10,1,0
2002239,2020-12-08,1,4182.90000000,2020-12,0,0
2002288,2016-11-10,2,177.77000000,2016-11,1,0
2002372,2017-05-27,2,3084.39000000,2017-05,1,0
2002439,2018-09-08,4,11168.40000000,2018-09,1,1
2002685,2017-01-19,1,129.90000000,2017-01,1,0
2002810,2018-12-17,2,872.99000000,2018-12,1,1
2002841,2019-01-10,1,3402.91000000,2019-01,1,0
2002888,2017-09-09,2,3300.96000000,2017-09,1,0
2003153,2018-02-16,4,5977.18000000,2018-02,1,0
2003293,2019-02-21,2,6169.85000000,2019-02,1,0
2003358,2016-09-05,8,26444.50000000,2016-09,1,0
2003425,2019-12-18,1,5502.70000000,2019-12,1,0
2003638,2018-05-07,3,3489.08000000,2018-05,1,0
200370,2020-03-13,1,2786.00000000,2020-03,1,0
2003705,2021-02-18,1,499.90000000,2021-02,0,0
2003856,2019-02-21,1,1865.20000000,2019-02,1,0
2003997,2017-08-26,3,10206.64000000,2017-08,1,0
2004240,2020-12-12,1,2083.69000000,2020-12,0,0
2004284,2018-10-03,5,8857.73000000,2018-10,1,1
2004449,2017-10-12,2,1464.60000000,2017-10,1,0
2004576,2020-02-19,1,1902.80000000,2020-02,1,0
2005315,2017-08-19,1,2545.99000000,2017-08,1,0
2005336,2016-09-12,1,1893.96000000,2016-09,1,0
2005351,2016-10-08,2,1212.98000000,2016-10,1,0
2005389,2018-05-31,1,219.98000000,2018-05,1,0
2005718,2018-06-16,1,301.00000000,2018-06,1,0
2005934,2017-08-11,2,3905.96000000,2017-08,1,0
2006113,2019-02-21,3,2866.30000000,2019-02,1,0
2006166,2016-10-01,2,250.78000000,2016-10,1,0
2006191,2019-12-27,2,6032.60000000,2019-12,1,1
2006313,2016-08-02,2,5636.28000000,2016-08,1,0
2006486,2018-11-05,2,2974.60000000,2018-11,1,0
2006574,2018-01-01,4,7948.95000000,2018-01,1,1
2006644,2016-02-24,3,14304.10000000,2016-02,1,0
2006704,2019-09-04,2,3578.63000000,2019-09,1,0
2006758,2017-01-21,2,11357.87000000,2017-01,1,0
2006826,2017-11-01,4,11665.30000000,2017-11,1,0
20069,2019-01-09,4,3086.31000000,2019-01,1,0
2007027,2019-06-26,3,7248.76000000,2019-06,1,1
2007028,2019-04-30,4,1934.35000000,2019-04,1,0
2007125,2017-11-18,4,4445.42000000,2017-11,1,0
200727,2016-12-30,3,5402.44000000,2016-12,1,0
2007280,2016-09-15,6,9122.87000000,2016-09,1,0
2007321,2016-11-02,2,7412.23000000,2016-11,1,0
2007618,2019-07-01,1,149.95000000,2019-07,1,0
200765,2020-03-07,1,53.97000000,2020-03,1,0
2007813,2016-01-28,6,3049.43000000,2016-01,1,0
2008177,2018-12-14,2,7630.05000000,2018-12,1,0
2008468,2019-05-29,1,1509.57000000,2019-05,1,0
200860,2019-10-29,1,1520.00000000,2019-10,1,0
200903,2016-05-10,1,169.99000000,2016-05,1,0
2009147,2021-01-26,1,988.90000000,2021-01,0,0
20092,2018-12-11,2,4190.91000000,2018-12,1,0
2009243,2018-11-19,2,8048.00000000,2018-11,1,0
2009540,2020-01-04,1,6094.95000000,2020-01,1,0
2009720,2016-10-15,2,2741.79000000,2016-10,1,0
200992,2016-02-17,1,43.00000000,2016-02,1,0
2010159,2021-02-19,1,404.40000000,2021-02,0,0
2010245,2017-02-22,2,2231.94000000,2017-02,1,0
2010262,2017-08-03,2,3795.99000000,2017-08,1,0
2010411,2018-09-11,1,179.97000000,2018-09,1,0
2010495,2019-07-10,2,1434.76000000,2019-07,1,0
2010506,2016-12-10,2,1110.16000000,2016-12,1,0
2010586,2018-08-09,2,2149.53000000,2018-08,1,0
2010827,2019-01-12,1,230.00000000,2019-01,1,0
2011096,2016-08-22,3,2578.38000000,2016-08,1,0
2011298,2017-11-18,5,13106.64000000,2017-11,1,0
2011585,2019-11-30,1,559.96000000,2019-11,1,0
2011632,2017-11-09,1,853.90000000,2017-11,1,0
2011673,2016-09-09,5,16522.84000000,2016-09,1,0
2011702,2020-02-29,1,4079.00000000,2020-02,1,0
2011787,2016-04-27,4,7638.58000000,2016-04,1,0
2011791,2020-06-09,1,499.90000000,2020-06,1,0
2011796,2016-01-22,2,22146.78000000,2016-01,1,1
2012045,2017-08-26,2,982.99000000,2017-08,1,0
2012168,2016-07-09,5,11727.39000000,2016-07,1,0
2012457,2016-10-15,6,9208.34000000,2016-10,1,0
2012901,2016-11-19,4,5947.14000000,2016-11,1,0
201299,2016-06-01,3,9279.66000000,2016-06,1,0
2013268,2016-02-22,2,1545.85000000,2016-02,1,0
2013443,2017-01-25,7,8647.79000000,2017-01,1,0
2013759,2020-09-26,1,549.95000000,2020-09,1,0
2013811,2018-07-21,6,6531.42000000,2018-07,1,0
2014107,2017-02-16,5,6345.50000000,2017-02,1,0
2014226,2016-10-19,10,16772.43000000,2016-10,1,0
2014440,2018-05-01,1,2995.00000000,2018-05,1,0
2014500,2019-06-09,2,4998.70000000,2019-06,1,0
2014565,2018-07-06,4,6750.54000000,2018-07,1,0
2014737,2019-01-26,2,1739.10000000,2019-01,1,0
2014806,2019-10-12,1,5029.98000000,2019-10,1,0
2014930,2019-10-22,2,3199.14000000,2019-10,1,0
2015026,2019-01-07,2,4875.35000000,2019-01,1,0
2015036,2016-08-10,2,3032.14000000,2016-08,1,0
2015045,2019-05-08,1,2547.80000000,2019-05,1,0
2015104,2016-11-10,1,5050.39000000,2016-11,1,0
2015173,2020-01-31,1,3679.15000000,2020-01,1,0
2015228,2017-12-01,3,1533.99000000,2017-12,1,0
2015316,2017-08-26,3,6672.50000000,2017-08,1,0
2015373,2019-09-24,2,3908.97000000,2019-09,1,0
2015566,2018-08-28,1,521.89000000,2018-08,1,0
2015614,2019-10-21,1,20.64000000,2019-10,1,0
2015674,2016-06-23,4,10016.06000000,2016-06,1,0
2015900,2016-02-23,6,7798.79000000,2016-02,1,0
2016036,2019-12-24,1,12005.92000000,2019-12,1,0
2016041,2019-06-07,2,9090.79000000,2019-06,1,0
2016137,2017-02-21,3,4373.74000000,2017-02,1,0
2016329,2019-11-12,1,4058.67000000,2019-11,1,0
2016610,2018-10-20,1,969.90000000,2018-10,1,0
201664,2018-06-17,3,6722.17000000,2018-06,1,0
2016721,2018-06-19,1,939.94000000,2018-06,1,0
201709,2016-12-16,1,1189.99000000,2016-12,1,0
201728,2017-07-19,1,1429.96000000,2017-07,1,0
2017407,2018-05-31,2,590.89000000,2018-05,1,0
2017884,2016-09-13,4,5114.62000000,2016-09,1,0
2017937,2016-12-31,2,8835.98000000,2016-12,1,0
2018142,2018-07-23,1,9119.19000000,2018-07,1,0
2018226,2019-10-07,1,39.96000000,2019-10,1,0
2018421,2016-05-14,3,11834.17000000,2016-05,1,1
2018524,2018-12-21,1,31.39000000,2018-12,1,0
201865,2019-03-09,2,10277.90000000,2019-03,1,0
2018685,2017-01-03,2,12881.56000000,2017-01,1,0
2018869,2016-09-17,4,14954.90000000,2016-09,1,0
2019180,2019-01-07,3,6232.59000000,2019-01,1,0
2019245,2020-01-15,1,109.00000000,2020-01,1,0
2019675,2019-11-26,1,436.90000000,2019-11,1,0
2020068,2017-09-04,2,1166.45000000,2017-09,1,0
2020231,2018-06-14,1,1539.50000000,2018-06,1,0
2020420,2019-02-15,4,3334.67000000,2019-02,1,0
2020722,2016-11-23,4,5526.55000000,2016-11,1,0
2021107,2018-05-19,4,21402.33000000,2018-05,1,0
2021158,2018-12-11,1,979.84000000,2018-12,1,0
2021353,2018-06-02,4,3715.78000000,2018-06,1,0
2021360,2019-08-21,1,2765.95000000,2019-08,1,0
2021365,2019-02-23,3,5720.63000000,2019-02,1,0
2021639,2018-12-15,3,3996.98000000,2018-12,1,0
2021834,2019-09-25,2,3035.12000000,2019-09,1,0
2021916,2017-02-21,2,6069.93000000,2017-02,1,0
2022051,2019-09-05,2,9494.00000000,2019-09,1,0
2022162,2016-05-23,2,4324.20000000,2016-05,1,0
2022199,2020-02-10,1,2599.90000000,2020-02,1,0
202220,2019-02-01,2,1211.39000000,2019-02,1,0
2022243,2018-05-08,3,3573.20000000,2018-05,1,0
2022288,2019-06-12,1,3470.00000000,2019-06,1,0
2022412,2016-05-14,6,13329.76000000,2016-05,1,0
2022662,2019-01-20,4,3773.57000000,2019-01,1,0
2022707,2016-08-27,3,1157.93000000,2016-08,1,0
2022861,2016-09-29,3,4374.04000000,2016-09,1,1
2022876,2019-03-13,1,1840.00000000,2019-03,1,0
202290,2018-12-25,4,8281.22000000,2018-12,1,1
2023185,2016-02-20,4,9166.01000000,2016-02,1,0
2023204,2019-12-11,1,165.00000000,2019-12,1,0
2023470,2018-12-21,2,680.52000000,2018-12,1,0
20237,2019-12-31,1,5071.45000000,2019-12,1,0
2023780,2017-02-18,3,9974.48000000,2017-02,1,0
2023998,2017-04-27,3,5444.53000000,2017-04,1,0
2024029,2017-12-30,8,8433.20000000,2017-12,1,0
2024100,2018-02-02,2,8011.35000000,2018-02,1,0
2024150,2019-09-18,1,227.94000000,2019-09,1,0
2024240,2017-10-25,2,537.12000000,2017-10,1,0
2024716,2018-11-14,2,4716.16000000,2018-11,1,0
2025213,2017-06-26,4,9238.81000000,2017-06,1,0
2025504,2019-02-05,3,5556.17000000,2019-02,1,0
2025509,2017-07-04,2,2614.96000000,2017-07,1,0
202552,2016-12-06,1,1053.80000000,2016-12,1,0
2025686,2019-07-18,2,13902.32000000,2019-07,1,0
2025711,2017-10-14,3,16247.85000000,2017-10,1,0
2025840,2018-09-29,2,3423.55000000,2018-09,1,0
2025955,2016-11-24,3,3955.94000000,2016-11,1,0
2026025,2016-02-19,1,1407.00000000,2016-02,1,0
2026065,2020-08-19,1,259.98000000,2020-08,1,0
2026106,2017-11-20,4,8670.87000000,2017-11,1,0
202626,2019-01-26,1,919.99000000,2019-01,1,0
2026387,2017-11-27,3,10584.42000000,2017-11,1,0
2026432,2018-07-17,2,3567.00000000,2018-07,1,0
2026561,2020-06-25,1,65.78000000,2020-06,1,0
2026801,2018-02-20,5,17851.15000000,2018-02,1,0
2026978,2019-05-01,1,6674.00000000,2019-05,1,0
2027056,2021-01-12,1,2157.83000000,2021-01,0,0
2027276,2018-05-23,3,10870.90000000,2018-05,1,0
2027449,2019-03-07,2,4563.00000000,2019-03,1,0
2027502,2019-01-04,2,8275.93000000,2019-01,1,1
2027765,2018-07-27,1,1513.98000000,2018-07,1,0
2027835,2016-10-20,3,1594.19000000,2016-10,1,0
2027861,2018-11-15,2,1279.22000000,2018-11,1,0
2028962,2017-10-21,4,7668.72000000,2017-10,1,0
2029379,2018-10-01,1,2583.00000000,2018-10,1,0
2029441,2018-10-12,2,3826.68000000,2018-10,1,0
2029518,2016-01-25,3,5036.72000000,2016-01,1,0
2029584,2020-09-25,1,4025.97000000,2020-09,1,0
2029619,2016-06-29,3,18518.00000000,2016-06,1,0
2029684,2017-10-20,2,3279.94000000,2017-10,1,0
2029697,2018-11-17,1,695.58000000,2018-11,1,0
2029781,2018-09-14,2,920.49000000,2018-09,1,0
2029797,2019-07-10,1,419.97000000,2019-07,1,0
2029798,2018-07-03,3,2850.85000000,2018-07,1,0
2030035,2018-01-05,2,5318.95000000,2018-01,1,0
2030206,2016-02-23,3,2119.82000000,2016-02,1,0
2030678,2017-04-28,1,1409.91000000,2017-04,1,0
203076,2016-11-23,1,312.00000000,2016-11,1,0
2030891,2016-12-03,2,1316.65000000,2016-12,1,0
2031187,2016-02-27,1,219.98000000,2016-02,1,0
2031360,2019-01-07,1,7340.93000000,2019-01,1,0
2031446,2017-12-23,5,5436.16000000,2017-12,1,0
2031457,2016-12-13,4,952.20000000,2016-12,1,0
2031698,2019-05-17,2,1910.08000000,2019-05,1,0
203191,2018-03-10,3,12342.84000000,2018-03,1,0
2032025,2016-01-05,2,6895.64000000,2016-01,1,0
2032411,2018-06-09,5,19242.28000000,2018-06,1,0
2032588,2018-02-15,4,2341.86000000,2018-02,1,1
2032613,2016-06-18,2,3772.89000000,2016-06,1,0
2032689,2018-06-06,2,295.08000000,2018-06,1,0
2032912,2018-02-21,4,18317.20000000,2018-02,1,0
2032996,2018-08-30,4,1630.92000000,2018-08,1,0
2033194,2020-06-11,2,676.17000000,2020-06,1,1
2033219,2018-05-25,2,6660.38000000,2018-05,1,0
2033319,2019-02-20,2,533.95000000,2019-02,1,0
2033335,2018-10-20,3,1821.06000000,2018-10,1,0
2033946,2017-06-28,3,5680.45000000,2017-06,1,0
2033974,2018-09-28,3,24165.12000000,2018-09,1,0
2034681,2017-12-16,3,5282.91000000,2017-12,1,0
2034744,2019-06-20,1,2721.59000000,2019-06,1,0
2034775,2016-10-08,1,2986.36000000,2016-10,1,0
2034808,2017-12-19,6,6589.55000000,2017-12,1,0
2034809,2018-02-10,3,7191.27000000,2018-02,1,0
2034922,2016-05-21,9,23992.16000000,2016-05,1,0
2034965,2018-01-03,5,6174.49000000,2018-01,1,0
2035543,2016-10-29,1,1638.00000000,2016-10,1,0
2035577,2019-05-25,1,22.00000000,2019-05,1,0
2035762,2019-02-09,1,147.95000000,2019-02,1,0
2035771,2016-01-01,1,872.99000000,2016-01,1,0
2035862,2016-08-06,4,1891.29000000,2016-08,1,0
2035885,2020-05-27,1,815.91000000,2020-05,1,0
2036099,2016-12-24,6,7062.99000000,2016-12,1,0
2036286,2019-07-26,1,3228.30000000,2019-07,1,0
2036766,2019-10-23,2,2020.22000000,2019-10,1,0
2036809,2020-05-25,1,2575.53000000,2020-05,1,0
2037245,2019-07-01,1,2073.55000000,2019-07,1,0
2037290,2018-12-05,2,5991.29000000,2018-12,1,0
2037292,2016-04-30,3,2098.96000000,2016-04,1,0
2037884,2016-03-02,7,23549.55000000,2016-03,1,0
2037906,2016-12-16,4,10348.63000000,2016-12,1,0
2037919,2016-02-24,2,1069.50000000,2016-02,1,0
2038257,2019-03-05,1,3184.40000000,2019-03,1,0
2038328,2017-11-08,1,1095.00000000,2017-11,1,0
2038334,2016-06-06,3,7528.00000000,2016-06,1,0
203836,2017-07-19,2,5145.76000000,2017-07,1,0
2038509,2018-01-18,1,1555.96000000,2018-01,1,0
2038522,2019-07-22,3,14173.63000000,2019-07,1,0
2038741,2019-05-11,3,3961.97000000,2019-05,1,0
2038771,2017-12-19,2,4825.61000000,2017-12,1,0
2038841,2017-03-08,4,18332.87000000,2017-03,1,0
203916,2019-06-29,1,4792.00000000,2019-06,1,0
2039658,2018-02-14,5,15000.08000000,2018-02,1,0
2039683,2017-06-02,2,6904.55000000,2017-06,1,0
2039753,2020-08-08,1,2901.00000000,2020-08,1,0
2039789,2017-07-01,3,1784.91000000,2017-07,1,0
2039796,2017-08-31,5,12087.97000000,2017-08,1,0
2039866,2018-01-04,4,18765.95000000,2018-01,1,0
2040156,2017-11-04,3,2387.93000000,2017-11,1,0
204030,2018-12-31,1,928.00000000,2018-12,1,0
2040327,2018-07-13,1,779.97000000,2018-07,1,0
2040328,2019-01-19,1,645.70000000,2019-01,1,0
2040568,2016-05-26,2,2140.84000000,2016-05,1,0
2040627,2019-05-25,2,466.69000000,2019-05,1,0
2040812,2019-01-25,1,5080.00000000,2019-01,1,0
2040826,2019-06-15,1,10234.92000000,2019-06,1,0
2040948,2017-02-21,7,13247.23000000,2017-02,1,1
2041314,2019-05-20,2,1636.45000000,2019-05,1,0
204136,2019-02-25,3,14130.19000000,2019-02,1,1
2041442,2019-08-06,1,5508.00000000,2019-08,1,0
2041451,2019-11-06,1,20299.93000000,2019-11,1,0
204149,2018-07-28,2,1482.98000000,2018-07,1,0
2041643,2016-03-07,1,3120.00000000,2016-03,1,0
2042037,2018-11-08,3,18142.99000000,2018-11,1,0
2042097,2016-01-16,2,518.09000000,2016-01,1,0
2042291,2018-10-10,3,20445.97000000,2018-10,1,0
2042548,2016-11-22,5,23168.93000000,2016-11,1,0
2043122,2017-11-09,4,4893.82000000,2017-11,1,0
2043244,2018-11-24,3,12140.76000000,2018-11,1,0
2043401,2020-03-10,1,319.98000000,2020-03,1,0
2043619,2019-01-19,4,7426.78000000,2019-01,1,0
2043646,2017-02-14,5,4746.86000000,2017-02,1,0
2043708,2018-09-19,2,1909.99000000,2018-09,1,0
2043928,2016-02-11,3,7870.19000000,2016-02,1,0
2043959,2018-10-15,1,329.97000000,2018-10,1,0
2044217,2018-06-08,1,256.00000000,2018-06,1,0
2044281,2017-02-16,2,1366.95000000,2017-02,1,0
2044567,2016-02-13,8,21036.38000000,2016-02,1,0
2044599,2019-07-11,2,2438.78000000,2019-07,1,0
2044631,2018-08-29,2,7472.00000000,2018-08,1,1
2044652,2016-11-30,2,2339.58000000,2016-11,1,0
2044669,2020-01-08,1,3174.00000000,2020-01,1,0
204488,2019-09-02,1,333.90000000,2019-09,1,0
204502,2016-11-24,2,3105.92000000,2016-11,1,0
2045041,2016-09-05,1,8501.40000000,2016-09,1,0
2045183,2019-01-08,3,3519.85000000,2019-01,1,0
2045289,2019-09-25,1,66.75000000,2019-09,1,0
2045626,2019-01-17,2,778.09000000,2019-01,1,0
2045827,2017-06-23,5,9361.27000000,2017-06,1,0
2045928,2017-12-20,1,698.00000000,2017-12,1,0
2045981,2018-02-17,2,11100.72000000,2018-02,1,0
2046265,2019-08-17,2,2341.75000000,2019-08,1,0
2046511,2020-06-02,2,6523.64000000,2020-06,1,0
2046677,2018-06-26,1,773.82000000,2018-06,1,0
2046690,2018-06-19,1,1733.94000000,2018-06,1,0
2047648,2016-12-31,1,1771.00000000,2016-12,1,0
2047895,2017-03-16,3,4030.74000000,2017-03,1,0
2047942,2019-02-25,3,1744.93000000,2019-02,1,0
2048264,2020-02-03,1,1693.98000000,2020-02,1,0
2048275,2018-10-17,2,24289.46000000,2018-10,1,0
2048840,2018-02-21,3,4270.43000000,2018-02,1,0
2049273,2019-02-22,1,166.45000000,2019-02,1,0
2049384,2020-02-19,2,3205.00000000,2020-02,1,0
2050396,2017-09-22,3,2051.00000000,2017-09,1,0
2050411,2019-05-16,3,3863.82000000,2019-05,1,1
2050436,2019-07-22,1,6608.90000000,2019-07,1,0
205077,2016-01-23,5,8137.73000000,2016-01,1,0
2050933,2016-01-09,3,7076.32000000,2016-01,1,0
2051116,2019-03-07,1,327.00000000,2019-03,1,0
2051117,2017-12-26,2,1523.86000000,2017-12,1,0
2051398,2016-09-24,3,3240.43000000,2016-09,1,0
2051562,2019-03-02,1,178.59000000,2019-03,1,0
2051642,2018-12-29,2,355.94000000,2018-12,1,0
2051822,2019-03-09,2,6625.65000000,2019-03,1,0
2051826,2019-09-25,1,490.72000000,2019-09,1,0
205194,2018-07-06,1,2381.10000000,2018-07,1,0
2052082,2019-09-18,3,3346.48000000,2019-09,1,1
2052391,2020-12-24,1,398.00000000,2020-12,0,0
2052419,2019-01-03,1,1761.78000000,2019-01,1,0
2052752,2018-02-23,5,5655.87000000,2018-02,1,0
2052994,2018-06-28,1,981.07000000,2018-06,1,0
2053017,2019-05-25,2,1946.94000000,2019-05,1,0
205333,2019-02-06,2,23733.87000000,2019-02,1,1
2053393,2017-01-03,1,90.00000000,2017-01,1,0
2053447,2017-09-30,3,11476.85000000,2017-09,1,0
2053612,2017-12-29,4,4005.75000000,2017-12,1,0
2053617,2016-01-06,3,3956.62000000,2016-01,1,0
2053838,2017-01-04,5,11886.52000000,2017-01,1,0
2053862,2018-10-16,2,6469.54000000,2018-10,1,0
2054016,2019-05-09,3,598.09000000,2019-05,1,0
2054052,2018-09-07,3,4887.91000000,2018-09,1,0
2054088,2020-02-21,1,3106.27000000,2020-02,1,0
2054315,2018-08-31,2,397.93000000,2018-08,1,0
2054326,2017-09-13,1,32.00000000,2017-09,1,0
2054443,2017-12-28,2,3671.74000000,2017-12,1,0
2054697,2016-12-10,1,6780.00000000,2016-12,1,0
205476,2016-11-05,3,6480.94000000,2016-11,1,0
205480,2018-10-06,1,81.10000000,2018-10,1,0
2054855,2016-12-17,3,9472.39000000,2016-12,1,0
2054914,2017-12-26,3,1214.95000000,2017-12,1,1
2054922,2016-12-05,6,12107.99000000,2016-12,1,0
2054948,2018-01-08,3,6414.67000000,2018-01,1,0
2054967,2018-10-13,1,10.05000000,2018-10,1,0
2055060,2018-06-21,2,1075.97000000,2018-06,1,0
2055087,2016-11-30,2,2042.50000000,2016-11,1,1
205510,2018-04-27,1,798.40000000,2018-04,1,0
2055186,2016-07-02,1,1236.00000000,2016-07,1,0
2055414,2016-07-12,1,87.85000000,2016-07,1,0
2055521,2019-09-26,1,251.79000000,2019-09,1,0
2055601,2018-01-31,1,426.93000000,2018-01,1,0
2055641,2016-08-24,2,3215.59000000,2016-08,1,0
2055720,2016-02-18,1,595.00000000,2016-02,1,0
2055764,2016-02-27,5,4364.83000000,2016-02,1,0
2055843,2019-07-19,2,2144.47000000,2019-07,1,0
2056754,2019-08-13,2,4423.30000000,2019-08,1,1
2056831,2016-11-17,5,13823.04000000,2016-11,1,0
2057050,2016-07-07,2,25167.73000000,2016-07,1,0
2057184,2018-12-19,3,3559.41000000,2018-12,1,0
2057186,2018-05-09,1,218.00000000,2018-05,1,0
2057404,2018-05-29,2,1790.20000000,2018-05,1,0
2057574,2016-05-17,1,2663.76000000,2016-05,1,0
2057608,2016-12-04,3,2790.46000000,2016-12,1,0
205762,2019-05-16,2,4151.00000000,2019-05,1,0
2057632,2018-09-26,3,1992.27000000,2018-09,1,0
2057721,2019-01-24,3,2973.52000000,2019-01,1,1
2057844,2019-05-10,2,2946.88000000,2019-05,1,0
2058170,2018-12-11,2,3892.92000000,2018-12,1,1
205862,2016-09-16,2,1344.92000000,2016-09,1,0
2058877,2020-10-08,1,129.00000000,2020-10,1,0
2059385,2019-01-16,3,1048.00000000,2019-01,1,0
205955,2017-12-28,1,988.00000000,2017-12,1,0
2059592,2016-07-23,4,11587.83000000,2016-07,1,0
2059595,2016-08-18,5,8568.57000000,2016-08,1,0
2059701,2019-05-22,1,114.66000000,2019-05,1,0
2060125,2016-03-09,3,6374.94000000,2016-03,1,0
2060127,2020-10-03,1,573.99000000,2020-10,1,0
2060328,2018-06-02,3,3156.36000000,2018-06,1,0
2060436,2019-12-10,1,6130.58000000,2019-12,1,0
2060541,2018-02-17,3,1789.70000000,2018-02,1,0
206055,2016-08-09,1,57.99000000,2016-08,1,0
2060555,2018-06-09,2,2391.15000000,2018-06,1,1
2060646,2016-03-08,3,5636.41000000,2016-03,1,0
2060666,2016-07-09,3,3970.96000000,2016-07,1,0
2060807,2020-11-02,1,113.89000000,2020-11,1,0
2061136,2017-07-17,2,2776.96000000,2017-07,1,1
2061166,2020-01-01,1,1140.00000000,2020-01,1,0
206133,2020-07-22,1,937.66000000,2020-07,1,0
2061513,2016-11-12,2,2217.00000000,2016-11,1,0
2061563,2017-06-17,3,4334.67000000,2017-06,1,1
206185,2019-01-04,2,2370.54000000,2019-01,1,0
2061855,2017-12-24,3,5130.90000000,2017-12,1,0
2061922,2016-09-09,2,7335.44000000,2016-09,1,0
2062180,2016-11-01,2,4221.96000000,2016-11,1,0
2062204,2016-08-08,2,5503.95000000,2016-08,1,0
2062220,2018-02-03,3,6257.39000000,2018-02,1,0
20623,2018-06-06,3,3760.68000000,2018-06,1,0
2062344,2018-06-26,5,7194.58000000,2018-06,1,0
2062564,2016-12-15,2,3718.88000000,2016-12,1,0
2062680,2019-02-20,3,5093.36000000,2019-02,1,0
2062768,2020-01-13,1,1493.75000000,2020-01,1,0
2063107,2016-01-30,5,10042.43000000,2016-01,1,0
2063156,2019-09-10,2,4515.88000000,2019-09,1,0
2063333,2021-01-05,1,1505.93000000,2021-01,0,0
2063343,2018-08-04,5,6338.81000000,2018-08,1,0
2063464,2017-12-27,1,1587.76000000,2017-12,1,0
2063575,2017-01-27,1,1219.94000000,2017-01,1,0
2063821,2018-02-26,3,6870.13000000,2018-02,1,0
2063886,2017-07-06,4,4896.78000000,2017-07,1,0
206407,2016-06-08,1,903.00000000,2016-06,1,0
2064083,2016-10-29,5,8032.48000000,2016-10,1,0
2064097,2019-02-23,3,7075.97000000,2019-02,1,0
2064325,2016-10-10,2,1599.98000000,2016-10,1,0
2064437,2018-12-29,4,9016.85000000,2018-12,1,0
206450,2020-05-04,1,4333.00000000,2020-05,1,0
2064577,2019-05-09,2,4792.45000000,2019-05,1,0
2064687,2019-07-13,3,7257.61000000,2019-07,1,1
2064706,2019-05-08,1,3105.00000000,2019-05,1,0
2064857,2017-10-22,3,6820.36000000,2017-10,1,0
2064944,2017-05-30,4,16177.95000000,2017-05,1,0
2065304,2019-09-21,1,359.97000000,2019-09,1,0
2065362,2017-12-14,2,915.30000000,2017-12,1,0
2065494,2016-11-26,2,4773.89000000,2016-11,1,0
2065513,2016-02-26,2,12322.22000000,2016-02,1,0
2065524,2016-03-05,2,1690.00000000,2016-03,1,0
2065817,2016-02-04,3,11011.34000000,2016-02,1,0
2066018,2016-08-09,2,161.96000000,2016-08,1,0
2066255,2018-02-08,1,1227.97000000,2018-02,1,0
2067035,2018-12-22,3,7453.02000000,2018-12,1,1
206717,2016-02-27,1,1582.00000000,2016-02,1,0
2067182,2016-10-31,5,10388.91000000,2016-10,1,0
2067231,2019-07-06,2,1384.86000000,2019-07,1,0
2067348,2020-02-27,1,2466.29000000,2020-02,1,0
2067371,2016-06-02,6,6155.67000000,2016-06,1,0
2067958,2017-10-07,5,10447.36000000,2017-10,1,0
2067999,2019-11-28,2,1441.95000000,2019-11,1,1
2068640,2017-10-14,3,2592.24000000,2017-10,1,0
2068819,2018-11-28,1,3136.74000000,2018-11,1,0
2068960,2018-11-17,1,19199.94000000,2018-11,1,0
2069858,2016-09-30,3,2467.91000000,2016-09,1,0
2069956,2018-05-18,1,1838.49000000,2018-05,1,0
2069957,2016-09-03,4,20179.91000000,2016-09,1,0
2070233,2021-02-16,1,264.89000000,2021-02,0,0
2070269,2017-05-01,3,10113.23000000,2017-05,1,0
2070319,2018-09-12,3,2225.40000000,2018-09,1,0
2070430,2019-09-11,2,1179.67000000,2019-09,1,0
2070455,2016-03-09,1,1705.98000000,2016-03,1,0
2070483,2016-08-05,2,4564.85000000,2016-08,1,0
2070495,2018-06-23,2,7177.42000000,2018-06,1,0
2070645,2019-07-13,1,4369.90000000,2019-07,1,0
2070898,2019-12-09,4,4583.79000000,2019-12,1,1
2071030,2018-10-05,2,2957.88000000,2018-10,1,1
2071129,2018-02-15,1,598.00000000,2018-02,1,0
2071299,2016-06-24,1,1844.99000000,2016-06,1,0
2071351,2018-06-06,2,10288.59000000,2018-06,1,0
2071369,2016-08-09,5,21340.62000000,2016-08,1,1
2071494,2017-08-03,3,12845.69000000,2017-08,1,0
2071607,2019-12-28,1,1512.90000000,2019-12,1,0
2071975,2016-12-15,1,460.00000000,2016-12,1,0
207200,2017-01-11,2,1837.93000000,2017-01,1,0
2072003,2019-08-08,2,1104.35000000,2019-08,1,0
2072158,2016-11-02,3,3704.88000000,2016-11,1,1
2072376,2016-01-16,3,1856.76000000,2016-01,1,0
2072552,2016-07-12,1,1867.00000000,2016-07,1,0
2072569,2019-06-08,1,241.02000000,2019-06,1,0
2072900,2018-09-15,1,7814.44000000,2018-09,1,0
2073064,2017-09-28,2,3759.85000000,2017-09,1,0
2073192,2018-12-27,1,2549.80000000,2018-12,1,0
2073379,2018-10-11,1,4103.96000000,2018-10,1,0
2073381,2016-06-23,5,1808.25000000,2016-06,1,0
2073692,2018-02-01,3,3430.76000000,2018-02,1,0
2073697,2018-07-06,3,5672.55000000,2018-07,1,0
2074070,2020-06-23,1,865.73000000,2020-06,1,0
2074185,2019-01-05,1,2886.94000000,2019-01,1,0
2074361,2016-08-25,3,967.47000000,2016-08,1,0
2074628,2016-11-04,5,2873.65000000,2016-11,1,0
2074698,2017-05-08,3,1312.61000000,2017-05,1,0
207476,2018-06-20,1,3816.74000000,2018-06,1,0
2074909,2017-02-21,1,303.80000000,2017-02,1,0
2074980,2016-12-17,2,384.40000000,2016-12,1,0
2074986,2018-02-19,4,8485.34000000,2018-02,1,0
2074996,2019-01-02,3,1468.36000000,2019-01,1,0
2075181,2016-08-11,4,12931.11000000,2016-08,1,0
2075340,2018-08-07,4,8786.35000000,2018-08,1,0
2075493,2018-08-16,1,191.80000000,2018-08,1,0
2075506,2018-08-18,1,306.00000000,2018-08,1,0
207552,2018-05-16,1,4905.98000000,2018-05,1,0
2075723,2017-01-05,3,11092.39000000,2017-01,1,0
2075959,2017-12-26,1,5607.15000000,2017-12,1,0
2076169,2018-12-20,2,900.93000000,2018-12,1,0
2076337,2016-10-10,2,4521.71000000,2016-10,1,0
2076403,2016-03-09,5,8962.99000000,2016-03,1,0
2076591,2016-05-28,4,6845.55000000,2016-05,1,0
2076701,2018-10-29,1,128.00000000,2018-10,1,0
2076749,2016-12-14,2,5868.66000000,2016-12,1,0
2076798,2018-12-07,1,26.97000000,2018-12,1,0
2076833,2018-07-10,4,10079.65000000,2018-07,1,0
2076862,2019-03-09,3,3557.01000000,2019-03,1,0
2077084,2017-03-15,3,3650.25000000,2017-03,1,0
2077257,2018-09-26,1,3394.07000000,2018-09,1,0
2077261,2018-01-05,2,2286.60000000,2018-01,1,0
207775,2020-02-20,1,1267.00000000,2020-02,1,0
2077860,2016-12-24,4,4264.67000000,2016-12,1,1
2078014,2018-10-29,3,5227.42000000,2018-10,1,1
2078281,2018-03-13,1,7043.00000000,2018-03,1,0
207855,2016-06-17,2,1799.10000000,2016-06,1,0
2078790,2020-01-25,1,38.50000000,2020-01,1,0
2078894,2019-08-06,5,8064.03000000,2019-08,1,0
2079171,2019-03-15,1,618.00000000,2019-03,1,0
2079305,2019-09-14,1,2237.50000000,2019-09,1,0
2079366,2016-09-15,4,8276.90000000,2016-09,1,0
2079441,2019-03-05,2,2462.00000000,2019-03,1,0
2079584,2016-06-25,3,5124.25000000,2016-06,1,1
2079644,2017-08-12,3,10071.62000000,2017-08,1,0
2079677,2016-12-26,7,13433.67000000,2016-12,1,0
207996,2019-08-17,1,1876.00000000,2019-08,1,0
2079989,2019-01-05,4,5757.14000000,2019-01,1,0
2080138,2017-02-17,3,6860.10000000,2017-02,1,0
2080157,2016-07-28,2,2675.81000000,2016-07,1,0
2080241,2018-10-24,3,2929.51000000,2018-10,1,1
2080355,2017-10-13,2,616.20000000,2017-10,1,0
208037,2019-02-16,3,2181.67000000,2019-02,1,0
2080484,2016-12-20,12,19536.34000000,2016-12,1,0
2080735,2017-09-23,4,24764.56000000,2017-09,1,0
2080936,2018-03-01,4,2273.93000000,2018-03,1,0
2081462,2018-07-13,1,1263.56000000,2018-07,1,0
2081470,2017-09-05,6,4779.04000000,2017-09,1,0
2081517,2019-07-17,1,2480.90000000,2019-07,1,0
2081694,2019-10-06,1,2190.00000000,2019-10,1,0
2081697,2019-05-18,2,380.33000000,2019-05,1,1
2081773,2019-01-26,2,3185.40000000,2019-01,1,0
208195,2019-12-22,1,1236.00000000,2019-12,1,0
2081995,2018-07-24,1,23.00000000,2018-07,1,0
2082135,2016-01-30,4,3516.81000000,2016-01,1,0
2082326,2018-12-24,3,13665.45000000,2018-12,1,0
2082335,2017-10-02,3,22041.44000000,2017-10,1,0
2082534,2016-01-08,3,3955.13000000,2016-01,1,0
2082719,2018-07-21,1,1580.87000000,2018-07,1,0
2082954,2018-01-08,3,3091.95000000,2018-01,1,0
2082962,2016-08-13,2,2718.99000000,2016-08,1,0
2082986,2019-10-16,1,5173.99000000,2019-10,1,0
2082991,2019-02-01,5,5468.56000000,2019-02,1,0
2083305,2019-05-08,2,380.85000000,2019-05,1,0
2083307,2016-08-16,1,2711.38000000,2016-08,1,0
2083381,2019-02-04,3,13929.91000000,2019-02,1,0
2083482,2018-10-27,2,1218.95000000,2018-10,1,0
2083496,2019-02-23,2,990.74000000,2019-02,1,0
2083610,2018-05-31,1,5615.43000000,2018-05,1,0
2083637,2018-07-19,2,1810.00000000,2018-07,1,0
2083671,2016-10-26,2,12780.59000000,2016-10,1,0
2084056,2019-02-07,1,7352.00000000,2019-02,1,0
2084090,2016-09-14,4,12638.30000000,2016-09,1,0
2084140,2018-10-18,1,2583.94000000,2018-10,1,0
2084343,2018-12-15,2,9180.45000000,2018-12,1,0
2084403,2017-12-16,2,809.97000000,2017-12,1,0
2084813,2020-01-24,1,903.00000000,2020-01,1,0
2085055,2016-01-21,2,3556.97000000,2016-01,1,0
208556,2016-02-25,2,1503.00000000,2016-02,1,0
2085857,2018-12-19,4,4682.75000000,2018-12,1,1
2086280,2018-02-10,3,2877.98000000,2018-02,1,0
2086544,2016-01-23,2,1891.26000000,2016-01,1,0
2086548,2020-02-18,1,23268.90000000,2020-02,1,0
2086596,2018-10-08,1,1449.95000000,2018-10,1,0
2086639,2019-05-09,2,3374.75000000,2019-05,1,0
2086673,2018-08-16,6,5157.56000000,2018-08,1,1
2086759,2018-01-02,1,1229.97000000,2018-01,1,0
208682,2020-04-28,1,1791.62000000,2020-04,1,0
2086891,2018-11-20,3,7431.35000000,2018-11,1,1
2087018,2018-08-16,2,1951.99000000,2018-08,1,0
208720,2019-06-05,2,3960.97000000,2019-06,1,1
2087288,2019-06-13,3,6465.92000000,2019-06,1,0
2087433,2017-11-11,5,6901.21000000,2017-11,1,0
2087477,2017-11-16,3,1802.42000000,2017-11,1,0
2087620,2017-02-23,1,1907.97000000,2017-02,1,0
2087679,2019-03-07,1,1499.70000000,2019-03,1,0
2087843,2019-01-31,2,1428.83000000,2019-01,1,0
2087852,2018-07-27,4,7764.66000000,2018-07,1,0
2087937,2018-02-22,2,1501.00000000,2018-02,1,0
2088176,2019-09-05,3,8791.92000000,2019-09,1,1
208825,2017-02-24,2,2017.97000000,2017-02,1,0
2088314,2017-09-25,3,1757.23000000,2017-09,1,0
2088405,2019-08-09,1,2480.74000000,2019-08,1,0
2088572,2016-10-04,3,5178.45000000,2016-10,1,0
2088614,2019-01-04,2,3905.84000000,2019-01,1,0
2088822,2020-11-25,1,10038.46000000,2020-11,0,0
2088972,2018-02-13,3,5996.79000000,2018-02,1,0
2088994,2017-11-30,3,8066.89000000,2017-11,1,0
2089159,2018-08-13,4,16385.46000000,2018-08,1,0
2089262,2020-02-14,1,1740.00000000,2020-02,1,0
2089265,2018-01-31,3,1642.08000000,2018-01,1,0
208987,2020-11-13,1,109.99000000,2020-11,1,0
2089881,2018-03-10,4,4561.36000000,2018-03,1,0
2090023,2017-01-05,3,7510.98000000,2017-01,1,0
2090406,2017-08-31,3,13572.34000000,2017-08,1,0
2090423,2018-12-20,1,811.98000000,2018-12,1,0
2090514,2019-06-20,3,2022.98000000,2019-06,1,0
2090571,2018-10-27,1,1749.75000000,2018-10,1,0
2090623,2017-09-12,3,2962.78000000,2017-09,1,0
2090627,2018-08-07,6,9011.12000000,2018-08,1,0
2090990,2018-11-28,2,3847.64000000,2018-11,1,0
2091158,2016-11-29,4,8067.37000000,2016-11,1,0
2091204,2017-12-24,5,30095.75000000,2017-12,1,1
2091352,2016-09-07,3,4099.26000000,2016-09,1,0
2091659,2017-01-12,2,6990.06000000,2017-01,1,0
2091678,2018-09-15,1,799.60000000,2018-09,1,0
209171,2017-09-28,2,6781.69000000,2017-09,1,0
2091926,2017-02-15,4,6058.93000000,2017-02,1,0
2092033,2016-01-05,7,4417.33000000,2016-01,1,0
2092037,2018-10-03,2,3225.92000000,2018-10,1,0
2092053,2016-10-14,1,27.52000000,2016-10,1,0
2092310,2019-12-18,2,5692.14000000,2019-12,1,0
2092398,2018-06-23,2,879.29000000,2018-06,1,0
2092654,2017-12-19,1,1039.96000000,2017-12,1,0
2092935,2021-01-26,1,4584.84000000,2021-01,0,0
2092988,2017-11-10,3,3837.42000000,2017-11,1,0
2093071,2016-05-28,4,11135.26000000,2016-05,1,0
2093086,2019-07-26,2,11315.89000000,2019-07,1,0
2093175,2017-12-13,1,669.00000000,2017-12,1,0
2093340,2021-01-26,1,1676.00000000,2021-01,0,0
209360,2017-02-23,1,3814.97000000,2017-02,1,0
2093665,2019-07-20,1,7672.47000000,2019-07,1,0
2093741,2017-05-06,2,4445.74000000,2017-05,1,0
2093929,2016-01-21,5,9790.29000000,2016-01,1,0
2094190,2017-03-06,4,7990.24000000,2017-03,1,0
20946,2018-11-09,1,5816.79000000,2018-11,1,0
2095098,2016-09-26,1,772.50000000,2016-09,1,0
2095256,2018-10-30,5,8924.63000000,2018-10,1,0
209529,2019-06-01,2,1110.83000000,2019-06,1,0
2095309,2018-09-27,2,3534.90000000,2018-09,1,1
2095351,2018-06-04,1,359.98000000,2018-06,1,0
2095590,2018-05-12,1,199.98000000,2018-05,1,0
2095742,2016-01-07,2,1282.80000000,2016-01,1,0
2095952,2017-06-24,2,3204.98000000,2017-06,1,0
2095996,2018-02-12,2,1404.99000000,2018-02,1,0
2096104,2016-08-22,5,6681.96000000,2016-08,1,0
2096178,2018-05-08,1,3239.11000000,2018-05,1,0
2096214,2017-06-29,4,7342.78000000,2017-06,1,0
209628,2018-05-10,1,1267.00000000,2018-05,1,0
2096292,2016-02-17,3,7134.81000000,2016-02,1,0
2096435,2016-05-07,1,2686.49000000,2016-05,1,0
2096472,2018-02-23,4,16965.79000000,2018-02,1,0
2096492,2018-01-04,3,2162.90000000,2018-01,1,0
2096777,2017-05-11,4,19387.05000000,2017-05,1,0
209685,2018-06-07,1,1475.00000000,2018-06,1,0
2097018,2016-12-21,3,16172.57000000,2016-12,1,0
2097084,2020-11-05,1,1716.96000000,2020-11,1,0
2097135,2019-11-18,2,6682.56000000,2019-11,1,0
2098097,2016-06-25,2,13807.96000000,2016-06,1,0
2098212,2016-06-20,4,6216.32000000,2016-06,1,0
2098223,2017-01-30,6,21377.13000000,2017-01,1,1
2098404,2018-07-25,3,2770.89000000,2018-07,1,0
209872,2017-02-11,2,454.18000000,2017-02,1,0
2098879,2018-06-30,3,9749.86000000,2018-06,1,0
2098944,2017-10-25,3,10580.99000000,2017-10,1,0
209922,2018-11-29,4,7851.20000000,2018-11,1,0
2099252,2020-10-03,1,564.51000000,2020-10,1,0
2099258,2017-07-07,1,533.86000000,2017-07,1,0
2099383,2018-07-19,3,3739.00000000,2018-07,1,0
2099600,2018-08-08,1,1270.84000000,2018-08,1,0
2099758,2019-08-31,2,529.91000000,2019-08,1,0
2099862,2020-01-01,1,501.50000000,2020-01,1,0
209990,2016-01-02,3,12044.53000000,2016-01,1,0
2099937,2018-06-22,2,11775.39000000,2018-06,1,0
210267,2018-06-21,3,4351.43000000,2018-06,1,1
210310,2019-11-21,2,10197.30000000,2019-11,1,1
210320,2018-02-14,1,1401.50000000,2018-02,1,0
210538,2018-01-24,1,4338.69000000,2018-01,1,0
210689,2016-10-20,1,1152.45000000,2016-10,1,0
210936,2019-06-06,1,204.97000000,2019-06,1,0
211057,2018-06-20,2,375.99000000,2018-06,1,0
211067,2018-02-22,2,1108.66000000,2018-02,1,0
211214,2016-06-11,2,1759.00000000,2016-06,1,0
211486,2019-11-14,3,2012.72000000,2019-11,1,1
211740,2018-05-29,3,3129.74000000,2018-05,1,0
211746,2016-02-15,5,5165.03000000,2016-02,1,1
211809,2017-02-13,3,8746.95000000,2017-02,1,0
211855,2018-11-03,1,10796.10000000,2018-11,1,0
211862,2018-02-28,1,999.90000000,2018-02,1,0
211938,2020-01-15,1,269.90000000,2020-01,1,0
21203,2016-11-19,1,872.40000000,2016-11,1,0
212119,2018-05-19,1,2480.50000000,2018-05,1,0
212167,2019-02-14,2,1008.95000000,2019-02,1,0
212281,2016-09-21,3,6987.77000000,2016-09,1,0
212385,2018-11-01,2,3498.70000000,2018-11,1,0
212807,2019-02-22,2,1382.83000000,2019-02,1,0
212881,2019-01-02,4,4299.00000000,2019-01,1,1
213157,2018-03-15,1,1781.73000000,2018-03,1,0
213183,2019-05-01,1,768.00000000,2019-05,1,0
213262,2016-10-29,1,269.90000000,2016-10,1,0
213636,2018-05-16,1,285.31000000,2018-05,1,0
213806,2017-11-23,2,6544.59000000,2017-11,1,0
213985,2016-02-16,3,2913.64000000,2016-02,1,0
21424,2019-12-28,2,6951.89000000,2019-12,1,0
21460,2020-12-26,1,3668.88000000,2020-12,0,0
214969,2020-05-29,1,1128.94000000,2020-05,1,0
215067,2017-12-07,2,2978.40000000,2017-12,1,0
215139,2018-01-05,3,2400.58000000,2018-01,1,0
21523,2017-02-23,1,10395.99000000,2017-02,1,0
215236,2017-05-08,1,53.97000000,2017-05,1,0
215351,2019-08-22,1,102.50000000,2019-08,1,0
215523,2019-08-09,1,2996.00000000,2019-08,1,0
215600,2016-09-17,2,3893.97000000,2016-09,1,0
21575,2016-06-14,1,429.00000000,2016-06,1,0
215852,2020-01-28,1,1997.82000000,2020-01,1,0
215878,2016-05-11,2,2850.02000000,2016-05,1,0
215895,2017-12-30,3,4599.21000000,2017-12,1,0
215948,2019-01-04,2,4175.99000000,2019-01,1,0
215955,2020-01-11,1,26.00000000,2020-01,1,0
216267,2018-06-09,4,5466.93000000,2018-06,1,0
216372,2018-05-05,3,6886.99000000,2018-05,1,1
216550,2016-01-30,4,3357.04000000,2016-01,1,0
216812,2021-01-15,1,4521.00000000,2021-01,0,0
217000,2016-09-10,1,803.95000000,2016-09,1,0
217020,2017-08-29,2,1479.70000000,2017-08,1,0
217102,2016-02-25,3,1224.92000000,2016-02,1,0
217405,2017-12-23,2,1908.98000000,2017-12,1,0
217424,2017-03-14,1,1340.67000000,2017-03,1,0
217762,2018-05-30,2,4152.33000000,2018-05,1,0
217859,2019-06-01,1,1079.80000000,2019-06,1,0
217910,2019-06-21,3,16328.88000000,2019-06,1,0
21819,2016-09-29,2,1001.96000000,2016-09,1,0
218278,2019-01-24,1,664.92000000,2019-01,1,0
218298,2017-07-05,3,1603.80000000,2017-07,1,0
218530,2017-01-09,2,3376.91000000,2017-01,1,0
218565,2018-11-14,1,43.00000000,2018-11,1,0
218961,2016-04-25,3,3582.84000000,2016-04,1,0
219073,2018-11-17,2,7971.93000000,2018-11,1,1
219098,2019-12-30,1,1401.00000000,2019-12,1,0
219411,2017-12-14,1,100.88000000,2017-12,1,0
219561,2020-12-30,1,40.55000000,2020-12,0,0
219940,2018-11-19,1,3339.95000000,2018-11,1,0
219959,2017-09-18,4,8854.78000000,2017-09,1,0
220034,2019-09-21,1,2646.00000000,2019-09,1,0
220324,2018-12-28,1,205.92000000,2018-12,1,0
220411,2018-06-23,1,352.75000000,2018-06,1,0
220463,2017-08-30,2,2147.54000000,2017-08,1,0
220519,2018-01-10,2,33481.93000000,2018-01,1,0
220543,2019-07-19,2,1609.91000000,2019-07,1,0
220612,2016-12-24,1,2111.19000000,2016-12,1,0
220723,2018-01-04,3,1763.87000000,2018-01,1,0
220755,2018-12-29,2,4371.93000000,2018-12,1,0
220756,2019-08-31,1,57.99000000,2019-08,1,0
220775,2018-10-06,1,121.98000000,2018-10,1,0
220902,2017-08-10,2,1341.90000000,2017-08,1,0
221062,2019-01-24,2,390.61000000,2019-01,1,0
221326,2019-02-20,1,735.73000000,2019-02,1,0
221410,2017-09-04,2,5640.45000000,2017-09,1,0
221602,2017-11-11,1,2052.00000000,2017-11,1,0
221851,2019-11-27,1,1785.00000000,2019-11,1,0
221924,2018-05-12,1,1738.00000000,2018-05,1,0
222287,2019-01-04,2,2025.15000000,2019-01,1,0
222512,2020-05-22,1,1316.00000000,2020-05,1,0
222617,2018-03-17,2,460.76000000,2018-03,1,0
222847,2019-09-30,2,1469.94000000,2019-09,1,0
222999,2016-07-04,1,1410.99000000,2016-07,1,0
223081,2016-05-11,1,1337.00000000,2016-05,1,0
223142,2018-07-02,1,1795.38000000,2018-07,1,0
223555,2017-08-08,1,3845.11000000,2017-08,1,0
223761,2019-01-31,4,7187.76000000,2019-01,1,0
2238,2018-05-25,2,579.94000000,2018-05,1,0
223904,2019-01-11,1,15.83000000,2019-01,1,0
224035,2019-01-03,4,14636.96000000,2019-01,1,0
224111,2016-02-11,8,16405.20000000,2016-02,1,0
224376,2019-02-01,3,2177.97000000,2019-02,1,0
224416,2016-07-13,1,3147.90000000,2016-07,1,0
224418,2018-11-06,1,7515.70000000,2018-11,1,0
224434,2016-01-22,2,3916.28000000,2016-01,1,0
224588,2019-06-04,1,396.00000000,2019-06,1,0
2248,2019-01-13,1,869.92000000,2019-01,1,0
225285,2017-08-29,1,223.06000000,2017-08,1,0
22540,2019-09-28,2,22548.08000000,2019-09,1,1
225768,2016-06-04,2,2598.90000000,2016-06,1,0
226013,2017-02-02,2,11010.49000000,2017-02,1,0
226220,2016-07-12,4,19740.01000000,2016-07,1,0
226576,2019-08-21,2,5314.66000000,2019-08,1,0
226740,2018-10-04,2,3168.88000000,2018-10,1,0
226833,2018-12-26,3,10873.84000000,2018-12,1,1
227116,2016-11-16,1,3859.50000000,2016-11,1,0
227281,2019-01-18,3,10301.98000000,2019-01,1,0
227338,2017-05-16,2,1591.77000000,2017-05,1,0
227416,2018-12-10,1,151.80000000,2018-12,1,0
227564,2017-06-24,1,3589.89000000,2017-06,1,0
227565,2017-09-22,2,2827.78000000,2017-09,1,0
227646,2017-05-30,4,11033.59000000,2017-05,1,1
227654,2017-12-16,1,2097.00000000,2017-12,1,0
227656,2017-07-14,2,4880.88000000,2017-07,1,0
227898,2016-05-20,4,4298.57000000,2016-05,1,0
227946,2019-01-10,1,3655.95000000,2019-01,1,0
228402,2018-08-15,4,2660.28000000,2018-08,1,1
228413,2018-06-25,1,3244.38000000,2018-06,1,0
228792,2017-07-20,3,4468.94000000,2017-07,1,0
228850,2016-05-14,1,11550.00000000,2016-05,1,0
229084,2020-09-21,1,765.00000000,2020-09,1,0
229104,2019-08-29,1,1619.91000000,2019-08,1,0
229251,2018-03-09,2,1040.67000000,2018-03,1,0
229286,2020-02-26,1,8.12000000,2020-02,1,0
229582,2018-08-17,2,4199.39000000,2018-08,1,0
229838,2016-11-19,4,6573.22000000,2016-11,1,0
229939,2017-09-22,1,2226.90000000,2017-09,1,0
229949,2017-10-13,2,7272.55000000,2017-10,1,0
230391,2017-01-14,2,5287.50000000,2017-01,1,0
230405,2018-10-04,2,852.12000000,2018-10,1,0
230521,2018-08-25,2,535.97000000,2018-08,1,0
230598,2020-02-08,1,654.88000000,2020-02,1,0
231898,2019-12-07,1,2550.22000000,2019-12,1,0
231984,2017-07-05,4,11164.45000000,2017-07,1,0
231997,2018-03-07,1,2120.79000000,2018-03,1,0
23203,2018-05-25,3,3243.82000000,2018-05,1,0
232195,2018-01-25,1,200.00000000,2018-01,1,0
232586,2017-12-02,3,648.97000000,2017-12,1,1
232588,2019-07-23,1,1024.00000000,2019-07,1,0
23267,2017-10-26,1,1508.99000000,2017-10,1,0
232740,2019-08-10,1,1489.78000000,2019-08,1,0
232998,2019-11-06,2,2086.18000000,2019-11,1,1
23320,2019-08-26,1,639.96000000,2019-08,1,0
233477,2019-12-26,1,206.00000000,2019-12,1,0
233565,2020-03-10,1,6505.95000000,2020-03,1,0
233567,2019-09-17,1,1610.00000000,2019-09,1,0
233698,2017-12-22,1,10939.93000000,2017-12,1,0
233855,2017-05-20,1,1365.78000000,2017-05,1,0
233904,2019-01-03,3,5363.78000000,2019-01,1,0
234326,2018-02-28,3,7128.20000000,2018-02,1,0
234648,2018-06-02,2,2891.93000000,2018-06,1,0
234726,2016-09-03,3,5721.95000000,2016-09,1,0
235050,2018-02-15,1,1696.98000000,2018-02,1,0
235116,2019-11-10,1,2399.20000000,2019-11,1,0
235133,2016-11-01,4,3192.22000000,2016-11,1,0
235534,2019-08-17,2,2881.28000000,2019-08,1,1
235730,2018-07-16,1,564.00000000,2018-07,1,0
235891,2020-12-10,1,310.00000000,2020-12,0,0
23599,2019-02-09,1,3853.96000000,2019-02,1,0
236161,2019-01-04,2,3395.95000000,2019-01,1,1
236612,2018-10-01,4,12875.90000000,2018-10,1,1
236812,2017-05-17,1,499.98000000,2017-05,1,0
236863,2019-06-01,1,149.00000000,2019-06,1,0
237541,2018-05-26,2,1524.93000000,2018-05,1,0
237557,2016-09-21,2,3892.27000000,2016-09,1,0
237725,2019-01-14,3,8977.40000000,2019-01,1,1
238065,2017-11-01,2,1923.71000000,2017-11,1,0
238069,2018-03-06,1,399.80000000,2018-03,1,0
238385,2018-12-22,1,1407.00000000,2018-12,1,0
238625,2020-02-13,1,2189.93000000,2020-02,1,0
238678,2019-02-14,1,7034.96000000,2019-02,1,0
239066,2016-03-07,5,7555.40000000,2016-03,1,0
239126,2016-12-03,3,21045.03000000,2016-12,1,1
239134,2016-09-20,3,1817.76000000,2016-09,1,0
239187,2018-12-02,1,737.93000000,2018-12,1,0
239297,2021-02-11,1,57.98000000,2021-02,0,0
239424,2020-01-08,1,969.00000000,2020-01,1,0
239502,2016-08-01,1,4077.57000000,2016-08,1,0
239571,2017-12-21,5,15487.22000000,2017-12,1,0
239647,2016-01-09,4,11295.96000000,2016-01,1,0
239991,2019-09-10,2,3384.25000000,2019-09,1,0
240017,2019-12-23,1,999.96000000,2019-12,1,0
240085,2017-05-04,2,3223.66000000,2017-05,1,0
240328,2019-06-23,2,3194.90000000,2019-06,1,1
240341,2017-08-28,2,781.00000000,2017-08,1,0
240347,2019-06-26,2,5078.08000000,2019-06,1,0
240370,2020-05-15,1,2984.15000000,2020-05,1,0
240527,2016-09-19,1,6772.33000000,2016-09,1,0
240595,2016-10-24,2,5219.91000000,2016-10,1,0
240609,2016-09-23,1,143.85000000,2016-09,1,0
240858,2019-07-07,1,499.98000000,2019-07,1,0
241006,2017-05-13,3,4522.70000000,2017-05,1,0
241230,2018-02-06,3,15506.67000000,2018-02,1,1
241365,2019-10-26,2,6764.53000000,2019-10,1,1
241436,2018-06-21,2,1122.67000000,2018-06,1,0
241450,2016-02-21,1,3206.17000000,2016-02,1,0
241513,2018-12-15,3,1231.84000000,2018-12,1,1
241610,2016-12-28,1,1772.66000000,2016-12,1,0
241760,2017-06-10,2,14078.29000000,2017-06,1,0
241885,2017-12-08,2,18205.99000000,2017-12,1,0
242098,2018-02-21,3,7043.91000000,2018-02,1,0
242542,2016-11-10,5,9913.64000000,2016-11,1,0
242571,2017-06-13,2,1927.92000000,2017-06,1,0
242781,2019-01-10,1,1624.20000000,2019-01,1,0
242897,2019-08-02,2,1870.87000000,2019-08,1,0
242901,2017-12-07,4,6231.78000000,2017-12,1,0
242920,2016-09-05,1,1159.96000000,2016-09,1,0
243036,2018-02-19,2,1169.97000000,2018-02,1,0
243209,2016-11-24,2,175.97000000,2016-11,1,0
243332,2020-03-12,1,6076.46000000,2020-03,1,0
243341,2019-08-24,1,2284.00000000,2019-08,1,0
2435,2016-10-11,2,2474.97000000,2016-10,1,0
243543,2019-12-28,2,3795.32000000,2019-12,1,0
243747,2020-09-14,1,1778.72000000,2020-09,1,0
243799,2020-06-02,1,3922.93000000,2020-06,1,0
243917,2016-01-02,1,2965.98000000,2016-01,1,0
244193,2018-06-30,4,15548.77000000,2018-06,1,0
244320,2016-10-19,1,235.96000000,2016-10,1,0
244323,2020-01-15,1,1279.92000000,2020-01,1,0
244465,2020-02-08,1,4842.80000000,2020-02,1,0
244545,2020-10-06,1,1177.97000000,2020-10,1,0
244921,2017-03-09,3,7308.89000000,2017-03,1,0
244936,2019-09-11,1,1801.58000000,2019-09,1,0
245017,2019-07-13,1,1399.90000000,2019-07,1,0
245143,2019-09-26,2,1104.94000000,2019-09,1,0
245649,2017-01-18,1,143.85000000,2017-01,1,0
245739,2017-12-22,3,6266.45000000,2017-12,1,0
245912,2016-01-14,3,4979.73000000,2016-01,1,0
245936,2019-10-10,1,869.00000000,2019-10,1,0
246420,2018-10-04,4,9861.62000000,2018-10,1,0
246656,2019-01-12,1,2278.00000000,2019-01,1,0
246888,2016-02-17,3,3338.58000000,2016-02,1,0
2469,2019-11-07,1,158.76000000,2019-11,1,0
247032,2017-09-27,3,6060.10000000,2017-09,1,0
247129,2017-03-10,5,21453.96000000,2017-03,1,0
247132,2016-01-19,2,7774.37000000,2016-01,1,0
247443,2018-10-24,2,2743.84000000,2018-10,1,0
247706,2019-10-01,1,219.95000000,2019-10,1,0
247866,2017-12-09,2,3299.02000000,2017-12,1,0
247966,2017-11-06,3,14644.59000000,2017-11,1,0
247971,2016-12-17,4,5401.36000000,2016-12,1,0
248178,2018-12-28,3,671.46000000,2018-12,1,0
248406,2019-02-19,2,1797.66000000,2019-02,1,0
248476,2019-01-05,3,2967.12000000,2019-01,1,0
248555,2018-12-29,3,1162.59000000,2018-12,1,0
248607,2016-11-05,3,2341.58000000,2016-11,1,1
248677,2016-12-27,2,10792.93000000,2016-12,1,0
248690,2017-11-18,1,5992.97000000,2017-11,1,0
249261,2016-09-03,3,3848.41000000,2016-09,1,0
249269,2018-05-10,1,826.88000000,2018-05,1,0
249320,2018-09-04,1,790.99000000,2018-09,1,0
249397,2020-08-24,1,1030.56000000,2020-08,1,0
249578,2018-07-27,3,1628.66000000,2018-07,1,0
249893,2016-09-28,1,13.98000000,2016-09,1,0
249956,2018-09-04,1,1148.90000000,2018-09,1,0
250052,2018-06-23,2,401.81000000,2018-06,1,0
250176,2016-09-06,1,1645.69000000,2016-09,1,0
250194,2019-05-31,1,20.97000000,2019-05,1,0
250884,2018-05-19,3,18180.88000000,2018-05,1,1
250944,2016-01-30,4,20886.70000000,2016-01,1,1
250990,2017-10-04,1,4117.40000000,2017-10,1,0
251045,2017-12-05,1,948.00000000,2017-12,1,0
251069,2019-12-21,1,1253.00000000,2019-12,1,0
251084,2018-07-10,3,10137.39000000,2018-07,1,1
2512,2019-03-06,2,3575.08000000,2019-03,1,0
251282,2018-05-10,1,8950.00000000,2018-05,1,0
251587,2018-08-13,1,47.42000000,2018-08,1,0
251670,2018-06-14,1,416.65000000,2018-06,1,0
252272,2020-05-08,1,3163.56000000,2020-05,1,0
252545,2018-02-24,3,21987.53000000,2018-02,1,0
252769,2019-01-14,2,314.89000000,2019-01,1,0
253141,2018-05-11,3,2475.21000000,2018-05,1,0
253233,2016-01-25,2,178.89000000,2016-01,1,0
253278,2018-05-05,1,9269.97000000,2018-05,1,0
253505,2017-05-05,5,10885.07000000,2017-05,1,0
253567,2019-09-10,1,689.70000000,2019-09,1,0
253632,2016-09-28,4,6937.57000000,2016-09,1,0
253813,2017-07-11,2,10017.77000000,2017-07,1,0
254142,2017-12-25,2,1634.94000000,2017-12,1,0
254265,2018-10-12,2,4396.96000000,2018-10,1,0
254402,2018-02-28,1,2417.79000000,2018-02,1,0
254407,2016-03-12,4,6096.38000000,2016-03,1,0
254540,2016-01-01,3,2554.02000000,2016-01,1,0
254779,2018-03-12,1,326.00000000,2018-03,1,0
254795,2019-09-25,1,276.98000000,2019-09,1,0
254825,2018-09-04,3,3699.86000000,2018-09,1,0
254861,2017-07-03,2,552.79000000,2017-07,1,0
255295,2018-01-27,1,318.00000000,2018-01,1,0
255312,2018-08-22,1,948.40000000,2018-08,1,0
255479,2018-07-16,1,809.88000000,2018-07,1,0
255536,2016-02-27,3,3494.91000000,2016-02,1,0
255723,2018-05-07,3,4988.11000000,2018-05,1,0
255882,2019-12-05,3,2833.95000000,2019-12,1,1
256114,2019-05-22,1,888.00000000,2019-05,1,0
256411,2017-01-31,1,999.80000000,2017-01,1,0
256475,2016-03-01,2,10740.63000000,2016-03,1,0
256526,2018-08-16,3,4158.78000000,2018-08,1,0
256531,2018-12-14,1,2259.96000000,2018-12,1,0
256789,2020-02-20,1,1927.98000000,2020-02,1,0
256837,2019-11-05,1,53.97000000,2019-11,1,0
257031,2020-03-11,1,316.17000000,2020-03,1,0
257471,2018-10-24,2,1040.97000000,2018-10,1,0
257642,2020-01-11,1,398.00000000,2020-01,1,0
25771,2017-02-15,3,2979.98000000,2017-02,1,0
258236,2017-12-30,3,1482.52000000,2017-12,1,0
258316,2016-01-04,2,1494.99000000,2016-01,1,0
258429,2018-09-01,2,4867.90000000,2018-09,1,0
25864,2018-08-27,3,3206.63000000,2018-08,1,0
258702,2016-11-26,3,6298.27000000,2016-11,1,0
259102,2019-08-10,4,5879.70000000,2019-08,1,1
259221,2019-07-11,1,1006.47000000,2019-07,1,0
259407,2016-08-31,3,3986.77000000,2016-08,1,0
259457,2016-03-05,1,6378.32000000,2016-03,1,0
259615,2020-01-16,1,19.98000000,2020-01,1,0
259651,2016-06-04,2,4813.56000000,2016-06,1,0
259681,2017-06-27,5,7338.69000000,2017-06,1,0
259842,2016-09-22,3,9306.33000000,2016-09,1,0
260031,2017-07-12,1,301.16000000,2017-07,1,0
260206,2017-12-14,3,5667.97000000,2017-12,1,0
260521,2018-08-31,1,421.32000000,2018-08,1,0
260889,2018-11-06,1,129.00000000,2018-11,1,0
261059,2019-03-07,1,326.00000000,2019-03,1,0
261086,2019-06-25,2,2423.91000000,2019-06,1,0
261099,2019-09-30,1,2038.93000000,2019-09,1,0
261111,2018-11-21,1,2885.11000000,2018-11,1,0
261122,2016-12-23,3,3823.51000000,2016-12,1,0
261199,2016-04-28,2,8114.84000000,2016-04,1,1
261256,2019-04-26,2,2201.04000000,2019-04,1,0
261275,2020-11-21,1,2112.93000000,2020-11,1,0
261356,2017-12-23,2,29326.68000000,2017-12,1,0
261498,2018-07-07,2,1378.31000000,2018-07,1,0
261558,2019-11-25,1,519.98000000,2019-11,1,0
261669,2019-10-16,1,309.00000000,2019-10,1,0
261686,2016-09-05,3,2772.97000000,2016-09,1,0
261840,2017-02-11,1,2120.00000000,2017-02,1,0
261910,2019-05-02,2,3138.57000000,2019-05,1,0
262037,2019-01-26,3,5408.47000000,2019-01,1,0
262050,2018-12-06,1,600.28000000,2018-12,1,0
262052,2018-03-10,3,8028.44000000,2018-03,1,0
262089,2017-01-19,1,799.96000000,2017-01,1,0
262761,2018-12-18,2,7367.91000000,2018-12,1,0
262788,2018-07-19,3,6255.89000000,2018-07,1,0
262821,2019-09-07,1,654.29000000,2019-09,1,0
262871,2017-12-25,3,38813.88000000,2017-12,1,0
263011,2019-11-15,3,6616.41000000,2019-11,1,1
263308,2019-12-26,1,20439.99000000,2019-12,1,0
263373,2019-11-30,1,1784.71000000,2019-11,1,0
263808,2017-02-20,3,4836.08000000,2017-02,1,0
264228,2018-11-06,2,6530.88000000,2018-11,1,1
264451,2016-09-15,1,1925.97000000,2016-09,1,0
264515,2019-02-06,1,1739.94000000,2019-02,1,0
264632,2020-01-04,1,2857.99000000,2020-01,1,0
264640,2016-02-04,2,3725.51000000,2016-02,1,0
264718,2020-01-01,1,458.00000000,2020-01,1,0
26477,2017-10-11,1,7543.88000000,2017-10,1,0
265007,2020-01-14,1,218.00000000,2020-01,1,0
265326,2018-05-14,1,357.00000000,2018-05,1,0
265483,2019-01-10,2,6594.00000000,2019-01,1,1
265593,2017-07-15,2,1261.00000000,2017-07,1,0
265598,2016-01-01,3,1461.43000000,2016-01,1,0
265666,2019-02-12,2,2433.70000000,2019-02,1,0
265712,2018-05-19,1,4103.50000000,2018-05,1,0
265807,2020-02-11,2,5279.19000000,2020-02,1,1
265825,2016-01-21,2,455.99000000,2016-01,1,0
265864,2018-01-11,3,1866.50000000,2018-01,1,0
266019,2016-01-01,2,8002.00000000,2016-01,1,0
266254,2019-07-13,1,129.00000000,2019-07,1,0
266399,2018-05-19,2,7904.93000000,2018-05,1,0
26642,2016-04-30,1,2194.93000000,2016-04,1,0
266492,2017-06-15,2,12804.63000000,2017-06,1,0
266658,2018-05-05,1,189.98000000,2018-05,1,0
267168,2018-03-08,3,4558.20000000,2018-03,1,0
267235,2019-11-30,1,1186.93000000,2019-11,1,0
26728,2019-09-29,1,13096.96000000,2019-09,1,0
267544,2017-02-11,5,3769.14000000,2017-02,1,0
267561,2017-06-27,2,4817.37000000,2017-06,1,0
267691,2019-01-01,1,664.95000000,2019-01,1,0
268465,2019-05-01,1,9090.00000000,2019-05,1,0
268540,2018-08-19,1,16065.00000000,2018-08,1,0
268575,2019-08-20,3,3199.01000000,2019-08,1,0
268628,2019-05-16,1,1028.85000000,2019-05,1,0
268815,2020-02-26,1,620.00000000,2020-02,1,0
268820,2019-09-14,3,16977.19000000,2019-09,1,0
268913,2018-01-05,2,563.13000000,2018-01,1,0
269052,2017-05-27,1,2479.92000000,2017-05,1,0
269337,2016-01-04,2,4084.85000000,2016-01,1,0
269340,2017-12-23,1,5462.00000000,2017-12,1,0
269370,2018-10-30,1,22.97000000,2018-10,1,0
269414,2017-12-15,1,6593.40000000,2017-12,1,0
269713,2018-06-16,3,2859.62000000,2018-06,1,0
269879,2017-01-07,2,4207.90000000,2017-01,1,0
270034,2018-09-04,2,6877.47000000,2018-09,1,0
270320,2019-09-27,1,3049.00000000,2019-09,1,0
270359,2016-12-14,1,113.80000000,2016-12,1,0
270462,2017-05-17,3,2236.79000000,2017-05,1,0
270614,2018-02-24,2,7625.97000000,2018-02,1,0
270633,2019-12-04,2,8092.88000000,2019-12,1,1
270682,2019-11-01,2,1330.65000000,2019-11,1,0
270736,2016-01-13,1,4075.49000000,2016-01,1,0
270917,2017-09-08,3,4182.35000000,2017-09,1,0
271065,2016-07-13,3,6682.54000000,2016-07,1,0
271122,2017-11-22,1,7259.92000000,2017-11,1,0
271155,2018-12-27,2,27320.81000000,2018-12,1,0
271212,2018-09-05,1,7992.00000000,2018-09,1,0
271416,2016-07-02,2,9314.42000000,2016-07,1,0
271760,2020-03-07,1,3219.23000000,2020-03,1,0
271825,2016-07-22,3,9699.75000000,2016-07,1,0
271916,2019-09-10,1,730.89000000,2019-09,1,0
272146,2020-05-28,1,237.41000000,2020-05,1,0
272295,2019-01-01,3,2973.18000000,2019-01,1,1
272462,2019-12-07,1,2450.82000000,2019-12,1,0
272601,2018-10-11,1,2619.80000000,2018-10,1,0
272662,2016-08-23,1,219.00000000,2016-08,1,0
272681,2020-10-13,1,1699.78000000,2020-10,1,0
273404,2020-07-24,1,5880.00000000,2020-07,1,0
27356,2018-06-07,2,1572.33000000,2018-06,1,1
273661,2019-11-27,1,1707.00000000,2019-11,1,0
273887,2018-02-19,3,3924.58000000,2018-02,1,1
274446,2017-11-06,2,849.61000000,2017-11,1,0
274692,2017-02-23,1,249.99000000,2017-02,1,0
274765,2019-01-19,2,4340.68000000,2019-01,1,0
27492,2018-01-09,3,7054.15000000,2018-01,1,0
274967,2019-11-13,2,1198.90000000,2019-11,1,0
275137,2019-11-15,1,2147.94000000,2019-11,1,0
275140,2016-06-24,1,17.99000000,2016-06,1,0
275227,2019-12-18,1,2513.39000000,2019-12,1,0
275615,2016-06-15,2,3552.85000000,2016-06,1,0
275718,2016-02-25,3,4437.99000000,2016-02,1,0
275830,2019-01-23,1,805.00000000,2019-01,1,0
275930,2016-07-02,2,4064.97000000,2016-07,1,0
276050,2017-01-24,1,9029.99000000,2017-01,1,0
276051,2017-11-09,4,15628.39000000,2017-11,1,1
276091,2017-09-21,2,2554.87000000,2017-09,1,0
276098,2017-02-28,2,467.05000000,2017-02,1,0
276108,2016-07-06,4,8563.64000000,2016-07,1,0
27616,2017-08-31,2,2827.51000000,2017-08,1,0
276325,2018-02-05,1,2328.96000000,2018-02,1,0
276836,2016-08-05,2,2715.99000000,2016-08,1,0
276895,2018-12-29,1,3117.99000000,2018-12,1,0
276906,2020-03-06,1,1681.99000000,2020-03,1,0
277015,2018-11-13,2,10399.25000000,2018-11,1,0
277538,2016-02-24,4,4735.82000000,2016-02,1,0
277808,2019-01-06,2,895.09000000,2019-01,1,0
277906,2019-01-08,1,96.00000000,2019-01,1,0
277915,2017-12-01,2,677.39000000,2017-12,1,0
278255,2016-06-17,2,3300.99000000,2016-06,1,0
278518,2019-08-05,1,64.88000000,2019-08,1,0
278544,2018-10-27,1,1065.65000000,2018-10,1,0
278787,2017-02-02,1,1713.84000000,2017-02,1,0
278979,2018-09-15,1,3329.70000000,2018-09,1,0
2792,2019-05-06,1,70.13000000,2019-05,1,0
279223,2016-07-08,2,1927.46000000,2016-07,1,0
279240,2018-08-04,1,2432.02000000,2018-08,1,0
27945,2017-08-25,1,65.98000000,2017-08,1,0
279486,2018-12-29,5,10423.06000000,2018-12,1,0
280023,2020-02-15,1,773.97000000,2020-02,1,0
280183,2016-09-10,3,7183.78000000,2016-09,1,0
280277,2017-09-22,4,7351.42000000,2017-09,1,1
280641,2018-03-01,2,1050.90000000,2018-03,1,0
281008,2018-01-09,2,1094.92000000,2018-01,1,0
281485,2019-12-09,2,3304.42000000,2019-12,1,1
281546,2017-01-04,3,3635.30000000,2017-01,1,0
281553,2020-02-25,1,299.97000000,2020-02,1,0
281638,2018-03-02,2,9704.00000000,2018-03,1,0
281675,2021-01-08,1,2921.30000000,2021-01,0,0
282061,2020-01-09,1,2047.83000000,2020-01,1,0
282098,2016-11-01,1,877.50000000,2016-11,1,0
282188,2020-07-15,1,662.91000000,2020-07,1,0
282556,2018-12-27,4,4349.32000000,2018-12,1,0
282615,2016-11-07,1,4093.72000000,2016-11,1,0
282634,2019-12-03,2,1177.00000000,2019-12,1,1
282724,2020-01-30,1,555.00000000,2020-01,1,0
283228,2020-05-12,1,77.99000000,2020-05,1,0
283301,2019-06-18,1,7479.73000000,2019-06,1,0
283685,2018-07-12,3,1182.94000000,2018-07,1,0
283837,2019-02-20,2,5071.57000000,2019-02,1,0
283869,2019-07-13,2,3727.90000000,2019-07,1,0
283881,2016-03-02,1,809.89000000,2016-03,1,0
283982,2018-05-30,2,3870.91000000,2018-05,1,0
284243,2016-06-17,1,4425.54000000,2016-06,1,0
284346,2018-02-21,1,1226.40000000,2018-02,1,0
284579,2018-07-18,1,3775.30000000,2018-07,1,0
284628,2019-10-31,1,2563.98000000,2019-10,1,0
284716,2018-05-26,3,3041.94000000,2018-05,1,1
285254,2017-11-30,2,2324.67000000,2017-11,1,0
285421,2016-03-02,1,1228.94000000,2016-03,1,0
285552,2019-07-16,1,5899.00000000,2019-07,1,0
285706,2020-02-15,1,1075.84000000,2020-02,1,0
285730,2019-01-29,1,12.66000000,2019-01,1,0
285999,2016-05-12,4,12798.45000000,2016-05,1,0
286077,2018-12-13,2,605.19000000,2018-12,1,0
286234,2018-10-17,1,912.99000000,2018-10,1,0
286855,2016-12-29,2,1462.95000000,2016-12,1,1
286857,2016-05-21,2,1739.68000000,2016-05,1,0
286879,2018-01-25,2,4358.89000000,2018-01,1,0
28690,2019-09-02,2,905.94000000,2019-09,1,0
287047,2017-07-13,1,3255.75000000,2017-07,1,0
287707,2016-11-07,1,645.00000000,2016-11,1,0
287877,2016-11-02,1,2854.00000000,2016-11,1,0
288287,2016-12-10,1,336.78000000,2016-12,1,0
288497,2017-12-22,3,4181.97000000,2017-12,1,0
288604,2019-11-16,2,12.34000000,2019-11,1,1
288667,2019-03-01,1,1448.00000000,2019-03,1,0
288828,2020-02-13,1,3162.00000000,2020-02,1,0
289281,2021-01-09,1,4.98000000,2021-01,0,0
289312,2018-05-01,1,5002.99000000,2018-05,1,0
289320,2019-01-03,2,10084.82000000,2019-01,1,0
289547,2020-01-17,1,3227.47000000,2020-01,1,0
289674,2018-12-19,2,6148.66000000,2018-12,1,0
289810,2017-02-09,1,2864.64000000,2017-02,1,0
289990,2019-06-12,3,1583.47000000,2019-06,1,1
290147,2018-02-26,1,2965.00000000,2018-02,1,0
29041,2017-11-25,1,4610.00000000,2017-11,1,0
290747,2017-05-05,3,4328.68000000,2017-05,1,0
290812,2016-03-14,2,362.94000000,2016-03,1,0
290888,2016-07-02,3,7246.79000000,2016-07,1,0
291316,2020-01-21,1,2694.30000000,2020-01,1,0
291325,2016-11-29,1,2704.78000000,2016-11,1,0
291356,2016-12-24,2,2169.45000000,2016-12,1,0
291425,2019-06-08,1,5658.65000000,2019-06,1,0
291743,2017-01-20,3,7773.97000000,2017-01,1,0
291843,2016-06-24,2,462.80000000,2016-06,1,0
291985,2016-11-01,3,8383.82000000,2016-11,1,0
292054,2019-11-26,3,10244.67000000,2019-11,1,1
292203,2017-12-18,1,54.97000000,2017-12,1,0
292395,2019-09-24,1,4349.12000000,2019-09,1,0
292420,2016-09-30,3,7347.04000000,2016-09,1,0
292643,2018-08-23,3,15381.91000000,2018-08,1,1
29278,2018-12-26,1,158.00000000,2018-12,1,0
292797,2016-10-06,1,27.78000000,2016-10,1,0
292911,2017-02-24,5,5547.31000000,2017-02,1,0
293167,2016-06-25,2,1947.58000000,2016-06,1,0
293369,2017-03-10,2,4546.35000000,2017-03,1,0
293556,2016-04-27,1,1825.20000000,2016-04,1,0
293936,2019-02-07,2,2714.78000000,2019-02,1,0
294189,2016-07-01,1,2067.90000000,2016-07,1,0
294210,2016-05-14,2,5733.73000000,2016-05,1,0
294433,2018-03-10,3,537.45000000,2018-03,1,0
294505,2020-02-15,2,6650.98000000,2020-02,1,1
29475,2019-11-23,1,608.64000000,2019-11,1,0
294871,2016-08-10,1,857.73000000,2016-08,1,0
295061,2017-01-26,1,1215.76000000,2017-01,1,0
295071,2019-11-07,1,236.98000000,2019-11,1,0
295102,2019-02-09,3,1330.95000000,2019-02,1,0
29555,2017-07-25,3,4383.40000000,2017-07,1,0
295597,2016-02-08,1,2124.00000000,2016-02,1,0
29647,2018-11-16,1,1677.56000000,2018-11,1,0
296584,2017-07-29,1,619.85000000,2017-07,1,0
29689,2019-11-09,2,12177.99000000,2019-11,1,1
297462,2016-10-13,2,3767.69000000,2016-10,1,0
297674,2017-08-09,1,845.00000000,2017-08,1,0
29812,2018-07-10,1,327.83000000,2018-07,1,0
298606,2016-10-30,2,2917.64000000,2016-10,1,0
299061,2017-02-28,2,1721.00000000,2017-02,1,0
299334,2019-12-27,3,8583.31000000,2019-12,1,1
29973,2019-11-09,2,3179.99000000,2019-11,1,0
299823,2019-06-08,2,3625.94000000,2019-06,1,0
299860,2016-09-30,3,6379.55000000,2016-09,1,0
300044,2019-06-13,2,8908.33000000,2019-06,1,1
3002,2016-02-26,1,932.27000000,2016-02,1,0
300324,2016-10-06,3,10596.11000000,2016-10,1,0
300409,2018-12-28,1,1267.95000000,2018-12,1,0
300736,2018-12-21,2,759.97000000,2018-12,1,0
300844,2017-02-19,4,19042.24000000,2017-02,1,0
30090,2019-07-04,2,1110.96000000,2019-07,1,0
301,2019-11-11,1,592.00000000,2019-11,1,0
301425,2017-09-19,1,6023.90000000,2017-09,1,0
301503,2018-10-25,2,4616.77000000,2018-10,1,0
301521,2018-12-20,1,132.99000000,2018-12,1,0
301704,2019-07-27,1,2183.28000000,2019-07,1,0
301736,2019-01-03,1,1990.00000000,2019-01,1,0
301925,2019-02-26,1,4.06000000,2019-02,1,0
302130,2016-01-07,2,8320.56000000,2016-01,1,0
302416,2018-10-30,1,899.94000000,2018-10,1,0
302571,2017-06-01,3,5175.00000000,2017-06,1,0
302645,2019-01-01,3,1667.20000000,2019-01,1,0
302755,2017-03-11,4,4188.33000000,2017-03,1,0
303085,2018-08-09,3,3774.55000000,2018-08,1,0
303116,2019-07-18,1,669.73000000,2019-07,1,0
303506,2017-05-24,1,7138.90000000,2017-05,1,0
303771,2019-03-02,3,2664.23000000,2019-03,1,1
303782,2016-06-16,3,10278.83000000,2016-06,1,1
304221,2019-06-26,1,3366.77000000,2019-06,1,0
304600,2018-07-20,2,4210.83000000,2018-07,1,0
304669,2020-02-25,1,2314.60000000,2020-02,1,0
304863,2019-02-20,2,5433.30000000,2019-02,1,0
305010,2018-02-13,2,5490.48000000,2018-02,1,0
305074,2019-06-29,3,3658.35000000,2019-06,1,1
305212,2019-09-11,1,1049.65000000,2019-09,1,0
305226,2018-11-14,3,3120.39000000,2018-11,1,0
305321,2016-01-11,4,5386.29000000,2016-01,1,0
305349,2020-01-04,1,1042.38000000,2020-01,1,0
305369,2017-02-08,3,3045.05000000,2017-02,1,0
305827,2016-07-25,1,4150.00000000,2016-07,1,0
305926,2018-10-18,1,5651.05000000,2018-10,1,0
305962,2019-06-15,2,479.87000000,2019-06,1,0
306301,2016-08-12,6,8352.44000000,2016-08,1,0
306354,2017-07-04,4,7773.55000000,2017-07,1,0
306809,2018-10-01,2,155.65000000,2018-10,1,0
307023,2017-12-21,2,659.49000000,2017-12,1,0
307316,2019-08-01,1,1440.00000000,2019-08,1,0
307595,2018-12-08,1,3448.95000000,2018-12,1,0
307671,2018-12-20,2,346.86000000,2018-12,1,0
307703,2018-12-15,2,1915.82000000,2018-12,1,1
307767,2016-02-11,1,269.43000000,2016-02,1,0
307907,2018-12-27,1,3673.52000000,2018-12,1,0
308410,2016-02-25,3,6437.29000000,2016-02,1,0
308450,2018-07-14,2,3196.96000000,2018-07,1,0
308690,2016-12-28,2,8878.99000000,2016-12,1,1
308716,2018-10-31,1,12.99000000,2018-10,1,0
308773,2017-10-14,1,2062.00000000,2017-10,1,0
308825,2019-06-20,1,317.43000000,2019-06,1,0
308834,2018-10-17,1,73.96000000,2018-10,1,0
308920,2017-12-30,4,10947.01000000,2017-12,1,1
309028,2018-08-06,3,6532.55000000,2018-08,1,0
309363,2019-02-22,4,6997.12000000,2019-02,1,1
309667,2016-03-12,2,1860.93000000,2016-03,1,0
309936,2017-07-06,1,125.01000000,2017-07,1,0
309994,2019-06-18,3,8838.35000000,2019-06,1,0
310143,2020-02-24,1,107.83000000,2020-02,1,0
310464,2018-05-05,2,370.08000000,2018-05,1,0
310622,2016-05-07,3,10190.21000000,2016-05,1,0
310707,2020-02-18,2,1055.29000000,2020-02,1,0
310779,2019-12-26,1,3439.89000000,2019-12,1,0
310815,2019-09-04,2,9343.96000000,2019-09,1,1
31086,2019-07-17,1,369.50000000,2019-07,1,0
311393,2017-08-08,2,3749.97000000,2017-08,1,0
311493,2016-02-16,3,11832.09000000,2016-02,1,0
311539,2019-10-21,1,179.94000000,2019-10,1,0
311561,2018-12-18,1,44.00000000,2018-12,1,0
311575,2017-09-11,4,8429.25000000,2017-09,1,0
31164,2017-05-12,1,8059.92000000,2017-05,1,0
311789,2018-01-03,1,8474.47000000,2018-01,1,0
311805,2016-07-08,4,1851.90000000,2016-07,1,0
311842,2017-12-13,2,3039.31000000,2017-12,1,0
312249,2020-01-28,2,744.67000000,2020-01,1,1
312359,2016-08-30,1,299.95000000,2016-08,1,0
31236,2017-02-11,1,5009.00000000,2017-02,1,0
312368,2018-05-05,1,769.80000000,2018-05,1,0
312519,2019-03-10,4,12381.56000000,2019-03,1,0
312530,2018-09-22,1,2459.53000000,2018-09,1,0
312608,2017-11-15,2,1280.82000000,2017-11,1,0
312652,2019-05-16,2,3827.78000000,2019-05,1,1
312676,2019-01-17,1,647.40000000,2019-01,1,0
312796,2017-08-23,1,959.58000000,2017-08,1,0
313127,2016-06-01,2,8435.99000000,2016-06,1,0
313269,2019-06-04,2,3312.90000000,2019-06,1,0
313568,2019-09-17,1,279.99000000,2019-09,1,0
313633,2019-12-16,1,310.00000000,2019-12,1,0
313652,2019-12-25,1,3895.00000000,2019-12,1,0
313925,2019-08-23,2,2206.84000000,2019-08,1,1
313968,2016-01-28,1,932.93000000,2016-01,1,0
314133,2019-01-31,1,1399.95000000,2019-01,1,0
314334,2018-02-17,3,12590.20000000,2018-02,1,0
314470,2020-05-01,1,23.90000000,2020-05,1,0
314531,2019-01-19,2,5142.65000000,2019-01,1,1
314545,2019-05-22,2,1183.59000000,2019-05,1,0
314740,2017-10-29,3,4627.97000000,2017-10,1,0
314877,2018-10-25,1,3845.43000000,2018-10,1,0
315096,2019-12-04,1,8.88000000,2019-12,1,0
315108,2016-11-08,1,1437.45000000,2016-11,1,0
315445,2016-09-13,2,463.36000000,2016-09,1,0
315725,2019-08-15,1,695.00000000,2019-08,1,0
315768,2019-08-20,1,3492.00000000,2019-08,1,0
316235,2018-06-05,1,1079.94000000,2018-06,1,0
316341,2016-10-25,2,5266.38000000,2016-10,1,0
316425,2018-11-05,1,2419.65000000,2018-11,1,0
316485,2016-02-14,1,2449.00000000,2016-02,1,0
316518,2018-02-27,1,1730.55000000,2018-02,1,0
316566,2018-12-22,1,1086.00000000,2018-12,1,0
317143,2019-01-09,2,1549.97000000,2019-01,1,0
317235,2017-11-22,2,2473.87000000,2017-11,1,0
317259,2019-02-14,1,265.90000000,2019-02,1,0
31784,2019-09-24,1,1951.93000000,2019-09,1,0
317894,2017-12-25,1,2367.85000000,2017-12,1,0
317971,2019-02-09,1,1971.00000000,2019-02,1,0
318058,2017-10-20,2,1813.99000000,2017-10,1,0
318123,2019-06-30,4,8160.78000000,2019-06,1,1
318856,2019-11-02,1,2790.00000000,2019-11,1,0
318893,2019-08-31,1,6515.86000000,2019-08,1,0
318902,2017-02-13,2,2422.99000000,2017-02,1,0
318935,2018-11-13,2,2612.96000000,2018-11,1,0
318980,2018-05-14,1,12.99000000,2018-05,1,0
319137,2019-12-31,2,1748.96000000,2019-12,1,0
319202,2018-01-25,3,5852.02000000,2018-01,1,0
319477,2019-11-07,1,2768.96000000,2019-11,1,0
319579,2018-01-17,2,15478.62000000,2018-01,1,0
319689,2018-04-28,5,7197.36000000,2018-04,1,0
319845,2018-05-09,3,4204.68000000,2018-05,1,1
320030,2016-01-09,3,4708.87000000,2016-01,1,0
320073,2018-01-30,4,15715.94000000,2018-01,1,0
3203,2018-01-24,2,6206.66000000,2018-01,1,0
320314,2017-11-13,1,1377.00000000,2017-11,1,0
320342,2020-08-19,1,186.90000000,2020-08,1,0
32037,2018-09-01,2,3240.13000000,2018-09,1,1
320652,2018-12-29,2,937.38000000,2018-12,1,0
320854,2017-08-19,3,5968.65000000,2017-08,1,0
321221,2018-11-09,2,1877.80000000,2018-11,1,0
321291,2016-12-24,2,12847.85000000,2016-12,1,0
321310,2018-11-28,2,4749.20000000,2018-11,1,0
321313,2018-02-22,4,6243.50000000,2018-02,1,0
321432,2017-06-29,1,1651.95000000,2017-06,1,0
321675,2018-12-03,3,7602.83000000,2018-12,1,1
321954,2017-10-03,1,1673.83000000,2017-10,1,0
322136,2019-06-10,2,1523.79000000,2019-06,1,1
322186,2016-02-12,3,10491.33000000,2016-02,1,0
322486,2019-07-13,1,1398.00000000,2019-07,1,0
322558,2017-10-30,3,3381.26000000,2017-10,1,0
322714,2016-09-16,3,12799.35000000,2016-09,1,0
322734,2017-08-11,2,11558.73000000,2017-08,1,1
322806,2018-09-04,3,22021.12000000,2018-09,1,0
322907,2018-05-20,2,2623.00000000,2018-05,1,0
322936,2019-02-27,2,21513.80000000,2019-02,1,0
323119,2017-06-17,2,2101.53000000,2017-06,1,1
323390,2019-04-27,1,4252.91000000,2019-04,1,0
323542,2016-07-10,3,9390.41000000,2016-07,1,0
324149,2018-08-14,1,1769.09000000,2018-08,1,0
324163,2018-11-01,2,5711.58000000,2018-11,1,1
324511,2018-07-18,2,7848.78000000,2018-07,1,0
324541,2017-01-30,2,1823.87000000,2017-01,1,0
32455,2017-09-30,1,4425.00000000,2017-09,1,0
324575,2020-12-21,1,7640.88000000,2020-12,0,0
324582,2020-11-11,1,1957.97000000,2020-11,1,0
32488,2019-12-23,1,32.00000000,2019-12,1,0
325,2018-01-13,3,5787.67000000,2018-01,1,0
325088,2016-02-24,1,155.99000000,2016-02,1,0
32511,2019-07-17,1,16082.82000000,2019-07,1,0
325116,2018-12-24,2,726.83000000,2018-12,1,1
32538,2020-05-09,1,592.00000000,2020-05,1,0
325443,2018-03-03,1,160.23000000,2018-03,1,0
325920,2019-06-14,1,107.94000000,2019-06,1,0
325936,2019-10-16,1,5865.31000000,2019-10,1,0
326086,2016-06-27,1,319.00000000,2016-06,1,0
326292,2017-01-11,2,12273.49000000,2017-01,1,0
326396,2017-10-07,4,16537.92000000,2017-10,1,0
326510,2016-02-12,4,3550.88000000,2016-02,1,0
326829,2018-10-10,3,3659.73000000,2018-10,1,0
326924,2020-09-01,1,2966.92000000,2020-09,1,0
327053,2021-01-21,1,2855.58000000,2021-01,0,0
327378,2019-10-01,1,1322.97000000,2019-10,1,0
327514,2017-08-12,3,5286.09000000,2017-08,1,0
327878,2020-02-14,1,571.00000000,2020-02,1,0
327942,2020-01-25,1,768.87000000,2020-01,1,0
328350,2016-04-30,2,887.98000000,2016-04,1,0
328534,2019-01-02,2,8740.00000000,2019-01,1,0
328714,2017-01-05,4,962.40000000,2017-01,1,0
328915,2018-09-02,2,4012.99000000,2018-09,1,0
328988,2016-02-18,4,5831.53000000,2016-02,1,0
329514,2018-09-24,4,4623.58000000,2018-09,1,0
329620,2017-09-01,2,1209.89000000,2017-09,1,0
329905,2018-05-11,2,3610.89000000,2018-05,1,0
330125,2016-02-26,3,8940.58000000,2016-02,1,0
330150,2019-09-09,2,926.31000000,2019-09,1,1
33036,2018-08-25,2,1209.68000000,2018-08,1,1
330981,2017-12-05,3,8027.79000000,2017-12,1,0
331199,2017-12-26,3,3183.61000000,2017-12,1,0
331277,2018-05-07,3,8126.65000000,2018-05,1,0
331280,2016-06-17,1,1175.67000000,2016-06,1,0
331822,2016-07-20,3,5293.58000000,2016-07,1,0
331914,2020-12-04,1,290.00000000,2020-12,0,0
331947,2018-09-26,1,1458.00000000,2018-09,1,0
331990,2017-05-10,2,3128.49000000,2017-05,1,0
33205,2018-12-21,4,3871.54000000,2018-12,1,0
332217,2016-02-10,1,387.00000000,2016-02,1,0
332332,2016-01-20,4,15899.66000000,2016-01,1,0
332635,2019-07-20,1,4320.95000000,2019-07,1,0
3327,2018-08-11,1,2851.00000000,2018-08,1,0
333209,2019-01-31,3,4495.89000000,2019-01,1,0
333330,2018-01-31,1,1099.00000000,2018-01,1,0
333575,2017-09-21,2,6345.39000000,2017-09,1,0
333599,2017-08-26,1,299.98000000,2017-08,1,0
333846,2020-12-24,1,462.06000000,2020-12,0,0
333848,2018-08-11,2,1765.87000000,2018-08,1,0
333861,2019-09-25,1,5761.13000000,2019-09,1,0
333947,2016-02-29,1,1651.78000000,2016-02,1,0
33444,2018-12-29,3,10384.91000000,2018-12,1,1
334483,2019-07-01,2,324.07000000,2019-07,1,0
334491,2020-05-01,1,385.70000000,2020-05,1,0
334760,2020-01-03,1,750.00000000,2020-01,1,0
334903,2020-02-21,1,2647.32000000,2020-02,1,0
334926,2018-07-07,1,7959.60000000,2018-07,1,0
335012,2020-01-16,2,750.00000000,2020-01,1,1
335032,2020-02-22,1,2246.60000000,2020-02,1,0
335384,2020-12-19,1,9593.00000000,2020-12,0,0
336090,2019-11-21,1,251.00000000,2019-11,1,0
336182,2017-05-19,3,14427.01000000,2017-05,1,0
336239,2018-07-17,3,9491.66000000,2018-07,1,1
336267,2017-11-01,2,772.59000000,2017-11,1,0
336290,2017-08-17,2,2688.62000000,2017-08,1,0
336348,2018-08-13,4,24379.10000000,2018-08,1,1
336525,2018-09-27,1,2639.70000000,2018-09,1,0
336562,2018-03-10,4,11417.86000000,2018-03,1,0
337002,2017-11-01,3,3772.96000000,2017-11,1,0
337589,2017-01-17,3,5593.91000000,2017-01,1,0
337629,2020-10-07,1,2609.01000000,2020-10,1,0
337695,2016-02-24,5,17082.60000000,2016-02,1,0
337764,2017-11-11,4,5937.95000000,2017-11,1,1
337850,2016-07-09,2,2913.95000000,2016-07,1,0
338444,2016-11-12,2,3253.91000000,2016-11,1,0
338683,2018-08-29,1,382.49000000,2018-08,1,0
339050,2016-05-30,3,6254.66000000,2016-05,1,0
339068,2017-08-12,3,8744.43000000,2017-08,1,0
339146,2017-06-09,1,6333.00000000,2017-06,1,0
339390,2018-08-22,1,1006.00000000,2018-08,1,0
339448,2016-06-08,2,871.97000000,2016-06,1,0
339939,2018-01-26,2,788.63000000,2018-01,1,0
340307,2018-07-04,2,1126.97000000,2018-07,1,0
340339,2016-05-13,2,837.09000000,2016-05,1,0
340417,2017-01-21,1,7937.65000000,2017-01,1,0
340427,2016-11-29,2,2665.00000000,2016-11,1,0
340460,2017-05-13,2,1718.98000000,2017-05,1,0
340665,2019-08-03,1,438.00000000,2019-08,1,0
340771,2017-03-06,3,8665.76000000,2017-03,1,0
340782,2019-05-22,2,997.66000000,2019-05,1,0
34081,2017-02-10,4,9588.53000000,2017-02,1,0
341191,2016-08-16,3,1628.34000000,2016-08,1,0
34143,2020-02-03,1,4726.00000000,2020-02,1,0
341831,2018-12-26,2,4188.00000000,2018-12,1,0
342040,2016-07-23,2,2286.00000000,2016-07,1,0
342356,2017-10-27,4,3916.23000000,2017-10,1,0
342393,2017-02-15,2,2855.39000000,2017-02,1,0
342512,2016-09-08,3,23229.34000000,2016-09,1,0
342652,2017-01-02,2,4277.78000000,2017-01,1,0
342841,2019-02-14,1,617.67000000,2019-02,1,0
343007,2017-10-07,3,3015.04000000,2017-10,1,0
343061,2019-02-19,3,4446.77000000,2019-02,1,1
343095,2019-05-04,1,3024.95000000,2019-05,1,0
343129,2018-02-21,1,1490.00000000,2018-02,1,0
343183,2018-02-22,2,4286.78000000,2018-02,1,0
343285,2019-02-02,1,218.00000000,2019-02,1,0
343632,2019-06-08,2,1427.56000000,2019-06,1,0
343801,2016-10-04,2,10328.59000000,2016-10,1,0
343983,2020-08-13,1,1297.37000000,2020-08,1,0
34431,2018-07-21,1,28.00000000,2018-07,1,0
344691,2016-10-29,1,320.36000000,2016-10,1,0
345044,2017-01-22,1,75.96000000,2017-01,1,0
345242,2018-06-29,3,5929.16000000,2018-06,1,0
345277,2018-12-12,1,354.60000000,2018-12,1,0
345292,2017-07-11,2,6086.95000000,2017-07,1,0
345767,2016-11-14,2,449.39000000,2016-11,1,0
345812,2016-01-21,1,656.88000000,2016-01,1,0
345910,2018-05-10,4,16789.67000000,2018-05,1,0
346090,2019-12-26,2,2530.90000000,2019-12,1,1
346204,2019-02-27,3,12717.63000000,2019-02,1,0
346689,2018-11-10,3,4029.90000000,2018-11,1,0
346994,2018-02-19,3,121.70000000,2018-02,1,0
347011,2017-01-03,2,3260.00000000,2017-01,1,0
347058,2019-08-17,1,1754.96000000,2019-08,1,0
347144,2017-10-10,1,767.96000000,2017-10,1,0
347206,2018-01-10,1,822.76000000,2018-01,1,0
347235,2016-10-07,2,25471.60000000,2016-10,1,0
347240,2016-08-25,2,3342.78000000,2016-08,1,0
347394,2016-09-01,2,1648.60000000,2016-09,1,0
347499,2018-09-15,3,1121.09000000,2018-09,1,0
347864,2020-05-06,1,9034.23000000,2020-05,1,0
347907,2019-01-05,1,537.00000000,2019-01,1,0
347982,2019-01-09,3,1953.92000000,2019-01,1,0
348102,2019-07-17,1,19.99000000,2019-07,1,0
348248,2018-12-19,3,1389.55000000,2018-12,1,0
348440,2018-09-14,5,7360.67000000,2018-09,1,0
34850,2016-02-25,2,2477.96000000,2016-02,1,0
348521,2017-12-21,5,5054.01000000,2017-12,1,0
348548,2016-01-21,2,1128.53000000,2016-01,1,0
348767,2018-06-19,1,198.98000000,2018-06,1,0
348917,2019-12-24,2,19920.19000000,2019-12,1,1
349037,2018-03-06,1,422.69000000,2018-03,1,0
349086,2017-02-25,2,1097.99000000,2017-02,1,0
34915,2019-07-06,1,56.00000000,2019-07,1,0
349322,2019-10-12,1,1698.00000000,2019-10,1,0
349653,2019-06-11,1,25.32000000,2019-06,1,0
349815,2017-05-30,1,666.99000000,2017-05,1,0
350095,2016-12-14,2,4254.95000000,2016-12,1,0
350141,2018-01-03,2,3004.89000000,2018-01,1,1
350496,2017-01-25,6,4512.63000000,2017-01,1,0
350587,2016-12-23,2,1587.99000000,2016-12,1,0
350710,2016-02-26,2,11756.70000000,2016-02,1,0
350853,2017-05-31,1,1729.65000000,2017-05,1,0
350943,2018-08-15,3,5957.00000000,2018-08,1,0
350949,2018-11-01,1,1501.89000000,2018-11,1,0
350979,2019-01-09,4,23118.23000000,2019-01,1,0
351202,2018-06-05,1,418.00000000,2018-06,1,0
351430,2017-09-27,1,1035.92000000,2017-09,1,0
351623,2020-01-30,1,482.96000000,2020-01,1,0
351747,2016-01-08,2,2299.95000000,2016-01,1,0
351758,2018-10-22,1,4070.64000000,2018-10,1,0
351879,2016-06-09,4,12131.79000000,2016-06,1,1
352043,2017-09-16,2,569.13000000,2017-09,1,0
352106,2017-01-19,2,1578.90000000,2017-01,1,0
352235,2019-09-25,1,12.99000000,2019-09,1,0
352272,2020-01-13,1,3004.97000000,2020-01,1,0
35257,2016-06-14,2,120.79000000,2016-06,1,0
352596,2018-08-18,1,2992.60000000,2018-08,1,0
352719,2016-11-25,3,4412.65000000,2016-11,1,0
352850,2019-06-04,1,158.83000000,2019-06,1,0
352933,2020-02-28,1,2499.50000000,2020-02,1,0
353240,2018-08-31,2,4126.66000000,2018-08,1,0
353313,2017-03-04,2,2391.96000000,2017-03,1,0
353352,2018-12-07,3,9117.70000000,2018-12,1,0
353444,2020-01-16,1,599.00000000,2020-01,1,0
353597,2019-12-09,1,834.00000000,2019-12,1,0
353741,2020-05-05,1,3178.90000000,2020-05,1,0
353750,2016-10-22,2,12665.68000000,2016-10,1,1
353909,2019-07-17,1,769.65000000,2019-07,1,0
354010,2017-06-06,3,7230.88000000,2017-06,1,0
354096,2016-03-10,3,4741.92000000,2016-03,1,0
354108,2016-06-03,1,5263.00000000,2016-06,1,0
354142,2017-03-08,2,2170.40000000,2017-03,1,1
354187,2019-03-01,1,12534.00000000,2019-03,1,0
354352,2016-08-20,2,1294.96000000,2016-08,1,0
354485,2019-01-21,2,5984.00000000,2019-01,1,0
355288,2018-12-27,2,7125.88000000,2018-12,1,0
355295,2019-07-18,3,4406.22000000,2019-07,1,0
355632,2018-10-26,3,9099.62000000,2018-10,1,0
356049,2016-09-28,5,8938.10000000,2016-09,1,0
356070,2018-07-14,1,369.00000000,2018-07,1,0
356191,2020-02-29,1,93.98000000,2020-02,1,0
356576,2019-02-28,2,2086.89000000,2019-02,1,0
356810,2019-02-17,1,1.99000000,2019-02,1,0
356838,2018-06-16,2,6369.78000000,2018-06,1,0
356908,2019-12-16,1,369.00000000,2019-12,1,0
356963,2016-09-27,4,5046.54000000,2016-09,1,0
35703,2018-11-14,1,715.98000000,2018-11,1,0
357165,2017-08-05,1,53.97000000,2017-08,1,0
35733,2019-12-20,3,8441.27000000,2019-12,1,1
357376,2019-05-04,1,151.80000000,2019-05,1,0
357410,2019-02-23,1,3802.88000000,2019-02,1,0
3575,2016-02-26,1,774.00000000,2016-02,1,0
357592,2019-12-19,2,7312.50000000,2019-12,1,0
357825,2016-08-16,4,8146.01000000,2016-08,1,0
357853,2017-05-03,6,9587.47000000,2017-05,1,1
35795,2019-02-16,1,8790.72000000,2019-02,1,0
358149,2018-02-10,1,3053.23000000,2018-02,1,0
358229,2020-01-18,1,6.99000000,2020-01,1,0
358489,2019-07-02,2,4256.06000000,2019-07,1,1
358604,2021-02-13,1,1540.00000000,2021-02,0,0
358637,2018-02-15,1,243.96000000,2018-02,1,0
358749,2016-10-08,1,639.97000000,2016-10,1,0
358880,2017-02-09,3,5188.32000000,2017-02,1,0
359037,2019-03-05,1,1202.95000000,2019-03,1,0
359297,2019-02-26,1,909.24000000,2019-02,1,0
359409,2018-02-22,1,224.00000000,2018-02,1,0
359587,2019-12-26,2,8913.79000000,2019-12,1,0
360001,2018-09-27,1,1937.96000000,2018-09,1,0
360241,2018-08-11,2,11549.77000000,2018-08,1,0
360610,2017-12-18,1,3188.70000000,2017-12,1,0
360795,2020-12-19,1,1938.00000000,2020-12,0,0
360894,2018-11-03,1,4563.86000000,2018-11,1,0
36112,2018-07-05,2,2939.55000000,2018-07,1,0
361214,2016-09-16,2,6479.95000000,2016-09,1,0
361450,2019-08-29,1,219.98000000,2019-08,1,0
361691,2018-12-03,1,2470.70000000,2018-12,1,0
361945,2016-01-26,2,1758.92000000,2016-01,1,0
362027,2018-12-25,1,699.00000000,2018-12,1,0
362095,2016-12-24,1,3007.66000000,2016-12,1,0
362120,2019-11-23,1,1943.99000000,2019-11,1,0
362234,2018-02-22,4,4043.02000000,2018-02,1,0
362263,2019-02-22,1,657.00000000,2019-02,1,0
362479,2018-10-13,1,867.00000000,2018-10,1,0
362960,2018-12-25,2,2400.96000000,2018-12,1,0
36336,2018-09-01,1,1592.20000000,2018-09,1,0
363462,2018-10-25,2,1701.13000000,2018-10,1,0
363584,2018-07-21,5,24753.74000000,2018-07,1,0
363712,2017-11-02,5,6684.40000000,2017-11,1,0
363872,2016-01-06,3,9383.91000000,2016-01,1,1
363898,2019-07-20,1,680.86000000,2019-07,1,0
36418,2021-02-08,1,1026.88000000,2021-02,0,0
364612,2019-01-04,1,4349.88000000,2019-01,1,0
364626,2019-11-06,1,143.12000000,2019-11,1,0
364677,2019-06-04,1,478.00000000,2019-06,1,0
364820,2017-03-11,3,2825.59000000,2017-03,1,1
364852,2018-12-29,2,4630.25000000,2018-12,1,0
36507,2018-07-21,2,5605.50000000,2018-07,1,0
365088,2018-11-07,1,24.99000000,2018-11,1,0
365200,2018-11-29,2,9944.79000000,2018-11,1,1
365565,2017-02-11,2,2602.29000000,2017-02,1,0
365593,2018-03-15,2,1859.66000000,2018-03,1,0
365703,2019-06-07,3,9130.76000000,2019-06,1,0
365953,2016-12-23,5,6377.02000000,2016-12,1,1
366123,2017-02-14,2,10571.88000000,2017-02,1,0
366153,2019-01-11,1,269.60000000,2019-01,1,0
366250,2019-12-31,3,6928.76000000,2019-12,1,0
366365,2017-08-09,3,9274.24000000,2017-08,1,0
366380,2019-08-17,1,6477.62000000,2019-08,1,0
366500,2016-10-21,5,22220.83000000,2016-10,1,0
366774,2018-10-13,1,29.97000000,2018-10,1,0
366856,2016-02-17,3,6461.31000000,2016-02,1,0
366908,2018-11-17,2,2758.89000000,2018-11,1,0
367004,2020-03-13,1,209.00000000,2020-03,1,0
367131,2016-02-11,5,18381.00000000,2016-02,1,0
367191,2018-11-02,1,3183.99000000,2018-11,1,0
367332,2020-06-23,1,5660.00000000,2020-06,1,0
367414,2018-05-08,1,839.97000000,2018-05,1,0
367715,2019-07-05,1,2997.00000000,2019-07,1,0
367753,2018-05-09,4,3264.09000000,2018-05,1,0
367824,2016-06-28,3,4085.52000000,2016-06,1,0
368115,2016-02-08,2,1463.74000000,2016-02,1,0
368190,2016-01-13,4,4674.66000000,2016-01,1,1
368277,2020-11-24,1,3254.47000000,2020-11,0,0
368295,2017-03-04,1,8206.94000000,2017-03,1,0
368584,2018-10-24,1,1333.78000000,2018-10,1,0
368610,2016-01-22,4,9830.61000000,2016-01,1,0
368827,2019-06-28,1,1340.12000000,2019-06,1,0
369446,2019-03-02,2,3081.97000000,2019-03,1,0
369814,2018-12-12,1,971.30000000,2018-12,1,0
369858,2019-11-09,1,471.02000000,2019-11,1,0
370019,2019-03-13,1,27.78000000,2019-03,1,0
370077,2016-01-01,3,3714.88000000,2016-01,1,0
370149,2019-01-15,1,6069.09000000,2019-01,1,0
37070,2017-12-27,3,8240.35000000,2017-12,1,0
370810,2017-01-11,3,7641.84000000,2017-01,1,0
370811,2016-06-11,1,1002.99000000,2016-06,1,0
370829,2017-06-15,2,759.81000000,2017-06,1,1
370964,2019-08-07,1,881.89000000,2019-08,1,0
371426,2020-02-15,1,4611.99000000,2020-02,1,0
371459,2018-02-24,1,308.55000000,2018-02,1,0
372299,2017-05-25,1,12.99000000,2017-05,1,0
372304,2016-12-27,1,1328.97000000,2016-12,1,0
372379,2018-05-29,1,1173.80000000,2018-05,1,0
37251,2018-01-23,1,3779.49000000,2018-01,1,0
372525,2019-02-23,1,111.80000000,2019-02,1,0
372672,2020-02-28,1,9592.90000000,2020-02,1,0
372694,2019-12-28,1,1781.98000000,2019-12,1,0
373120,2017-12-23,2,2310.11000000,2017-12,1,0
373334,2018-05-26,1,1953.00000000,2018-05,1,0
373683,2018-11-10,4,10606.06000000,2018-11,1,1
373746,2016-09-10,5,14103.91000000,2016-09,1,0
373815,2017-11-08,1,458.00000000,2017-11,1,0
374045,2019-02-23,3,4686.25000000,2019-02,1,1
37408,2018-12-01,1,4562.95000000,2018-12,1,0
374235,2017-07-15,2,3780.00000000,2017-07,1,0
374242,2018-06-14,1,71.96000000,2018-06,1,0
374334,2019-08-31,2,6851.71000000,2019-08,1,1
374720,2016-10-11,4,4439.46000000,2016-10,1,0
375376,2016-05-25,2,753.87000000,2016-05,1,0
375384,2016-05-21,4,10652.70000000,2016-05,1,0
375538,2016-02-16,4,4357.86000000,2016-02,1,0
37580,2019-09-21,1,599.55000000,2019-09,1,0
37585,2021-02-16,1,4032.98000000,2021-02,0,0
376019,2016-08-17,3,1052.38000000,2016-08,1,0
376037,2017-07-01,1,8655.34000000,2017-07,1,0
376053,2019-02-14,1,3296.39000000,2019-02,1,0
376607,2020-02-19,1,67.40000000,2020-02,1,0
376933,2017-09-15,2,8291.86000000,2017-09,1,0
376965,2017-10-25,2,821.98000000,2017-10,1,0
376977,2016-02-05,2,4754.60000000,2016-02,1,0
377340,2016-09-30,5,5023.93000000,2016-09,1,0
377487,2019-05-17,3,3959.77000000,2019-05,1,0
377521,2019-08-05,1,2019.00000000,2019-08,1,0
377690,2016-08-27,2,3335.47000000,2016-08,1,0
377745,2017-08-24,1,10684.88000000,2017-08,1,0
377854,2017-09-22,3,307.35000000,2017-09,1,0
378008,2019-07-02,2,503.48000000,2019-07,1,0
37802,2017-01-07,3,8883.96000000,2017-01,1,0
378023,2020-07-15,1,14.94000000,2020-07,1,0
378117,2020-11-04,1,2920.82000000,2020-11,1,0
378411,2020-09-30,1,4604.96000000,2020-09,1,0
378574,2019-11-23,2,6487.89000000,2019-11,1,1
378833,2016-08-08,2,1046.28000000,2016-08,1,0
379002,2020-01-29,1,958.30000000,2020-01,1,0
379142,2018-09-26,2,591.04000000,2018-09,1,0
379536,2017-05-08,1,1269.98000000,2017-05,1,0
379770,2019-07-22,2,2515.82000000,2019-07,1,0
37991,2017-11-15,2,6893.00000000,2017-11,1,0
379953,2016-09-03,2,2375.60000000,2016-09,1,0
380032,2019-08-31,2,2200.22000000,2019-08,1,1
38006,2018-09-10,1,6.99000000,2018-09,1,0
380256,2019-02-12,1,605.80000000,2019-02,1,0
380313,2019-10-12,1,139.98000000,2019-10,1,0
38036,2018-05-31,1,1049.80000000,2018-05,1,0
380891,2017-10-25,2,11925.60000000,2017-10,1,0
380931,2018-02-24,2,12155.16000000,2018-02,1,0
381140,2020-11-16,2,1109.70000000,2020-11,1,1
381188,2018-10-22,4,3660.42000000,2018-10,1,0
381223,2017-12-20,4,2249.73000000,2017-12,1,0
381230,2018-12-24,2,4333.98000000,2018-12,1,1
381459,2018-12-15,3,9479.36000000,2018-12,1,1
381656,2017-03-04,1,2039.93000000,2017-03,1,0
381830,2019-05-15,2,2593.72000000,2019-05,1,0
38195,2018-02-22,3,6548.02000000,2018-02,1,0
382095,2018-11-21,3,6230.14000000,2018-11,1,1
38212,2019-11-29,1,400.99000000,2019-11,1,0
382178,2017-02-17,5,6709.36000000,2017-02,1,0
382347,2020-01-08,2,2264.35000000,2020-01,1,0
382379,2020-12-25,1,2683.98000000,2020-12,0,0
382489,2018-11-08,3,4089.56000000,2018-11,1,0
382539,2017-03-08,5,4531.08000000,2017-03,1,0
382565,2018-09-27,2,4757.59000000,2018-09,1,0
382843,2016-08-15,4,3544.72000000,2016-08,1,0
382960,2017-07-13,8,11543.16000000,2017-07,1,0
383007,2019-03-09,4,3725.29000000,2019-03,1,0
383111,2018-06-25,3,3827.51000000,2018-06,1,0
383155,2018-09-08,2,1809.96000000,2018-09,1,0
383207,2019-12-24,1,1317.93000000,2019-12,1,0
383209,2017-01-21,3,4258.91000000,2017-01,1,0
383279,2019-02-13,1,1189.00000000,2019-02,1,0
383459,2018-10-10,1,2575.88000000,2018-10,1,0
383528,2017-11-13,2,7895.71000000,2017-11,1,0
383902,2018-08-24,2,4073.95000000,2018-08,1,0
384783,2019-08-05,2,10309.15000000,2019-08,1,0
384911,2018-07-07,6,10646.31000000,2018-07,1,0
385309,2016-11-09,2,986.98000000,2016-11,1,0
385392,2016-06-23,2,1015.94000000,2016-06,1,0
385527,2016-12-03,4,5289.44000000,2016-12,1,0
385590,2019-06-15,2,3772.00000000,2019-06,1,0
385627,2016-09-23,2,6924.97000000,2016-09,1,0
385643,2017-10-03,1,360.00000000,2017-10,1,0
385734,2020-05-19,1,2037.00000000,2020-05,1,0
385794,2020-06-18,1,98.11000000,2020-06,1,0
385817,2018-05-23,2,12022.80000000,2018-05,1,0
385854,2019-09-21,1,149.94000000,2019-09,1,0
385971,2018-12-20,4,11337.56000000,2018-12,1,0
38613,2016-02-19,3,6230.10000000,2016-02,1,0
386552,2016-11-24,1,1039.96000000,2016-11,1,0
387016,2017-12-13,2,3203.18000000,2017-12,1,0
387148,2018-02-17,1,2811.00000000,2018-02,1,0
387369,2018-03-08,1,6302.00000000,2018-03,1,0
387372,2017-02-21,5,11749.90000000,2017-02,1,0
387658,2018-03-01,3,2175.60000000,2018-03,1,0
387704,2018-12-20,2,202.94000000,2018-12,1,1
388230,2016-06-08,2,973.88000000,2016-06,1,0
388276,2019-08-03,1,5652.97000000,2019-08,1,0
388302,2017-07-20,3,13820.36000000,2017-07,1,0
388416,2018-07-10,1,4159.00000000,2018-07,1,0
388422,2017-12-26,2,1634.99000000,2017-12,1,0
388648,2019-06-12,1,87.99000000,2019-06,1,0
388968,2018-08-03,1,291.93000000,2018-08,1,0
389013,2017-04-27,4,11690.91000000,2017-04,1,0
389303,2017-11-21,2,1796.32000000,2017-11,1,0
389346,2018-06-18,2,5309.88000000,2018-06,1,0
389462,2017-01-25,3,3151.65000000,2017-01,1,0
389486,2018-06-29,2,60.75000000,2018-06,1,0
389532,2017-09-27,1,1497.67000000,2017-09,1,0
389928,2018-09-12,1,1079.80000000,2018-09,1,0
390031,2018-12-18,2,3559.52000000,2018-12,1,1
390201,2020-12-24,1,2885.70000000,2020-12,0,0
390781,2016-02-19,1,1871.78000000,2016-02,1,0
390807,2018-01-03,3,13352.70000000,2018-01,1,0
390926,2019-02-23,3,13231.58000000,2019-02,1,0
391082,2018-01-13,2,3890.00000000,2018-01,1,0
391353,2019-01-19,1,1124.79000000,2019-01,1,0
391380,2019-11-28,2,2498.65000000,2019-11,1,1
391464,2017-01-07,1,407.99000000,2017-01,1,0
391687,2019-12-28,1,2051.96000000,2019-12,1,0
391733,2016-10-12,2,8760.89000000,2016-10,1,0
391761,2020-06-11,1,736.94000000,2020-06,1,0
391900,2018-12-19,2,12804.86000000,2018-12,1,1
392118,2019-11-14,2,622.68000000,2019-11,1,0
392187,2020-09-12,1,2491.00000000,2020-09,1,0
392359,2018-10-13,1,988.00000000,2018-10,1,0
392374,2019-12-02,1,1460.98000000,2019-12,1,0
392376,2019-05-03,3,8892.14000000,2019-05,1,0
39246,2016-06-16,1,2154.00000000,2016-06,1,0
392676,2019-01-03,4,2507.80000000,2019-01,1,0
39268,2018-11-29,1,389.95000000,2018-11,1,0
393097,2018-05-21,4,4039.21000000,2018-05,1,0
39314,2018-11-05,1,453.56000000,2018-11,1,0
393616,2019-11-19,1,471.80000000,2019-11,1,0
393641,2020-11-06,1,2080.91000000,2020-11,1,0
393739,2016-09-28,2,943.32000000,2016-09,1,0
394173,2018-09-26,1,3499.30000000,2018-09,1,0
394181,2020-12-17,1,248.00000000,2020-12,0,0
394231,2019-02-15,1,6.99000000,2019-02,1,0
394929,2019-02-26,2,2661.94000000,2019-02,1,0
395197,2017-01-21,3,1538.99000000,2017-01,1,0
395474,2020-09-05,1,1919.86000000,2020-09,1,0
395664,2020-06-15,1,9.99000000,2020-06,1,0
39582,2017-12-21,2,5555.00000000,2017-12,1,0
395914,2017-12-07,1,457.26000000,2017-12,1,0
39592,2018-06-15,1,2016.93000000,2018-06,1,0
396388,2017-08-10,3,12639.93000000,2017-08,1,0
3964,2017-02-08,1,1506.00000000,2017-02,1,0
396894,2020-05-16,1,2950.00000000,2020-05,1,0
396944,2016-11-05,8,30673.44000000,2016-11,1,0
396969,2019-06-14,2,3049.50000000,2019-06,1,0
397223,2017-05-09,2,2503.63000000,2017-05,1,0
397267,2019-05-15,2,745.69000000,2019-05,1,0
397285,2017-11-22,3,2497.52000000,2017-11,1,0
397698,2020-05-20,1,4626.69000000,2020-05,1,0
397885,2018-12-11,1,932.00000000,2018-12,1,0
397988,2016-03-05,3,1977.55000000,2016-03,1,0
398049,2018-12-22,2,1836.59000000,2018-12,1,0
398056,2018-01-31,3,7067.61000000,2018-01,1,0
398156,2017-01-11,2,3238.66000000,2017-01,1,0
398523,2016-12-24,1,865.97000000,2016-12,1,0
398577,2016-03-16,1,70.13000000,2016-03,1,0
398671,2018-05-05,2,4839.27000000,2018-05,1,0
398708,2019-02-17,2,1670.67000000,2019-02,1,0
398751,2016-06-16,3,1473.77000000,2016-06,1,0
398841,2018-11-21,3,964.20000000,2018-11,1,1
39894,2016-02-09,1,879.92000000,2016-02,1,0
399053,2019-02-08,3,6236.05000000,2019-02,1,0
399145,2018-05-23,1,1067.99000000,2018-05,1,0
399253,2016-10-22,1,1501.00000000,2016-10,1,0
39927,2018-11-17,1,2080.97000000,2018-11,1,0
399805,2016-11-21,1,2083.99000000,2016-11,1,0
399877,2020-02-14,1,193.00000000,2020-02,1,0
400009,2018-05-26,4,7505.92000000,2018-05,1,0
400031,2018-03-03,2,2240.00000000,2018-03,1,0
400068,2019-03-14,1,129.80000000,2019-03,1,0
400071,2016-11-25,3,4097.35000000,2016-11,1,0
400379,2018-10-26,1,699.93000000,2018-10,1,0
400656,2018-09-15,1,6.89000000,2018-09,1,0
400848,2019-01-14,4,4468.01000000,2019-01,1,1
400856,2017-04-25,4,8694.33000000,2017-04,1,0
401123,2017-01-28,2,6560.96000000,2017-01,1,0
401221,2018-10-10,2,13541.33000000,2018-10,1,0
401266,2019-05-16,2,19033.57000000,2019-05,1,0
401301,2018-12-29,2,1850.72000000,2018-12,1,0
401785,2016-01-27,2,9807.57000000,2016-01,1,0
402065,2017-12-29,2,4497.98000000,2017-12,1,0
402420,2019-06-01,1,81.45000000,2019-06,1,0
402514,2018-07-14,4,12048.31000000,2018-07,1,0
402727,2020-05-30,1,712.98000000,2020-05,1,0
402983,2019-06-10,2,7844.71000000,2019-06,1,1
402995,2016-02-19,2,1798.32000000,2016-02,1,0
403041,2018-07-05,1,359.98000000,2018-07,1,0
403323,2018-11-24,4,10431.86000000,2018-11,1,0
403332,2019-05-03,4,9267.93000000,2019-05,1,0
403534,2019-10-30,1,436.73000000,2019-10,1,0
40363,2018-11-17,1,5489.15000000,2018-11,1,0
403860,2016-02-20,3,2303.12000000,2016-02,1,0
403915,2016-10-04,6,8654.21000000,2016-10,1,1
404002,2017-10-16,3,3759.00000000,2017-10,1,0
404256,2018-01-09,1,398.00000000,2018-01,1,0
404359,2017-11-29,3,9195.00000000,2017-11,1,1
40443,2019-10-29,1,624.00000000,2019-10,1,0
404576,2020-02-29,2,3985.50000000,2020-02,1,0
404819,2018-09-28,3,2850.24000000,2018-09,1,0
404860,2016-09-23,3,6775.92000000,2016-09,1,0
405017,2017-09-06,2,3012.19000000,2017-09,1,0
405195,2019-11-30,2,6150.69000000,2019-11,1,0
405253,2019-05-24,1,1447.90000000,2019-05,1,0
405365,2018-02-27,3,1731.76000000,2018-02,1,0
405689,2018-01-01,1,5090.97000000,2018-01,1,0
405745,2016-11-16,1,5644.00000000,2016-11,1,0
405905,2016-12-21,3,8633.32000000,2016-12,1,0
406079,2020-02-11,1,4561.72000000,2020-02,1,0
406121,2019-06-15,1,10760.96000000,2019-06,1,0
406124,2019-02-08,1,1159.96000000,2019-02,1,0
40649,2017-12-20,2,11007.00000000,2017-12,1,0
406676,2019-12-13,2,5356.00000000,2019-12,1,1
40669,2019-02-09,1,4359.00000000,2019-02,1,0
406901,2019-07-06,3,3374.86000000,2019-07,1,1
407047,2019-02-10,2,5305.00000000,2019-02,1,0
407150,2019-08-15,1,1832.92000000,2019-08,1,0
407295,2018-05-12,1,1505.00000000,2018-05,1,0
407478,2017-01-04,3,5248.13000000,2017-01,1,0
407928,2019-07-10,2,3587.00000000,2019-07,1,0
408295,2018-06-27,3,1368.97000000,2018-06,1,0
408328,2019-02-22,2,3999.97000000,2019-02,1,1
408433,2019-02-27,1,2682.04000000,2019-02,1,0
408515,2019-07-13,1,1892.00000000,2019-07,1,0
408519,2018-07-16,2,1178.99000000,2018-07,1,0
408757,2017-01-05,3,7261.25000000,2017-01,1,0
409154,2019-07-23,3,2101.77000000,2019-07,1,1
409173,2017-08-31,2,32585.47000000,2017-08,1,0
409577,2019-07-17,2,1349.67000000,2019-07,1,0
409719,2017-10-14,1,772.50000000,2017-10,1,0
409755,2018-11-10,2,2529.04000000,2018-11,1,1
410032,2018-01-09,2,2311.98000000,2018-01,1,0
410059,2019-12-11,1,340.99000000,2019-12,1,0
410114,2016-11-12,3,3264.71000000,2016-11,1,0
410205,2019-12-28,1,291.89000000,2019-12,1,0
410463,2020-03-07,1,577.00000000,2020-03,1,0
410506,2016-05-19,1,2679.00000000,2016-05,1,0
410798,2017-03-02,6,32639.20000000,2017-03,1,0
410819,2016-08-25,2,6240.13000000,2016-08,1,0
410853,2017-11-25,2,2528.48000000,2017-11,1,0
410879,2019-08-10,1,14333.94000000,2019-08,1,0
410924,2016-11-05,3,8858.83000000,2016-11,1,0
411322,2019-02-06,1,24.99000000,2019-02,1,0
411596,2016-09-02,2,4607.43000000,2016-09,1,1
411768,2016-06-06,4,3998.96000000,2016-06,1,0
411864,2017-12-27,3,5948.33000000,2017-12,1,0
412039,2017-10-05,1,840.00000000,2017-10,1,0
412041,2017-12-21,3,2591.59000000,2017-12,1,1
412760,2016-12-13,3,6066.84000000,2016-12,1,0
41281,2019-02-13,2,630.68000000,2019-02,1,0
413117,2016-02-20,2,3398.85000000,2016-02,1,0
413286,2019-01-11,3,3182.72000000,2019-01,1,0
413347,2019-01-24,4,6034.90000000,2019-01,1,0
413393,2019-02-23,1,43.00000000,2019-02,1,0
413461,2019-02-23,1,1412.99000000,2019-02,1,0
413607,2019-11-05,1,400.00000000,2019-11,1,0
413655,2021-01-09,1,2240.62000000,2021-01,0,0
413703,2019-01-24,2,2162.28000000,2019-01,1,0
414070,2019-07-18,1,1818.00000000,2019-07,1,0
414116,2020-02-12,1,999.80000000,2020-02,1,0
414123,2018-05-04,2,8305.90000000,2018-05,1,0
414166,2018-03-16,2,2503.97000000,2018-03,1,0
414238,2017-12-21,3,4174.92000000,2017-12,1,0
414750,2016-12-31,1,4149.49000000,2016-12,1,0
415125,2016-09-07,2,1608.94000000,2016-09,1,0
415347,2019-10-01,1,889.80000000,2019-10,1,0
415350,2018-12-26,3,2208.93000000,2018-12,1,0
41570,2020-03-07,1,8377.97000000,2020-03,1,0
416182,2019-05-13,1,359.98000000,2019-05,1,0
416331,2017-11-18,2,4238.99000000,2017-11,1,1
416365,2021-02-10,1,160.00000000,2021-02,0,0
416421,2018-12-23,3,3333.49000000,2018-12,1,0
416434,2017-09-23,1,2042.50000000,2017-09,1,0
416458,2018-08-30,1,274.87000000,2018-08,1,0
416518,2018-10-27,1,385.95000000,2018-10,1,0
416834,2019-06-08,1,399.80000000,2019-06,1,0
416872,2017-06-03,4,13618.60000000,2017-06,1,0
417275,2017-01-06,4,20644.36000000,2017-01,1,0
417360,2017-03-10,2,1483.97000000,2017-03,1,0
4174,2019-01-01,2,4465.53000000,2019-01,1,0
417535,2019-12-17,1,4093.90000000,2019-12,1,0
417551,2018-10-25,3,10459.77000000,2018-10,1,0
417710,2020-02-12,1,350.68000000,2020-02,1,0
417789,2019-10-16,1,51.96000000,2019-10,1,0
417932,2019-07-05,2,4049.68000000,2019-07,1,0
417969,2016-07-23,2,2991.74000000,2016-07,1,0
418091,2017-01-28,6,20558.68000000,2017-01,1,0
418500,2018-09-20,2,1871.94000000,2018-09,1,0
418621,2017-05-16,3,4033.75000000,2017-05,1,0
418646,2018-09-11,2,2952.76000000,2018-09,1,0
418651,2019-08-29,2,7431.38000000,2019-08,1,0
418689,2018-12-26,3,9764.78000000,2018-12,1,1
418893,2016-07-04,5,13039.15000000,2016-07,1,0
418899,2017-12-27,3,2041.60000000,2017-12,1,0
419225,2017-12-16,2,3698.64000000,2017-12,1,0
419536,2018-10-18,3,1593.92000000,2018-10,1,1
420053,2019-02-01,3,1790.33000000,2019-02,1,1
420128,2019-05-25,1,1362.22000000,2019-05,1,0
420184,2020-03-05,1,180.97000000,2020-03,1,0
420196,2017-02-18,2,1146.00000000,2017-02,1,0
420523,2018-08-14,1,2705.94000000,2018-08,1,0
420688,2020-06-27,1,537.00000000,2020-06,1,0
420770,2019-01-22,2,2839.85000000,2019-01,1,0
420977,2016-08-23,2,9267.92000000,2016-08,1,0
420996,2019-02-06,1,474.98000000,2019-02,1,0
421034,2019-07-10,1,7340.00000000,2019-07,1,0
421225,2018-06-08,1,1280.97000000,2018-06,1,0
421385,2020-01-05,1,915.89000000,2020-01,1,0
42177,2018-02-20,1,2557.87000000,2018-02,1,0
421945,2018-09-29,2,1183.96000000,2018-09,1,0
422132,2016-12-08,3,3176.76000000,2016-12,1,0
422208,2019-12-07,1,873.44000000,2019-12,1,0
422321,2018-07-21,2,670.99000000,2018-07,1,0
422548,2020-02-04,1,4936.26000000,2020-02,1,0
422579,2018-08-09,3,5692.84000000,2018-08,1,1
422854,2018-05-10,2,2896.56000000,2018-05,1,0
422937,2019-12-27,1,3079.38000000,2019-12,1,0
422965,2016-08-22,2,3175.11000000,2016-08,1,0
423002,2019-09-02,2,946.00000000,2019-09,1,0
423549,2020-01-11,1,659.00000000,2020-01,1,0
42364,2017-05-18,2,8609.39000000,2017-05,1,0
423693,2016-05-27,1,1267.00000000,2016-05,1,0
423757,2018-11-10,1,297.00000000,2018-11,1,0
423898,2017-10-09,4,2009.84000000,2017-10,1,0
424011,2018-03-01,3,1053.56000000,2018-03,1,0
424077,2018-08-23,2,478.97000000,2018-08,1,0
424079,2017-01-10,4,4575.39000000,2017-01,1,0
42408,2019-09-23,1,1667.35000000,2019-09,1,0
424110,2016-12-26,3,2316.90000000,2016-12,1,0
424156,2017-10-17,1,1079.92000000,2017-10,1,0
424340,2020-02-19,2,5574.79000000,2020-02,1,1
424546,2016-02-24,3,9425.58000000,2016-02,1,0
424556,2019-07-06,1,295.73000000,2019-07,1,0
424711,2018-05-14,4,5600.61000000,2018-05,1,0
425179,2016-11-25,4,7720.70000000,2016-11,1,0
425389,2017-02-21,2,796.98000000,2017-02,1,0
425775,2020-03-05,1,3968.30000000,2020-03,1,0
425996,2019-12-03,1,1159.90000000,2019-12,1,0
426057,2020-03-11,1,1299.00000000,2020-03,1,0
426309,2019-10-30,1,5027.29000000,2019-10,1,0
426724,2019-08-14,2,4779.56000000,2019-08,1,0
427098,2016-09-24,3,3824.75000000,2016-09,1,0
427302,2017-12-29,3,2952.67000000,2017-12,1,0
427753,2019-09-02,1,2259.85000000,2019-09,1,0
427804,2019-06-01,2,3562.20000000,2019-06,1,0
427858,2016-12-08,3,5189.47000000,2016-12,1,1
427971,2019-11-15,1,2111.92000000,2019-11,1,0
428186,2018-12-21,3,2327.94000000,2018-12,1,0
42840,2019-05-03,1,1496.98000000,2019-05,1,0
428496,2017-11-14,2,362.90000000,2017-11,1,0
428561,2020-01-04,1,1107.00000000,2020-01,1,0
428640,2019-02-22,2,664.22000000,2019-02,1,0
428750,2017-02-03,1,899.97000000,2017-02,1,0
429294,2016-05-10,1,403.98000000,2016-05,1,0
42956,2019-05-21,2,172.99000000,2019-05,1,0
429563,2018-07-07,2,17427.91000000,2018-07,1,0
429663,2019-01-11,4,14849.27000000,2019-01,1,1
429686,2020-12-25,1,1787.99000000,2020-12,0,0
430140,2017-05-10,1,329.97000000,2017-05,1,0
430185,2020-02-16,1,691.95000000,2020-02,1,0
430583,2018-01-15,1,683.80000000,2018-01,1,0
430762,2018-12-15,2,1371.68000000,2018-12,1,0
430949,2019-09-28,2,9101.46000000,2019-09,1,1
431088,2017-06-24,5,9788.86000000,2017-06,1,0
431145,2019-06-08,1,1866.93000000,2019-06,1,0
431254,2018-12-29,1,7368.80000000,2018-12,1,0
431309,2017-12-22,2,6487.86000000,2017-12,1,0
431461,2016-01-29,3,34343.88000000,2016-01,1,0
431618,2019-12-19,1,807.34000000,2019-12,1,0
431659,2018-12-14,1,805.70000000,2018-12,1,0
431735,2020-12-02,1,632.99000000,2020-12,0,0
431835,2019-05-21,2,3098.30000000,2019-05,1,0
431867,2018-01-11,3,10384.67000000,2018-01,1,1
432061,2018-02-17,1,949.90000000,2018-02,1,0
432063,2017-01-31,4,3993.94000000,2017-01,1,0
432211,2017-07-05,3,6493.66000000,2017-07,1,0
432440,2018-12-26,4,10992.43000000,2018-12,1,0
432743,2019-08-08,1,10729.97000000,2019-08,1,0
432780,2017-01-18,2,2762.42000000,2017-01,1,0
432814,2016-11-01,4,11927.57000000,2016-11,1,0
432928,2018-07-14,1,26.18000000,2018-07,1,0
432958,2017-07-31,2,2690.52000000,2017-07,1,0
433162,2019-08-19,1,80.95000000,2019-08,1,0
433399,2019-02-21,1,1539.65000000,2019-02,1,0
433418,2019-08-24,2,2171.95000000,2019-08,1,0
433554,2017-12-20,3,13515.78000000,2017-12,1,0
433811,2018-03-14,4,20496.20000000,2018-03,1,0
434150,2018-12-31,1,4464.87000000,2018-12,1,0
434435,2018-03-01,2,1191.72000000,2018-03,1,0
434588,2018-02-06,2,24525.00000000,2018-02,1,0
435029,2018-12-20,2,1477.93000000,2018-12,1,0
435105,2019-01-26,1,4955.58000000,2019-01,1,0
435228,2017-10-28,2,5979.28000000,2017-10,1,0
435530,2017-05-19,1,1677.90000000,2017-05,1,0
435599,2017-05-10,2,4956.00000000,2017-05,1,0
435655,2016-06-04,3,5960.70000000,2016-06,1,1
435697,2018-05-18,2,4033.86000000,2018-05,1,0
435755,2016-11-24,3,2053.87000000,2016-11,1,0
436081,2019-01-02,4,12988.58000000,2019-01,1,1
436747,2019-06-28,2,1149.94000000,2019-06,1,1
436818,2018-10-06,2,2953.30000000,2018-10,1,0
436917,2019-09-09,1,2792.00000000,2019-09,1,0
437165,2018-01-03,1,2649.50000000,2018-01,1,0
437318,2018-05-06,1,870.97000000,2018-05,1,0
437389,2016-01-13,5,17742.64000000,2016-01,1,0
437422,2018-02-15,2,1502.00000000,2018-02,1,0
437439,2018-06-08,2,11738.00000000,2018-06,1,0
437476,2019-01-08,2,1948.99000000,2019-01,1,0
437497,2018-12-04,1,855.87000000,2018-12,1,0
43784,2020-01-27,1,2915.94000000,2020-01,1,0
438322,2017-06-03,1,90.00000000,2017-06,1,0
438362,2019-02-25,2,10361.97000000,2019-02,1,0
438398,2017-08-24,2,5901.28000000,2017-08,1,0
43840,2016-12-17,3,3593.79000000,2016-12,1,0
438560,2017-10-18,4,11968.96000000,2017-10,1,0
438601,2018-06-29,2,2196.69000000,2018-06,1,1
439416,2019-01-03,2,7441.90000000,2019-01,1,0
439509,2018-04-28,2,622.22000000,2018-04,1,0
439650,2018-11-08,3,8741.49000000,2018-11,1,0
439738,2019-10-03,1,896.98000000,2019-10,1,0
439771,2018-12-22,4,1664.10000000,2018-12,1,1
439962,2020-02-26,1,2698.93000000,2020-02,1,0
439991,2018-12-07,3,3383.30000000,2018-12,1,1
440119,2016-12-29,5,3263.08000000,2016-12,1,0
440291,2019-10-26,2,8839.65000000,2019-10,1,0
440410,2019-10-22,1,369.00000000,2019-10,1,0
440522,2019-07-20,2,3431.90000000,2019-07,1,0
440537,2018-05-26,1,347.45000000,2018-05,1,0
440641,2017-12-14,1,8979.78000000,2017-12,1,0
440913,2017-10-20,2,1007.85000000,2017-10,1,0
440923,2018-12-21,2,2869.28000000,2018-12,1,0
441038,2018-11-27,2,1447.61000000,2018-11,1,0
441051,2019-09-24,3,4433.75000000,2019-09,1,1
441477,2020-08-20,1,969.00000000,2020-08,1,0
442109,2017-07-22,1,2463.00000000,2017-07,1,0
442699,2018-05-15,3,3472.91000000,2018-05,1,1
443143,2019-08-13,3,6754.50000000,2019-08,1,1
443446,2017-02-09,2,3486.92000000,2017-02,1,0
443529,2019-05-11,1,445.88000000,2019-05,1,0
443651,2019-09-26,2,626.20000000,2019-09,1,0
443701,2019-03-02,4,2906.88000000,2019-03,1,1
443720,2016-08-15,2,481.94000000,2016-08,1,0
443855,2020-05-20,1,1675.40000000,2020-05,1,0
443858,2016-11-03,3,5794.79000000,2016-11,1,0
443859,2018-03-08,1,367.37000000,2018-03,1,0
443881,2019-02-11,1,906.42000000,2019-02,1,0
443916,2019-09-05,1,1037.00000000,2019-09,1,0
444034,2019-02-17,1,3012.98000000,2019-02,1,0
444160,2016-01-26,1,195.81000000,2016-01,1,0
444181,2020-06-03,1,1173.89000000,2020-06,1,0
444252,2018-05-12,2,2014.75000000,2018-05,1,0
444343,2017-10-21,3,4121.56000000,2017-10,1,0
444654,2019-01-03,3,4480.71000000,2019-01,1,0
444667,2019-01-17,1,26.97000000,2019-01,1,0
444707,2020-02-12,1,3982.25000000,2020-02,1,0
444719,2017-11-17,4,7479.52000000,2017-11,1,1
444807,2016-09-06,4,20349.93000000,2016-09,1,0
44493,2019-01-05,2,1043.45000000,2019-01,1,0
445123,2016-12-22,3,4481.70000000,2016-12,1,0
445174,2019-11-12,1,2476.39000000,2019-11,1,0
445298,2016-06-04,1,6376.91000000,2016-06,1,0
445423,2018-12-24,1,43.00000000,2018-12,1,0
445503,2017-02-20,3,4225.46000000,2017-02,1,0
445719,2017-03-04,1,758.00000000,2017-03,1,0
445826,2018-02-24,2,4507.00000000,2018-02,1,0
445890,2018-10-20,1,1509.98000000,2018-10,1,0
445898,2018-07-12,2,5285.98000000,2018-07,1,0
445975,2020-06-27,1,2181.93000000,2020-06,1,0
445998,2019-12-26,2,6940.30000000,2019-12,1,1
446182,2019-01-05,1,377.98000000,2019-01,1,0
446358,2020-12-23,1,1658.00000000,2020-12,0,0
446468,2020-09-30,1,359.98000000,2020-09,1,0
446470,2016-02-20,2,12872.14000000,2016-02,1,0
446515,2016-12-23,4,402.63000000,2016-12,1,0
446584,2018-11-16,2,5623.96000000,2018-11,1,1
446735,2017-05-17,6,7440.14000000,2017-05,1,1
446752,2019-12-17,1,4355.55000000,2019-12,1,0
446883,2016-02-04,2,12943.77000000,2016-02,1,0
44728,2016-04-27,3,12658.83000000,2016-04,1,0
447603,2019-01-17,1,264.00000000,2019-01,1,0
447988,2016-08-06,2,6503.12000000,2016-08,1,0
448183,2018-06-15,1,870.00000000,2018-06,1,0
448232,2016-02-13,4,12808.42000000,2016-02,1,0
448802,2017-12-30,3,16366.44000000,2017-12,1,0
449333,2019-08-03,2,10635.27000000,2019-08,1,0
449456,2017-09-15,3,7324.00000000,2017-09,1,0
449672,2017-08-23,3,4144.43000000,2017-08,1,1
449696,2020-03-11,1,5837.36000000,2020-03,1,0
450041,2016-02-19,2,2144.67000000,2016-02,1,0
450469,2018-05-19,1,26.64000000,2018-05,1,0
450600,2018-05-18,4,5653.32000000,2018-05,1,1
451162,2019-02-07,2,3550.46000000,2019-02,1,0
451222,2018-07-05,3,3750.41000000,2018-07,1,0
451257,2016-12-31,1,1543.00000000,2016-12,1,0
451559,2016-08-15,1,11574.25000000,2016-08,1,0
451706,2018-09-14,1,2680.91000000,2018-09,1,0
45172,2019-05-28,1,654.90000000,2019-05,1,0
451755,2018-10-31,2,5283.64000000,2018-10,1,1
451777,2020-01-03,1,5816.21000000,2020-01,1,0
452209,2017-11-21,4,10211.91000000,2017-11,1,0
452441,2018-12-26,3,2131.84000000,2018-12,1,1
45250,2019-08-03,1,4495.00000000,2019-08,1,0
452766,2019-03-07,2,640.11000000,2019-03,1,0
452881,2017-10-19,4,8392.73000000,2017-10,1,0
452923,2016-01-29,1,22.74000000,2016-01,1,0
452924,2018-09-13,1,8898.47000000,2018-09,1,0
453171,2018-01-02,1,986.00000000,2018-01,1,0
453255,2017-02-25,3,4511.48000000,2017-02,1,1
453380,2018-12-31,2,11646.77000000,2018-12,1,0
453522,2018-08-15,1,1013.98000000,2018-08,1,0
453602,2019-12-07,1,1881.00000000,2019-12,1,0
453872,2016-05-11,2,14979.95000000,2016-05,1,0
453993,2016-05-07,3,499.99000000,2016-05,1,0
454115,2018-12-25,1,544.00000000,2018-12,1,0
454125,2019-12-21,1,1145.00000000,2019-12,1,0
454192,2017-08-05,4,4538.32000000,2017-08,1,0
45436,2017-05-25,3,1026.46000000,2017-05,1,0
454548,2017-04-29,3,2525.90000000,2017-04,1,0
454774,2017-12-22,6,14814.67000000,2017-12,1,1
454833,2019-10-10,1,629.00000000,2019-10,1,0
454932,2017-06-17,5,9900.80000000,2017-06,1,0
455244,2017-09-20,1,173.64000000,2017-09,1,0
455761,2018-11-10,1,20.64000000,2018-11,1,0
456029,2018-02-23,2,1136.00000000,2018-02,1,0
456306,2016-08-12,5,16303.29000000,2016-08,1,0
456691,2017-01-04,2,1412.94000000,2017-01,1,0
456932,2019-05-12,1,880.00000000,2019-05,1,0
456958,2019-02-04,2,3139.99000000,2019-02,1,0
457019,2018-12-01,1,627.95000000,2018-12,1,0
457248,2019-05-30,1,1270.00000000,2019-05,1,0
45781,2018-06-21,1,6.89000000,2018-06,1,0
457830,2018-06-12,1,877.80000000,2018-06,1,0
457860,2018-08-09,2,1278.94000000,2018-08,1,0
458021,2018-02-17,3,16412.92000000,2018-02,1,0
458042,2020-01-09,1,1751.45000000,2020-01,1,0
458104,2017-01-19,1,1295.00000000,2017-01,1,0
45814,2021-02-10,1,2687.97000000,2021-02,0,0
458315,2016-09-03,2,785.25000000,2016-09,1,0
458548,2018-05-31,5,17483.83000000,2018-05,1,0
458601,2018-09-19,3,1848.96000000,2018-09,1,0
458731,2017-06-13,5,9366.89000000,2017-06,1,0
459096,2017-06-14,2,1318.98000000,2017-06,1,0
459273,2016-03-12,4,3781.99000000,2016-03,1,0
459343,2019-03-04,1,969.79000000,2019-03,1,0
459499,2016-08-11,1,659.30000000,2016-08,1,0
459544,2018-12-20,1,6914.37000000,2018-12,1,0
459567,2017-11-07,1,296.00000000,2017-11,1,0
459637,2020-11-10,1,1495.00000000,2020-11,1,0
459811,2018-06-14,1,4551.94000000,2018-06,1,0
459891,2017-02-05,2,3059.94000000,2017-02,1,0
459919,2019-01-07,1,1825.80000000,2019-01,1,0
459996,2017-05-20,1,438.00000000,2017-05,1,0
460245,2018-09-13,4,1804.24000000,2018-09,1,0
460587,2016-01-08,1,1796.40000000,2016-01,1,0
460687,2017-11-25,3,7969.86000000,2017-11,1,1
460999,2019-06-29,2,2788.65000000,2019-06,1,1
461163,2017-04-28,2,1649.72000000,2017-04,1,0
461221,2018-09-25,1,690.00000000,2018-09,1,0
46155,2020-12-31,1,62.00000000,2020-12,0,0
461700,2016-08-23,2,4948.32000000,2016-08,1,0
461824,2016-11-26,2,3969.00000000,2016-11,1,0
461853,2016-10-18,2,2265.18000000,2016-10,1,0
461982,2016-12-21,8,21502.52000000,2016-12,1,0
462142,2018-12-12,1,841.97000000,2018-12,1,0
462438,2017-11-08,4,4025.55000000,2017-11,1,0
463039,2017-12-07,1,1273.49000000,2017-12,1,0
463114,2018-12-18,4,7556.84000000,2018-12,1,1
463190,2020-06-26,1,219.90000000,2020-06,1,0
463334,2020-02-07,2,5410.80000000,2020-02,1,0
463529,2019-10-09,2,2505.24000000,2019-10,1,0
463657,2019-03-02,2,2085.54000000,2019-03,1,0
463947,2016-02-23,1,287.88000000,2016-02,1,0
464491,2018-01-10,1,510.00000000,2018-01,1,0
464989,2019-11-09,1,62.89000000,2019-11,1,0
465245,2016-12-31,1,1179.90000000,2016-12,1,0
465435,2018-11-03,1,3451.25000000,2018-11,1,0
465854,2017-01-01,3,5051.73000000,2017-01,1,0
466143,2017-08-10,2,8158.49000000,2017-08,1,0
466299,2020-09-23,1,2068.93000000,2020-09,1,0
466300,2017-11-18,2,6436.76000000,2017-11,1,0
466301,2018-01-11,1,5092.00000000,2018-01,1,0
466309,2019-05-08,1,2938.00000000,2019-05,1,0
466333,2018-05-16,2,4823.90000000,2018-05,1,0
466363,2017-01-05,2,6734.70000000,2017-01,1,0
466634,2018-11-23,2,3723.30000000,2018-11,1,0
466813,2016-08-30,2,7913.83000000,2016-08,1,0
466912,2018-08-09,2,4674.46000000,2018-08,1,0
467049,2016-12-02,2,6875.93000000,2016-12,1,0
467069,2019-05-10,2,2138.33000000,2019-05,1,0
467182,2018-07-10,4,6124.24000000,2018-07,1,0
467252,2019-11-21,1,3509.45000000,2019-11,1,0
467699,2020-07-09,1,2831.93000000,2020-07,1,0
467742,2016-05-04,3,2992.86000000,2016-05,1,0
467801,2018-11-02,1,1608.16000000,2018-11,1,0
467886,2016-05-28,2,3902.58000000,2016-05,1,0
468046,2018-05-21,1,1394.00000000,2018-05,1,0
468124,2018-12-29,1,2995.00000000,2018-12,1,0
468359,2018-05-24,2,3324.94000000,2018-05,1,0
468466,2019-05-04,1,715.97000000,2019-05,1,0
468899,2020-01-25,1,3388.70000000,2020-01,1,0
468948,2018-09-24,3,2247.43000000,2018-09,1,0
46917,2016-11-15,1,313.99000000,2016-11,1,0
469225,2016-05-13,4,2154.39000000,2016-05,1,0
469440,2017-08-19,4,6832.82000000,2017-08,1,0
469741,2016-06-18,5,10976.55000000,2016-06,1,1
469786,2019-02-27,3,562.49000000,2019-02,1,0
469815,2020-01-16,1,34.95000000,2020-01,1,0
46996,2016-09-23,1,29.97000000,2016-09,1,0
470064,2019-06-24,1,2479.59000000,2019-06,1,0
470376,2017-12-29,2,1033.07000000,2017-12,1,0
470428,2020-02-17,1,119.00000000,2020-02,1,0
470470,2018-06-29,4,6015.65000000,2018-06,1,0
470757,2019-06-20,1,888.00000000,2019-06,1,0
470965,2017-05-09,3,8914.17000000,2017-05,1,0
471223,2016-02-13,3,10879.14000000,2016-02,1,0
471236,2016-10-05,1,1335.00000000,2016-10,1,0
471557,2019-03-02,1,699.93000000,2019-03,1,0
471635,2016-09-09,1,1847.92000000,2016-09,1,0
471681,2016-09-22,3,8896.50000000,2016-09,1,0
471768,2018-10-06,2,3630.93000000,2018-10,1,0
472362,2017-03-01,4,9439.75000000,2017-03,1,0
472719,2017-09-16,1,257.50000000,2017-09,1,0
472797,2019-09-16,2,4295.86000000,2019-09,1,0
473267,2019-10-18,1,309.95000000,2019-10,1,0
473349,2018-04-25,1,121.65000000,2018-04,1,0
473476,2019-01-19,1,4899.63000000,2019-01,1,0
473645,2018-12-21,2,1945.64000000,2018-12,1,0
473689,2016-02-24,2,15918.49000000,2016-02,1,0
473791,2019-07-16,1,3153.00000000,2019-07,1,0
473913,2019-07-04,1,34.98000000,2019-07,1,0
474309,2016-02-09,3,20450.78000000,2016-02,1,0
474678,2020-02-22,1,2343.48000000,2020-02,1,0
474789,2016-09-02,2,5088.90000000,2016-09,1,0
475009,2016-12-07,1,2783.60000000,2016-12,1,0
475071,2016-03-08,1,843.72000000,2016-03,1,0
475105,2018-12-26,2,15906.90000000,2018-12,1,0
47518,2018-05-31,1,2745.64000000,2018-05,1,0
475180,2018-09-18,1,1034.76000000,2018-09,1,0
475485,2018-02-22,4,8239.39000000,2018-02,1,0
475534,2018-12-26,2,2244.78000000,2018-12,1,0
475574,2019-06-27,1,3148.00000000,2019-06,1,0
475710,2017-02-11,2,562.52000000,2017-02,1,0
475779,2019-09-30,1,156.00000000,2019-09,1,0
475786,2016-08-06,1,131.84000000,2016-08,1,0
476114,2020-02-27,1,2899.90000000,2020-02,1,0
476275,2019-01-31,2,22352.79000000,2019-01,1,0
476418,2018-12-19,1,319.98000000,2018-12,1,0
476425,2018-12-17,1,804.00000000,2018-12,1,0
476441,2019-03-02,2,2828.49000000,2019-03,1,0
477258,2016-10-21,2,2878.33000000,2016-10,1,0
477328,2018-01-31,3,5260.38000000,2018-01,1,0
477389,2016-09-06,2,2125.83000000,2016-09,1,0
477437,2018-09-17,1,2569.09000000,2018-09,1,0
477948,2019-01-07,1,676.00000000,2019-01,1,0
478136,2020-07-17,1,1535.87000000,2020-07,1,0
478298,2017-02-03,8,22340.07000000,2017-02,1,0
478492,2017-06-10,3,5753.33000000,2017-06,1,0
478554,2018-10-18,1,3154.62000000,2018-10,1,0
478557,2018-02-14,4,916.20000000,2018-02,1,0
478628,2019-06-22,1,163.14000000,2019-06,1,0
478863,2018-12-22,4,7661.33000000,2018-12,1,0
478977,2018-03-12,4,24962.43000000,2018-03,1,0
479309,2020-02-23,1,64.00000000,2020-02,1,0
479447,2018-12-15,2,18117.90000000,2018-12,1,0
479605,2017-10-14,1,637.96000000,2017-10,1,0
479678,2018-02-01,2,22113.67000000,2018-02,1,0
480132,2017-08-16,2,3069.93000000,2017-08,1,0
480202,2016-12-20,3,4044.96000000,2016-12,1,1
480220,2018-11-08,4,8735.30000000,2018-11,1,0
480505,2018-02-02,3,1192.00000000,2018-02,1,0
480516,2018-02-24,2,3578.09000000,2018-02,1,0
480550,2019-12-05,3,7605.62000000,2019-12,1,0
480659,2019-12-28,1,2469.46000000,2019-12,1,0
480894,2018-07-21,2,1613.87000000,2018-07,1,0
481077,2016-02-20,3,3128.51000000,2016-02,1,0
481104,2017-02-22,1,1178.00000000,2017-02,1,0
481327,2018-01-09,1,651.89000000,2018-01,1,0
481506,2018-11-02,2,1088.55000000,2018-11,1,1
482108,2016-12-24,1,20615.59000000,2016-12,1,0
482180,2017-01-17,1,232.00000000,2017-01,1,0
482221,2018-06-16,5,14513.16000000,2018-06,1,1
482346,2020-02-27,1,512.00000000,2020-02,1,0
482970,2018-05-31,2,867.67000000,2018-05,1,0
483118,2016-01-20,4,17863.29000000,2016-01,1,0
483702,2019-02-05,2,151.10000000,2019-02,1,0
48383,2021-01-13,1,611.52000000,2021-01,0,0
484181,2018-12-28,3,926.92000000,2018-12,1,0
484299,2017-05-06,1,10599.77000000,2017-05,1,0
484430,2017-09-16,3,3244.02000000,2017-09,1,0
484432,2016-09-06,2,7351.32000000,2016-09,1,0
48466,2018-12-12,3,6746.09000000,2018-12,1,1
484719,2019-01-05,1,4068.00000000,2019-01,1,0
484984,2016-08-12,2,2676.79000000,2016-08,1,0
485209,2019-11-05,2,10394.47000000,2019-11,1,0
485285,2016-12-24,2,6168.89000000,2016-12,1,0
485784,2019-03-09,1,2308.95000000,2019-03,1,0
485835,2020-11-10,1,4716.83000000,2020-11,1,0
485922,2016-04-28,4,6072.17000000,2016-04,1,0
486020,2016-11-25,3,8100.71000000,2016-11,1,0
486512,2016-08-29,3,12653.88000000,2016-08,1,0
486542,2016-12-24,5,6796.82000000,2016-12,1,0
486573,2019-12-25,1,2798.98000000,2019-12,1,0
486934,2018-10-17,3,10501.78000000,2018-10,1,0
487107,2018-12-15,2,3123.48000000,2018-12,1,1
48733,2018-09-01,1,3753.76000000,2018-09,1,0
487419,2019-12-14,1,262.88000000,2019-12,1,0
487568,2016-10-22,1,198.90000000,2016-10,1,0
488029,2018-11-30,3,2726.52000000,2018-11,1,0
488057,2017-10-21,2,1735.39000000,2017-10,1,0
488381,2018-09-13,1,2476.00000000,2018-09,1,0
488989,2019-12-14,1,559.98000000,2019-12,1,0
489146,2018-05-02,2,6879.93000000,2018-05,1,0
489501,2018-07-28,5,7390.74000000,2018-07,1,1
489742,2019-12-26,2,5137.00000000,2019-12,1,0
489744,2017-01-25,4,2063.89000000,2017-01,1,0
489830,2019-07-13,1,1413.90000000,2019-07,1,0
490481,2016-02-10,2,13069.16000000,2016-02,1,0
490731,2017-03-09,3,2108.20000000,2017-03,1,0
490850,2017-03-09,2,9128.90000000,2017-03,1,0
490933,2019-12-25,1,2441.97000000,2019-12,1,0
491084,2018-07-04,2,511.00000000,2018-07,1,0
491106,2019-02-09,2,6092.78000000,2019-02,1,0
491167,2020-02-26,2,3537.67000000,2020-02,1,0
491289,2019-05-04,1,393.50000000,2019-05,1,0
491488,2019-03-09,3,7696.33000000,2019-03,1,0
491529,2019-01-30,2,1641.92000000,2019-01,1,0
491918,2020-06-08,1,1565.50000000,2020-06,1,0
492040,2018-05-14,2,3374.16000000,2018-05,1,0
492147,2018-02-17,2,2908.86000000,2018-02,1,0
492206,2019-02-22,3,1399.20000000,2019-02,1,0
492768,2017-07-26,1,3769.25000000,2017-07,1,0
492898,2017-07-15,4,1027.55000000,2017-07,1,0
493090,2016-07-18,2,438.89000000,2016-07,1,0
493252,2018-12-30,3,7943.65000000,2018-12,1,0
493374,2017-01-14,4,18000.27000000,2017-01,1,0
493378,2017-11-11,5,6571.54000000,2017-11,1,0
493610,2018-10-13,2,3764.82000000,2018-10,1,0
49400,2019-11-15,2,2062.38000000,2019-11,1,0
494009,2019-02-20,2,777.93000000,2019-02,1,0
494032,2017-10-31,1,644.99000000,2017-10,1,0
494192,2018-05-07,3,13698.88000000,2018-05,1,0
494291,2017-05-03,3,15260.14000000,2017-05,1,0
494417,2019-09-18,1,5965.89000000,2019-09,1,0
494464,2017-08-09,2,6383.96000000,2017-08,1,0
494472,2017-09-30,2,4363.32000000,2017-09,1,0
494519,2018-06-21,2,193.81000000,2018-06,1,0
494890,2018-05-31,1,4551.28000000,2018-05,1,0
495181,2018-07-10,4,15926.39000000,2018-07,1,0
495703,2018-10-03,2,3219.13000000,2018-10,1,0
495894,2016-02-08,3,5103.80000000,2016-02,1,0
496016,2018-10-10,1,5271.00000000,2018-10,1,0
49606,2016-08-30,1,1198.00000000,2016-08,1,0
496095,2016-06-02,4,15285.73000000,2016-06,1,0
496351,2019-09-14,1,1240.55000000,2019-09,1,0
496836,2019-11-30,1,592.00000000,2019-11,1,0
496867,2017-09-25,4,7393.43000000,2017-09,1,0
497316,2018-01-17,3,1931.94000000,2018-01,1,0
497370,2018-12-29,3,6298.64000000,2018-12,1,0
497679,2016-11-23,3,4126.25000000,2016-11,1,0
49776,2018-10-11,2,5856.00000000,2018-10,1,0
497789,2017-12-21,2,29469.63000000,2017-12,1,0
497839,2016-12-13,6,18991.66000000,2016-12,1,0
497899,2017-09-26,1,302.00000000,2017-09,1,0
498323,2019-02-23,2,1349.50000000,2019-02,1,0
498401,2018-06-07,3,1591.77000000,2018-06,1,0
498432,2020-01-01,1,3219.99000000,2020-01,1,0
498582,2016-06-06,2,1455.22000000,2016-06,1,0
499126,2019-09-26,1,714.87000000,2019-09,1,0
49950,2019-08-21,1,7963.99000000,2019-08,1,0
499646,2019-06-19,4,10183.98000000,2019-06,1,1
500029,2018-12-28,2,3649.25000000,2018-12,1,0
500144,2020-08-28,1,608.70000000,2020-08,1,0
500164,2019-12-31,1,1857.00000000,2019-12,1,0
500257,2020-02-25,1,897.00000000,2020-02,1,0
500289,2020-06-18,1,226.40000000,2020-06,1,0
500332,2016-02-23,5,15334.40000000,2016-02,1,0
500639,2017-12-11,1,71.98000000,2017-12,1,0
500746,2018-11-23,3,5343.60000000,2018-11,1,0
50075,2016-06-22,1,2272.85000000,2016-06,1,0
501029,2016-06-22,4,9521.97000000,2016-06,1,0
501047,2019-01-14,2,5303.08000000,2019-01,1,1
501361,2018-08-22,4,12141.37000000,2018-08,1,0
501427,2018-10-12,1,1097.98000000,2018-10,1,0
501476,2017-09-08,5,11069.89000000,2017-09,1,0
501602,2018-08-25,1,893.90000000,2018-08,1,0
501700,2020-01-08,1,1290.60000000,2020-01,1,0
501902,2019-01-15,2,3431.13000000,2019-01,1,0
501912,2016-08-16,3,1135.96000000,2016-08,1,0
502406,2017-12-20,4,5350.26000000,2017-12,1,0
502452,2017-11-20,2,5090.97000000,2017-11,1,0
502517,2018-11-17,3,2376.93000000,2018-11,1,1
502758,2018-09-24,2,8399.14000000,2018-09,1,0
502900,2019-04-29,1,155.98000000,2019-04,1,0
503444,2016-05-21,3,3760.22000000,2016-05,1,0
503496,2020-02-13,1,591.93000000,2020-02,1,0
503508,2017-09-21,2,11981.10000000,2017-09,1,0
503562,2018-08-09,3,5339.44000000,2018-08,1,0
503667,2020-07-22,1,80.44000000,2020-07,1,0
503734,2018-02-15,1,6065.99000000,2018-02,1,0
503788,2018-12-14,4,2963.81000000,2018-12,1,1
503789,2020-01-31,1,289.40000000,2020-01,1,0
503817,2020-01-04,1,484.98000000,2020-01,1,0
504047,2018-11-21,1,44.97000000,2018-11,1,0
504278,2020-01-23,1,142.32000000,2020-01,1,0
504386,2017-07-14,2,3996.56000000,2017-07,1,0
504517,2019-02-27,4,3202.23000000,2019-02,1,0
504828,2018-05-01,4,5204.89000000,2018-05,1,0
504949,2017-11-30,1,240.00000000,2017-11,1,0
504968,2016-05-06,6,13316.42000000,2016-05,1,0
505034,2019-05-03,1,5866.91000000,2019-05,1,0
505288,2016-07-29,3,5213.98000000,2016-07,1,0
505458,2020-01-02,1,837.87000000,2020-01,1,0
505476,2019-05-18,2,1880.97000000,2019-05,1,0
505485,2016-12-27,4,20954.69000000,2016-12,1,0
505656,2017-12-18,1,9924.99000000,2017-12,1,0
505731,2016-09-10,1,930.00000000,2016-09,1,0
506178,2018-06-12,1,158.96000000,2018-06,1,0
506283,2016-09-30,3,4455.77000000,2016-09,1,0
506422,2017-12-26,2,3576.80000000,2017-12,1,0
506507,2017-08-05,2,1200.90000000,2017-08,1,0
506515,2018-12-20,4,4855.52000000,2018-12,1,1
50681,2016-06-25,1,624.00000000,2016-06,1,0
507168,2018-05-02,1,215.00000000,2018-05,1,0
507298,2017-11-29,2,4276.82000000,2017-11,1,0
507358,2017-07-24,4,19430.78000000,2017-07,1,0
50741,2017-08-12,1,25.32000000,2017-08,1,0
507454,2019-02-22,1,18030.86000000,2019-02,1,0
507581,2018-01-02,2,559.97000000,2018-01,1,0
507938,2016-07-15,3,6424.59000000,2016-07,1,0
507981,2016-01-02,1,299.23000000,2016-01,1,0
508025,2019-10-11,1,2505.25000000,2019-10,1,0
508168,2019-11-01,2,688.68000000,2019-11,1,1
508448,2020-10-22,1,600.00000000,2020-10,1,0
508885,2019-03-16,3,8096.92000000,2019-03,1,0
509010,2019-07-24,1,1948.77000000,2019-07,1,0
509138,2016-12-17,2,3563.07000000,2016-12,1,0
509248,2017-08-19,3,11538.36000000,2017-08,1,0
509357,2016-05-25,3,2175.86000000,2016-05,1,0
509680,2018-05-28,3,5235.64000000,2018-05,1,1
5097,2016-01-05,1,43.14000000,2016-01,1,0
509827,2019-12-25,1,2054.38000000,2019-12,1,0
509948,2018-01-18,2,3463.18000000,2018-01,1,0
510011,2020-01-04,1,2066.95000000,2020-01,1,0
510088,2016-02-29,4,2427.23000000,2016-02,1,0
510491,2018-05-31,2,2820.57000000,2018-05,1,0
510614,2019-07-10,1,3403.86000000,2019-07,1,0
510759,2018-05-29,2,2050.68000000,2018-05,1,1
511037,2019-02-25,1,4366.87000000,2019-02,1,0
511229,2018-10-18,2,496.99000000,2018-10,1,0
511230,2019-07-03,1,327.97000000,2019-07,1,0
511301,2019-12-28,1,963.52000000,2019-12,1,0
511426,2018-01-19,1,2392.80000000,2018-01,1,0
511497,2016-06-09,1,2891.68000000,2016-06,1,0
511649,2019-10-23,1,664.00000000,2019-10,1,0
51172,2018-09-04,2,1253.00000000,2018-09,1,0
512276,2017-11-23,3,4811.88000000,2017-11,1,0
512312,2016-04-27,4,3391.98000000,2016-04,1,1
512415,2018-09-19,2,2897.00000000,2018-09,1,0
512630,2018-12-14,3,4096.75000000,2018-12,1,0
512757,2019-11-23,1,579.00000000,2019-11,1,0
513130,2020-01-13,1,8230.95000000,2020-01,1,0
51314,2019-02-20,2,9649.83000000,2019-02,1,1
513256,2018-05-03,1,4257.39000000,2018-05,1,0
513301,2016-10-12,2,6725.58000000,2016-10,1,0
513320,2018-07-14,1,290.89000000,2018-07,1,0
513424,2018-12-21,3,8685.49000000,2018-12,1,0
513426,2020-01-21,1,2310.65000000,2020-01,1,0
513501,2018-11-07,2,8136.00000000,2018-11,1,0
513548,2019-10-15,2,411.40000000,2019-10,1,1
514015,2019-01-02,2,11618.64000000,2019-01,1,0
514089,2019-01-09,1,2362.67000000,2019-01,1,0
514111,2019-07-02,1,382.95000000,2019-07,1,0
514299,2019-03-04,2,3305.48000000,2019-03,1,0
514540,2018-11-21,2,4315.10000000,2018-11,1,0
515050,2018-12-29,2,11021.49000000,2018-12,1,0
515527,2017-02-16,2,2181.95000000,2017-02,1,0
516226,2018-12-12,2,413.96000000,2018-12,1,1
516324,2016-12-20,3,1425.76000000,2016-12,1,0
516663,2016-02-11,5,6921.03000000,2016-02,1,0
516858,2019-01-02,1,563.90000000,2019-01,1,0
516944,2017-09-23,2,312.68000000,2017-09,1,0
517158,2019-01-03,1,419.97000000,2019-01,1,0
51718,2019-09-05,1,3299.99000000,2019-09,1,0
517515,2020-02-20,1,598.00000000,2020-02,1,0
517556,2016-02-27,4,13094.74000000,2016-02,1,0
517558,2016-06-27,3,2058.93000000,2016-06,1,0
517561,2016-07-07,3,2730.94000000,2016-07,1,0
517822,2019-12-21,1,1268.94000000,2019-12,1,0
517972,2018-11-22,1,4173.43000000,2018-11,1,0
517979,2017-03-06,4,3582.05000000,2017-03,1,0
518368,2016-05-18,2,17573.58000000,2016-05,1,0
519237,2017-12-27,1,5032.99000000,2017-12,1,0
519361,2018-09-12,2,5246.75000000,2018-09,1,0
519438,2019-01-13,4,3951.21000000,2019-01,1,0
519586,2016-07-08,4,19564.18000000,2016-07,1,0
519679,2017-02-06,1,259.80000000,2017-02,1,0
519726,2019-05-03,1,84.45000000,2019-05,1,0
519936,2017-09-16,1,1454.00000000,2017-09,1,0
520709,2019-05-28,1,2277.64000000,2019-05,1,0
520831,2018-08-08,1,807.23000000,2018-08,1,0
520991,2016-12-27,3,738.00000000,2016-12,1,0
521070,2019-10-05,1,2257.85000000,2019-10,1,0
521492,2019-02-04,3,27534.88000000,2019-02,1,0
521700,2018-12-19,2,1359.94000000,2018-12,1,0
521809,2019-12-27,1,2817.99000000,2019-12,1,0
522159,2018-07-19,3,6119.43000000,2018-07,1,0
522323,2019-11-26,1,759.73000000,2019-11,1,0
522334,2016-12-02,4,6174.78000000,2016-12,1,0
522474,2020-05-12,1,3802.23000000,2020-05,1,0
522503,2020-03-12,1,494.99000000,2020-03,1,0
522542,2018-08-10,1,181.00000000,2018-08,1,0
522564,2019-01-26,5,8286.36000000,2019-01,1,1
522581,2017-10-07,1,2406.89000000,2017-10,1,0
522615,2017-11-18,2,1710.11000000,2017-11,1,0
522652,2016-01-21,2,18278.06000000,2016-01,1,0
522798,2021-02-18,1,269.90000000,2021-02,0,0
522806,2018-01-05,10,17522.04000000,2018-01,1,0
522923,2018-12-12,1,1208.99000000,2018-12,1,0
522945,2019-09-02,3,4182.97000000,2019-09,1,1
522979,2016-12-10,4,8305.49000000,2016-12,1,0
523197,2018-03-08,2,4150.39000000,2018-03,1,0
523379,2019-09-18,3,797.75000000,2019-09,1,1
523604,2019-01-11,2,10797.94000000,2019-01,1,0
523615,2018-07-24,2,3127.94000000,2018-07,1,0
524021,2016-12-28,4,1529.01000000,2016-12,1,0
524042,2017-08-05,2,1031.16000000,2017-08,1,0
524077,2019-07-20,1,1671.00000000,2019-07,1,0
524438,2019-06-15,1,7936.90000000,2019-06,1,0
524697,2016-05-21,5,7790.82000000,2016-05,1,0
524848,2017-12-20,3,6402.04000000,2017-12,1,0
524890,2018-03-01,2,1188.90000000,2018-03,1,0
524920,2017-01-07,3,4706.00000000,2017-01,1,0
525178,2018-12-05,1,1795.38000000,2018-12,1,0
525298,2017-02-16,3,4679.34000000,2017-02,1,0
52536,2018-11-09,1,768.96000000,2018-11,1,0
525719,2017-01-23,2,1659.55000000,2017-01,1,0
525739,2019-05-16,3,26161.17000000,2019-05,1,0
525835,2017-02-25,1,2815.50000000,2017-02,1,0
526078,2019-12-21,3,646.98000000,2019-12,1,1
526164,2016-09-22,3,1471.93000000,2016-09,1,0
526271,2016-07-05,4,11717.67000000,2016-07,1,0
526411,2016-02-11,3,11324.12000000,2016-02,1,0
526582,2018-10-20,1,7336.97000000,2018-10,1,0
526851,2018-05-11,4,8535.19000000,2018-05,1,0
52694,2018-08-08,1,4761.57000000,2018-08,1,0
527183,2016-12-19,4,9441.76000000,2016-12,1,0
527329,2018-08-25,2,4347.68000000,2018-08,1,0
527409,2016-01-07,2,6126.47000000,2016-01,1,0
527421,2018-03-10,4,4667.13000000,2018-03,1,0
527547,2016-11-03,1,2520.00000000,2016-11,1,0
527586,2018-10-16,3,5253.87000000,2018-10,1,1
527697,2016-08-10,3,3939.49000000,2016-08,1,0
527886,2018-11-17,1,67.40000000,2018-11,1,0
527912,2018-02-27,2,11604.99000000,2018-02,1,0
528022,2017-08-10,4,6024.53000000,2017-08,1,0
528140,2019-03-13,2,2278.92000000,2019-03,1,1
528147,2017-02-22,1,2100.00000000,2017-02,1,0
528361,2017-12-25,3,5697.97000000,2017-12,1,0
528376,2016-11-16,6,21081.68000000,2016-11,1,0
528629,2018-10-30,2,250.35000000,2018-10,1,0
528765,2018-12-04,3,3080.00000000,2018-12,1,0
528793,2020-06-25,1,4616.85000000,2020-06,1,0
529156,2019-08-17,1,1185.99000000,2019-08,1,0
529180,2020-01-03,2,8291.78000000,2020-01,1,1
529316,2019-10-21,1,311.95000000,2019-10,1,0
529509,2017-07-01,2,8229.00000000,2017-07,1,0
529702,2019-05-28,1,55.76000000,2019-05,1,0
529779,2018-11-19,1,15711.90000000,2018-11,1,0
529903,2016-10-19,5,18328.32000000,2016-10,1,0
530451,2016-01-28,4,16858.44000000,2016-01,1,0
530536,2019-12-30,1,277.99000000,2019-12,1,0
530592,2016-11-25,1,7066.98000000,2016-11,1,0
530618,2018-06-04,3,5899.13000000,2018-06,1,0
531153,2019-10-24,1,5454.95000000,2019-10,1,0
531198,2017-09-16,2,333.96000000,2017-09,1,0
531478,2018-06-30,2,15183.51000000,2018-06,1,0
532138,2017-07-18,2,926.97000000,2017-07,1,0
532184,2019-06-15,3,4506.90000000,2019-06,1,1
532320,2019-08-24,2,2018.90000000,2019-08,1,0
532533,2018-10-13,2,779.00000000,2018-10,1,0
532684,2019-09-17,3,3216.50000000,2019-09,1,1
532701,2019-02-21,2,11608.80000000,2019-02,1,0
532793,2017-07-08,3,9813.56000000,2017-07,1,0
53318,2017-02-22,1,2149.98000000,2017-02,1,0
533358,2017-06-24,3,20754.12000000,2017-06,1,0
533499,2019-12-20,1,198.00000000,2019-12,1,0
533705,2016-08-02,5,7108.69000000,2016-08,1,0
534048,2018-06-28,2,1792.94000000,2018-06,1,0
534614,2019-05-08,1,879.80000000,2019-05,1,0
534885,2019-11-19,1,299.98000000,2019-11,1,0
535159,2018-07-28,2,6773.13000000,2018-07,1,1
535180,2019-03-12,1,677.92000000,2019-03,1,0
535359,2018-09-29,2,3386.79000000,2018-09,1,0
535370,2017-03-16,3,2555.72000000,2017-03,1,0
535496,2016-12-24,3,41521.53000000,2016-12,1,0
535607,2016-08-13,1,697.94000000,2016-08,1,0
535791,2019-02-20,2,2185.00000000,2019-02,1,1
536119,2018-07-12,2,2836.77000000,2018-07,1,0
536215,2016-11-21,1,109.00000000,2016-11,1,0
536221,2017-06-03,1,1704.99000000,2017-06,1,0
536368,2016-03-04,4,8431.57000000,2016-03,1,0
536409,2019-02-22,3,5639.80000000,2019-02,1,0
536477,2020-01-01,1,765.90000000,2020-01,1,0
536845,2016-01-08,3,9882.60000000,2016-01,1,0
537045,2019-07-19,1,1045.00000000,2019-07,1,0
537277,2019-06-18,1,47.44000000,2019-06,1,0
537509,2019-01-03,3,24592.83000000,2019-01,1,0
537704,2018-09-07,2,4962.98000000,2018-09,1,0
537736,2020-05-30,1,1514.50000000,2020-05,1,0
537758,2019-07-20,2,6995.82000000,2019-07,1,0
538047,2017-12-28,2,2214.96000000,2017-12,1,0
538152,2018-02-15,4,4448.43000000,2018-02,1,0
538259,2019-10-08,1,3578.00000000,2019-10,1,0
538285,2018-11-23,1,1830.99000000,2018-11,1,0
538326,2018-10-27,1,9236.97000000,2018-10,1,0
538374,2019-06-22,1,223.00000000,2019-06,1,0
538801,2016-01-08,2,5134.92000000,2016-01,1,0
538941,2016-10-14,1,577.95000000,2016-10,1,0
539097,2018-02-12,1,115.98000000,2018-02,1,0
539150,2019-03-11,3,12979.90000000,2019-03,1,0
53920,2016-05-14,2,757.54000000,2016-05,1,0
539203,2017-07-05,1,362.00000000,2017-07,1,0
539314,2018-10-17,2,5483.29000000,2018-10,1,0
539789,2016-05-26,2,4012.49000000,2016-05,1,0
539920,2018-08-15,2,333.74000000,2018-08,1,0
540119,2018-06-19,2,4051.63000000,2018-06,1,0
540122,2018-09-15,4,5615.81000000,2018-09,1,1
540301,2019-08-21,2,3239.87000000,2019-08,1,1
540397,2019-09-18,1,598.90000000,2019-09,1,0
540609,2017-01-19,3,8736.74000000,2017-01,1,0
540791,2019-02-13,2,2168.00000000,2019-02,1,0
54089,2016-11-23,2,15182.99000000,2016-11,1,1
541128,2017-12-21,1,599.94000000,2017-12,1,0
541324,2018-05-03,2,1041.68000000,2018-05,1,0
541442,2016-04-27,2,6096.90000000,2016-04,1,0
541458,2018-12-21,4,2831.02000000,2018-12,1,0
541598,2016-01-21,4,12324.18000000,2016-01,1,0
54161,2019-06-11,1,462.00000000,2019-06,1,0
542020,2018-06-20,2,3098.00000000,2018-06,1,0
542450,2020-08-10,1,2645.67000000,2020-08,1,0
542461,2019-10-05,1,2108.98000000,2019-10,1,0
542485,2017-08-29,3,7606.62000000,2017-08,1,0
542584,2019-09-04,3,4916.47000000,2019-09,1,1
542632,2018-07-12,4,13626.10000000,2018-07,1,1
542678,2016-07-16,2,13044.92000000,2016-07,1,0
542913,2017-11-11,1,902.00000000,2017-11,1,0
542943,2019-07-15,3,6153.51000000,2019-07,1,0
543038,2017-08-04,1,3175.95000000,2017-08,1,0
543610,2016-02-26,4,5182.15000000,2016-02,1,0
543834,2017-03-01,6,17534.09000000,2017-03,1,0
544035,2016-02-18,9,8708.21000000,2016-02,1,0
544047,2018-06-05,2,651.96000000,2018-06,1,0
544127,2017-08-12,2,5986.08000000,2017-08,1,0
544134,2016-07-09,2,3117.59000000,2016-07,1,0
544176,2018-09-19,1,631.89000000,2018-09,1,0
544315,2016-07-18,3,5427.69000000,2016-07,1,0
544347,2020-12-17,1,13.90000000,2020-12,0,0
5445,2017-11-02,1,600.00000000,2017-11,1,0
544650,2020-02-20,1,1268.95000000,2020-02,1,0
544656,2017-02-22,2,2679.83000000,2017-02,1,0
544822,2016-08-18,2,623.98000000,2016-08,1,0
544830,2020-11-25,1,6293.00000000,2020-11,0,0
545287,2018-12-31,2,8008.51000000,2018-12,1,0
545755,2018-02-22,3,9591.37000000,2018-02,1,0
545764,2016-04-30,1,4132.78000000,2016-04,1,0
545914,2019-09-21,1,759.56000000,2019-09,1,0
546334,2018-05-09,3,519.85000000,2018-05,1,0
546432,2019-01-12,4,11189.83000000,2019-01,1,1
546471,2016-10-18,4,6136.07000000,2016-10,1,0
546598,2019-01-11,2,5560.89000000,2019-01,1,0
547106,2018-08-18,1,761.00000000,2018-08,1,0
547310,2019-12-17,1,2561.00000000,2019-12,1,0
547324,2019-02-27,3,5164.54000000,2019-02,1,0
547514,2016-06-24,1,258.00000000,2016-06,1,0
54752,2019-07-24,1,320.00000000,2019-07,1,0
547701,2017-12-02,2,2912.82000000,2017-12,1,0
547714,2018-03-03,1,349.00000000,2018-03,1,0
547989,2018-10-23,2,1529.58000000,2018-10,1,0
548183,2016-05-21,1,2476.00000000,2016-05,1,0
548685,2018-07-21,2,2855.26000000,2018-07,1,0
548775,2019-10-28,2,430.00000000,2019-10,1,1
548802,2017-12-23,3,3516.71000000,2017-12,1,0
549312,2018-02-03,2,1515.88000000,2018-02,1,0
549766,2016-01-25,2,3149.59000000,2016-01,1,0
549819,2016-06-01,5,8258.14000000,2016-06,1,0
54987,2018-10-23,1,2440.98000000,2018-10,1,0
549889,2019-02-21,1,4022.54000000,2019-02,1,0
549936,2016-01-22,3,4394.57000000,2016-01,1,0
549970,2016-09-16,2,2099.35000000,2016-09,1,0
549983,2016-01-15,2,24067.53000000,2016-01,1,0
550082,2019-02-05,3,13993.00000000,2019-02,1,0
550274,2019-03-09,2,2207.78000000,2019-03,1,1
55039,2018-08-16,2,4662.75000000,2018-08,1,0
550432,2019-05-10,2,1538.99000000,2019-05,1,0
550501,2020-02-08,1,2692.66000000,2020-02,1,0
55066,2019-10-10,1,4413.79000000,2019-10,1,0
550677,2017-12-26,1,1135.99000000,2017-12,1,0
550786,2019-05-07,1,852.27000000,2019-05,1,0
55084,2018-11-01,1,3498.80000000,2018-11,1,0
551006,2019-02-21,3,6682.64000000,2019-02,1,0
551036,2017-12-12,4,40556.54000000,2017-12,1,0
551331,2018-12-28,2,3711.75000000,2018-12,1,0
551501,2019-01-02,2,19581.47000000,2019-01,1,0
551508,2019-05-24,1,2077.00000000,2019-05,1,0
551706,2019-03-15,1,755.47000000,2019-03,1,0
552019,2017-09-08,3,1286.69000000,2017-09,1,1
552079,2016-10-26,2,10431.25000000,2016-10,1,0
552222,2018-08-11,1,627.93000000,2018-08,1,0
552431,2018-02-02,3,5458.97000000,2018-02,1,0
553084,2020-07-01,1,738.00000000,2020-07,1,0
553207,2017-12-22,4,8926.05000000,2017-12,1,0
553241,2018-06-28,1,129.00000000,2018-06,1,0
553365,2018-05-19,1,6185.93000000,2018-05,1,0
553840,2018-12-08,3,6436.59000000,2018-12,1,0
554,2018-01-04,2,951.71000000,2018-01,1,0
554027,2016-03-07,3,10093.90000000,2016-03,1,0
55411,2018-08-13,2,1790.48000000,2018-08,1,1
554151,2017-11-10,1,1418.00000000,2017-11,1,0
554210,2017-05-11,2,10477.87000000,2017-05,1,0
554606,2018-08-21,1,2266.91000000,2018-08,1,0
554726,2018-10-26,2,3201.94000000,2018-10,1,0
554882,2016-09-21,3,2713.50000000,2016-09,1,0
555530,2019-03-15,3,3686.13000000,2019-03,1,0
555903,2018-05-26,3,16049.39000000,2018-05,1,0
556064,2016-12-28,5,8353.79000000,2016-12,1,0
556099,2018-09-28,1,1910.85000000,2018-09,1,0
556177,2019-02-28,3,3898.63000000,2019-02,1,0
556220,2016-09-15,3,9245.79000000,2016-09,1,0
556289,2020-01-02,1,553.00000000,2020-01,1,0
556312,2019-01-25,2,5972.32000000,2019-01,1,0
556465,2016-10-18,2,2713.60000000,2016-10,1,0
556482,2017-07-19,2,1809.93000000,2017-07,1,0
556621,2020-05-26,1,2850.44000000,2020-05,1,0
556707,2016-06-04,2,6770.69000000,2016-06,1,0
556780,2017-09-23,1,1790.53000000,2017-09,1,0
556871,2018-12-18,3,2402.84000000,2018-12,1,0
557051,2019-07-17,2,13838.97000000,2019-07,1,0
557814,2017-11-09,2,3928.70000000,2017-11,1,0
557922,2018-10-31,1,1279.00000000,2018-10,1,0
558163,2016-12-27,5,9223.46000000,2016-12,1,0
558259,2016-09-21,1,275.75000000,2016-09,1,0
558387,2017-08-17,1,730.78000000,2017-08,1,0
558445,2017-09-01,3,2763.78000000,2017-09,1,0
558614,2018-02-06,2,1420.18000000,2018-02,1,1
558886,2019-11-20,1,899.70000000,2019-11,1,0
55914,2019-01-14,2,791.57000000,2019-01,1,0
559221,2016-11-17,2,2083.39000000,2016-11,1,0
559303,2019-02-14,1,474.95000000,2019-02,1,0
559320,2018-08-09,2,1107.93000000,2018-08,1,0
559585,2018-10-10,2,2244.95000000,2018-10,1,0
559822,2017-09-15,3,5517.74000000,2017-09,1,0
559829,2018-08-21,3,2149.94000000,2018-08,1,0
560505,2020-04-30,2,8591.16000000,2020-04,1,0
560662,2017-02-10,3,5441.33000000,2017-02,1,0
560714,2020-03-03,1,449.30000000,2020-03,1,0
560943,2018-12-06,1,1627.21000000,2018-12,1,0
561001,2019-05-01,1,5048.98000000,2019-05,1,0
561223,2019-08-07,1,3666.00000000,2019-08,1,0
561584,2017-12-19,3,5910.79000000,2017-12,1,0
561796,2018-12-28,1,10834.70000000,2018-12,1,0
562005,2017-01-01,1,75.97000000,2017-01,1,0
562011,2019-12-26,2,3249.44000000,2019-12,1,0
562019,2019-02-15,4,2908.33000000,2019-02,1,0
562080,2017-02-24,1,599.96000000,2017-02,1,0
562147,2019-06-04,4,10400.16000000,2019-06,1,1
562181,2018-08-29,2,1983.69000000,2018-08,1,0
562418,2021-02-13,1,817.95000000,2021-02,0,0
563205,2019-02-21,2,1068.00000000,2019-02,1,1
563344,2017-01-14,2,6483.33000000,2017-01,1,0
563427,2017-10-27,3,12831.65000000,2017-10,1,0
564024,2018-12-08,3,3894.28000000,2018-12,1,1
564321,2018-09-08,2,6661.91000000,2018-09,1,0
564341,2019-03-12,1,17977.56000000,2019-03,1,0
564676,2019-02-04,4,9183.83000000,2019-02,1,1
564709,2019-03-05,4,2619.98000000,2019-03,1,0
564970,2018-08-21,2,1336.06000000,2018-08,1,0
565369,2017-06-17,5,20956.24000000,2017-06,1,0
565489,2017-12-13,3,8270.64000000,2017-12,1,0
565589,2017-12-06,1,4337.68000000,2017-12,1,0
565683,2018-04-28,2,1352.84000000,2018-04,1,0
565690,2019-11-30,2,1609.58000000,2019-11,1,1
565707,2019-01-07,3,1895.21000000,2019-01,1,1
565776,2018-08-04,5,10019.40000000,2018-08,1,1
565827,2017-12-14,2,3800.24000000,2017-12,1,0
566172,2018-02-17,2,1261.20000000,2018-02,1,1
566319,2017-12-02,2,2153.40000000,2017-12,1,0
566465,2018-12-21,2,5839.18000000,2018-12,1,0
566538,2020-01-03,1,3685.60000000,2020-01,1,0
566552,2019-02-20,1,293.00000000,2019-02,1,0
566856,2019-11-27,1,687.95000000,2019-11,1,0
567032,2019-09-25,4,9944.39000000,2019-09,1,1
567059,2018-08-26,3,3995.33000000,2018-08,1,0
567076,2017-12-30,3,4822.90000000,2017-12,1,0
567108,2017-09-20,2,1068.41000000,2017-09,1,1
567521,2017-12-29,3,7410.71000000,2017-12,1,0
56791,2018-11-03,1,841.97000000,2018-11,1,0
567932,2016-08-17,5,18069.61000000,2016-08,1,0
567953,2019-12-15,1,1563.95000000,2019-12,1,0
568043,2019-07-30,1,26.10000000,2019-07,1,0
568160,2016-01-18,2,3201.92000000,2016-01,1,0
568333,2018-05-17,2,257.92000000,2018-05,1,0
56834,2020-05-13,1,25.69000000,2020-05,1,0
568959,2019-10-07,1,708.96000000,2019-10,1,0
569079,2016-05-25,2,5753.00000000,2016-05,1,0
569256,2020-01-08,1,1164.00000000,2020-01,1,0
569283,2019-01-05,1,3474.06000000,2019-01,1,0
569695,2016-12-01,1,1358.00000000,2016-12,1,0
569853,2018-02-27,2,26255.85000000,2018-02,1,0
569989,2019-06-03,1,903.00000000,2019-06,1,0
56999,2019-02-01,1,854.79000000,2019-02,1,0
570046,2018-12-29,2,3709.87000000,2018-12,1,0
570146,2017-09-20,1,1020.00000000,2017-09,1,0
570476,2017-10-17,3,10606.91000000,2017-10,1,0
570530,2019-02-09,2,2653.00000000,2019-02,1,1
570710,2017-01-04,1,1199.97000000,2017-01,1,0
570797,2018-08-29,1,9093.00000000,2018-08,1,0
570994,2016-07-22,1,1074.00000000,2016-07,1,0
571117,2019-11-18,1,8984.00000000,2019-11,1,0
571187,2018-11-09,3,5992.86000000,2018-11,1,1
571339,2018-11-01,4,8201.41000000,2018-11,1,0
571454,2018-06-16,2,1822.98000000,2018-06,1,0
571622,2016-01-04,5,7062.52000000,2016-01,1,0
571853,2019-12-23,2,1102.93000000,2019-12,1,0
572163,2017-07-22,1,6437.55000000,2017-07,1,0
572339,2018-09-03,1,1500.00000000,2018-09,1,0
572803,2017-05-15,1,1993.98000000,2017-05,1,0
572998,2019-08-24,1,2794.94000000,2019-08,1,0
57307,2019-11-29,1,966.70000000,2019-11,1,0
573465,2016-05-04,2,328.47000000,2016-05,1,0
57374,2019-05-21,1,1800.00000000,2019-05,1,0
573969,2017-06-29,1,718.80000000,2017-06,1,0
574056,2019-12-05,1,43.56000000,2019-12,1,0
574104,2018-10-12,1,1001.94000000,2018-10,1,0
574109,2019-05-10,1,1665.79000000,2019-05,1,0
574327,2017-01-07,10,16379.02000000,2017-01,1,1
574408,2016-12-06,1,1757.00000000,2016-12,1,0
574445,2019-08-21,2,4112.71000000,2019-08,1,0
574566,2018-08-08,4,3268.90000000,2018-08,1,0
574579,2017-03-03,1,230.90000000,2017-03,1,0
574956,2016-02-18,1,99.56000000,2016-02,1,0
574975,2016-12-10,2,1390.55000000,2016-12,1,0
575184,2018-06-29,2,966.73000000,2018-06,1,0
575230,2020-10-24,1,2377.40000000,2020-10,1,0
575362,2017-02-23,2,5730.68000000,2017-02,1,0
575507,2018-11-24,4,2160.37000000,2018-11,1,1
576875,2016-06-04,5,11113.91000000,2016-06,1,0
576913,2019-01-07,1,13.40000000,2019-01,1,0
577141,2019-02-18,3,668.57000000,2019-02,1,1
577143,2018-02-22,4,12945.83000000,2018-02,1,0
577183,2018-10-17,1,513.09000000,2018-10,1,0
577201,2020-06-11,3,1553.63000000,2020-06,1,0
577280,2018-12-15,2,2396.97000000,2018-12,1,0
577367,2018-12-01,2,3770.00000000,2018-12,1,0
578075,2016-07-13,1,1313.61000000,2016-07,1,0
578407,2018-06-04,4,14473.68000000,2018-06,1,0
578608,2019-08-01,1,1258.96000000,2019-08,1,0
578764,2018-06-26,4,11651.20000000,2018-06,1,1
578888,2017-07-31,3,1536.99000000,2017-07,1,0
579037,2018-06-16,3,6492.67000000,2018-06,1,0
579165,2017-09-21,4,10578.63000000,2017-09,1,0
579195,2019-08-10,4,3719.12000000,2019-08,1,1
579293,2018-02-05,2,71.64000000,2018-02,1,0
579330,2018-02-10,4,3785.37000000,2018-02,1,0
579463,2019-10-17,1,484.00000000,2019-10,1,0
579567,2017-04-29,4,5134.83000000,2017-04,1,0
579674,2018-02-20,1,452.85000000,2018-02,1,0
579757,2019-02-27,2,7568.36000000,2019-02,1,0
579875,2018-09-20,2,1963.51000000,2018-09,1,0
579994,2016-10-01,5,14321.98000000,2016-10,1,0
580026,2018-08-30,2,3970.98000000,2018-08,1,1
580116,2019-06-15,2,2543.95000000,2019-06,1,0
580291,2019-04-29,3,4261.85000000,2019-04,1,0
580536,2020-01-16,1,1260.92000000,2020-01,1,0
580600,2020-02-19,1,112.00000000,2020-02,1,0
58066,2016-05-19,2,477.78000000,2016-05,1,0
580710,2016-09-23,4,2821.00000000,2016-09,1,0
580881,2017-02-20,3,882.19000000,2017-02,1,0
581047,2019-02-20,3,7534.62000000,2019-02,1,1
581252,2019-12-26,1,1392.91000000,2019-12,1,0
581404,2018-09-25,3,5357.95000000,2018-09,1,0
581757,2018-02-16,2,11419.13000000,2018-02,1,0
581789,2018-08-26,3,7591.45000000,2018-08,1,1
581812,2016-02-13,1,1971.86000000,2016-02,1,0
581940,2017-07-12,1,6482.00000000,2017-07,1,0
582375,2018-11-01,2,8650.70000000,2018-11,1,0
582423,2017-02-04,2,2766.42000000,2017-02,1,0
582819,2016-02-09,1,424.97000000,2016-02,1,0
582917,2018-02-15,2,2723.38000000,2018-02,1,0
582975,2017-01-06,2,2314.20000000,2017-01,1,0
583424,2019-05-23,1,654.00000000,2019-05,1,0
583886,2018-05-31,1,13678.92000000,2018-05,1,0
584064,2018-01-13,1,632.00000000,2018-01,1,0
584095,2016-01-05,3,4883.38000000,2016-01,1,0
584186,2018-12-06,1,3993.99000000,2018-12,1,0
584350,2018-10-31,1,3107.90000000,2018-10,1,0
584429,2019-12-26,1,436.00000000,2019-12,1,0
584463,2017-08-05,2,8076.00000000,2017-08,1,0
584719,2020-02-19,2,2278.55000000,2020-02,1,1
584796,2018-09-03,1,17.98000000,2018-09,1,0
584827,2018-03-08,2,24359.26000000,2018-03,1,0
584863,2017-02-24,2,2049.00000000,2017-02,1,0
584893,2019-05-12,1,129.00000000,2019-05,1,0
584901,2017-09-09,2,2804.80000000,2017-09,1,0
585202,2019-01-22,1,460.00000000,2019-01,1,0
585492,2019-07-09,2,5557.89000000,2019-07,1,0
585500,2019-02-22,2,3160.91000000,2019-02,1,0
585505,2020-03-03,1,89.95000000,2020-03,1,0
585598,2017-12-10,3,5441.88000000,2017-12,1,0
585610,2017-09-05,3,3507.66000000,2017-09,1,0
585968,2017-05-02,2,3740.56000000,2017-05,1,0
586005,2019-07-25,1,1725.24000000,2019-07,1,0
586087,2016-09-10,2,5139.33000000,2016-09,1,0
586218,2019-08-19,4,9774.25000000,2019-08,1,1
586442,2017-02-16,1,4270.97000000,2017-02,1,0
586687,2016-12-27,5,11941.31000000,2016-12,1,0
58710,2017-01-12,2,309.28000000,2017-01,1,0
587457,2018-12-18,1,2777.10000000,2018-12,1,0
587501,2019-05-11,1,38.97000000,2019-05,1,0
587649,2016-02-16,3,33229.48000000,2016-02,1,0
587703,2017-02-25,1,5838.34000000,2017-02,1,0
587974,2020-04-24,1,3.35000000,2020-04,1,0
588045,2019-10-15,3,3161.84000000,2019-10,1,0
588090,2018-07-24,1,4248.90000000,2018-07,1,0
588122,2019-12-26,1,3725.83000000,2019-12,1,0
588221,2017-09-04,5,11033.38000000,2017-09,1,0
588584,2019-02-16,1,1800.00000000,2019-02,1,0
588654,2018-01-02,3,4002.13000000,2018-01,1,0
588748,2016-12-05,1,3503.91000000,2016-12,1,0
58919,2016-12-17,1,2889.99000000,2016-12,1,0
589882,2020-08-04,1,919.60000000,2020-08,1,0
589984,2018-02-28,2,8412.00000000,2018-02,1,0
590232,2018-08-09,1,6427.80000000,2018-08,1,0
590386,2020-12-28,1,1032.43000000,2020-12,0,0
590749,2020-07-22,1,1313.39000000,2020-07,1,0
590793,2019-09-12,1,2765.90000000,2019-09,1,0
590930,2019-11-25,3,4064.87000000,2019-11,1,0
590943,2019-02-25,1,2657.69000000,2019-02,1,0
590960,2017-10-05,6,8050.82000000,2017-10,1,0
591028,2016-02-20,1,11749.60000000,2016-02,1,0
591240,2016-12-19,4,14634.26000000,2016-12,1,0
591374,2017-02-16,3,4625.24000000,2017-02,1,0
59159,2017-12-12,2,7852.53000000,2017-12,1,0
591678,2018-12-05,3,4630.87000000,2018-12,1,0
592147,2016-12-31,4,21480.40000000,2016-12,1,0
59304,2017-01-02,1,5851.47000000,2017-01,1,0
593068,2019-03-14,1,373.98000000,2019-03,1,0
593404,2018-11-06,2,7084.00000000,2018-11,1,0
593774,2019-09-18,1,293.97000000,2019-09,1,0
593904,2017-02-17,3,5301.17000000,2017-02,1,0
594060,2020-11-25,1,497.39000000,2020-11,0,0
594127,2019-12-04,2,7891.97000000,2019-12,1,1
59422,2017-08-15,2,1447.76000000,2017-08,1,0
594401,2019-11-20,1,1255.75000000,2019-11,1,0
594507,2018-05-03,2,1638.97000000,2018-05,1,0
594570,2019-02-16,1,8078.95000000,2019-02,1,0
594645,2020-01-07,2,4792.89000000,2020-01,1,0
594796,2016-12-17,2,798.76000000,2016-12,1,0
594800,2018-06-16,3,3120.66000000,2018-06,1,0
595017,2019-06-26,1,536.00000000,2019-06,1,0
595267,2018-03-02,2,1138.95000000,2018-03,1,0
595271,2017-10-04,3,3026.64000000,2017-10,1,1
59529,2018-04-28,1,2838.96000000,2018-04,1,0
595540,2017-12-30,3,11192.23000000,2017-12,1,0
595856,2018-12-21,1,707.58000000,2018-12,1,0
595971,2019-01-14,1,615.99000000,2019-01,1,0
596106,2019-10-26,2,7286.93000000,2019-10,1,1
5962,2016-05-12,2,5377.61000000,2016-05,1,0
596325,2018-08-23,1,1443.12000000,2018-08,1,0
596422,2019-09-07,2,1287.55000000,2019-09,1,0
596705,2018-09-12,3,4078.68000000,2018-09,1,1
596820,2017-12-25,1,1078.00000000,2017-12,1,0
597051,2018-12-06,1,5028.96000000,2018-12,1,0
597262,2018-11-19,3,11260.43000000,2018-11,1,0
598323,2016-06-03,5,20180.53000000,2016-06,1,0
59842,2020-10-21,1,2497.85000000,2020-10,1,0
598454,2018-02-24,3,1100.82000000,2018-02,1,0
598482,2019-08-06,2,4278.27000000,2019-08,1,0
598788,2019-11-26,1,1666.58000000,2019-11,1,0
599044,2017-09-06,4,15112.91000000,2017-09,1,0
599105,2017-07-15,3,4329.31000000,2017-07,1,0
599141,2018-02-19,3,12134.05000000,2018-02,1,0
599203,2019-11-13,1,435.80000000,2019-11,1,0
599339,2016-12-23,1,1109.95000000,2016-12,1,0
599433,2018-10-25,2,4954.76000000,2018-10,1,0
59961,2019-09-03,1,437.94000000,2019-09,1,0
599656,2018-01-19,4,4089.32000000,2018-01,1,0
599823,2016-07-06,2,4358.94000000,2016-07,1,0
600354,2017-10-19,1,3000.00000000,2017-10,1,0
600524,2016-09-16,2,3939.60000000,2016-09,1,0
600597,2020-06-20,1,1019.92000000,2020-06,1,0
600979,2020-11-17,1,454.89000000,2020-11,1,0
601099,2016-05-27,2,6819.62000000,2016-05,1,1
601173,2017-01-05,1,340.00000000,2017-01,1,0
60150,2017-02-04,1,959.20000000,2017-02,1,0
601654,2019-09-23,1,7517.85000000,2019-09,1,0
601806,2019-01-26,2,2445.59000000,2019-01,1,0
601837,2018-09-22,2,4641.89000000,2018-09,1,0
601921,2019-10-14,1,483.00000000,2019-10,1,0
602239,2019-11-13,1,1777.00000000,2019-11,1,0
602244,2019-03-01,2,2795.91000000,2019-03,1,0
602720,2016-01-29,2,6479.83000000,2016-01,1,0
603634,2019-12-28,2,2339.91000000,2019-12,1,0
60407,2018-05-08,1,1405.78000000,2018-05,1,0
60411,2019-01-16,2,2309.67000000,2019-01,1,1
604415,2017-02-16,2,1175.88000000,2017-02,1,0
60454,2018-02-22,1,1989.00000000,2018-02,1,0
604553,2017-06-08,2,1505.24000000,2017-06,1,0
604733,2018-01-19,1,17.98000000,2018-01,1,0
605306,2017-12-07,2,3613.97000000,2017-12,1,0
605471,2018-05-22,1,2053.00000000,2018-05,1,0
605532,2019-02-16,1,175.99000000,2019-02,1,0
605605,2019-06-19,1,2464.96000000,2019-06,1,0
605797,2018-08-25,2,1897.83000000,2018-08,1,0
606402,2020-07-30,1,859.56000000,2020-07,1,0
606749,2020-05-23,1,2779.00000000,2020-05,1,0
606808,2016-02-04,1,1741.97000000,2016-02,1,0
60722,2019-07-29,1,3313.85000000,2019-07,1,0
607356,2016-01-02,5,3980.96000000,2016-01,1,0
607598,2019-01-24,5,5377.92000000,2019-01,1,0
607615,2019-07-18,1,121.96000000,2019-07,1,0
607841,2016-02-25,2,501.45000000,2016-02,1,0
607852,2018-05-24,3,7696.80000000,2018-05,1,0
607949,2019-11-05,1,32.00000000,2019-11,1,0
608441,2017-12-23,1,1925.35000000,2017-12,1,0
608461,2018-02-21,3,6419.92000000,2018-02,1,0
608788,2016-07-18,2,350.98000000,2016-07,1,0
608829,2020-05-04,1,25.69000000,2020-05,1,0
60892,2020-08-27,1,1729.87000000,2020-08,1,0
608957,2016-05-28,2,4557.82000000,2016-05,1,0
609198,2018-12-15,1,18003.53000000,2018-12,1,0
609259,2018-10-11,1,755.47000000,2018-10,1,0
609499,2018-12-21,1,3737.00000000,2018-12,1,0
609680,2018-05-29,1,1566.78000000,2018-05,1,0
609715,2016-11-26,3,3855.80000000,2016-11,1,0
610088,2019-02-13,1,3657.25000000,2019-02,1,0
610146,2021-01-20,1,20.64000000,2021-01,0,0
610264,2016-02-20,3,10369.92000000,2016-02,1,0
610431,2017-09-02,2,2212.97000000,2017-09,1,0
610468,2019-05-23,2,424.99000000,2019-05,1,0
610596,2019-07-22,2,2179.84000000,2019-07,1,0
610602,2019-12-05,1,9518.95000000,2019-12,1,0
610697,2017-01-26,1,47.95000000,2017-01,1,0
610968,2019-12-11,1,1710.17000000,2019-12,1,0
611198,2020-11-10,1,2107.96000000,2020-11,1,0
611213,2019-11-05,1,759.99000000,2019-11,1,0
611310,2018-10-27,1,1866.99000000,2018-10,1,0
611367,2018-02-19,1,3071.00000000,2018-02,1,0
611635,2019-06-26,2,4737.52000000,2019-06,1,0
612329,2020-01-22,1,8590.88000000,2020-01,1,0
613382,2019-01-30,1,2603.88000000,2019-01,1,0
613510,2019-05-03,1,229.00000000,2019-05,1,0
613639,2018-11-21,2,5687.89000000,2018-11,1,0
613693,2016-02-13,1,820.00000000,2016-02,1,0
614234,2016-08-08,3,16101.80000000,2016-08,1,0
614937,2019-11-04,2,3594.45000000,2019-11,1,0
615131,2018-09-14,1,5120.36000000,2018-09,1,0
615362,2018-01-04,2,2444.93000000,2018-01,1,0
615603,2016-07-09,1,219.00000000,2016-07,1,0
615726,2019-11-22,1,3876.00000000,2019-11,1,0
615834,2019-09-28,1,94.88000000,2019-09,1,0
616214,2020-01-07,1,2652.00000000,2020-01,1,0
616327,2016-12-08,4,8147.34000000,2016-12,1,0
616346,2017-05-09,4,12894.53000000,2017-05,1,1
616537,2020-02-24,1,802.00000000,2020-02,1,0
616656,2019-09-25,2,220.92000000,2019-09,1,0
616775,2020-02-12,1,436.20000000,2020-02,1,0
616828,2020-01-15,1,6364.88000000,2020-01,1,0
616956,2019-05-15,1,349.95000000,2019-05,1,0
61718,2017-07-15,2,4645.14000000,2017-07,1,0
617656,2019-10-10,1,4854.51000000,2019-10,1,0
61773,2019-09-14,3,1805.91000000,2019-09,1,1
618287,2016-07-11,3,3521.45000000,2016-07,1,0
618556,2017-08-21,1,1769.30000000,2017-08,1,0
618809,2019-03-08,1,3486.00000000,2019-03,1,0
61881,2018-10-06,2,2887.16000000,2018-10,1,0
619018,2018-03-02,4,9787.84000000,2018-03,1,0
619130,2018-08-11,2,1203.40000000,2018-08,1,0
619242,2019-05-21,1,368.40000000,2019-05,1,0
619428,2019-09-16,3,3428.42000000,2019-09,1,1
619459,2019-08-19,1,1008.68000000,2019-08,1,0
61947,2018-07-14,2,2507.71000000,2018-07,1,0
619712,2018-09-27,1,1156.89000000,2018-09,1,0
619863,2018-02-05,1,149.99000000,2018-02,1,0
620075,2019-11-09,1,1845.93000000,2019-11,1,0
620099,2018-02-16,1,1314.00000000,2018-02,1,0
62017,2020-09-02,1,479.97000000,2020-09,1,0
620489,2019-08-03,1,1019.96000000,2019-08,1,0
62076,2019-12-25,1,1199.96000000,2019-12,1,0
620797,2017-11-23,1,6352.00000000,2017-11,1,0
620894,2016-09-16,1,2168.94000000,2016-09,1,0
62125,2018-01-19,1,899.95000000,2018-01,1,0
621610,2018-04-27,4,10581.58000000,2018-04,1,0
62163,2017-06-28,3,5496.94000000,2017-06,1,0
622003,2016-12-31,2,1284.47000000,2016-12,1,0
622011,2016-02-09,1,632.02000000,2016-02,1,0
622253,2019-01-05,2,9113.83000000,2019-01,1,0
622267,2017-02-18,1,872.40000000,2017-02,1,0
622276,2019-01-12,2,7653.92000000,2019-01,1,0
622483,2018-08-17,2,5470.48000000,2018-08,1,0
622606,2018-11-17,2,1122.37000000,2018-11,1,0
622740,2016-01-19,4,7216.53000000,2016-01,1,0
622786,2019-05-10,1,219.00000000,2019-05,1,0
623004,2017-05-24,2,6044.26000000,2017-05,1,0
623021,2020-06-10,1,1775.93000000,2020-06,1,0
623181,2017-06-08,2,2800.26000000,2017-06,1,0
623186,2018-10-07,1,109.00000000,2018-10,1,0
623241,2018-03-08,1,205.95000000,2018-03,1,0
623256,2016-11-16,1,2477.72000000,2016-11,1,0
623323,2017-08-16,1,472.00000000,2017-08,1,0
623659,2016-01-05,3,1684.79000000,2016-01,1,0
623892,2018-01-05,2,1709.37000000,2018-01,1,0
62416,2018-06-30,2,1997.94000000,2018-06,1,0
624165,2016-01-20,5,5728.19000000,2016-01,1,0
624293,2019-01-03,3,10727.40000000,2019-01,1,1
624392,2020-01-06,1,667.00000000,2020-01,1,0
624622,2018-12-30,2,2240.95000000,2018-12,1,0
624742,2019-01-19,4,3592.08000000,2019-01,1,0
624813,2017-12-29,1,528.47000000,2017-12,1,0
625005,2018-07-06,2,1378.82000000,2018-07,1,0
625297,2016-02-23,1,983.96000000,2016-02,1,0
625370,2018-09-16,1,543.00000000,2018-09,1,0
625495,2019-01-25,1,3283.00000000,2019-01,1,0
625689,2020-01-06,1,2581.99000000,2020-01,1,0
6258,2020-12-24,1,4394.00000000,2020-12,0,0
62590,2021-01-12,1,556.00000000,2021-01,0,0
626560,2016-02-27,2,8075.73000000,2016-02,1,0
626896,2018-12-04,1,2495.26000000,2018-12,1,0
626983,2018-12-01,3,1310.93000000,2018-12,1,0
627006,2019-12-27,1,1840.00000000,2019-12,1,0
627190,2016-06-02,1,471.80000000,2016-06,1,0
627709,2016-05-24,1,339.00000000,2016-05,1,0
627789,2016-01-15,1,507.00000000,2016-01,1,0
627901,2017-12-27,2,2509.30000000,2017-12,1,0
627996,2020-01-13,1,1161.00000000,2020-01,1,0
628139,2019-11-20,1,20457.88000000,2019-11,1,0
628245,2017-12-27,1,1140.00000000,2017-12,1,0
628320,2016-05-03,1,2526.23000000,2016-05,1,0
629074,2020-03-07,1,1608.76000000,2020-03,1,0
629413,2019-11-15,1,3452.75000000,2019-11,1,0
629572,2019-06-14,1,1211.98000000,2019-06,1,0
629819,2020-05-27,1,3366.00000000,2020-05,1,0
630481,2019-01-28,1,7414.46000000,2019-01,1,0
6308,2019-07-05,1,1117.48000000,2019-07,1,0
631471,2017-09-17,1,1671.43000000,2017-09,1,0
631500,2017-12-18,1,652.98000000,2017-12,1,0
631557,2020-12-11,1,160.23000000,2020-12,0,0
631580,2018-02-22,3,14491.39000000,2018-02,1,0
631631,2017-12-13,1,4821.00000000,2017-12,1,0
632425,2019-10-18,3,2794.31000000,2019-10,1,0
632482,2018-01-27,1,1222.24000000,2018-01,1,0
632575,2016-06-29,1,2940.91000000,2016-06,1,0
632752,2016-09-16,3,5842.68000000,2016-09,1,0
633008,2019-03-15,1,2926.66000000,2019-03,1,0
633033,2020-11-12,1,555.74000000,2020-11,1,0
633039,2020-11-30,1,877.50000000,2020-11,0,0
633269,2018-12-04,1,1533.87000000,2018-12,1,0
633328,2016-06-23,2,7392.02000000,2016-06,1,0
633348,2016-09-27,2,2005.95000000,2016-09,1,0
63342,2020-01-29,1,9301.25000000,2020-01,1,0
633448,2018-10-19,2,3410.14000000,2018-10,1,0
633593,2016-07-15,2,8924.63000000,2016-07,1,0
633649,2018-10-17,1,1507.40000000,2018-10,1,0
633846,2016-12-14,2,2597.85000000,2016-12,1,0
633904,2019-06-27,2,1860.90000000,2019-06,1,0
634317,2016-06-14,3,13109.63000000,2016-06,1,0
634686,2019-09-03,2,2717.94000000,2019-09,1,0
634713,2018-10-12,1,3196.40000000,2018-10,1,0
634965,2020-10-14,1,19.96000000,2020-10,1,0
635391,2018-06-20,1,1523.99000000,2018-06,1,0
635546,2019-12-28,1,350.87000000,2019-12,1,0
635766,2018-06-09,2,1380.83000000,2018-06,1,0
636035,2016-05-19,1,29.97000000,2016-05,1,0
636256,2020-11-05,1,869.97000000,2020-11,1,0
636266,2019-12-16,1,11891.43000000,2019-12,1,0
636431,2018-10-23,1,299.98000000,2018-10,1,0
636729,2016-10-13,1,5007.00000000,2016-10,1,0
63681,2019-02-14,1,2916.98000000,2019-02,1,0
637629,2019-03-07,1,1499.96000000,2019-03,1,0
637682,2019-02-27,1,6177.00000000,2019-02,1,0
637759,2020-05-23,2,3269.28000000,2020-05,1,1
637824,2020-11-27,1,879.00000000,2020-11,0,0
637976,2019-09-22,1,31.31000000,2019-09,1,0
638156,2020-02-02,1,4771.00000000,2020-02,1,0
638172,2017-07-06,1,1959.93000000,2017-07,1,0
638283,2018-06-30,1,4392.76000000,2018-06,1,0
638569,2020-10-16,1,4529.97000000,2020-10,1,0
638652,2021-02-16,1,4092.69000000,2021-02,0,0
638661,2019-06-03,2,11923.62000000,2019-06,1,0
638759,2019-07-09,1,69.45000000,2019-07,1,0
639067,2019-02-14,2,8988.66000000,2019-02,1,0
639072,2019-02-20,2,7683.50000000,2019-02,1,0
639433,2017-05-04,3,2972.81000000,2017-05,1,0
639665,2020-06-18,1,600.00000000,2020-06,1,0
639758,2017-08-31,1,159.99000000,2017-08,1,0
639839,2018-06-01,1,310.00000000,2018-06,1,0
639966,2018-12-15,2,98.95000000,2018-12,1,0
64037,2019-07-04,1,13.89000000,2019-07,1,0
640942,2020-02-12,1,539.97000000,2020-02,1,0
641275,2019-11-23,1,536.00000000,2019-11,1,0
641659,2018-08-10,1,340.37000000,2018-08,1,0
641841,2018-12-27,1,12.18000000,2018-12,1,0
641997,2018-11-08,1,9998.89000000,2018-11,1,0
642418,2018-11-11,2,9049.94000000,2018-11,1,0
642546,2017-02-08,3,2706.85000000,2017-02,1,0
642856,2018-05-10,1,1199.00000000,2018-05,1,0
643159,2017-12-19,1,981.00000000,2017-12,1,0
643186,2016-02-17,1,217.97000000,2016-02,1,0
643248,2018-11-03,1,491.76000000,2018-11,1,0
643461,2016-08-31,1,80.38000000,2016-08,1,0
643526,2016-08-24,1,499.90000000,2016-08,1,0
643597,2018-02-22,2,552.97000000,2018-02,1,0
643624,2019-02-11,1,2778.00000000,2019-02,1,0
643628,2018-05-06,1,595.99000000,2018-05,1,0
643711,2018-09-03,1,1173.00000000,2018-09,1,0
644237,2019-12-09,1,745.97000000,2019-12,1,0
644560,2017-12-07,1,877.50000000,2017-12,1,0
644729,2018-11-17,3,3504.33000000,2018-11,1,1
644763,2017-12-27,3,5454.94000000,2017-12,1,0
644807,2020-01-02,1,439.90000000,2020-01,1,0
644830,2019-12-28,1,3492.00000000,2019-12,1,0
64511,2018-05-13,2,11205.00000000,2018-05,1,0
645350,2017-08-03,1,4796.95000000,2017-08,1,0
645472,2016-07-13,2,2029.97000000,2016-07,1,0
645487,2020-01-11,1,810.06000000,2020-01,1,0
645495,2018-06-20,2,6450.88000000,2018-06,1,0
646010,2019-02-09,3,8213.39000000,2019-02,1,0
646248,2020-05-18,1,877.50000000,2020-05,1,0
646341,2020-05-15,1,32.00000000,2020-05,1,0
646871,2018-10-14,4,8794.64000000,2018-10,1,1
647019,2018-12-25,1,2372.20000000,2018-12,1,0
647154,2018-11-07,2,1774.54000000,2018-11,1,0
647509,2020-01-25,1,2614.00000000,2020-01,1,0
647622,2019-05-09,2,4489.01000000,2019-05,1,0
64764,2016-09-25,2,7258.99000000,2016-09,1,0
647665,2019-01-31,1,7214.00000000,2019-01,1,0
647743,2019-05-22,2,5045.45000000,2019-05,1,0
648080,2020-05-13,1,2123.35000000,2020-05,1,0
648385,2019-06-20,2,1633.97000000,2019-06,1,0
64842,2019-11-17,1,6934.98000000,2019-11,1,0
648749,2018-10-24,1,3438.00000000,2018-10,1,0
648856,2019-12-03,1,77.68000000,2019-12,1,0
648966,2019-11-02,2,3583.00000000,2019-11,1,1
649018,2019-08-08,1,3815.94000000,2019-08,1,0
649267,2019-02-11,1,5514.00000000,2019-02,1,0
649370,2017-12-22,2,2195.70000000,2017-12,1,0
650219,2018-08-14,1,43.14000000,2018-08,1,0
650854,2018-10-09,1,101.94000000,2018-10,1,0
650898,2017-12-21,2,44.94000000,2017-12,1,0
651347,2019-01-31,1,13.98000000,2019-01,1,0
651518,2019-11-27,1,13.89000000,2019-11,1,0
65163,2016-02-13,2,229.64000000,2016-02,1,0
651767,2016-01-27,1,2784.03000000,2016-01,1,0
65180,2019-06-08,1,11362.40000000,2019-06,1,0
652486,2016-10-01,1,14068.60000000,2016-10,1,0
652496,2019-10-30,1,1610.39000000,2019-10,1,0
65269,2018-05-02,4,7731.15000000,2018-05,1,0
652732,2020-02-14,1,1499.94000000,2020-02,1,0
65283,2017-05-10,2,4496.40000000,2017-05,1,0
652959,2020-05-01,1,11828.40000000,2020-05,1,0
653188,2018-08-15,3,5041.39000000,2018-08,1,0
65372,2018-12-14,3,5865.28000000,2018-12,1,1
654027,2018-08-14,1,1752.00000000,2018-08,1,0
654092,2018-07-05,1,865.98000000,2018-07,1,0
654459,2016-08-20,4,7250.61000000,2016-08,1,0
654485,2017-12-26,4,15801.42000000,2017-12,1,0
654572,2017-12-27,1,2622.53000000,2017-12,1,0
655010,2020-02-03,1,1622.97000000,2020-02,1,0
65507,2019-10-05,1,379.94000000,2019-10,1,0
655495,2017-02-17,1,199.00000000,2017-02,1,0
655922,2018-12-22,1,17.76000000,2018-12,1,0
655976,2018-01-17,2,3243.90000000,2018-01,1,0
656319,2016-10-31,1,3103.94000000,2016-10,1,0
656353,2019-01-25,3,2371.91000000,2019-01,1,0
656387,2016-02-12,2,581.26000000,2016-02,1,0
656633,2019-07-18,2,4363.00000000,2019-07,1,0
656637,2019-11-18,1,501.47000000,2019-11,1,0
657271,2017-09-20,1,3145.50000000,2017-09,1,0
657671,2020-06-04,1,1791.00000000,2020-06,1,0
657787,2020-06-17,1,22.89000000,2020-06,1,0
658305,2019-02-16,1,600.00000000,2019-02,1,0
658552,2017-02-27,2,20742.94000000,2017-02,1,0
658701,2020-12-26,1,3632.31000000,2020-12,0,0
658759,2019-06-14,1,380.00000000,2019-06,1,0
658900,2018-07-13,4,11979.40000000,2018-07,1,0
658999,2019-03-07,1,2093.00000000,2019-03,1,0
659008,2019-07-02,2,1740.78000000,2019-07,1,0
659211,2017-11-24,2,10932.92000000,2017-11,1,0
659827,2016-06-04,3,7510.56000000,2016-06,1,0
659962,2016-07-01,3,3106.29000000,2016-07,1,0
660232,2019-01-16,3,980.27000000,2019-01,1,0
660319,2018-08-01,2,8122.74000000,2018-08,1,0
660527,2018-05-21,7,21470.27000000,2018-05,1,1
660924,2017-07-29,4,16044.40000000,2017-07,1,0
660940,2016-03-15,4,10898.98000000,2016-03,1,0
661206,2019-06-13,1,1259.39000000,2019-06,1,0
661265,2020-04-29,1,595.78000000,2020-04,1,0
661295,2016-05-10,2,1154.97000000,2016-05,1,0
661453,2020-01-03,1,1797.00000000,2020-01,1,0
661620,2019-12-19,1,738.00000000,2019-12,1,0
661636,2016-01-05,2,1779.70000000,2016-01,1,0
662154,2017-01-03,2,7713.98000000,2017-01,1,0
662571,2020-01-20,2,15021.89000000,2020-01,1,1
662638,2020-05-09,1,8055.81000000,2020-05,1,0
662960,2018-06-02,2,3415.87000000,2018-06,1,0
663278,2016-04-30,2,3375.96000000,2016-04,1,0
66352,2019-07-29,1,899.00000000,2019-07,1,0
663778,2016-09-03,1,1358.73000000,2016-09,1,0
663849,2016-06-15,1,5380.88000000,2016-06,1,0
664411,2018-12-28,1,5481.88000000,2018-12,1,0
664438,2018-02-03,1,2240.65000000,2018-02,1,0
664687,2018-07-19,1,2598.92000000,2018-07,1,0
664762,2019-05-27,1,6885.00000000,2019-05,1,0
665370,2017-03-09,3,1549.94000000,2017-03,1,0
665472,2020-03-12,1,1257.98000000,2020-03,1,0
665776,2016-01-09,1,5515.20000000,2016-01,1,0
666173,2019-01-30,3,1288.59000000,2019-01,1,0
666608,2021-02-13,1,2604.00000000,2021-02,0,0
666716,2017-06-05,2,309.98000000,2017-06,1,0
666979,2020-02-18,2,2345.87000000,2020-02,1,0
666994,2020-01-07,1,2383.94000000,2020-01,1,0
667014,2020-02-18,2,5241.45000000,2020-02,1,0
667318,2016-01-20,1,655.00000000,2016-01,1,0
667393,2018-06-08,4,14828.60000000,2018-06,1,0
667669,2019-01-22,1,4293.76000000,2019-01,1,0
667725,2018-08-27,2,2246.31000000,2018-08,1,0
667919,2019-08-01,2,2565.97000000,2019-08,1,0
668117,2016-10-08,3,14609.20000000,2016-10,1,0
668140,2019-06-29,1,2409.93000000,2019-06,1,0
668236,2019-07-25,1,3971.97000000,2019-07,1,0
668660,2019-01-12,2,3105.57000000,2019-01,1,0
668718,2017-02-25,1,91.00000000,2017-02,1,0
669715,2019-08-28,2,3450.52000000,2019-08,1,0
670000,2019-01-10,1,3116.42000000,2019-01,1,0
670143,2018-06-14,1,1414.00000000,2018-06,1,0
670551,2019-05-25,1,129.80000000,2019-05,1,0
67066,2019-09-21,2,8724.84000000,2019-09,1,0
670666,2018-12-27,1,7629.64000000,2018-12,1,0
670977,2020-02-15,2,342.94000000,2020-02,1,0
671129,2019-12-24,1,6329.05000000,2019-12,1,0
671305,2017-02-07,1,156.00000000,2017-02,1,0
671569,2019-03-14,1,3366.30000000,2019-03,1,0
67157,2017-09-06,2,10420.96000000,2017-09,1,0
672129,2019-01-26,1,53.94000000,2019-01,1,0
672139,2017-07-17,3,6468.59000000,2017-07,1,0
672148,2016-10-12,2,1790.41000000,2016-10,1,0
672150,2017-12-13,1,2347.21000000,2017-12,1,0
67217,2018-12-01,2,4502.91000000,2018-12,1,0
672326,2018-06-23,2,2603.60000000,2018-06,1,0
672584,2019-02-22,2,22466.65000000,2019-02,1,0
672896,2016-02-23,4,6015.95000000,2016-02,1,0
673346,2019-10-14,2,160.90000000,2019-10,1,0
673348,2018-01-09,2,4574.16000000,2018-01,1,0
67369,2020-01-10,1,2765.40000000,2020-01,1,0
674424,2017-11-30,1,3086.76000000,2017-11,1,0
674468,2017-07-12,2,268.91000000,2017-07,1,0
67455,2019-05-15,1,5073.00000000,2019-05,1,0
674569,2018-11-08,2,2797.86000000,2018-11,1,0
674984,2018-11-14,2,2589.89000000,2018-11,1,0
675240,2018-07-12,2,3072.54000000,2018-07,1,0
675324,2019-06-02,1,2029.93000000,2019-06,1,0
675600,2016-07-13,1,6797.97000000,2016-07,1,0
675714,2018-12-26,1,6.88000000,2018-12,1,0
676036,2018-12-29,1,1450.53000000,2018-12,1,0
676059,2016-02-15,2,7561.39000000,2016-02,1,0
676146,2018-09-19,1,139.00000000,2018-09,1,0
676383,2019-09-02,1,3257.60000000,2019-09,1,0
676423,2018-12-25,1,635.99000000,2018-12,1,0
676732,2019-10-05,1,1056.88000000,2019-10,1,0
67744,2019-05-14,1,118.00000000,2019-05,1,0
677564,2019-05-16,1,607.97000000,2019-05,1,0
678055,2017-06-15,5,12401.94000000,2017-06,1,0
678665,2019-01-22,2,1847.03000000,2019-01,1,0
678808,2018-04-27,1,497.95000000,2018-04,1,0
678886,2018-02-24,1,17923.84000000,2018-02,1,0
678925,2016-09-01,3,5601.85000000,2016-09,1,0
679190,2016-02-24,1,780.90000000,2016-02,1,0
679405,2018-12-29,1,299.98000000,2018-12,1,0
679886,2018-12-30,2,7240.88000000,2018-12,1,0
680259,2017-12-12,4,16396.69000000,2017-12,1,0
680268,2019-01-16,1,510.44000000,2019-01,1,0
680422,2018-11-28,2,1055.00000000,2018-11,1,0
680779,2020-09-19,1,3961.70000000,2020-09,1,0
68082,2018-02-23,1,1182.99000000,2018-02,1,0
680858,2017-05-23,2,10190.27000000,2017-05,1,0
681072,2018-05-03,3,1601.85000000,2018-05,1,0
681493,2018-12-27,1,1856.00000000,2018-12,1,0
681898,2016-08-26,2,2748.47000000,2016-08,1,1
682276,2020-01-19,1,5995.99000000,2020-01,1,0
682544,2017-06-26,2,3742.24000000,2017-06,1,0
682759,2020-04-30,1,1400.00000000,2020-04,1,0
683209,2019-06-19,1,462.00000000,2019-06,1,0
683751,2017-08-02,2,7619.86000000,2017-08,1,0
683827,2017-10-19,2,8151.96000000,2017-10,1,0
684027,2018-09-04,1,2788.00000000,2018-09,1,0
684747,2016-08-11,3,10497.02000000,2016-08,1,0
684862,2020-01-20,1,1832.00000000,2020-01,1,0
685356,2019-12-26,1,236.00000000,2019-12,1,0
68537,2017-09-02,1,1183.68000000,2017-09,1,0
685457,2017-05-27,1,848.97000000,2017-05,1,0
685916,2019-02-19,2,7175.98000000,2019-02,1,0
686082,2018-10-23,1,2236.00000000,2018-10,1,0
686119,2021-01-25,1,1918.65000000,2021-01,0,0
686451,2019-02-14,1,259.80000000,2019-02,1,0
686625,2016-05-16,5,7726.11000000,2016-05,1,0
686657,2019-11-04,1,146.78000000,2019-11,1,0
686677,2019-10-19,2,2618.37000000,2019-10,1,1
686739,2020-02-16,1,3927.00000000,2020-02,1,0
686760,2018-09-26,2,9459.35000000,2018-09,1,1
687250,2017-11-14,2,6283.96000000,2017-11,1,0
687324,2017-01-25,2,3769.99000000,2017-01,1,0
687377,2016-02-03,1,430.00000000,2016-02,1,0
687812,2018-01-05,1,88.62000000,2018-01,1,0
688148,2019-06-22,2,417.39000000,2019-06,1,0
688222,2019-09-18,1,520.51000000,2019-09,1,0
68882,2018-01-09,1,74.97000000,2018-01,1,0
689013,2017-07-08,5,3838.26000000,2017-07,1,0
689695,2018-12-23,4,6776.87000000,2018-12,1,1
690042,2016-02-27,3,10102.99000000,2016-02,1,0
690102,2017-09-02,3,4681.69000000,2017-09,1,1
690190,2017-12-17,2,3716.98000000,2017-12,1,0
690253,2018-05-31,1,2238.65000000,2018-05,1,0
690270,2019-05-10,1,214.90000000,2019-05,1,0
69066,2019-12-17,1,210.68000000,2019-12,1,0
691420,2016-10-05,2,4666.95000000,2016-10,1,0
691863,2017-03-01,2,4304.10000000,2017-03,1,0
692231,2018-09-14,1,2500.46000000,2018-09,1,0
692257,2018-10-17,1,198.00000000,2018-10,1,0
692328,2019-01-16,2,6716.55000000,2019-01,1,0
692519,2017-03-04,1,6953.99000000,2017-03,1,0
692544,2018-09-08,3,2769.69000000,2018-09,1,0
692591,2019-12-14,2,913.06000000,2019-12,1,1
692661,2019-12-19,1,1544.98000000,2019-12,1,0
692856,2019-02-09,1,2246.97000000,2019-02,1,0
692928,2018-11-29,1,1717.00000000,2018-11,1,0
693285,2016-01-02,1,14.97000000,2016-01,1,0
693417,2018-12-24,1,715.42000000,2018-12,1,0
693644,2017-12-11,2,5887.47000000,2017-12,1,0
693684,2020-12-16,1,5172.17000000,2020-12,0,0
693870,2020-02-01,1,2278.22000000,2020-02,1,0
693900,2019-06-05,2,482.00000000,2019-06,1,0
693988,2016-08-27,1,1196.92000000,2016-08,1,0
694125,2019-09-28,1,1514.70000000,2019-09,1,0
694539,2017-06-07,1,47.95000000,2017-06,1,0
694742,2018-12-29,1,788.45000000,2018-12,1,0
695043,2019-04-27,3,634.99000000,2019-04,1,0
695272,2019-08-10,2,3022.98000000,2019-08,1,0
695433,2016-09-03,2,3004.84000000,2016-09,1,0
695498,2018-01-04,1,91.96000000,2018-01,1,0
695534,2016-03-01,1,755.00000000,2016-03,1,0
695540,2017-11-29,2,3933.80000000,2017-11,1,0
69557,2019-03-02,1,3359.49000000,2019-03,1,0
695718,2019-07-18,1,3701.99000000,2019-07,1,0
696397,2020-01-16,1,2574.00000000,2020-01,1,0
69645,2017-07-10,1,199.95000000,2017-07,1,0
696759,2020-02-15,1,5036.20000000,2020-02,1,0
696791,2020-10-10,1,789.90000000,2020-10,1,0
696874,2019-10-23,1,3074.42000000,2019-10,1,0
696960,2020-10-06,1,1535.00000000,2020-10,1,0
69707,2018-06-02,2,1543.23000000,2018-06,1,0
697182,2016-12-31,1,419.97000000,2016-12,1,0
697365,2020-12-10,1,11267.82000000,2020-12,0,0
69754,2021-01-29,1,139.00000000,2021-01,0,0
69812,2019-07-25,1,1606.96000000,2019-07,1,0
698196,2020-01-02,2,4432.36000000,2020-01,1,0
698421,2016-12-27,1,4146.96000000,2016-12,1,0
698533,2018-12-20,1,175.26000000,2018-12,1,0
698624,2017-12-27,2,2873.39000000,2017-12,1,0
698703,2020-06-24,2,5175.86000000,2020-06,1,1
698960,2019-12-19,1,637.05000000,2019-12,1,0
69959,2019-02-21,3,5509.88000000,2019-02,1,0
699820,2020-06-15,1,436.20000000,2020-06,1,0
699830,2019-03-07,2,4128.98000000,2019-03,1,0
700308,2018-12-08,1,449.97000000,2018-12,1,0
700354,2018-05-24,3,1029.50000000,2018-05,1,0
700619,2018-12-22,2,330.99000000,2018-12,1,1
700909,2020-03-07,1,3021.70000000,2020-03,1,0
701241,2017-01-11,1,5018.15000000,2017-01,1,0
701397,2018-05-18,3,11671.20000000,2018-05,1,1
701474,2018-03-07,2,1457.67000000,2018-03,1,0
701625,2017-10-17,5,19876.70000000,2017-10,1,0
701698,2018-12-31,2,4962.95000000,2018-12,1,0
701706,2018-01-12,1,460.89000000,2018-01,1,0
702273,2017-05-11,1,2270.49000000,2017-05,1,0
702340,2017-08-18,5,8169.95000000,2017-08,1,0
702544,2017-01-04,2,4176.43000000,2017-01,1,0
702870,2019-01-12,3,2871.21000000,2019-01,1,1
703000,2017-06-08,3,2763.61000000,2017-06,1,0
703212,2016-10-04,2,3043.79000000,2016-10,1,0
703247,2017-05-13,1,867.78000000,2017-05,1,0
703705,2018-05-03,1,3359.60000000,2018-05,1,0
703716,2018-10-06,1,817.98000000,2018-10,1,0
703936,2018-09-18,3,8887.75000000,2018-09,1,0
703938,2016-02-17,4,9970.97000000,2016-02,1,0
704350,2017-01-28,1,1807.97000000,2017-01,1,0
70453,2018-03-12,2,2981.72000000,2018-03,1,0
704565,2017-08-26,3,5504.84000000,2017-08,1,0
705074,2019-02-10,1,6337.24000000,2019-02,1,0
70544,2017-06-23,1,84.00000000,2017-06,1,0
705717,2019-01-28,1,77.68000000,2019-01,1,0
70584,2019-11-30,1,7569.65000000,2019-11,1,0
70598,2020-10-05,1,1360.00000000,2020-10,1,0
706108,2017-11-25,1,4811.23000000,2017-11,1,0
706132,2019-02-27,2,9372.69000000,2019-02,1,0
706542,2019-09-05,1,687.00000000,2019-09,1,0
706638,2019-02-04,1,1491.98000000,2019-02,1,0
706651,2020-05-05,1,2273.00000000,2020-05,1,0
706792,2020-01-01,1,4375.95000000,2020-01,1,0
706898,2019-05-18,1,319.00000000,2019-05,1,0
706964,2018-09-10,2,355.97000000,2018-09,1,0
707089,2016-01-13,1,1157.73000000,2016-01,1,0
707360,2018-12-13,1,3744.00000000,2018-12,1,0
707559,2019-12-26,1,1299.00000000,2019-12,1,0
707750,2018-02-08,2,8227.33000000,2018-02,1,0
707884,2018-11-10,1,6047.38000000,2018-11,1,0
708076,2016-05-31,3,13482.65000000,2016-05,1,0
708182,2019-12-25,1,299.00000000,2019-12,1,0
708260,2017-02-13,2,10879.22000000,2017-02,1,0
708287,2016-11-14,2,4113.94000000,2016-11,1,0
708460,2018-12-19,1,866.54000000,2018-12,1,0
708522,2018-07-20,3,7002.66000000,2018-07,1,0
708914,2019-06-19,1,1292.00000000,2019-06,1,0
709049,2019-01-12,1,3209.95000000,2019-01,1,0
70912,2016-02-19,3,27219.20000000,2016-02,1,0
709368,2019-07-01,2,4985.00000000,2019-07,1,1
709437,2017-05-06,1,116.84000000,2017-05,1,0
709485,2017-09-25,1,5095.63000000,2017-09,1,0
709822,2018-07-03,2,2501.40000000,2018-07,1,0
709983,2020-12-12,1,801.85000000,2020-12,0,0
710058,2019-05-18,1,5028.00000000,2019-05,1,0
710555,2016-03-03,4,19590.62000000,2016-03,1,0
710592,2017-10-13,3,1706.79000000,2017-10,1,0
710673,2016-10-29,1,1907.98000000,2016-10,1,0
7109,2018-05-17,1,494.95000000,2018-05,1,0
710996,2018-02-08,2,3574.94000000,2018-02,1,0
711038,2020-06-11,1,795.98000000,2020-06,1,0
711449,2016-01-07,1,8.55000000,2016-01,1,0
711877,2018-02-17,2,645.92000000,2018-02,1,0
71218,2017-07-28,2,14296.89000000,2017-07,1,1
71220,2019-03-15,1,249.98000000,2019-03,1,0
712403,2016-10-06,1,1507.24000000,2016-10,1,0
71282,2019-10-11,1,444.01000000,2019-10,1,0
713013,2019-06-01,1,10103.39000000,2019-06,1,0
713137,2017-06-02,1,539.97000000,2017-06,1,0
713185,2019-07-11,2,13056.79000000,2019-07,1,0
71333,2018-11-05,2,14154.28000000,2018-11,1,1
713338,2018-01-12,2,4306.94000000,2018-01,1,0
713424,2019-02-11,3,4437.89000000,2019-02,1,0
71343,2018-10-21,1,758.85000000,2018-10,1,0
713533,2018-06-09,2,8237.79000000,2018-06,1,0
713687,2018-09-07,1,4495.00000000,2018-09,1,0
713731,2018-09-27,1,2617.00000000,2018-09,1,0
714362,2016-10-27,2,1490.75000000,2016-10,1,0
714400,2017-07-19,1,793.98000000,2017-07,1,0
714472,2016-05-02,6,34963.76000000,2016-05,1,1
715102,2016-06-06,6,13549.70000000,2016-06,1,0
71511,2016-10-01,3,3553.60000000,2016-10,1,0
715258,2020-07-07,1,118.59000000,2020-07,1,0
715317,2019-10-10,1,565.97000000,2019-10,1,0
715379,2016-11-26,6,7265.31000000,2016-11,1,0
715406,2016-12-26,3,2773.99000000,2016-12,1,0
715599,2020-01-23,2,6395.84000000,2020-01,1,1
715709,2017-01-18,1,559.00000000,2017-01,1,0
715740,2019-05-29,1,264.91000000,2019-05,1,0
716015,2016-01-14,1,3643.95000000,2016-01,1,0
716065,2018-09-05,1,27.78000000,2018-09,1,0
71625,2016-05-13,2,3991.77000000,2016-05,1,0
716463,2020-05-15,1,12.18000000,2020-05,1,0
716491,2016-12-24,2,852.92000000,2016-12,1,0
716838,2018-12-15,2,10222.89000000,2018-12,1,0
716868,2016-10-01,1,6027.49000000,2016-10,1,0
717000,2016-08-04,4,21917.95000000,2016-08,1,0
717070,2016-03-03,1,1776.67000000,2016-03,1,0
717074,2019-07-14,2,2894.55000000,2019-07,1,1
717147,2018-06-04,2,3246.98000000,2018-06,1,0
717325,2017-08-30,1,969.00000000,2017-08,1,0
717492,2020-01-04,1,2027.00000000,2020-01,1,0
717682,2016-11-14,9,6054.59000000,2016-11,1,1
718064,2017-06-27,1,1210.91000000,2017-06,1,0
718151,2019-01-08,1,319.98000000,2019-01,1,0
718173,2017-02-10,1,1064.23000000,2017-02,1,0
718217,2018-02-14,2,10732.33000000,2018-02,1,0
718462,2017-01-24,6,18192.34000000,2017-01,1,0
718811,2017-09-13,1,689.70000000,2017-09,1,0
718876,2017-02-19,3,13975.68000000,2017-02,1,0
719193,2017-12-19,3,2738.80000000,2017-12,1,0
719537,2018-02-15,1,2831.83000000,2018-02,1,0
719846,2017-03-11,3,5769.29000000,2017-03,1,0
719881,2017-02-22,1,10963.94000000,2017-02,1,0
72003,2017-11-09,2,3213.71000000,2017-11,1,0
720281,2018-06-22,1,29429.87000000,2018-06,1,0
720460,2019-07-08,1,1854.73000000,2019-07,1,0
720712,2019-06-11,2,1908.21000000,2019-06,1,0
720913,2020-02-19,1,3909.00000000,2020-02,1,0
721118,2017-09-12,6,12866.21000000,2017-09,1,0
721329,2017-01-07,2,3974.25000000,2017-01,1,0
721480,2016-09-07,1,399.90000000,2016-09,1,0
721654,2019-07-13,1,1040.00000000,2019-07,1,0
72194,2020-02-07,1,76.95000000,2020-02,1,0
722293,2017-10-25,1,3040.00000000,2017-10,1,0
722377,2021-01-14,1,1552.60000000,2021-01,0,0
722428,2019-08-31,3,3979.02000000,2019-08,1,1
722794,2016-07-19,2,1419.59000000,2016-07,1,0
722869,2017-06-16,2,2360.84000000,2017-06,1,0
722960,2018-04-25,2,3788.71000000,2018-04,1,0
723572,2016-02-20,14,40225.01000000,2016-02,1,0
723850,2016-12-01,1,357.87000000,2016-12,1,0
724336,2020-08-15,1,4023.90000000,2020-08,1,0
724370,2016-02-22,3,2251.30000000,2016-02,1,0
724504,2018-12-22,4,7804.76000000,2018-12,1,0
724534,2016-01-20,8,15551.39000000,2016-01,1,1
724604,2019-10-09,2,338.67000000,2019-10,1,0
724641,2018-08-02,1,955.00000000,2018-08,1,0
724827,2018-01-02,2,10067.10000000,2018-01,1,0
724985,2020-02-21,1,4665.91000000,2020-02,1,0
725349,2019-12-21,2,2589.90000000,2019-12,1,1
725383,2018-02-17,4,15370.05000000,2018-02,1,0
725672,2016-12-29,4,9393.70000000,2016-12,1,0
725725,2019-08-21,1,607.85000000,2019-08,1,0
725795,2017-05-23,3,3304.00000000,2017-05,1,0
725929,2019-06-13,1,159.90000000,2019-06,1,0
726123,2016-09-20,2,6709.87000000,2016-09,1,0
726750,2018-11-17,2,1341.86000000,2018-11,1,0
726934,2019-05-18,1,5468.88000000,2019-05,1,0
726955,2016-10-21,4,5640.25000000,2016-10,1,1
727060,2019-02-12,1,259.86000000,2019-02,1,0
727094,2018-02-23,2,5101.07000000,2018-02,1,0
727109,2017-01-07,4,3158.55000000,2017-01,1,0
727274,2019-07-06,2,1955.33000000,2019-07,1,0
727285,2017-12-20,3,1809.77000000,2017-12,1,1
727770,2018-11-02,1,1025.90000000,2018-11,1,0
728022,2018-05-03,3,5601.82000000,2018-05,1,1
728048,2017-12-30,2,3031.98000000,2017-12,1,0
728116,2017-01-21,2,4754.85000000,2017-01,1,0
72812,2016-08-19,2,9284.86000000,2016-08,1,0
72826,2019-07-17,1,683.95000000,2019-07,1,0
728312,2016-02-18,2,4004.97000000,2016-02,1,0
728541,2016-01-09,2,8893.12000000,2016-01,1,0
728834,2016-01-06,3,2412.13000000,2016-01,1,0
728891,2020-05-04,1,269.95000000,2020-05,1,0
728967,2016-06-30,1,3911.80000000,2016-06,1,0
729368,2017-10-05,2,4215.50000000,2017-10,1,0
729531,2018-12-20,2,3209.00000000,2018-12,1,0
729681,2016-02-06,2,8009.65000000,2016-02,1,0
730054,2016-06-15,2,1330.60000000,2016-06,1,0
730203,2016-02-13,3,2620.66000000,2016-02,1,0
730335,2019-01-18,3,2831.04000000,2019-01,1,0
730418,2019-09-14,1,4082.57000000,2019-09,1,0
730530,2016-07-16,1,9714.94000000,2016-07,1,0
73070,2018-10-01,2,6165.92000000,2018-10,1,0
730747,2018-09-25,1,356.00000000,2018-09,1,0
730928,2018-05-26,1,989.04000000,2018-05,1,0
731381,2018-04-30,2,2886.44000000,2018-04,1,0
731416,2016-08-18,1,6067.37000000,2016-08,1,0
731556,2016-01-30,3,5129.58000000,2016-01,1,0
732008,2018-05-12,3,1210.97000000,2018-05,1,0
732289,2016-02-06,1,2029.95000000,2016-02,1,0
732580,2019-09-25,1,3700.87000000,2019-09,1,0
732772,2019-08-10,1,828.00000000,2019-08,1,0
733080,2016-01-09,1,6089.00000000,2016-01,1,0
733862,2018-09-15,3,8363.68000000,2018-09,1,0
733915,2018-10-19,1,4024.44000000,2018-10,1,0
734195,2019-03-14,1,961.13000000,2019-03,1,0
734455,2016-10-27,3,4993.32000000,2016-10,1,0
734558,2017-05-30,1,77.07000000,2017-05,1,0
734605,2016-01-04,2,170.67000000,2016-01,1,0
734688,2018-01-18,2,1614.98000000,2018-01,1,0
734689,2016-04-30,2,1130.99000000,2016-04,1,0
735046,2017-03-09,1,598.78000000,2017-03,1,0
735424,2018-07-27,2,1478.91000000,2018-07,1,0
735519,2019-10-28,1,4529.39000000,2019-10,1,0
735657,2016-11-19,2,2611.99000000,2016-11,1,0
735746,2017-07-08,3,4439.95000000,2017-07,1,0
735816,2016-05-11,1,1685.07000000,2016-05,1,0
735859,2019-10-22,1,349.00000000,2019-10,1,0
736272,2017-08-17,1,334.76000000,2017-08,1,0
73636,2020-05-11,1,204.00000000,2020-05,1,0
736718,2017-10-07,2,536.41000000,2017-10,1,0
737021,2018-05-24,1,26.99000000,2018-05,1,0
73704,2017-03-06,1,456.99000000,2017-03,1,0
737166,2017-06-21,3,2417.62000000,2017-06,1,0
737216,2016-06-18,3,9499.14000000,2016-06,1,0
737327,2016-02-18,2,2629.52000000,2016-02,1,0
737815,2019-02-22,3,3089.99000000,2019-02,1,1
737978,2017-08-28,4,10959.29000000,2017-08,1,0
738133,2018-03-10,1,6098.80000000,2018-03,1,0
738255,2018-12-25,1,1819.93000000,2018-12,1,0
738305,2019-07-04,1,6076.41000000,2019-07,1,0
738388,2018-12-10,4,23317.77000000,2018-12,1,0
738446,2020-02-01,1,73.29000000,2020-02,1,0
738549,2016-01-01,3,1472.09000000,2016-01,1,0
738786,2019-12-28,1,1382.74000000,2019-12,1,0
738874,2016-12-29,2,1396.90000000,2016-12,1,0
739091,2017-08-15,3,6999.80000000,2017-08,1,0
739214,2018-07-04,1,598.00000000,2018-07,1,0
739444,2017-12-08,2,242.84000000,2017-12,1,0
739625,2016-01-07,7,8418.73000000,2016-01,1,0
739922,2017-01-09,2,7989.09000000,2017-01,1,0
740028,2017-07-20,2,2813.93000000,2017-07,1,0
740612,2018-02-01,1,2297.80000000,2018-02,1,0
74071,2017-12-26,2,5982.15000000,2017-12,1,0
740875,2019-01-05,1,14034.89000000,2019-01,1,0
740990,2019-11-09,1,398.97000000,2019-11,1,0
741037,2016-07-21,4,14750.46000000,2016-07,1,0
741056,2019-12-11,1,868.14000000,2019-12,1,0
741257,2018-12-26,3,11352.21000000,2018-12,1,0
741381,2017-06-09,4,5205.14000000,2017-06,1,0
741665,2019-06-29,1,2426.69000000,2019-06,1,0
741824,2016-09-14,2,2286.65000000,2016-09,1,0
742026,2017-11-22,1,1825.69000000,2017-11,1,0
742886,2017-11-21,1,499.00000000,2017-11,1,0
743343,2019-09-11,1,319.98000000,2019-09,1,0
743399,2016-05-03,3,4145.32000000,2016-05,1,1
743482,2017-07-27,2,2045.94000000,2017-07,1,0
743546,2016-12-29,1,5482.15000000,2016-12,1,0
743610,2017-01-05,3,7421.60000000,2017-01,1,0
743879,2016-12-10,2,2516.66000000,2016-12,1,0
744371,2018-06-21,1,1199.94000000,2018-06,1,0
744459,2018-05-10,6,12396.39000000,2018-05,1,0
744512,2019-06-13,2,1138.88000000,2019-06,1,0
744667,2016-11-26,2,2053.95000000,2016-11,1,0
744791,2016-05-14,2,5395.58000000,2016-05,1,0
744822,2018-05-26,1,1012.76000000,2018-05,1,0
744922,2018-06-23,1,2175.94000000,2018-06,1,0
745253,2019-11-28,2,9796.17000000,2019-11,1,1
745462,2016-07-02,3,15796.27000000,2016-07,1,0
74581,2016-06-16,1,774.00000000,2016-06,1,0
74585,2017-08-26,2,4151.98000000,2017-08,1,0
746112,2016-05-11,2,4535.09000000,2016-05,1,1
746187,2017-11-02,2,4907.89000000,2017-11,1,0
746778,2019-01-10,2,431.18000000,2019-01,1,0
746817,2017-12-30,2,336.96000000,2017-12,1,0
74687,2016-12-20,1,2810.00000000,2016-12,1,0
746898,2019-08-21,2,2205.51000000,2019-08,1,1
747344,2018-01-13,1,275.94000000,2018-01,1,0
747526,2018-10-02,2,1074.98000000,2018-10,1,1
747567,2017-02-20,1,2908.99000000,2017-02,1,0
747984,2020-02-15,2,12297.97000000,2020-02,1,1
748190,2017-12-27,2,2322.87000000,2017-12,1,0
748353,2017-07-20,3,7177.28000000,2017-07,1,0
74845,2019-05-15,2,879.65000000,2019-05,1,0
74871,2019-10-26,1,3876.00000000,2019-10,1,0
748710,2017-05-20,4,8784.36000000,2017-05,1,0
748749,2016-01-21,2,3065.80000000,2016-01,1,0
748788,2017-01-09,2,8412.00000000,2017-01,1,0
748823,2017-02-02,2,1159.00000000,2017-02,1,0
748876,2017-11-11,2,2570.80000000,2017-11,1,0
749016,2018-06-09,3,4454.34000000,2018-06,1,0
749068,2016-07-19,2,3022.01000000,2016-07,1,0
749261,2019-11-23,2,9132.10000000,2019-11,1,0
749457,2019-09-17,2,10017.84000000,2019-09,1,0
750104,2019-05-11,2,3989.33000000,2019-05,1,0
750139,2017-06-06,1,518.00000000,2017-06,1,0
750180,2017-01-20,1,313.09000000,2017-01,1,0
750228,2020-01-08,1,183.62000000,2020-01,1,0
750677,2019-12-21,1,7878.93000000,2019-12,1,0
750880,2017-06-24,1,2145.84000000,2017-06,1,0
751036,2018-12-22,2,1965.34000000,2018-12,1,0
751446,2017-12-23,2,378.50000000,2017-12,1,0
751680,2019-01-08,2,3207.38000000,2019-01,1,0
751961,2018-08-08,1,3430.34000000,2018-08,1,0
752186,2018-05-19,1,1845.00000000,2018-05,1,0
752187,2020-01-07,2,4501.62000000,2020-01,1,0
752229,2019-06-01,1,4802.47000000,2019-06,1,0
752396,2016-12-31,2,2686.98000000,2016-12,1,0
752411,2019-08-12,2,3102.19000000,2019-08,1,1
753406,2017-07-24,1,5139.98000000,2017-07,1,0
753461,2016-08-05,6,1667.95000000,2016-08,1,0
753796,2020-06-25,1,181.00000000,2020-06,1,0
753804,2018-11-03,3,3206.85000000,2018-11,1,0
754542,2018-06-29,4,20961.41000000,2018-06,1,1
754804,2016-10-26,1,3880.92000000,2016-10,1,0
754897,2016-09-14,1,149.99000000,2016-09,1,0
755042,2018-09-01,2,6528.35000000,2018-09,1,0
755259,2018-12-19,1,84.00000000,2018-12,1,0
755279,2019-10-03,1,1499.94000000,2019-10,1,0
755367,2020-01-09,1,932.98000000,2020-01,1,0
755462,2016-10-28,4,1314.78000000,2016-10,1,0
755504,2019-01-07,2,1266.92000000,2019-01,1,0
75555,2018-12-17,2,7109.42000000,2018-12,1,1
755735,2016-12-24,4,4831.25000000,2016-12,1,0
755845,2018-08-04,3,10588.38000000,2018-08,1,0
756078,2017-08-03,1,2876.99000000,2017-08,1,0
756093,2018-11-22,1,11359.77000000,2018-11,1,0
756173,2019-07-04,1,3915.76000000,2019-07,1,0
756380,2018-06-08,1,809.71000000,2018-06,1,0
756402,2020-02-27,1,6735.30000000,2020-02,1,0
756504,2019-01-01,2,3926.98000000,2019-01,1,0
7566,2019-08-31,1,3142.00000000,2019-08,1,0
757027,2019-06-20,2,489.98000000,2019-06,1,1
757031,2019-12-01,3,9551.02000000,2019-12,1,1
75706,2019-06-26,2,7039.02000000,2019-06,1,0
757547,2017-07-22,1,1784.88000000,2017-07,1,0
757767,2016-02-20,2,3007.90000000,2016-02,1,0
758065,2018-12-08,1,758.00000000,2018-12,1,0
758280,2016-01-02,5,6432.41000000,2016-01,1,0
758321,2016-02-19,4,19082.99000000,2016-02,1,0
758494,2017-09-26,2,1469.88000000,2017-09,1,0
758534,2017-02-04,2,4488.12000000,2017-02,1,0
758568,2018-06-11,1,2629.80000000,2018-06,1,0
758863,2016-08-22,2,4447.67000000,2016-08,1,0
758899,2018-02-21,1,5632.00000000,2018-02,1,0
759049,2020-02-15,1,4453.89000000,2020-02,1,0
759132,2016-12-24,2,3467.57000000,2016-12,1,0
759498,2016-08-17,4,3604.99000000,2016-08,1,0
759569,2018-09-22,1,2871.45000000,2018-09,1,0
759602,2020-02-06,1,1589.90000000,2020-02,1,0
759633,2017-07-13,2,13251.33000000,2017-07,1,0
75965,2018-08-15,2,6425.54000000,2018-08,1,0
759676,2020-05-06,1,692.93000000,2020-05,1,0
759705,2016-01-01,2,14045.06000000,2016-01,1,0
75976,2018-05-14,1,2352.93000000,2018-05,1,0
759874,2017-08-24,1,2467.84000000,2017-08,1,0
75991,2019-07-10,1,1509.89000000,2019-07,1,0
760031,2016-05-21,2,51.01000000,2016-05,1,0
76013,2019-12-28,2,1387.52000000,2019-12,1,0
76021,2016-01-06,3,10817.92000000,2016-01,1,0
760553,2019-09-10,2,1693.31000000,2019-09,1,0
760816,2016-02-01,1,2201.69000000,2016-02,1,0
760889,2018-06-20,2,1453.53000000,2018-06,1,0
760987,2019-10-18,3,9727.51000000,2019-10,1,1
761177,2018-05-18,3,5894.27000000,2018-05,1,0
761297,2016-10-05,4,5313.74000000,2016-10,1,0
761306,2016-02-10,3,14496.69000000,2016-02,1,1
761433,2017-08-23,3,3164.73000000,2017-08,1,0
76149,2019-09-07,1,71.16000000,2019-09,1,0
761495,2018-01-02,4,15627.27000000,2018-01,1,1
761908,2017-06-15,4,15047.00000000,2017-06,1,0
761955,2016-05-12,1,17.99000000,2016-05,1,0
762108,2017-05-29,2,1896.97000000,2017-05,1,0
762498,2017-04-29,1,2880.00000000,2017-04,1,0
762540,2017-02-16,1,499.90000000,2017-02,1,0
762585,2020-09-02,1,151.48000000,2020-09,1,0
762652,2018-06-12,3,3817.79000000,2018-06,1,0
762782,2018-08-24,2,7839.32000000,2018-08,1,0
762959,2016-03-05,3,4995.94000000,2016-03,1,0
763033,2017-03-01,4,19517.91000000,2017-03,1,0
763246,2016-01-02,1,9599.97000000,2016-01,1,0
763336,2016-12-30,1,919.00000000,2016-12,1,0
763337,2018-08-11,2,3919.96000000,2018-08,1,0
763509,2018-10-23,1,213.53000000,2018-10,1,0
763573,2016-07-20,3,27017.10000000,2016-07,1,0
763597,2018-01-09,3,3854.83000000,2018-01,1,0
763606,2019-01-30,1,1958.95000000,2019-01,1,0
763798,2019-06-22,1,5879.96000000,2019-06,1,0
764100,2016-12-26,1,1207.00000000,2016-12,1,0
764618,2019-10-08,2,1869.06000000,2019-10,1,1
764628,2016-07-18,3,4011.50000000,2016-07,1,0
76499,2018-11-18,1,44.00000000,2018-11,1,0
765589,2019-05-30,1,775.98000000,2019-05,1,0
76560,2018-02-03,2,8687.40000000,2018-02,1,0
765629,2018-12-14,1,27.90000000,2018-12,1,0
765879,2019-07-04,1,347.29000000,2019-07,1,0
765944,2020-02-04,1,429.65000000,2020-02,1,0
765949,2016-10-17,3,2381.74000000,2016-10,1,0
766410,2019-02-16,1,2819.34000000,2019-02,1,0
766452,2020-02-15,1,529.73000000,2020-02,1,0
766472,2019-02-28,1,460.00000000,2019-02,1,0
766542,2016-10-17,1,154.14000000,2016-10,1,0
766566,2020-06-06,1,59.96000000,2020-06,1,0
766850,2018-05-01,1,7020.97000000,2018-05,1,0
76714,2017-09-02,2,4949.51000000,2017-09,1,0
768089,2019-08-09,1,1653.99000000,2019-08,1,0
768197,2016-12-31,1,2946.87000000,2016-12,1,0
768280,2017-08-22,3,5084.99000000,2017-08,1,0
768377,2017-05-23,2,15334.38000000,2017-05,1,0
768386,2017-07-19,1,102.00000000,2017-07,1,0
768430,2021-02-18,1,513.32000000,2021-02,0,0
768850,2017-06-21,2,3137.80000000,2017-06,1,0
768882,2019-02-28,4,14622.37000000,2019-02,1,0
76891,2020-12-24,1,9389.80000000,2020-12,0,0
769090,2016-09-29,3,3672.05000000,2016-09,1,0
769121,2018-10-13,2,13002.51000000,2018-10,1,0
769211,2018-01-06,3,4320.23000000,2018-01,1,0
769462,2019-08-28,1,1234.91000000,2019-08,1,0
769587,2016-11-19,1,89.91000000,2016-11,1,0
769777,2018-11-10,1,370.90000000,2018-11,1,0
76979,2016-12-27,1,549.75000000,2016-12,1,0
769851,2018-09-11,5,5885.91000000,2018-09,1,1
7700,2018-08-31,1,182.97000000,2018-08,1,0
770066,2018-05-03,1,196.90000000,2018-05,1,0
770288,2017-12-28,3,8473.97000000,2017-12,1,0
770299,2019-08-03,1,1328.85000000,2019-08,1,0
770404,2017-09-06,1,2441.40000000,2017-09,1,0
770560,2018-10-22,5,14098.25000000,2018-10,1,1
770856,2016-01-15,2,7234.87000000,2016-01,1,0
771127,2019-11-25,1,2663.76000000,2019-11,1,0
771158,2018-10-10,1,4512.00000000,2018-10,1,0
771291,2019-01-16,1,782.00000000,2019-01,1,0
771348,2018-06-27,3,17316.90000000,2018-06,1,0
77150,2018-12-29,2,6831.48000000,2018-12,1,0
771697,2017-08-30,2,10521.80000000,2017-08,1,0
771803,2020-08-07,1,610.55000000,2020-08,1,0
771868,2019-06-07,1,950.00000000,2019-06,1,0
771968,2018-07-10,1,1179.00000000,2018-07,1,0
772324,2017-06-17,2,2021.53000000,2017-06,1,1
772646,2016-06-29,8,6787.55000000,2016-06,1,1
772732,2018-02-22,1,1278.04000000,2018-02,1,0
772817,2018-07-19,1,750.00000000,2018-07,1,0
77290,2017-07-06,1,399.99000000,2017-07,1,0
772975,2016-05-21,3,2836.62000000,2016-05,1,0
773180,2019-07-20,1,329.97000000,2019-07,1,0
773234,2017-12-01,1,6594.92000000,2017-12,1,0
773587,2019-02-12,1,3994.60000000,2019-02,1,0
773896,2016-09-02,6,22010.53000000,2016-09,1,0
774165,2016-04-26,4,9382.85000000,2016-04,1,0
774205,2017-05-13,3,13086.95000000,2017-05,1,0
774483,2017-10-11,5,13581.23000000,2017-10,1,0
774618,2016-12-02,1,720.00000000,2016-12,1,0
774742,2016-01-13,3,19436.61000000,2016-01,1,1
775116,2019-09-04,1,1730.00000000,2019-09,1,0
775223,2016-07-01,3,4633.70000000,2016-07,1,0
775239,2016-08-27,5,14444.80000000,2016-08,1,0
77534,2018-07-22,1,2706.89000000,2018-07,1,0
775588,2018-01-20,3,13724.41000000,2018-01,1,0
775606,2018-04-27,3,3394.97000000,2018-04,1,0
775966,2017-02-06,3,5394.97000000,2017-02,1,0
776200,2020-02-22,1,28.00000000,2020-02,1,0
776266,2016-01-06,3,3875.46000000,2016-01,1,0
776308,2019-02-25,1,3915.89000000,2019-02,1,0
776341,2018-12-13,2,3846.39000000,2018-12,1,0
776422,2019-12-19,1,2703.70000000,2019-12,1,0
776431,2016-01-23,1,1154.50000000,2016-01,1,0
776865,2019-12-20,1,955.00000000,2019-12,1,0
777143,2016-06-23,2,6220.78000000,2016-06,1,0
777144,2019-09-08,3,7080.71000000,2019-09,1,1
777192,2019-02-27,1,1183.52000000,2019-02,1,0
777391,2019-01-01,2,1788.00000000,2019-01,1,0
777495,2019-08-14,2,1603.76000000,2019-08,1,0
777688,2019-02-09,3,11108.61000000,2019-02,1,0
777813,2017-07-27,2,3079.56000000,2017-07,1,0
777904,2016-11-05,1,6.88000000,2016-11,1,0
777994,2018-09-25,1,2183.99000000,2018-09,1,0
778127,2018-06-21,3,1523.50000000,2018-06,1,0
778259,2016-01-06,2,6841.73000000,2016-01,1,0
7783,2019-09-13,1,1299.95000000,2019-09,1,0
778498,2016-03-08,6,22542.15000000,2016-03,1,0
778574,2018-01-20,1,169.00000000,2018-01,1,0
778636,2016-07-30,8,11685.19000000,2016-07,1,0
779320,2017-09-12,2,2658.50000000,2017-09,1,0
779729,2020-12-31,1,888.89000000,2020-12,0,0
780145,2019-09-26,1,899.94000000,2019-09,1,0
780607,2019-01-30,1,835.97000000,2019-01,1,0
780674,2016-01-19,2,1105.95000000,2016-01,1,0
780806,2018-12-29,2,2658.14000000,2018-12,1,1
780834,2018-07-05,2,1407.00000000,2018-07,1,0
78097,2017-12-25,2,787.61000000,2017-12,1,0
780974,2016-01-16,9,24847.98000000,2016-01,1,0
781667,2017-12-02,2,3945.97000000,2017-12,1,0
781703,2018-05-19,2,1620.57000000,2018-05,1,0
781865,2017-12-21,1,2317.96000000,2017-12,1,0
782107,2019-01-04,3,2747.50000000,2019-01,1,0
782381,2019-10-04,1,29.95000000,2019-10,1,0
782571,2019-10-23,1,1376.00000000,2019-10,1,0
782741,2018-12-24,1,1149.50000000,2018-12,1,0
783060,2017-02-08,2,6247.18000000,2017-02,1,0
783323,2020-08-17,1,3695.48000000,2020-08,1,0
783542,2018-12-18,2,1181.58000000,2018-12,1,1
783691,2016-02-06,2,22569.85000000,2016-02,1,1
784001,2016-02-03,4,5430.56000000,2016-02,1,1
784075,2016-01-07,1,1049.93000000,2016-01,1,0
784276,2018-03-02,3,4138.00000000,2018-03,1,0
78428,2017-08-24,3,10616.26000000,2017-08,1,0
784296,2016-02-12,3,1230.70000000,2016-02,1,0
784331,2016-11-20,2,5808.99000000,2016-11,1,0
784521,2017-01-14,1,3068.00000000,2017-01,1,0
784536,2017-07-01,1,5097.00000000,2017-07,1,0
784572,2017-03-10,3,25330.97000000,2017-03,1,0
784640,2020-02-10,2,715.42000000,2020-02,1,1
784983,2018-02-19,4,16764.76000000,2018-02,1,0
785234,2018-06-30,1,2013.93000000,2018-06,1,0
785245,2016-07-16,3,2851.25000000,2016-07,1,0
785344,2016-07-30,4,3250.87000000,2016-07,1,0
785353,2018-11-08,3,4057.99000000,2018-11,1,0
785381,2018-02-09,2,10263.00000000,2018-02,1,0
785441,2017-06-29,4,2939.41000000,2017-06,1,0
785565,2020-01-14,2,13239.07000000,2020-01,1,1
785749,2017-08-17,1,1897.62000000,2017-08,1,0
78578,2020-01-08,1,540.00000000,2020-01,1,0
785861,2016-12-13,1,2661.91000000,2016-12,1,0
786030,2018-07-09,4,9036.23000000,2018-07,1,0
786094,2016-08-18,3,3157.74000000,2016-08,1,0
78616,2018-12-08,1,336.00000000,2018-12,1,0
786238,2018-10-24,2,3696.94000000,2018-10,1,0
786466,2016-09-08,1,694.47000000,2016-09,1,0
786560,2017-02-10,1,2557.27000000,2017-02,1,0
786832,2017-02-16,4,12699.32000000,2017-02,1,0
786890,2017-12-05,2,4188.80000000,2017-12,1,0
786926,2019-12-20,1,2017.36000000,2019-12,1,0
787315,2016-12-22,7,14963.81000000,2016-12,1,0
788145,2018-06-30,1,399.80000000,2018-06,1,0
788244,2018-01-12,3,5016.85000000,2018-01,1,0
788408,2018-02-23,1,8936.26000000,2018-02,1,0
788414,2018-09-05,2,6265.66000000,2018-09,1,0
788420,2019-11-25,1,660.00000000,2019-11,1,0
788625,2016-12-20,2,3586.45000000,2016-12,1,0
788834,2017-12-20,2,3374.95000000,2017-12,1,0
789061,2019-07-16,1,644.04000000,2019-07,1,0
789108,2018-02-07,3,2605.29000000,2018-02,1,0
789177,2019-01-18,2,2038.00000000,2019-01,1,0
789492,2018-01-02,1,5171.58000000,2018-01,1,0
789600,2016-03-04,5,11172.18000000,2016-03,1,1
789641,2016-01-09,1,2224.00000000,2016-01,1,0
789837,2018-06-27,1,727.00000000,2018-06,1,0
789843,2018-11-23,1,67.96000000,2018-11,1,0
790067,2017-01-07,1,4567.99000000,2017-01,1,0
790269,2018-11-28,3,5236.98000000,2018-11,1,0
790329,2017-10-14,2,8142.16000000,2017-10,1,1
790593,2016-09-09,2,4655.28000000,2016-09,1,0
79131,2016-12-16,2,4287.48000000,2016-12,1,0
791538,2020-12-29,1,2385.64000000,2020-12,0,0
791544,2017-06-29,3,3834.65000000,2017-06,1,0
791753,2017-06-01,3,1977.70000000,2017-06,1,1
791808,2019-10-21,1,140.74000000,2019-10,1,0
791825,2019-01-01,1,1130.89000000,2019-01,1,0
791855,2017-11-18,2,4067.91000000,2017-11,1,0
79191,2020-04-29,1,6758.35000000,2020-04,1,0
791967,2018-01-05,4,8760.84000000,2018-01,1,0
792110,2016-01-28,1,2124.00000000,2016-01,1,0
792270,2019-12-11,2,1317.40000000,2019-12,1,1
792279,2019-12-04,3,6543.95000000,2019-12,1,1
792298,2017-02-18,1,369.00000000,2017-02,1,0
792434,2018-08-18,4,9243.55000000,2018-08,1,0
79245,2020-01-23,1,3497.00000000,2020-01,1,0
792588,2016-07-14,2,12434.34000000,2016-07,1,0
792601,2016-07-06,1,1531.00000000,2016-07,1,0
792829,2016-09-17,4,8398.29000000,2016-09,1,0
793099,2019-07-15,1,298.00000000,2019-07,1,0
793573,2016-01-02,2,6382.16000000,2016-01,1,0
793686,2016-06-26,10,13097.44000000,2016-06,1,1
793700,2019-06-12,1,2670.97000000,2019-06,1,0
793867,2016-06-09,4,10967.94000000,2016-06,1,0
793968,2016-01-14,1,223.84000000,2016-01,1,0
794575,2017-11-30,2,2155.00000000,2017-11,1,0
795382,2017-09-14,2,5642.70000000,2017-09,1,0
795665,2018-08-09,3,2034.79000000,2018-08,1,1
795767,2016-10-22,1,219.00000000,2016-10,1,0
795887,2016-11-01,1,1589.78000000,2016-11,1,0
796191,2016-11-21,6,7463.08000000,2016-11,1,0
796439,2016-05-03,4,2888.98000000,2016-05,1,0
796606,2018-09-21,1,1111.93000000,2018-09,1,0
796631,2016-12-20,5,10508.18000000,2016-12,1,1
797322,2016-01-11,2,5910.25000000,2016-01,1,0
797480,2020-05-06,1,10634.00000000,2020-05,1,0
797634,2016-06-10,1,3439.67000000,2016-06,1,0
797679,2019-11-16,1,1289.66000000,2019-11,1,0
798120,2017-04-29,1,398.00000000,2017-04,1,0
798990,2018-10-23,2,8739.84000000,2018-10,1,0
799025,2017-09-05,2,661.36000000,2017-09,1,0
799260,2016-11-26,2,2259.00000000,2016-11,1,0
799323,2020-02-03,1,1432.00000000,2020-02,1,0
799366,2016-01-02,1,4819.39000000,2016-01,1,0
799620,2018-01-18,2,5209.94000000,2018-01,1,0
799689,2018-03-17,1,1271.90000000,2018-03,1,0
799779,2016-09-21,1,400.00000000,2016-09,1,0
800156,2019-05-30,3,1993.82000000,2019-05,1,1
800159,2017-08-14,2,790.18000000,2017-08,1,0
800273,2018-01-02,3,8297.94000000,2018-01,1,0
80029,2019-01-30,1,519.98000000,2019-01,1,0
800304,2016-10-20,1,665.94000000,2016-10,1,0
800388,2016-03-11,2,3680.18000000,2016-03,1,0
800548,2016-01-09,1,37.98000000,2016-01,1,0
800891,2020-07-22,1,289.99000000,2020-07,1,0
800933,2020-01-07,1,3877.20000000,2020-01,1,0
800943,2017-09-21,1,3630.56000000,2017-09,1,0
800959,2019-10-18,1,496.00000000,2019-10,1,0
801069,2018-10-11,3,1590.37000000,2018-10,1,0
801168,2019-01-04,2,27276.08000000,2019-01,1,0
801203,2019-12-31,1,1043.58000000,2019-12,1,0
80128,2017-03-04,1,91.56000000,2017-03,1,0
801350,2016-10-11,1,4945.30000000,2016-10,1,0
80155,2017-01-13,2,471.94000000,2017-01,1,0
80172,2018-12-24,3,11351.95000000,2018-12,1,0
801770,2019-08-29,1,1813.95000000,2019-08,1,0
801780,2021-01-19,1,5747.00000000,2021-01,0,0
801796,2019-11-12,1,4817.25000000,2019-11,1,0
801893,2018-01-30,2,3443.44000000,2018-01,1,0
802041,2018-10-12,3,11900.96000000,2018-10,1,1
802246,2018-12-11,1,4207.29000000,2018-12,1,0
802265,2016-06-12,2,1505.91000000,2016-06,1,0
802354,2019-11-27,1,3931.04000000,2019-11,1,0
802596,2018-02-08,1,1177.00000000,2018-02,1,0
802660,2018-03-10,2,1488.87000000,2018-03,1,0
80273,2019-05-18,1,1845.97000000,2019-05,1,0
802757,2018-12-20,3,6905.01000000,2018-12,1,1
803022,2019-06-05,1,259.90000000,2019-06,1,0
803041,2019-10-31,1,1129.00000000,2019-10,1,0
803125,2018-12-04,3,3602.88000000,2018-12,1,1
803670,2021-02-08,1,6717.02000000,2021-02,0,0
803903,2019-11-09,2,760.80000000,2019-11,1,0
804008,2020-02-25,1,25.69000000,2020-02,1,0
804388,2019-10-02,2,7551.91000000,2019-10,1,0
804871,2018-02-09,2,1419.75000000,2018-02,1,0
805166,2017-09-20,4,4388.92000000,2017-09,1,0
805212,2019-08-22,1,1980.88000000,2019-08,1,0
805258,2018-01-30,3,4306.26000000,2018-01,1,0
805389,2020-12-08,1,2263.66000000,2020-12,0,0
805635,2018-11-07,2,2465.85000000,2018-11,1,0
805914,2017-07-24,4,13622.60000000,2017-07,1,0
80598,2020-01-30,1,999.80000000,2020-01,1,0
806791,2016-12-21,2,17379.80000000,2016-12,1,0
806903,2019-09-07,2,678.92000000,2019-09,1,1
807061,2019-12-30,1,613.68000000,2019-12,1,0
807157,2019-06-25,1,934.97000000,2019-06,1,0
807349,2017-02-24,1,2394.97000000,2017-02,1,0
807577,2019-02-14,1,347.64000000,2019-02,1,0
807641,2016-10-12,2,7497.74000000,2016-10,1,0
807958,2017-12-20,4,5852.19000000,2017-12,1,0
808000,2017-09-19,4,2918.57000000,2017-09,1,0
808172,2017-12-13,2,996.90000000,2017-12,1,0
808497,2018-05-12,2,2924.72000000,2018-05,1,0
808540,2016-12-30,1,748.88000000,2016-12,1,0
808670,2019-05-15,2,5052.28000000,2019-05,1,0
809163,2019-10-11,1,1345.98000000,2019-10,1,0
809243,2018-12-26,1,4935.55000000,2018-12,1,0
809370,2019-11-08,1,157.87000000,2019-11,1,0
809452,2017-03-02,2,5867.03000000,2017-03,1,0
809659,2019-12-27,2,91.66000000,2019-12,1,1
8098,2019-08-21,1,2094.00000000,2019-08,1,0
810167,2019-02-22,3,9281.09000000,2019-02,1,0
81018,2016-11-05,2,20727.46000000,2016-11,1,0
810226,2018-12-27,2,507.98000000,2018-12,1,0
810304,2019-01-18,2,1551.00000000,2019-01,1,0
810415,2017-07-27,2,7697.63000000,2017-07,1,0
810541,2019-01-15,1,536.00000000,2019-01,1,0
810775,2019-02-23,1,1120.98000000,2019-02,1,0
810797,2019-02-22,1,2489.90000000,2019-02,1,0
810900,2016-10-26,2,11956.31000000,2016-10,1,0
810968,2019-09-25,4,224.36000000,2019-09,1,1
811059,2016-10-13,2,926.97000000,2016-10,1,0
811306,2019-09-19,1,1095.00000000,2019-09,1,0
811602,2020-01-24,1,2436.00000000,2020-01,1,0
811715,2019-08-16,1,3325.98000000,2019-08,1,0
811725,2019-11-07,1,438.00000000,2019-11,1,0
811809,2018-02-24,4,7900.62000000,2018-02,1,0
811912,2016-02-25,3,12974.22000000,2016-02,1,0
812462,2016-08-19,5,13479.14000000,2016-08,1,0
812557,2017-06-17,4,3297.08000000,2017-06,1,0
813109,2018-11-01,2,2060.89000000,2018-11,1,0
813600,2020-07-15,2,1793.77000000,2020-07,1,0
813685,2016-01-11,2,519.98000000,2016-01,1,0
813692,2018-12-06,2,1821.39000000,2018-12,1,0
813868,2019-11-23,1,359.98000000,2019-11,1,0
813943,2017-12-23,2,5416.90000000,2017-12,1,0
814070,2019-01-26,1,534.72000000,2019-01,1,0
814141,2016-09-29,3,1242.90000000,2016-09,1,1
814284,2016-12-21,1,269.90000000,2016-12,1,0
814898,2020-02-20,1,804.00000000,2020-02,1,0
814949,2019-09-20,1,2299.00000000,2019-09,1,0
815009,2019-09-23,4,2778.32000000,2019-09,1,0
815431,2019-10-25,1,342.70000000,2019-10,1,0
815458,2016-01-02,1,1437.58000000,2016-01,1,0
815559,2019-05-25,2,2144.11000000,2019-05,1,0
815708,2020-05-30,1,1813.00000000,2020-05,1,0
816104,2019-04-27,3,5846.63000000,2019-04,1,0
816452,2019-03-11,1,198.37000000,2019-03,1,0
816687,2016-09-22,2,10527.97000000,2016-09,1,0
816906,2019-11-30,1,3120.00000000,2019-11,1,0
816916,2019-02-13,1,330.00000000,2019-02,1,0
816932,2018-12-31,4,5689.57000000,2018-12,1,1
817078,2018-06-10,2,1801.40000000,2018-06,1,0
81720,2019-01-12,2,14782.87000000,2019-01,1,0
817271,2016-06-14,3,15256.15000000,2016-06,1,0
817645,2018-05-17,2,588.95000000,2018-05,1,0
817781,2018-02-01,3,6491.90000000,2018-02,1,0
817992,2018-01-06,2,2572.97000000,2018-01,1,0
8181,2020-02-19,1,1991.94000000,2020-02,1,0
818100,2017-12-27,1,6758.44000000,2017-12,1,0
818245,2016-07-12,2,10228.97000000,2016-07,1,0
818966,2017-06-29,1,6544.16000000,2017-06,1,0
819031,2018-11-21,2,8928.00000000,2018-11,1,0
819369,2020-01-06,2,13967.65000000,2020-01,1,0
819688,2020-02-28,1,102.00000000,2020-02,1,0
819803,2019-06-24,2,5730.91000000,2019-06,1,0
819814,2018-07-14,1,132.99000000,2018-07,1,0
819887,2018-12-15,1,2978.21000000,2018-12,1,0
819982,2017-12-02,1,508.00000000,2017-12,1,0
820276,2017-05-10,2,2490.43000000,2017-05,1,0
820468,2017-01-21,3,4577.08000000,2017-01,1,0
820595,2016-06-03,1,474.00000000,2016-06,1,0
820848,2018-10-13,1,1380.89000000,2018-10,1,0
820946,2019-08-01,2,1187.54000000,2019-08,1,0
821074,2019-02-01,1,894.28000000,2019-02,1,0
821079,2020-05-06,1,1375.98000000,2020-05,1,0
821760,2018-08-11,2,1801.97000000,2018-08,1,0
822180,2017-12-25,1,57.88000000,2017-12,1,0
822437,2019-10-07,1,2537.85000000,2019-10,1,0
822658,2018-01-04,4,15224.40000000,2018-01,1,0
822698,2016-02-03,2,1939.89000000,2016-02,1,0
823079,2017-06-21,5,7062.35000000,2017-06,1,0
823143,2018-12-16,2,2631.74000000,2018-12,1,0
823157,2019-11-27,1,1329.14000000,2019-11,1,0
823264,2018-12-01,1,381.98000000,2018-12,1,0
823679,2018-01-12,1,4911.40000000,2018-01,1,0
823682,2020-01-06,2,1478.00000000,2020-01,1,0
82415,2016-01-08,3,3467.87000000,2016-01,1,0
824232,2020-07-18,1,2665.00000000,2020-07,1,0
824543,2017-02-02,4,3901.56000000,2017-02,1,0
824641,2018-03-09,2,1597.98000000,2018-03,1,0
824697,2016-12-29,1,308.96000000,2016-12,1,0
824789,2017-10-27,1,326.00000000,2017-10,1,0
824810,2016-02-13,3,2967.53000000,2016-02,1,0
825321,2019-06-15,2,6253.45000000,2019-06,1,0
82533,2017-01-06,2,409.85000000,2017-01,1,0
825334,2017-05-13,2,660.82000000,2017-05,1,0
825856,2019-07-13,1,41.67000000,2019-07,1,0
825894,2018-09-11,4,22374.94000000,2018-09,1,0
825960,2020-06-09,1,308.97000000,2020-06,1,0
826032,2017-05-31,3,4312.35000000,2017-05,1,0
826253,2017-04-26,3,1303.95000000,2017-04,1,0
82644,2017-05-26,3,5438.33000000,2017-05,1,0
826491,2018-11-08,2,11609.85000000,2018-11,1,0
826672,2018-08-22,1,476.00000000,2018-08,1,0
826782,2019-05-07,1,4931.40000000,2019-05,1,0
826863,2018-01-06,2,15616.95000000,2018-01,1,0
827041,2019-02-07,1,3279.54000000,2019-02,1,0
827536,2020-02-25,1,301.65000000,2020-02,1,0
828017,2016-02-22,1,699.95000000,2016-02,1,0
828028,2018-09-15,1,714.00000000,2018-09,1,0
828125,2018-03-05,3,4366.07000000,2018-03,1,0
828800,2018-12-31,2,1868.68000000,2018-12,1,0
828806,2018-09-01,1,2729.72000000,2018-09,1,0
828969,2017-02-15,2,5837.18000000,2017-02,1,0
829132,2016-01-30,1,573.60000000,2016-01,1,0
829295,2018-10-06,3,3067.98000000,2018-10,1,0
829346,2017-07-18,4,14476.05000000,2017-07,1,0
829679,2016-10-14,1,2761.87000000,2016-10,1,0
829929,2020-06-12,1,589.97000000,2020-06,1,0
830087,2019-02-19,2,2175.96000000,2019-02,1,0
830137,2018-06-02,4,6965.22000000,2018-06,1,0
830366,2018-11-09,3,6763.94000000,2018-11,1,1
830447,2018-09-22,2,6740.91000000,2018-09,1,0
830610,2020-01-18,1,4219.00000000,2020-01,1,0
830683,2019-08-29,2,1567.00000000,2019-08,1,0
830974,2018-11-22,1,1168.96000000,2018-11,1,0
831062,2019-02-16,1,57.88000000,2019-02,1,0
831099,2019-07-14,2,5203.35000000,2019-07,1,0
831151,2016-08-25,2,13618.45000000,2016-08,1,0
831207,2016-08-25,1,1216.40000000,2016-08,1,0
831208,2016-09-29,3,7052.57000000,2016-09,1,0
831657,2016-02-22,5,6214.27000000,2016-02,1,1
831717,2017-09-04,2,638.93000000,2017-09,1,0
832004,2019-05-25,2,2642.46000000,2019-05,1,1
832078,2019-01-12,1,51.38000000,2019-01,1,0
832272,2016-02-21,1,6313.99000000,2016-02,1,0
832343,2018-01-24,1,664.93000000,2018-01,1,0
832398,2020-10-12,2,506.92000000,2020-10,1,0
832813,2018-06-30,4,5197.20000000,2018-06,1,1
833090,2019-05-25,1,13.78000000,2019-05,1,0
833662,2017-10-24,3,4885.91000000,2017-10,1,0
833699,2019-05-11,1,872.40000000,2019-05,1,0
833851,2017-11-15,1,114.45000000,2017-11,1,0
834086,2018-05-29,1,3798.93000000,2018-05,1,0
834109,2019-09-17,1,1055.57000000,2019-09,1,0
834236,2017-05-25,1,3866.98000000,2017-05,1,0
834480,2017-02-21,1,2555.98000000,2017-02,1,0
834550,2019-11-20,1,3715.65000000,2019-11,1,0
834711,2018-11-29,2,3274.10000000,2018-11,1,0
834977,2016-12-28,2,5292.61000000,2016-12,1,0
835043,2018-03-08,1,4932.60000000,2018-03,1,0
835380,2019-07-12,1,310.90000000,2019-07,1,0
835381,2020-07-09,1,676.92000000,2020-07,1,0
835552,2017-07-12,3,3140.80000000,2017-07,1,0
835858,2018-06-08,2,4737.90000000,2018-06,1,0
836267,2020-05-07,2,10317.54000000,2020-05,1,0
83643,2019-11-18,1,604.00000000,2019-11,1,0
836435,2018-12-18,4,8447.75000000,2018-12,1,0
836443,2016-12-07,3,3842.85000000,2016-12,1,0
83651,2020-01-08,1,737.02000000,2020-01,1,0
836853,2018-08-03,2,2767.19000000,2018-08,1,0
83690,2016-09-13,1,265.98000000,2016-09,1,0
836922,2017-11-30,2,1749.99000000,2017-11,1,0
83705,2016-09-29,1,3291.88000000,2016-09,1,0
837092,2017-07-16,1,1857.00000000,2017-07,1,0
837312,2018-06-30,2,3558.89000000,2018-06,1,0
837383,2016-06-16,2,4101.94000000,2016-06,1,1
837475,2017-06-19,2,5053.65000000,2017-06,1,0
837507,2019-06-01,1,663.99000000,2019-06,1,0
837526,2017-01-31,3,3140.82000000,2017-01,1,0
837545,2020-08-10,1,1938.00000000,2020-08,1,0
837654,2019-03-14,2,287.32000000,2019-03,1,0
837702,2018-11-15,2,6534.87000000,2018-11,1,0
837781,2019-12-20,1,3158.97000000,2019-12,1,0
837825,2019-09-13,1,205.52000000,2019-09,1,0
837850,2019-09-20,1,148.32000000,2019-09,1,0
837870,2017-12-22,5,8096.30000000,2017-12,1,0
837943,2017-11-02,1,1656.41000000,2017-11,1,0
838480,2019-03-12,2,8716.28000000,2019-03,1,0
838631,2018-09-18,3,4339.88000000,2018-09,1,0
839353,2017-12-27,4,6164.74000000,2017-12,1,0
83985,2019-07-16,2,3477.50000000,2019-07,1,1
839871,2019-07-01,1,1304.19000000,2019-07,1,0
839948,2016-07-05,2,2179.90000000,2016-07,1,0
839949,2018-10-12,1,800.00000000,2018-10,1,0
840443,2017-06-22,1,3355.00000000,2017-06,1,0
840446,2019-10-02,2,4646.41000000,2019-10,1,1
840642,2017-07-08,2,4345.90000000,2017-07,1,0
84085,2019-11-19,1,6503.99000000,2019-11,1,0
841472,2018-02-12,4,7862.66000000,2018-02,1,0
841761,2020-01-03,2,5105.99000000,2020-01,1,1
841852,2016-11-29,1,2619.93000000,2016-11,1,0
842205,2017-12-19,3,1858.98000000,2017-12,1,1
842317,2017-05-25,4,3987.14000000,2017-05,1,0
842359,2020-06-30,1,2593.66000000,2020-06,1,0
842407,2017-01-19,1,699.93000000,2017-01,1,0
843433,2020-03-07,1,94.17000000,2020-03,1,0
843554,2019-11-14,1,9.96000000,2019-11,1,0
843597,2020-02-20,1,995.00000000,2020-02,1,0
844003,2016-01-01,1,1876.00000000,2016-01,1,0
844208,2016-12-30,2,4915.03000000,2016-12,1,0
844232,2018-09-22,1,287.70000000,2018-09,1,0
844474,2016-09-15,5,10142.76000000,2016-09,1,0
844760,2019-02-07,1,316.00000000,2019-02,1,0
844832,2016-01-20,1,1131.90000000,2016-01,1,0
845119,2019-07-08,1,935.00000000,2019-07,1,0
845362,2018-10-12,2,2364.92000000,2018-10,1,1
845516,2017-06-14,2,2495.91000000,2017-06,1,0
845621,2018-11-21,2,2040.50000000,2018-11,1,0
845864,2018-10-06,2,889.98000000,2018-10,1,0
846031,2018-09-05,2,2316.97000000,2018-09,1,0
846141,2017-10-25,1,7377.32000000,2017-10,1,0
846187,2017-05-27,4,5398.87000000,2017-05,1,0
846264,2020-02-08,1,2011.16000000,2020-02,1,0
846847,2020-03-09,1,1143.96000000,2020-03,1,0
846917,2019-12-23,1,499.90000000,2019-12,1,0
847185,2016-09-28,1,677.89000000,2016-09,1,0
847222,2016-12-16,2,6732.45000000,2016-12,1,0
847501,2017-12-15,2,9309.45000000,2017-12,1,0
848117,2018-06-07,2,3643.99000000,2018-06,1,0
848290,2020-01-23,1,1275.00000000,2020-01,1,0
848337,2019-07-18,2,2631.29000000,2019-07,1,1
848374,2016-06-09,1,743.85000000,2016-06,1,0
848393,2018-07-25,1,259.00000000,2018-07,1,0
848517,2018-01-04,1,258.00000000,2018-01,1,0
848570,2019-05-30,2,3744.84000000,2019-05,1,0
848846,2019-02-19,1,4649.00000000,2019-02,1,0
848896,2019-12-21,1,1044.98000000,2019-12,1,0
848897,2018-06-02,2,3836.25000000,2018-06,1,1
848928,2019-12-30,1,2097.00000000,2019-12,1,0
849208,2018-08-28,1,9057.37000000,2018-08,1,0
849706,2019-10-12,2,428.11000000,2019-10,1,0
849863,2020-09-10,1,5002.00000000,2020-09,1,0
850158,2019-06-06,1,607.96000000,2019-06,1,0
850204,2016-09-12,2,3119.52000000,2016-09,1,0
850529,2016-09-07,4,5341.26000000,2016-09,1,0
850585,2019-06-07,1,8284.60000000,2019-06,1,0
850625,2019-02-13,1,313.94000000,2019-02,1,0
85080,2021-02-10,1,1152.00000000,2021-02,0,0
850894,2018-09-10,1,113.85000000,2018-09,1,0
851066,2021-02-16,1,1308.68000000,2021-02,0,0
851164,2019-09-20,1,824.92000000,2019-09,1,0
85124,2019-10-29,1,299.00000000,2019-10,1,0
851653,2019-03-07,1,16.50000000,2019-03,1,0
851776,2018-05-09,1,94.99000000,2018-05,1,0
851890,2018-05-15,4,7198.08000000,2018-05,1,1
852023,2018-11-08,2,603.78000000,2018-11,1,0
852444,2017-12-12,3,5206.91000000,2017-12,1,0
85265,2017-06-21,3,1713.84000000,2017-06,1,1
853262,2018-12-31,1,109.99000000,2018-12,1,0
853325,2019-10-26,1,814.99000000,2019-10,1,0
853416,2019-05-01,2,804.33000000,2019-05,1,0
853548,2018-07-21,5,866.24000000,2018-07,1,0
853808,2020-08-12,1,327.00000000,2020-08,1,0
854269,2019-08-01,1,110.53000000,2019-08,1,0
85430,2019-02-28,1,470.00000000,2019-02,1,0
854324,2016-09-27,1,801.00000000,2016-09,1,0
854554,2017-08-04,2,1777.41000000,2017-08,1,0
854579,2019-01-19,1,13.76000000,2019-01,1,0
854629,2020-10-07,1,3305.64000000,2020-10,1,0
855069,2016-10-13,1,3164.00000000,2016-10,1,0
855237,2017-02-15,1,439.90000000,2017-02,1,0
855476,2019-05-29,2,2463.75000000,2019-05,1,0
855668,2019-03-16,2,676.99000000,2019-03,1,0
85597,2016-11-09,2,5794.93000000,2016-11,1,0
85609,2017-09-21,2,476.30000000,2017-09,1,0
856134,2017-08-19,2,5484.46000000,2017-08,1,0
856210,2019-03-02,1,4845.00000000,2019-03,1,0
856222,2020-02-04,1,2015.98000000,2020-02,1,0
856365,2016-06-17,2,4831.67000000,2016-06,1,0
856497,2018-12-20,3,5476.73000000,2018-12,1,0
856525,2016-05-28,2,22996.96000000,2016-05,1,0
856677,2018-09-20,2,9582.00000000,2018-09,1,0
856705,2019-02-16,2,5709.10000000,2019-02,1,1
856895,2016-09-26,2,4495.98000000,2016-09,1,0
857048,2017-03-08,3,1704.00000000,2017-03,1,0
857122,2020-02-22,1,2295.00000000,2020-02,1,0
857287,2016-02-02,3,5268.03000000,2016-02,1,0
857426,2019-06-18,1,4466.91000000,2019-06,1,0
857638,2018-12-19,4,4799.35000000,2018-12,1,1
857753,2019-01-02,1,14.94000000,2019-01,1,0
85804,2018-05-12,1,6339.95000000,2018-05,1,0
858069,2019-05-23,1,86.00000000,2019-05,1,0
858132,2016-11-21,3,3575.42000000,2016-11,1,0
858185,2018-02-21,4,2549.16000000,2018-02,1,0
858368,2018-12-15,1,3080.96000000,2018-12,1,0
85861,2019-08-21,2,236.33000000,2019-08,1,0
858612,2020-03-09,1,17.99000000,2020-03,1,0
858760,2016-02-18,4,10317.64000000,2016-02,1,0
859240,2018-08-17,4,2360.05000000,2018-08,1,1
859349,2020-02-15,1,1751.99000000,2020-02,1,0
859566,2017-06-01,3,5829.02000000,2017-06,1,0
859587,2017-07-03,3,128.90000000,2017-07,1,0
85974,2018-05-10,3,7581.15000000,2018-05,1,0
859790,2018-12-29,2,4061.98000000,2018-12,1,0
859981,2016-07-06,2,4430.65000000,2016-07,1,0
860255,2016-09-14,1,1202.06000000,2016-09,1,0
86036,2020-02-15,1,2046.54000000,2020-02,1,0
860549,2018-02-10,3,1511.93000000,2018-02,1,0
860762,2019-10-10,1,1979.94000000,2019-10,1,0
860985,2019-02-22,2,3525.90000000,2019-02,1,1
861207,2019-03-14,3,2202.03000000,2019-03,1,0
861209,2017-11-10,1,5.50000000,2017-11,1,0
86126,2016-01-12,2,4689.83000000,2016-01,1,0
861320,2018-09-29,1,5192.42000000,2018-09,1,0
861729,2016-09-19,3,3448.23000000,2016-09,1,0
861730,2018-08-04,2,3329.64000000,2018-08,1,0
861784,2016-11-10,1,488.12000000,2016-11,1,0
862134,2020-05-04,1,2395.00000000,2020-05,1,0
86267,2020-11-03,1,3023.00000000,2020-11,1,0
862830,2019-02-20,2,2937.70000000,2019-02,1,0
863057,2019-09-03,1,3208.99000000,2019-09,1,0
863561,2019-10-19,2,1202.99000000,2019-10,1,0
863819,2016-06-18,2,2571.79000000,2016-06,1,0
864103,2018-12-11,1,693.95000000,2018-12,1,0
864150,2020-02-06,1,876.00000000,2020-02,1,0
864331,2017-08-30,1,1034.00000000,2017-08,1,0
864479,2019-04-25,2,488.90000000,2019-04,1,1
86465,2019-01-05,2,85.97000000,2019-01,1,0
864691,2018-01-05,1,1562.89000000,2018-01,1,0
864708,2019-06-21,2,3633.90000000,2019-06,1,0
86472,2019-06-29,1,2664.80000000,2019-06,1,0
86475,2018-12-29,2,4917.72000000,2018-12,1,0
865163,2017-02-28,4,2649.41000000,2017-02,1,0
865536,2017-11-01,1,599.99000000,2017-11,1,0
865760,2019-06-15,2,2114.54000000,2019-06,1,1
866074,2019-05-17,1,229.90000000,2019-05,1,0
866166,2020-12-09,1,117.89000000,2020-12,0,0
866332,2018-10-25,2,5255.57000000,2018-10,1,1
866393,2018-06-11,2,1767.48000000,2018-06,1,0
866481,2020-01-28,1,5888.71000000,2020-01,1,0
866597,2016-12-16,1,1122.88000000,2016-12,1,0
867445,2020-02-27,1,1669.98000000,2020-02,1,0
868292,2016-10-11,3,4256.26000000,2016-10,1,0
868347,2018-10-11,2,2897.72000000,2018-10,1,0
868367,2020-03-06,2,4502.00000000,2020-03,1,0
868419,2020-09-14,1,539.80000000,2020-09,1,0
868439,2017-08-25,2,2592.66000000,2017-08,1,0
868463,2020-10-13,1,179.99000000,2020-10,1,0
868496,2019-11-16,1,759.78000000,2019-11,1,0
868701,2018-08-23,4,3998.30000000,2018-08,1,0
868738,2018-09-05,1,555.90000000,2018-09,1,0
869108,2019-06-01,2,1339.00000000,2019-06,1,0
869200,2018-08-23,7,6890.65000000,2018-08,1,1
869472,2019-09-18,1,657.00000000,2019-09,1,0
869788,2018-08-04,1,181.00000000,2018-08,1,0
869957,2018-10-02,1,219.95000000,2018-10,1,0
869976,2017-11-28,2,1303.34000000,2017-11,1,0
870611,2020-07-11,1,47.95000000,2020-07,1,0
870651,2019-12-23,1,942.66000000,2019-12,1,0
870682,2019-02-28,2,1101.89000000,2019-02,1,1
870805,2017-05-22,1,5358.82000000,2017-05,1,0
870923,2019-09-28,1,109.54000000,2019-09,1,0
870990,2018-02-05,1,3583.97000000,2018-02,1,0
871066,2019-11-28,2,1040.86000000,2019-11,1,1
871241,2017-09-27,3,12033.13000000,2017-09,1,1
871505,2017-01-16,4,4637.06000000,2017-01,1,0
871585,2018-08-25,1,438.00000000,2018-08,1,0
871690,2017-11-29,2,1177.69000000,2017-11,1,0
871773,2017-02-16,2,2234.94000000,2017-02,1,0
87229,2019-06-15,1,499.90000000,2019-06,1,0
872446,2019-05-25,3,5563.13000000,2019-05,1,0
872477,2018-12-25,1,81.10000000,2018-12,1,0
872535,2020-06-05,1,439.90000000,2020-06,1,0
872536,2018-12-29,3,1958.75000000,2018-12,1,1
872602,2020-02-07,1,808.07000000,2020-02,1,0
872673,2020-01-14,1,3569.68000000,2020-01,1,0
873057,2017-05-10,2,5147.98000000,2017-05,1,1
873119,2019-05-02,1,239.75000000,2019-05,1,0
873197,2018-05-16,2,10657.94000000,2018-05,1,0
873244,2016-07-08,2,930.74000000,2016-07,1,0
873909,2019-06-13,2,2917.78000000,2019-06,1,0
874005,2020-01-03,1,6710.98000000,2020-01,1,0
874048,2018-06-09,1,3618.00000000,2018-06,1,0
874079,2018-10-02,3,25704.80000000,2018-10,1,1
874406,2019-02-21,2,7002.15000000,2019-02,1,0
874447,2019-10-10,1,1259.93000000,2019-10,1,0
875004,2018-08-15,1,4396.29000000,2018-08,1,0
875163,2016-03-11,1,11273.45000000,2016-03,1,0
875420,2018-02-15,1,319.00000000,2018-02,1,0
875430,2018-02-08,3,5000.00000000,2018-02,1,1
875439,2016-06-09,1,2508.00000000,2016-06,1,0
875555,2018-11-19,2,6109.96000000,2018-11,1,1
875626,2017-12-27,2,6897.18000000,2017-12,1,0
875681,2018-02-20,3,1345.83000000,2018-02,1,0
875798,2016-08-04,1,801.97000000,2016-08,1,0
875900,2020-08-12,1,2999.92000000,2020-08,1,0
876113,2019-09-24,3,5344.87000000,2019-09,1,1
876454,2016-02-29,5,17940.21000000,2016-02,1,0
876456,2019-12-02,1,4966.97000000,2019-12,1,0
876685,2017-05-31,4,5932.35000000,2017-05,1,0
876718,2018-11-12,3,7643.59000000,2018-11,1,0
876841,2018-06-08,2,1853.95000000,2018-06,1,0
876859,2017-02-02,1,16295.03000000,2017-02,1,0
87690,2020-09-28,1,1425.04000000,2020-09,1,0
877009,2018-12-31,1,4580.00000000,2018-12,1,0
877023,2020-03-06,1,1259.91000000,2020-03,1,0
877042,2019-02-16,2,11027.92000000,2019-02,1,0
877303,2018-01-23,1,2531.93000000,2018-01,1,0
877347,2018-01-18,2,10152.44000000,2018-01,1,0
877413,2018-12-08,2,1958.93000000,2018-12,1,0
877812,2017-05-02,3,8876.88000000,2017-05,1,0
877990,2016-12-17,3,8884.84000000,2016-12,1,0
878112,2019-02-18,1,2000.54000000,2019-02,1,0
878516,2018-11-21,1,294.00000000,2018-11,1,0
878538,2020-05-01,2,203.90000000,2020-05,1,1
878556,2017-07-05,1,173.64000000,2017-07,1,0
878682,2016-11-09,1,779.93000000,2016-11,1,0
878711,2019-02-20,2,9811.13000000,2019-02,1,0
878831,2017-06-05,2,2355.80000000,2017-06,1,0
878881,2018-11-20,1,1298.90000000,2018-11,1,0
8789,2018-09-06,1,1499.50000000,2018-09,1,0
87891,2019-01-10,1,443.37000000,2019-01,1,0
878978,2017-12-02,6,8868.81000000,2017-12,1,0
879299,2016-06-29,1,6494.00000000,2016-06,1,0
879649,2017-08-19,4,35710.61000000,2017-08,1,0
879778,2016-01-06,3,10564.01000000,2016-01,1,0
879795,2019-06-12,1,33.99000000,2019-06,1,0
879909,2019-02-06,1,261.89000000,2019-02,1,0
879917,2018-12-29,3,879.60000000,2018-12,1,0
879956,2018-05-03,2,2145.70000000,2018-05,1,0
880192,2018-07-07,3,6195.60000000,2018-07,1,0
880261,2016-10-31,2,6423.89000000,2016-10,1,0
880383,2018-06-14,1,428.96000000,2018-06,1,0
880453,2019-11-27,3,11636.54000000,2019-11,1,1
88047,2018-06-06,1,879.60000000,2018-06,1,0
880667,2019-10-19,1,2103.07000000,2019-10,1,0
881169,2019-05-02,2,3205.48000000,2019-05,1,0
881368,2018-11-28,2,516.58000000,2018-11,1,0
881876,2016-01-26,2,1343.27000000,2016-01,1,0
882518,2018-10-26,1,275.99000000,2018-10,1,0
882779,2016-10-17,2,1349.95000000,2016-10,1,0
882848,2018-12-31,1,1334.05000000,2018-12,1,0
882956,2019-07-01,1,1793.90000000,2019-07,1,0
883000,2018-05-15,2,3264.77000000,2018-05,1,0
883088,2017-12-16,3,3151.68000000,2017-12,1,0
883214,2017-01-28,2,2444.71000000,2017-01,1,0
883396,2017-06-07,3,2675.94000000,2017-06,1,0
883435,2019-08-23,1,516.60000000,2019-08,1,0
883569,2016-09-12,4,6877.30000000,2016-09,1,0
883649,2017-12-16,1,8822.74000000,2017-12,1,0
884102,2017-02-28,2,1766.85000000,2017-02,1,0
884417,2019-02-06,2,2831.27000000,2019-02,1,0
884421,2020-02-28,1,2152.10000000,2020-02,1,0
884538,2019-02-13,1,96.00000000,2019-02,1,0
884835,2018-02-22,1,498.98000000,2018-02,1,0
885201,2017-02-17,2,959.98000000,2017-02,1,0
885782,2020-03-13,1,1084.50000000,2020-03,1,0
885896,2016-10-31,1,1440.00000000,2016-10,1,0
886255,2019-03-08,1,4002.95000000,2019-03,1,0
886493,2018-09-27,1,59.99000000,2018-09,1,0
886563,2017-06-15,1,4336.85000000,2017-06,1,0
887036,2016-07-05,3,4780.40000000,2016-07,1,0
887462,2017-01-06,2,6280.10000000,2017-01,1,0
887497,2019-06-17,3,4122.47000000,2019-06,1,0
887549,2016-11-07,5,3064.02000000,2016-11,1,0
887656,2019-11-05,1,656.00000000,2019-11,1,0
887764,2016-12-12,4,8004.83000000,2016-12,1,0
887837,2018-11-15,2,3271.88000000,2018-11,1,1
88785,2016-06-16,2,2187.98000000,2016-06,1,0
88791,2017-02-24,1,4064.00000000,2017-02,1,0
888175,2017-11-03,4,6103.43000000,2017-11,1,0
888301,2020-01-15,1,6413.62000000,2020-01,1,0
888433,2016-07-25,4,10713.74000000,2016-07,1,1
888655,2017-07-14,1,509.97000000,2017-07,1,0
888719,2018-09-06,1,2298.99000000,2018-09,1,0
888864,2018-11-15,2,4993.52000000,2018-11,1,0
88897,2018-07-12,2,4086.18000000,2018-07,1,0
889088,2018-08-20,1,4199.57000000,2018-08,1,0
889395,2018-02-16,3,5708.13000000,2018-02,1,0
889542,2018-11-24,2,867.97000000,2018-11,1,0
889931,2018-02-15,1,305.26000000,2018-02,1,0
889935,2019-12-07,1,9403.98000000,2019-12,1,0
890083,2019-06-11,1,2621.96000000,2019-06,1,0
890089,2019-05-13,1,1047.78000000,2019-05,1,0
890094,2018-12-27,4,13359.63000000,2018-12,1,1
890173,2018-08-14,3,7530.62000000,2018-08,1,0
890474,2019-05-08,3,16390.88000000,2019-05,1,0
890720,2018-09-22,1,3849.76000000,2018-09,1,0
891108,2018-07-21,1,758.00000000,2018-07,1,0
891325,2018-08-08,2,2727.98000000,2018-08,1,1
891356,2017-09-21,1,5990.00000000,2017-09,1,0
891431,2020-01-17,1,1717.94000000,2020-01,1,0
891817,2020-01-08,1,4638.80000000,2020-01,1,0
891896,2019-01-23,1,25449.13000000,2019-01,1,0
891974,2018-01-26,3,8312.35000000,2018-01,1,0
892225,2016-03-10,3,6450.92000000,2016-03,1,0
892500,2019-09-17,1,29.97000000,2019-09,1,0
892533,2017-09-08,1,2373.00000000,2017-09,1,0
892624,2018-12-19,3,5016.19000000,2018-12,1,0
892664,2018-10-13,1,1299.93000000,2018-10,1,0
892786,2018-02-24,2,10299.88000000,2018-02,1,0
892838,2016-01-03,3,6956.45000000,2016-01,1,0
893598,2016-05-04,4,32128.26000000,2016-05,1,0
893784,2020-02-24,1,302.00000000,2020-02,1,0
89416,2019-07-08,1,897.00000000,2019-07,1,0
894227,2019-01-02,1,268.00000000,2019-01,1,0
894252,2019-04-30,2,6743.85000000,2019-04,1,0
894362,2019-01-05,1,45.58000000,2019-01,1,0
894446,2019-06-06,2,2286.88000000,2019-06,1,0
8945,2019-12-19,1,1638.90000000,2019-12,1,0
894737,2020-01-29,1,1480.76000000,2020-01,1,0
895123,2020-02-17,1,2103.00000000,2020-02,1,0
895317,2019-11-28,1,1735.89000000,2019-11,1,0
895517,2016-12-02,2,5031.15000000,2016-12,1,0
896113,2018-10-27,1,6727.20000000,2018-10,1,0
896242,2018-11-09,2,3562.81000000,2018-11,1,0
896276,2016-06-23,2,1397.76000000,2016-06,1,0
896698,2018-11-28,1,305.98000000,2018-11,1,0
896870,2017-01-11,1,1541.88000000,2017-01,1,0
897008,2017-09-23,2,2508.00000000,2017-09,1,0
89721,2016-06-28,2,4214.93000000,2016-06,1,0
897286,2016-10-01,2,2054.57000000,2016-10,1,0
897445,2017-08-23,2,7680.00000000,2017-08,1,0
897690,2019-12-07,1,987.97000000,2019-12,1,0
897866,2016-07-11,2,2765.83000000,2016-07,1,0
897914,2017-08-09,1,389.70000000,2017-08,1,0
898433,2019-12-17,1,1411.00000000,2019-12,1,0
898554,2020-09-16,1,92.39000000,2020-09,1,0
898671,2016-05-26,1,9446.60000000,2016-05,1,0
898918,2018-12-25,1,239.96000000,2018-12,1,0
898924,2018-12-13,2,4939.92000000,2018-12,1,0
898965,2019-01-15,1,1425.95000000,2019-01,1,0
899137,2017-03-11,1,1846.83000000,2017-03,1,0
899140,2016-09-22,2,2237.00000000,2016-09,1,0
89946,2018-05-02,2,3311.92000000,2018-05,1,0
900030,2018-09-05,4,17203.43000000,2018-09,1,0
900052,2018-11-07,1,2632.50000000,2018-11,1,0
900108,2018-07-01,2,8019.97000000,2018-07,1,0
900296,2018-06-13,2,2518.00000000,2018-06,1,0
90037,2018-12-29,1,865.98000000,2018-12,1,0
900387,2016-10-26,4,11793.31000000,2016-10,1,0
900515,2019-03-16,2,2285.64000000,2019-03,1,0
90079,2018-05-30,3,770.06000000,2018-05,1,0
901225,2018-10-10,1,4845.00000000,2018-10,1,0
901390,2017-10-21,3,1534.44000000,2017-10,1,0
901932,2016-06-04,1,172.00000000,2016-06,1,0
902687,2018-09-03,1,2317.90000000,2018-09,1,0
902770,2018-06-16,2,1209.77000000,2018-06,1,0
902878,2018-09-01,3,4092.29000000,2018-09,1,1
902893,2019-03-09,1,16.17000000,2019-03,1,0
90316,2016-12-24,2,4917.19000000,2016-12,1,0
903369,2019-08-12,1,3248.88000000,2019-08,1,0
903464,2019-07-08,2,1393.00000000,2019-07,1,0
903847,2018-02-01,2,7320.77000000,2018-02,1,1
903932,2016-12-26,1,1340.00000000,2016-12,1,0
905099,2017-03-09,3,3071.84000000,2017-03,1,0
905100,2016-09-14,2,5084.78000000,2016-09,1,0
905452,2019-08-24,1,5221.32000000,2019-08,1,0
905530,2020-02-22,1,894.00000000,2020-02,1,0
905730,2018-02-20,4,5566.96000000,2018-02,1,0
905762,2018-10-27,5,5110.63000000,2018-10,1,0
905783,2016-05-26,1,225.00000000,2016-05,1,0
905941,2017-12-06,6,8345.97000000,2017-12,1,1
906022,2017-02-18,1,2882.89000000,2017-02,1,0
906443,2019-03-16,1,876.00000000,2019-03,1,0
906468,2019-09-04,1,520.92000000,2019-09,1,0
906625,2016-02-03,1,2916.85000000,2016-02,1,0
906832,2017-08-11,5,14677.64000000,2017-08,1,0
906967,2017-09-27,2,6781.51000000,2017-09,1,0
907108,2019-10-28,2,6683.34000000,2019-10,1,0
907138,2018-02-02,3,7688.98000000,2018-02,1,0
907250,2018-01-10,1,1954.77000000,2018-01,1,0
907297,2018-09-01,5,9255.12000000,2018-09,1,0
907393,2018-12-22,1,94.99000000,2018-12,1,0
907585,2016-05-11,3,4705.97000000,2016-05,1,0
907939,2017-11-04,2,526.59000000,2017-11,1,0
908105,2017-11-16,5,8456.21000000,2017-11,1,1
908329,2019-06-29,1,2256.96000000,2019-06,1,0
908424,2019-10-05,1,1188.97000000,2019-10,1,0
908454,2016-09-17,2,1638.84000000,2016-09,1,0
908823,2019-01-03,1,5173.78000000,2019-01,1,0
908887,2016-02-27,1,284.95000000,2016-02,1,0
90893,2018-01-05,1,7273.54000000,2018-01,1,0
909014,2016-01-02,2,5580.34000000,2016-01,1,0
909122,2017-10-07,2,270.00000000,2017-10,1,0
909339,2016-03-03,3,10193.87000000,2016-03,1,0
909379,2018-01-01,1,1869.68000000,2018-01,1,0
909530,2017-06-07,4,2887.92000000,2017-06,1,0
909986,2020-02-26,1,1190.47000000,2020-02,1,0
910032,2016-12-31,4,17246.27000000,2016-12,1,0
910064,2016-02-26,3,647.93000000,2016-02,1,0
910283,2019-02-16,1,193.97000000,2019-02,1,0
910717,2016-11-19,3,3445.45000000,2016-11,1,0
911025,2016-01-02,2,5078.40000000,2016-01,1,0
911091,2016-12-24,3,3538.33000000,2016-12,1,0
911353,2017-08-02,3,2310.71000000,2017-08,1,0
911435,2020-01-04,1,127.75000000,2020-01,1,0
911474,2016-11-07,1,2405.82000000,2016-11,1,0
911841,2017-08-31,1,119.98000000,2017-08,1,0
91218,2018-07-14,1,118.60000000,2018-07,1,0
912208,2017-11-11,3,3205.88000000,2017-11,1,1
912216,2019-05-29,3,2081.38000000,2019-05,1,0
912459,2019-08-22,1,3885.64000000,2019-08,1,0
912713,2017-06-10,1,300.40000000,2017-06,1,0
912789,2016-10-04,3,4940.13000000,2016-10,1,1
912824,2020-02-04,2,965.06000000,2020-02,1,1
913132,2018-12-28,2,910.32000000,2018-12,1,1
913924,2019-02-19,2,4753.60000000,2019-02,1,0
913935,2018-10-17,2,5570.40000000,2018-10,1,0
914541,2019-12-19,2,3924.91000000,2019-12,1,1
914790,2018-02-26,4,9247.00000000,2018-02,1,0
914878,2016-11-22,4,16363.01000000,2016-11,1,1
915054,2019-06-07,1,4095.99000000,2019-06,1,0
915242,2018-02-13,1,1061.74000000,2018-02,1,0
915356,2018-12-18,2,2152.30000000,2018-12,1,0
91545,2018-11-09,1,479.97000000,2018-11,1,0
915558,2019-10-28,1,272.00000000,2019-10,1,0
915859,2017-08-10,2,2345.90000000,2017-08,1,0
915874,2017-12-02,3,6292.50000000,2017-12,1,0
916074,2016-01-06,2,4843.35000000,2016-01,1,0
916148,2016-12-15,2,1045.40000000,2016-12,1,0
916676,2016-12-20,3,4450.62000000,2016-12,1,0
9167,2019-10-01,1,227.97000000,2019-10,1,0
916866,2016-02-20,2,1227.00000000,2016-02,1,0
916920,2018-12-19,1,1093.20000000,2018-12,1,0
917038,2018-02-17,2,7618.48000000,2018-02,1,0
917196,2018-02-16,1,1784.98000000,2018-02,1,0
917293,2016-10-18,3,2786.22000000,2016-10,1,0
917347,2016-01-13,1,375.70000000,2016-01,1,0
917522,2018-08-07,2,13775.30000000,2018-08,1,0
91756,2019-01-05,1,265.65000000,2019-01,1,0
917772,2017-10-30,3,2180.14000000,2017-10,1,0
918182,2016-10-15,1,1199.96000000,2016-10,1,0
918186,2017-06-24,2,3465.18000000,2017-06,1,0
918245,2018-12-29,2,289.89000000,2018-12,1,0
9184,2017-10-26,2,26039.44000000,2017-10,1,0
918461,2016-07-30,1,1759.73000000,2016-07,1,0
918640,2016-08-09,1,93.98000000,2016-08,1,0
918741,2018-12-26,2,6952.00000000,2018-12,1,0
918763,2016-11-05,1,522.88000000,2016-11,1,0
918778,2016-06-29,5,5950.22000000,2016-06,1,0
918800,2016-03-09,2,3557.57000000,2016-03,1,0
918835,2016-05-20,4,2579.50000000,2016-05,1,0
91913,2019-06-29,1,1174.70000000,2019-06,1,0
91918,2020-02-01,2,476.60000000,2020-02,1,0
919575,2016-02-13,1,1169.11000000,2016-02,1,0
920138,2016-03-12,3,4984.31000000,2016-03,1,0
920213,2016-03-15,2,446.99000000,2016-03,1,0
920551,2016-09-22,1,1754.93000000,2016-09,1,0
920661,2017-08-24,1,3006.60000000,2017-08,1,0
921096,2017-01-02,2,12106.28000000,2017-01,1,0
921171,2016-05-27,2,1950.00000000,2016-05,1,0
921198,2019-07-06,1,775.97000000,2019-07,1,0
921229,2019-01-01,2,1739.96000000,2019-01,1,0
921281,2017-10-30,2,651.46000000,2017-10,1,0
921370,2018-08-15,2,948.86000000,2018-08,1,0
921384,2016-09-08,6,7992.79000000,2016-09,1,0
921597,2016-12-16,1,197.97000000,2016-12,1,0
921604,2016-10-08,1,1582.00000000,2016-10,1,0
921825,2018-08-27,7,18878.82000000,2018-08,1,1
921878,2020-01-11,1,3340.90000000,2020-01,1,0
921903,2019-09-11,1,75.66000000,2019-09,1,0
922306,2016-12-19,1,1962.00000000,2016-12,1,0
922350,2017-06-24,1,471.80000000,2017-06,1,0
922398,2019-06-12,1,230.00000000,2019-06,1,0
92275,2017-09-02,1,2249.98000000,2017-09,1,0
92311,2018-12-17,1,1608.95000000,2018-12,1,0
923165,2016-02-18,1,4207.96000000,2016-02,1,0
923232,2017-12-07,4,12982.60000000,2017-12,1,1
923332,2018-08-09,2,2268.60000000,2018-08,1,1
923402,2016-10-07,5,5399.06000000,2016-10,1,1
923583,2020-02-18,1,2795.00000000,2020-02,1,0
923935,2017-07-06,1,159.99000000,2017-07,1,0
924030,2018-05-15,1,340.00000000,2018-05,1,0
924192,2020-02-22,1,25.98000000,2020-02,1,0
924256,2018-04-28,4,8964.21000000,2018-04,1,0
924619,2017-02-23,2,3599.58000000,2017-02,1,0
924687,2020-12-19,1,414.95000000,2020-12,0,0
924965,2016-06-15,1,149.00000000,2016-06,1,0
924975,2016-06-02,5,21455.47000000,2016-06,1,0
926246,2018-07-02,1,11193.00000000,2018-07,1,0
926435,2020-03-09,1,1979.99000000,2020-03,1,0
926578,2018-05-12,3,3079.90000000,2018-05,1,0
926874,2016-03-09,3,4800.80000000,2016-03,1,0
927080,2018-12-25,2,817.97000000,2018-12,1,0
927239,2019-05-09,3,792.84000000,2019-05,1,0
927241,2016-02-22,5,12436.52000000,2016-02,1,0
927256,2018-10-17,1,70.13000000,2018-10,1,0
927628,2017-12-21,2,5036.88000000,2017-12,1,0
927935,2019-07-29,2,7570.59000000,2019-07,1,1
927986,2016-09-22,1,66.00000000,2016-09,1,0
928030,2019-05-16,1,5912.80000000,2019-05,1,0
928049,2018-01-25,3,5095.67000000,2018-01,1,0
928518,2019-08-10,1,2729.72000000,2019-08,1,0
92920,2018-09-12,1,6696.90000000,2018-09,1,0
929286,2019-02-22,2,451.11000000,2019-02,1,0
929301,2018-01-17,2,3222.77000000,2018-01,1,0
929466,2019-08-17,2,3372.50000000,2019-08,1,0
929502,2018-01-27,3,2434.77000000,2018-01,1,0
929598,2018-10-19,3,2902.85000000,2018-10,1,0
929665,2020-02-13,1,33.00000000,2020-02,1,0
929820,2018-10-18,3,2943.86000000,2018-10,1,1
930053,2018-11-03,2,4927.91000000,2018-11,1,0
930304,2016-08-25,5,13548.05000000,2016-08,1,0
930705,2016-01-23,10,16748.20000000,2016-01,1,0
930763,2018-06-23,2,11997.00000000,2018-06,1,0
930792,2016-12-15,5,11249.99000000,2016-12,1,0
930820,2018-02-03,6,9041.16000000,2018-02,1,0
931321,2018-01-05,2,3125.28000000,2018-01,1,0
931433,2018-12-22,1,8.88000000,2018-12,1,0
931500,2020-03-05,1,1720.15000000,2020-03,1,0
931597,2017-01-23,2,3475.14000000,2017-01,1,0
931801,2016-06-02,1,5316.60000000,2016-06,1,0
931863,2018-11-24,1,223.05000000,2018-11,1,0
931892,2017-12-15,1,1001.31000000,2017-12,1,0
931900,2017-12-07,2,6799.93000000,2017-12,1,0
931915,2021-02-09,1,121.65000000,2021-02,0,0
931956,2019-02-21,1,886.00000000,2019-02,1,0
932027,2020-04-29,1,4665.01000000,2020-04,1,0
932593,2020-01-03,1,875.90000000,2020-01,1,0
932629,2016-02-29,4,3532.45000000,2016-02,1,0
932718,2020-02-14,1,960.53000000,2020-02,1,0
932748,2016-11-03,2,2060.39000000,2016-11,1,0
933086,2017-05-24,3,11824.84000000,2017-05,1,0
93314,2016-05-13,3,10143.55000000,2016-05,1,0
933344,2018-07-30,4,11536.77000000,2018-07,1,1
93339,2017-03-04,1,12421.56000000,2017-03,1,0
933569,2017-01-01,4,3470.46000000,2017-01,1,0
933819,2018-12-19,1,301.00000000,2018-12,1,0
93389,2018-09-25,2,149.88000000,2018-09,1,0
934172,2016-09-12,1,27.96000000,2016-09,1,0
934508,2018-01-31,1,1951.00000000,2018-01,1,0
934517,2018-07-13,3,1205.19000000,2018-07,1,0
934744,2018-07-16,3,17985.75000000,2018-07,1,0
934781,2016-01-12,1,2066.99000000,2016-01,1,0
935197,2016-07-14,2,10802.14000000,2016-07,1,0
935211,2017-01-23,3,4992.71000000,2017-01,1,0
935232,2016-09-04,7,15177.35000000,2016-09,1,0
935406,2017-09-02,1,498.93000000,2017-09,1,0
935754,2020-02-27,1,188.96000000,2020-02,1,0
936889,2018-12-20,2,984.00000000,2018-12,1,0
937006,2018-05-05,2,2656.45000000,2018-05,1,0
937300,2016-06-28,2,221.89000000,2016-06,1,0
937542,2016-07-13,1,109.00000000,2016-07,1,0
937795,2018-11-21,1,168.00000000,2018-11,1,0
937800,2018-11-17,1,4295.20000000,2018-11,1,0
93788,2018-09-06,1,470.00000000,2018-09,1,0
937947,2017-05-30,1,4695.80000000,2017-05,1,0
938069,2018-11-24,1,6567.98000000,2018-11,1,0
938219,2018-08-22,2,4254.56000000,2018-08,1,0
938399,2016-01-22,3,799.16000000,2016-01,1,0
938461,2019-03-11,1,4810.76000000,2019-03,1,0
938615,2019-01-01,3,3031.95000000,2019-01,1,0
938709,2017-08-04,3,8146.34000000,2017-08,1,0
938793,2019-12-07,1,259.99000000,2019-12,1,0
938948,2017-06-14,3,8158.36000000,2017-06,1,0
938993,2017-10-28,4,3943.90000000,2017-10,1,1
938994,2017-02-24,2,1916.86000000,2017-02,1,0
939181,2016-04-30,1,398.97000000,2016-04,1,0
939188,2018-12-22,1,654.00000000,2018-12,1,0
939443,2017-05-25,1,119.00000000,2017-05,1,0
939473,2019-09-14,1,521.91000000,2019-09,1,0
939532,2017-10-26,1,52.49000000,2017-10,1,0
939738,2018-10-15,1,656.13000000,2018-10,1,0
939874,2018-12-19,1,1801.95000000,2018-12,1,0
939948,2016-08-31,9,16199.39000000,2016-08,1,0
940026,2017-01-30,4,3797.85000000,2017-01,1,0
940049,2018-06-16,4,320.11000000,2018-06,1,1
940066,2017-11-18,4,3673.74000000,2017-11,1,0
940086,2018-02-05,2,3499.88000000,2018-02,1,0
940096,2016-12-24,3,9394.29000000,2016-12,1,0
940321,2019-11-16,2,8410.85000000,2019-11,1,0
940688,2016-10-22,3,4252.98000000,2016-10,1,0
940846,2017-11-09,2,10021.89000000,2017-11,1,1
941468,2017-01-31,2,1206.96000000,2017-01,1,0
941706,2019-08-16,1,1699.95000000,2019-08,1,0
941746,2016-02-06,1,1149.87000000,2016-02,1,0
941899,2019-09-04,2,1930.88000000,2019-09,1,0
942659,2016-11-22,3,12181.28000000,2016-11,1,0
942807,2016-01-02,4,8948.37000000,2016-01,1,0
943143,2018-12-13,1,2016.00000000,2018-12,1,0
943159,2016-02-17,2,9883.20000000,2016-02,1,0
943160,2017-05-10,2,1413.46000000,2017-05,1,0
943859,2016-05-02,1,5915.70000000,2016-05,1,0
943874,2018-12-07,1,1257.98000000,2018-12,1,0
943913,2018-11-25,1,1838.00000000,2018-11,1,0
944448,2016-02-13,2,7800.60000000,2016-02,1,1
944687,2017-12-13,3,6191.96000000,2017-12,1,1
945011,2017-01-28,1,1922.07000000,2017-01,1,0
945228,2017-06-30,3,2809.29000000,2017-06,1,0
94554,2018-12-15,1,5360.92000000,2018-12,1,0
9456,2020-06-03,2,7130.49000000,2020-06,1,1
945655,2019-06-14,1,395.90000000,2019-06,1,0
945725,2016-07-26,3,5536.20000000,2016-07,1,0
945833,2019-11-09,3,1505.85000000,2019-11,1,1
945870,2019-02-21,6,17000.11000000,2019-02,1,1
946719,2016-10-06,4,12635.79000000,2016-10,1,0
946737,2016-10-27,6,3123.58000000,2016-10,1,0
946857,2016-02-23,8,18094.78000000,2016-02,1,0
947510,2016-10-13,5,14525.61000000,2016-10,1,0
94758,2017-07-29,2,4150.81000000,2017-07,1,0
947703,2017-11-09,2,5184.89000000,2017-11,1,0
947758,2018-10-06,5,4559.81000000,2018-10,1,0
947842,2018-08-22,1,559.96000000,2018-08,1,0
947963,2018-12-06,2,4002.00000000,2018-12,1,0
948175,2016-03-03,4,7860.98000000,2016-03,1,0
948305,2017-06-02,6,6487.34000000,2017-06,1,0
948382,2017-01-07,1,507.60000000,2017-01,1,0
948656,2018-05-11,1,1535.93000000,2018-05,1,0
948795,2016-04-23,2,108.98000000,2016-04,1,0
948832,2018-10-25,2,1296.25000000,2018-10,1,0
948844,2016-10-31,3,5722.45000000,2016-10,1,1
949166,2019-06-07,3,5212.35000000,2019-06,1,0
949448,2019-02-20,4,3971.49000000,2019-02,1,1
949516,2018-06-14,4,4150.36000000,2018-06,1,1
949774,2017-06-24,4,7000.85000000,2017-06,1,0
950191,2016-02-15,4,25255.31000000,2016-02,1,1
95043,2019-02-19,2,983.75000000,2019-02,1,1
950664,2018-06-12,1,16.89000000,2018-06,1,0
950698,2017-12-09,4,8645.69000000,2017-12,1,0
950923,2017-11-24,2,3943.28000000,2017-11,1,1
951172,2019-05-23,1,848.97000000,2019-05,1,0
951318,2020-07-01,1,337.00000000,2020-07,1,0
951613,2017-05-13,2,710.18000000,2017-05,1,0
951740,2016-10-01,5,12811.48000000,2016-10,1,0
951987,2020-02-24,1,280.00000000,2020-02,1,0
952345,2016-03-02,1,5699.93000000,2016-03,1,0
952730,2016-09-17,1,543.00000000,2016-09,1,0
952747,2019-04-29,1,516.00000000,2019-04,1,0
95275,2018-02-24,1,1807.68000000,2018-02,1,0
953421,2017-12-30,1,1021.88000000,2017-12,1,0
953489,2016-02-05,2,9075.85000000,2016-02,1,0
953759,2017-02-17,3,5337.79000000,2017-02,1,0
953917,2018-06-27,4,4834.37000000,2018-06,1,1
954536,2018-05-02,1,310.00000000,2018-05,1,0
954712,2017-05-09,3,6075.88000000,2017-05,1,0
954784,2017-07-05,3,5100.24000000,2017-07,1,0
955336,2018-02-14,2,467.98000000,2018-02,1,0
955344,2016-07-20,6,11061.29000000,2016-07,1,0
956167,2018-02-18,1,959.80000000,2018-02,1,0
956262,2018-01-29,2,2293.55000000,2018-01,1,0
956441,2017-09-04,2,3917.00000000,2017-09,1,0
956493,2018-06-12,1,1998.00000000,2018-06,1,0
956656,2017-05-18,1,6815.70000000,2017-05,1,0
956943,2016-12-28,2,5340.77000000,2016-12,1,0
957450,2020-03-14,1,5656.25000000,2020-03,1,0
957677,2020-02-17,1,1051.80000000,2020-02,1,0
957745,2016-05-26,3,2108.88000000,2016-05,1,0
957765,2019-02-19,1,167.40000000,2019-02,1,0
957784,2016-02-06,2,6331.93000000,2016-02,1,0
957843,2016-03-12,3,7056.85000000,2016-03,1,0
957867,2017-09-16,4,6627.43000000,2017-09,1,0
958193,2020-06-27,1,2530.18000000,2020-06,1,0
958207,2019-09-17,2,759.89000000,2019-09,1,0
958319,2018-07-14,1,2441.94000000,2018-07,1,0
959017,2016-04-26,5,11217.09000000,2016-04,1,0
959092,2018-10-17,1,2602.96000000,2018-10,1,0
959269,2017-05-20,1,12402.96000000,2017-05,1,0
959331,2016-12-22,3,6400.15000000,2016-12,1,0
959700,2016-09-17,2,6537.74000000,2016-09,1,0
959948,2019-04-27,2,2568.91000000,2019-04,1,0
960551,2020-05-05,2,7923.91000000,2020-05,1,1
960594,2016-08-25,2,25733.91000000,2016-08,1,0
960606,2016-02-11,3,946.24000000,2016-02,1,0
960742,2016-06-18,2,977.97000000,2016-06,1,0
961200,2017-01-18,4,20964.80000000,2017-01,1,0
961452,2017-07-22,1,1798.00000000,2017-07,1,0
961647,2017-11-30,1,4347.79000000,2017-11,1,0
961650,2019-07-13,1,716.97000000,2019-07,1,0
961728,2016-07-23,1,4947.82000000,2016-07,1,0
961770,2018-07-14,1,107.97000000,2018-07,1,0
961833,2018-05-04,1,1912.18000000,2018-05,1,0
961894,2017-12-07,2,2196.39000000,2017-12,1,0
961929,2017-09-06,5,12402.25000000,2017-09,1,0
962009,2016-12-09,2,434.18000000,2016-12,1,0
962079,2018-11-22,2,2178.11000000,2018-11,1,0
962434,2017-12-04,1,380.70000000,2017-12,1,0
962529,2018-08-25,5,11308.85000000,2018-08,1,0
962533,2016-01-23,1,2237.80000000,2016-01,1,0
962575,2018-09-05,3,1252.15000000,2018-09,1,0
962587,2016-10-24,1,559.00000000,2016-10,1,0
963082,2017-01-18,1,4180.96000000,2017-01,1,0
96331,2017-08-24,3,3654.31000000,2017-08,1,0
963697,2018-06-22,2,2570.53000000,2018-06,1,0
963780,2016-03-09,3,10212.64000000,2016-03,1,0
963994,2016-10-01,2,1798.19000000,2016-10,1,0
964064,2016-11-19,2,28.88000000,2016-11,1,0
964137,2019-12-25,1,534.00000000,2019-12,1,0
964158,2017-08-07,3,3339.30000000,2017-08,1,0
964193,2019-07-31,1,308.95000000,2019-07,1,0
964222,2017-01-16,3,3857.84000000,2017-01,1,0
964578,2019-12-23,1,791.00000000,2019-12,1,0
964629,2020-07-17,1,562.98000000,2020-07,1,0
965133,2018-02-24,1,552.00000000,2018-02,1,0
965207,2017-01-21,4,13408.00000000,2017-01,1,0
966218,2017-10-25,1,694.80000000,2017-10,1,0
96631,2019-11-05,1,232.00000000,2019-11,1,0
966331,2019-10-11,1,675.97000000,2019-10,1,0
966543,2018-12-22,2,18981.62000000,2018-12,1,0
966659,2018-02-13,2,1251.26000000,2018-02,1,0
966867,2017-05-19,1,251.93000000,2017-05,1,0
967034,2016-08-27,1,379.80000000,2016-08,1,0
967098,2019-01-04,4,13068.80000000,2019-01,1,1
967557,2020-01-30,1,768.00000000,2020-01,1,0
967597,2020-02-25,2,67.43000000,2020-02,1,1
968226,2017-11-06,4,9952.53000000,2017-11,1,1
968337,2016-10-25,2,4794.88000000,2016-10,1,0
968344,2019-10-18,2,896.90000000,2019-10,1,0
968433,2018-03-11,2,5140.00000000,2018-03,1,0
968554,2016-12-29,2,4365.64000000,2016-12,1,0
968940,2018-11-17,1,2458.97000000,2018-11,1,0
968993,2017-01-03,2,3639.58000000,2017-01,1,0
969384,2018-01-06,2,7755.71000000,2018-01,1,1
969463,2019-10-17,1,897.00000000,2019-10,1,0
969490,2017-02-20,3,7100.63000000,2017-02,1,0
969679,2017-06-22,3,32476.97000000,2017-06,1,0
969762,2017-06-01,2,1529.83000000,2017-06,1,0
969766,2017-01-04,2,2372.85000000,2017-01,1,0
970157,2017-03-02,1,8893.74000000,2017-03,1,0
970316,2019-03-13,1,414.00000000,2019-03,1,0
970480,2017-05-09,3,3027.57000000,2017-05,1,0
971022,2019-05-25,1,16308.45000000,2019-05,1,0
971117,2016-04-28,2,127.92000000,2016-04,1,0
971149,2017-10-28,1,920.00000000,2017-10,1,0
971338,2016-06-25,3,5793.98000000,2016-06,1,0
971427,2016-07-02,3,2737.67000000,2016-07,1,0
971666,2016-10-26,3,5041.70000000,2016-10,1,0
971716,2017-11-11,2,509.99000000,2017-11,1,0
971822,2016-11-15,4,1606.59000000,2016-11,1,0
971870,2019-12-26,1,2127.00000000,2019-12,1,0
971878,2019-06-08,1,4548.91000000,2019-06,1,0
972062,2019-03-01,1,2502.00000000,2019-03,1,0
97219,2020-01-20,1,349.00000000,2020-01,1,0
97228,2016-04-29,1,809.96000000,2016-04,1,0
972627,2016-05-14,2,1795.95000000,2016-05,1,0
972852,2016-02-26,2,10506.90000000,2016-02,1,0
973200,2018-12-12,2,3771.00000000,2018-12,1,1
973337,2018-01-04,1,2259.41000000,2018-01,1,0
973370,2019-01-01,2,2164.10000000,2019-01,1,0
973411,2017-09-04,3,7342.18000000,2017-09,1,0
973459,2017-08-25,3,3039.95000000,2017-08,1,0
974581,2018-11-02,1,2157.99000000,2018-11,1,0
974784,2018-01-11,1,899.70000000,2018-01,1,0
975128,2018-12-11,1,134.95000000,2018-12,1,0
975403,2016-05-14,1,1293.62000000,2016-05,1,0
975465,2019-11-14,1,2019.48000000,2019-11,1,0
975468,2020-01-19,2,1575.82000000,2020-01,1,1
975472,2016-06-02,1,2553.00000000,2016-06,1,0
975597,2020-02-29,1,5419.00000000,2020-02,1,0
975739,2017-02-14,2,2194.66000000,2017-02,1,0
975773,2018-09-08,5,5358.30000000,2018-09,1,0
976098,2019-01-05,1,1164.00000000,2019-01,1,0
97611,2016-01-23,4,7042.15000000,2016-01,1,0
976172,2019-02-20,6,8388.45000000,2019-02,1,1
976299,2016-04-29,1,5499.95000000,2016-04,1,0
976556,2018-08-02,3,4326.21000000,2018-08,1,0
977173,2019-09-17,1,1085.99000000,2019-09,1,0
977967,2016-05-30,5,16605.47000000,2016-05,1,1
977989,2016-09-20,1,991.23000000,2016-09,1,0
978236,2016-05-23,3,8718.96000000,2016-05,1,0
978496,2019-11-20,1,694.64000000,2019-11,1,0
978532,2016-11-19,4,7493.05000000,2016-11,1,0
978570,2016-05-25,1,1535.99000000,2016-05,1,0
978738,2020-02-19,1,805.34000000,2020-02,1,0
978847,2018-05-05,3,2109.40000000,2018-05,1,0
979053,2018-12-31,2,1516.50000000,2018-12,1,0
979160,2018-10-22,1,806.00000000,2018-10,1,0
979318,2016-02-27,2,246.87000000,2016-02,1,0
979403,2020-02-04,1,965.85000000,2020-02,1,0
979524,2018-08-20,2,3809.39000000,2018-08,1,0
979530,2016-07-06,6,12634.55000000,2016-07,1,1
979954,2016-07-28,3,4294.93000000,2016-07,1,0
98002,2016-12-29,3,5283.76000000,2016-12,1,0
980041,2016-05-03,2,5364.09000000,2016-05,1,0
980080,2017-12-22,2,1917.99000000,2017-12,1,0
980164,2016-01-02,3,11243.54000000,2016-01,1,0
980266,2016-02-17,3,4400.99000000,2016-02,1,0
980312,2016-09-22,2,2365.57000000,2016-09,1,0
980673,2020-09-25,1,1483.94000000,2020-09,1,0
980750,2019-12-21,1,999.96000000,2019-12,1,0
981031,2017-09-05,2,3187.79000000,2017-09,1,0
9812,2016-08-18,3,4339.40000000,2016-08,1,0
981306,2019-08-10,1,2816.22000000,2019-08,1,0
981407,2017-12-28,4,3782.74000000,2017-12,1,0
981735,2018-12-07,2,10714.33000000,2018-12,1,0
98185,2019-09-11,1,899.95000000,2019-09,1,0
982052,2018-02-12,7,17081.11000000,2018-02,1,0
982498,2017-02-11,2,3137.65000000,2017-02,1,0
982645,2018-06-20,3,1863.87000000,2018-06,1,0
982850,2016-01-16,3,2887.34000000,2016-01,1,0
982914,2018-01-15,2,615.78000000,2018-01,1,0
983092,2016-10-06,1,525.66000000,2016-10,1,0
983144,2017-07-04,2,5179.77000000,2017-07,1,0
983266,2019-06-07,1,748.00000000,2019-06,1,0
983422,2017-03-06,3,12243.57000000,2017-03,1,0
983539,2018-06-30,5,5984.82000000,2018-06,1,0
983558,2016-06-22,1,85.98000000,2016-06,1,0
983816,2018-07-07,2,2192.96000000,2018-07,1,0
984040,2020-03-10,1,2457.00000000,2020-03,1,0
984471,2017-07-21,2,10375.88000000,2017-07,1,0
985049,2021-02-10,1,5163.00000000,2021-02,0,0
985150,2018-12-08,2,2625.77000000,2018-12,1,0
985427,2016-11-15,5,33285.58000000,2016-11,1,0
98583,2019-01-24,1,1832.72000000,2019-01,1,0
986042,2017-01-07,3,5680.73000000,2017-01,1,0
986188,2017-10-04,1,239.93000000,2017-10,1,0
986569,2016-02-17,5,9627.88000000,2016-02,1,0
986572,2017-12-28,1,425.00000000,2017-12,1,0
986809,2019-04-27,1,861.95000000,2019-04,1,0
987075,2019-10-08,1,616.95000000,2019-10,1,0
987101,2018-12-26,1,279.98000000,2018-12,1,0
987208,2016-05-27,2,896.97000000,2016-05,1,0
987484,2019-09-12,1,2986.70000000,2019-09,1,0
987677,2019-05-13,2,3267.83000000,2019-05,1,0
987795,2016-10-13,2,3116.98000000,2016-10,1,0
988194,2018-10-16,2,3369.97000000,2018-10,1,1
988477,2018-01-22,2,3207.36000000,2018-01,1,0
988697,2016-11-18,5,13447.65000000,2016-11,1,0
988841,2020-03-06,1,57.88000000,2020-03,1,0
989573,2020-02-18,1,17.99000000,2020-02,1,0
989682,2019-05-25,1,52.99000000,2019-05,1,0
990084,2020-05-13,1,68.70000000,2020-05,1,0
990399,2016-04-27,2,4747.84000000,2016-04,1,0
990554,2016-02-22,5,7352.85000000,2016-02,1,0
991227,2016-06-08,1,681.50000000,2016-06,1,0
9915,2017-09-06,1,13569.00000000,2017-09,1,0
991685,2018-02-15,2,550.00000000,2018-02,1,0
99189,2017-06-07,1,276.00000000,2017-06,1,0
991911,2018-02-21,1,1592.00000000,2018-02,1,0
991935,2018-11-12,1,7967.00000000,2018-11,1,0
991965,2019-02-12,1,1877.70000000,2019-02,1,0
992150,2016-01-27,4,3468.96000000,2016-01,1,0
992253,2019-09-05,3,2120.47000000,2019-09,1,1
992604,2019-01-28,2,2991.97000000,2019-01,1,0
992788,2019-02-07,2,1503.87000000,2019-02,1,0
992981,2019-02-07,2,9578.89000000,2019-02,1,0
993077,2018-12-22,2,3243.70000000,2018-12,1,0
993480,2016-02-11,5,13770.25000000,2016-02,1,0
993981,2018-02-06,2,823.75000000,2018-02,1,0
994139,2017-10-09,1,1060.92000000,2017-10,1,0
995164,2020-01-06,1,2078.97000000,2020-01,1,0
995272,2018-09-22,2,7796.84000000,2018-09,1,0
995286,2016-06-16,3,12736.64000000,2016-06,1,0
995332,2017-07-19,3,3410.57000000,2017-07,1,0
995897,2020-01-11,1,58.85000000,2020-01,1,0
996031,2016-02-22,4,3223.20000000,2016-02,1,0
996494,2018-05-22,1,5756.40000000,2018-05,1,0
996818,2016-06-25,2,4075.52000000,2016-06,1,0
996932,2016-08-12,2,5071.55000000,2016-08,1,0
99711,2017-10-10,2,2176.40000000,2017-10,1,0
997166,2016-09-21,1,45.78000000,2016-09,1,0
997175,2018-02-10,1,7496.39000000,2018-02,1,0
997457,2016-05-20,3,6078.86000000,2016-05,1,0
997675,2018-02-17,2,2597.80000000,2018-02,1,0
997846,2019-01-23,2,1990.75000000,2019-01,1,0
997896,2020-02-22,1,3140.70000000,2020-02,1,0
997963,2016-12-08,1,2093.62000000,2016-12,1,0
99810,2018-02-16,2,4993.22000000,2018-02,1,0
998374,2018-05-22,6,11813.01000000,2018-05,1,0
998957,2017-06-24,3,3015.19000000,2017-06,1,0
998966,2016-09-16,2,1694.92000000,2016-09,1,0
999176,2017-11-18,2,2966.95000000,2017-11,1,0
999198,2017-02-14,4,7102.48000000,2017-02,1,0
999254,2018-01-20,1,236.98000000,2018-01,1,0
999292,2016-08-29,4,3982.31000000,2016-08,1,0
999342,2016-05-09,1,132.99000000,2016-05,1,0
999350,2019-03-05,2,5026.98000000,2019-03,1,0
999485,2017-12-30,1,266.72000000,2017-12,1,0
999589,2020-07-13,1,3162.00000000,2020-07,1,0
999701,2019-02-14,1,1152.17000000,2019-02,1,0
999709,2016-06-13,1,191.80000000,2016-06,1,0
99988,2016-06-09,2,7592.94000000,2016-06,1,0
