IT Area,IT Sub Area,Cost Element Group,Cost element name,Actual,Plan,LE1,LE2,LE3,ActualRows,PlanRows,Variance,VariancePct,VsLE3
Infrastructure,Core Infrastructure,Administrative,Administrative Other,,-14619157.872,-15533465.462399999,-320327.16075,-1420562.06394,0.0,12.0,14619157.872,,1420562.06394
Infrastructure,Networking,Other,Telephone,9078321.963,392148.228,7876325.68782,9174745.7295,9031711.798799999,167.0,24.0,8686173.735,22.1502307413206,46610.164200000465
Infrastructure,Networking,Administrative,Administrative Other,,-3803100.0,-3803101.1999999997,-741237.318,-1482368.433,0.0,12.0,3803100.0,,1482368.433
Infrastructure,Productivity,Hardware & Software,Computer Hardware,5237821.239,2302595.424,2450115.61185,2343610.986,678207.4559699999,83.0,48.0,2935225.815,1.2747466551900868,4559613.7830300005
Functional,R2,Labor,Professional Services,6493683.369,3846687.108,6078396.11109,7808555.89275,7686725.0340599995,150.0,120.0,2646996.261,0.6881236208411677,-1193041.6650599996
Functional,R2,Hardware & Software,Purchased Software,3492891.978,1016827.626,2966615.0048999996,2979916.182,3071197.815,107.0,108.0,2476064.352,2.4350876084478057,421694.1630000002
Infrastructure,Core Infrastructure,Labor,Professional Services,3694624.6319999998,1404484.098,1568713.065,3367191.6742499997,3125881.74984,66.0,96.0,2290140.534,1.6305919997678748,568742.8821599996
Functional,R5,Depr & Amort,Software,2755882.671,639900.0,1208893.818,2766950.60205,2480600.1711,48.0,24.0,2115982.671,3.3067396015002344,275282.49990000017
Infrastructure,Hosting,Labor,Outsourcing,2641864.221,672152.4,2449677.93384,2614418.3249999997,2418583.1465999996,24.0,24.0,1969711.821,2.9304541961019552,223281.07440000027
Infrastructure,Data Centers,Administrative,Administrative Other,,-1834910.7,-584498.30394,,-419238.22158,0.0,48.0,1834910.7,,419238.22158
BU Support,Planning,Hardware & Software,Purchased Software,2004457.332,461607.036,471082.55691,1842356.0167199997,707104.122,31.0,24.0,1542850.2959999999,3.342345708959254,1297353.21
Infrastructure,Productivity,Other,Telephone,1435904.199,2385.36,348672.453,1009909.2479999999,691288.43616,226.0,48.0,1433518.839,600.9654052218532,744615.76284
Functional,R2,Depr & Amort,Software,23661070.700999998,22266057.0,23170348.764,24187060.947,24008415.045059998,144.0,60.0,1395013.7009999976,0.06265203134079812,-347344.34406000003
Infrastructure,Networking,Other,Recurring,1223620.5,,1158130.5,1247920.5,1158070.5,7.0,0.0,1223620.5,,65550.0
Functional,R1,Labor,Outside Services,1189972.1069999998,,150203.718,785958.135,532683.702,12.0,0.0,1189972.1069999998,,657288.4049999998
Functional,R2,Other,Settlements,1094763.1169999999,,14427.000000000004,326070.618,161583.111,44.0,0.0,1094763.1169999999,,933180.0059999998
BU Support,Planning,Labor,Professional Services,5811471.954,4726222.338,5505017.0879999995,5836675.3110299995,6015048.71436,31.0,24.0,1085249.6159999995,0.2296230558757939,-203576.76035999972
BU Support,Manufacturing,Depr & Amort,Software,15126236.478,14065306.218,13928162.76,15069739.503,14801295.84663,306.0,216.0,1060930.2599999998,0.07542887752008413,324940.63137000054
Enablement,Document Management,Administrative,Administrative Other,,-1044950.004,-114106.107,,,0.0,12.0,1044950.004,,0.0
BU Support,Distribution,Administrative,Administrative Other,,-985522.701,-1280406.264,,,0.0,12.0,985522.701,,0.0
Infrastructure,Productivity,Other,Other Miscellaneous Expense,12123.729,-954061.3439999999,-702612.975,141202.14,-136430.91246000002,35.0,132.0,966185.073,,148554.64146
Functional,R2,Administrative,Administrative Other,,-960220.2,205524.05100000004,0.0,0.0,0.0,12.0,960220.2,,0.0
Functional,R3,Labor,Professional Services,5521835.988,4581734.832,4328802.225,6667288.0077,6526137.8691,44.0,36.0,940101.1559999995,0.20518454045705442,-1004301.8810999999
Infrastructure,Hosting,Administrative,Administrative Other,,-905100.0,-110214.411,0.0,0.0,0.0,24.0,905100.0,,0.0
Functional,R5,CAPEX,Professional Services,872658.111,,301429.2,614894.8589999999,551367.894,25.0,0.0,872658.111,,321290.21700000006
Functional,R3,Labor,Outsourcing,789323.637,,4367.652,389298.339,90382.851,17.0,0.0,789323.637,,698940.786
Functional,R5,Labor,Outsourcing,714169.317,,219239.97,504587.955,333453.039,63.0,0.0,714169.317,,380716.27800000005
Infrastructure,Productivity,Labor,Professional Services,2025352.3499999999,1321100.346,1371011.091,1696888.62561,1452301.92414,220.0,180.0,704252.004,0.5330798724959231,573050.4258599998
Infrastructure,Productivity,Administrative,Administrative Other,,-600000.0,144467.718,0.0,0.0,0.0,12.0,600000.0,,0.0
BU Support,Planning,Depr & Amort,Fixed Assets,875934.771,310755.072,650672.9369999999,732589.7189999999,589797.255,24.0,12.0,565179.699,1.8187304083648232,286137.51599999995
Functional,R5,Hardware & Software,Purchased Software,589669.314,45900.0,323232.906,551714.9519999999,409637.304,62.0,36.0,543769.314,11.846826013071896,180032.01
Infrastructure,SSO,Labor,Professional Services,823308.174,290591.1,280513.659,657858.024,472599.042,12.0,12.0,532717.074,1.8332188219116141,350709.132
Functional,R2,CAPEX,Internal Labor CAPEX,-1075224.654,-1606810.8,-1398532.398,-1288999.35,-1320455.814,35.0,48.0,531586.146,,245231.15999999992
BU Support,Manufacturing,Labor,Sub Contract Labor,1053311.823,569934.9569999999,743479.137,902175.591,851330.19903,117.0,48.0,483376.86600000015,0.8481263696201042,201981.62397000007
Enablement,Innovation,Labor,Professional Services,453532.5,,,,,2.0,0.0,453532.5,,453532.5
Infrastructure,Data Centers,Labor,Professional Services,4788878.316,4352741.778,4873114.305,4763351.32848,5078414.5203,92.0,108.0,436136.5379999997,0.10019811885105574,-289536.20430000033
BU Support,Manufacturing,Other,Recurring,2773.3409999999994,-432163.85699999996,-352847.83499999996,-10562.205000000005,-15944.450819999991,32.0,72.0,434937.198,,18717.79181999999
Governance,Vendor Management,Administrative,Administrative Other,,-413437.5,-262915.49990999995,0.0,-138097.57176,0.0,12.0,413437.5,,138097.57176
BU Support,Manufacturing,Labor,Payroll Taxes - Salaries,917009.8859999999,518963.832,668480.262,732039.1799999999,547874.265,399.0,312.0,398046.05399999995,0.7670015316211862,369135.6209999999
Functional,R2,Labor,Contractors,385310.49,,89151.918,327070.653,165521.74806,28.0,0.0,385310.49,,219788.74193999998
Infrastructure,Help Desk,Hardware & Software,Software Maintenance,375568.58999999997,,41955.609,272360.463,167088.498,22.0,0.0,375568.58999999997,,208480.09199999998
BU Support,Planning,Labor,Bonuses,366093.55199999997,0.0,91659.837,275185.989,184720.104,60.0,12.0,366093.55199999997,,181373.44799999997
Governance,Vendor Management,Labor,Outsourcing,367632.924,1800.0,2033.4000000000003,82579.43696999998,12368.759999999986,12.0,12.0,365832.924,203.24051333333333,355264.164
BU Support,Planning,Labor,Insurance,335069.664,,89439.042,248857.656,169907.115,37.0,0.0,335069.664,,165162.549
BU Support,Planning,Labor,Retirement Plan Match,333400.647,7303.968,97734.636,254445.3,175191.747,48.0,12.0,326096.679,44.64650981493895,158208.9
Governance,Administration,Labor,Regular Salaries And Wages,854043.432,543366.576,1063933.992,1011133.2779999999,975585.44622,33.0,24.0,310676.856,0.5717629124099823,-121542.01422000001
Functional,R3,Labor,Sub Contract Labor,304281.36600000004,,304281.36600000004,304281.36600000004,304281.36600000004,3.0,0.0,304281.36600000004,,0.0
Infrastructure,Networking,Hardware & Software,Maintenance and Repairs,349088.85899999994,53519.585999999996,68010.027,229887.52199999997,105556.83894,30.0,12.0,295569.2729999999,5.522637506949324,243532.02005999995
BU Support,Planning,Labor,Retirement Medical,291674.997,,78416.607,221898.21,151606.134,36.0,0.0,291674.997,,140068.86299999998
BU Support,R&D,Hardware & Software,Software Maintenance,291577.101,,22984.29,152314.45799999998,48916.020000000004,24.0,0.0,291577.101,,242661.081
Infrastructure,Networking,Hardware & Software,Computer Rental,1680432.432,1399556.988,1495549.416,1653684.26475,1888582.4438999998,12.0,24.0,280875.44400000013,0.20068882254046533,-208150.0118999998
BU Support,Development,Labor,Outsourcing,280216.04099999997,,46480.647,186155.874,109427.487,12.0,0.0,280216.04099999997,,170788.55399999997
Infrastructure,Networking,Other,Telecom Services,280080.114,,20133.321,264911.202,94223.703,10.0,0.0,280080.114,,185856.41100000002
BU Support,Emerging,Labor,Professional Services,336863.65499999997,66601.44,131634.969,130639.89675,116839.73988,36.0,36.0,270262.21499999997,4.057903477762642,220023.91511999996
Enablement,Mobility,Labor,Professional Services,532899.3809999999,264873.6,498111.42899999995,584790.657,550199.8169999999,13.0,12.0,268025.78099999996,1.011900699050415,-17300.435999999987
Infrastructure,Core Infrastructure,Hardware & Software,Computer Rental,617684.169,350763.12,405044.03699999995,640270.7385,635108.79186,23.0,48.0,266921.049,0.7609723878610728,-17424.622860000003
Enablement,EIM,Administrative,Administrative Other,,-266849.988,-372952.347,,-343325.99574,0.0,12.0,266849.988,,343325.99574
BU Support,Planning,Labor,Payroll Taxes - Salaries,270947.16599999997,4753.6320000000005,127043.82599999999,231002.802,181895.61599999998,59.0,12.0,266193.534,55.99792621725871,89051.54999999999
Functional,R5,Labor,Bonuses,259767.849,,65305.506,196571.43,130955.601,24.0,0.0,259767.849,,128812.24799999999
BU Support,Core,Labor,Professional Services,249837.633,,,139360.773,5700.0,8.0,0.0,249837.633,,244137.633
Functional,R5,Labor,Insurance,241456.419,4981.5,67082.508,182608.674,122857.023,24.0,12.0,236474.919,47.470625112917794,118599.396
Functional,R5,Labor,Retirement Plan Match,225480.237,2003.424,65009.241,176781.102,120434.208,23.0,12.0,223476.813,111.54743728736403,105046.029
BU Support,Manufacturing,Labor,Outsourcing,2922534.759,2701560.117,2452029.462,2724977.2739999997,2746416.89085,234.0,240.0,220974.642,0.08179519700838106,176117.86815
BU Support,R&D,Labor,Professional Services,1262799.8939999999,1044266.9789999999,1182202.962,1452098.3159999999,1774533.795,41.0,48.0,218532.91499999992,0.20926919973019653,-511733.90100000007
Functional,R5,Labor,Retirement Medical,208337.03699999998,2246.832,56965.59,161630.682,109001.82599999999,24.0,12.0,206090.205,91.72479517827767,99335.211
BU Support,R&D,Labor,Bonuses,213586.395,9484.308,57604.401,156490.20599999998,104158.116,34.0,36.0,204102.087,21.519976681482717,109428.279
Infrastructure,Networking,Labor,Outsourcing,2110236.381,1907430.126,2084449.4057099998,2175735.258,2073300.501,40.0,36.0,202806.25500000012,0.10632434301816208,36935.88000000012
Infrastructure,SSO,Labor,Outsourcing,1034853.348,837230.64,928332.8663999999,813221.547,794823.282,12.0,12.0,197622.70799999998,0.23604332970900346,240030.066
Enablement,EIM,Hardware & Software,Purchased Software,277834.779,85146.87599999999,90408.369,127828.389,123336.86574,11.0,12.0,192687.903,2.263006137770692,154497.91326
Governance,Administration,Labor,Insurance,225759.858,42480.0,55323.818999999996,169097.283,112357.059,25.0,12.0,183279.858,4.314497598870057,113402.79900000001
BU Support,Emerging,Other,Recurring,182982.318,,31681.29,47300.253,19104.452520000003,9.0,0.0,182982.318,,163877.86548
Functional,R3,Other,Recurring,182534.367,,66467.682,109718.802,58552.011,21.0,0.0,182534.367,,123982.356
Functional,R2,Other,Travel Expense,309667.554,129005.499,162402.381,323266.107,246125.54994,115.0,132.0,180662.055,1.400421349480614,63542.00406000001
Functional,R5,Labor,Payroll Taxes - Salaries,184358.424,5819.775,81417.684,151818.357,116382.336,24.0,12.0,178538.649,30.677929816874368,67976.088
BU Support,R&D,Labor,Retirement Plan Match,213751.71899999998,40797.396,85021.659,159062.484,107524.68299999999,60.0,36.0,172954.32299999997,4.239347114212877,106227.036
Functional,R5,Other,Project Expense,172658.28,,,33113.85,,5.0,0.0,172658.28,,172658.28
BU Support,Development,Labor,Bonuses,173258.649,2220.63,44321.673,127142.772,83096.64,40.0,12.0,171038.019,77.02229502438497,90162.009
Functional,R3,Hardware & Software,Software Maintenance,1373089.443,1203465.456,716787.657,1384536.76242,1239400.3305,38.0,24.0,169623.98699999996,0.1409462865380325,133689.11250000005
Enablement,Mobility,Depr & Amort,Fixed Assets,188685.792,24573.3,63561.693,183982.71684,186289.809,24.0,12.0,164112.492,6.67848811514937,2395.9829999999783
BU Support,Planning,Labor,Savings Plan,159918.423,,40555.47,120692.829,81410.199,36.0,0.0,159918.423,,78508.22400000002
Enablement,EIM,Hardware & Software,Software Maintenance,348389.952,194008.44,240234.258,406600.227,274867.62098999997,12.0,12.0,154381.512,0.7957463706218141,73522.33101000002
BU Support,Distribution,Labor,Payroll Taxes - Salaries,177313.25999999998,24639.798,53083.587,126959.079,94818.39,103.0,36.0,152673.46199999997,6.196214027403958,82494.86999999998
Infrastructure,Core Infrastructure,Hardware & Software,Computer Hardware,152967.88499999998,612.0,5088.153,107667.906,112638.81174,35.0,12.0,152355.88499999998,248.94752450980388,40329.073259999976
BU Support,Planning,Labor,Billing,151470.597,,46449.789,118368.54,46449.789,4.0,0.0,151470.597,,105020.80800000002
Infrastructure,Productivity,Hardware & Software,Machine/Equipment Rental,151337.772,,43386.243,114943.42199999999,66840.28199999999,44.0,0.0,151337.772,,84497.49
Governance,Process Management,Labor,Professional Services,899464.149,751352.8859999999,963479.03865,900591.28698,928920.61314,17.0,24.0,148111.26300000004,0.1971260984815064,-29456.464140000055
BU Support,Development,Labor,Retirement Plan Match,158164.065,12328.452,52876.362,123412.245,84291.144,58.0,24.0,145835.613,11.829190964121045,73872.921
BU Support,Distribution,Labor,Outsourcing,144910.311,,23190.36,119984.682,76510.662,22.0,0.0,144910.311,,68399.64899999999
Governance,Administration,Other,Other Miscellaneous Expense,-40334.418000000005,-178001.136,-150258.88199999998,-30239.165999999997,-8886.815999999999,9.0,12.0,137666.718,,-31447.602000000006
BU Support,Distribution,Labor,Retirement Plan Match,164042.742,27332.232,39529.881,116216.382,77561.253,101.0,24.0,136710.51,5.001805560555757,86481.489
Infrastructure,Core Infrastructure,Other,Telephone,226179.672,90201.816,128134.74,229287.2715,237853.10958,92.0,48.0,135977.85599999997,1.5074846830134767,-11673.437579999998
Infrastructure,Productivity,Labor,Contractors,197953.53,65365.686,74103.345,165016.36764,134812.57128,71.0,36.0,132587.84399999998,2.028401323593544,63140.958719999995
Infrastructure,Data Centers,Hardware & Software,Servers Rental,129945.0,,129945.0,129945.0,129945.0,14.0,0.0,129945.0,,0.0
BU Support,Distribution,Labor,Bonuses,161053.392,31177.800000000003,31212.324,101731.731,65490.924,98.0,12.0,129875.59199999999,4.165643246155918,95562.468
BU Support,Manufacturing,Other,Settlements,155975.223,26392.002,53033.574,114881.571,93493.32603,51.0,24.0,129583.22099999999,4.909942830407484,62481.89697
Functional,R2,Labor,Payroll Taxes - Salaries,454858.122,327033.309,377843.691,438079.02674999996,390720.52206,163.0,108.0,127824.81299999997,0.3908617546966751,64137.599939999986
BU Support,R&D,Labor,Payroll Taxes - Salaries,155768.832,28651.566,87287.817,129835.56,99913.722,61.0,48.0,127117.266,4.436660320765713,55855.11
Governance,Quality & Compliance,Labor,Professional Services,1187612.388,1062236.646,1131626.7690299999,1187910.16233,1268341.812,11.0,12.0,125375.74200000009,0.11802995356272061,-80729.42399999988
Infrastructure,Data Centers,Hardware & Software,Purchased Software,337995.288,213969.285,225147.939,263477.007,248537.86608,58.0,36.0,124026.003,0.5796439568417495,89457.42192
BU Support,R&D,Hardware & Software,Computer Hardware,123025.425,,4696.446,92677.566,94587.618,14.0,0.0,123025.425,,28437.807
Infrastructure,SSO,Administrative,Administrative Other,,-122999.99999999999,-65999.7,,,0.0,12.0,122999.99999999999,,0.0
Infrastructure,Productivity,Other,Transportation - Motor Freight,117290.61899999999,,21460.335,90643.836,65143.41,24.0,0.0,117290.61899999999,,52147.20899999999
BU Support,Development,Labor,Insurance,116612.55,,30640.803,86274.012,58801.748999999996,24.0,0.0,116612.55,,57810.80100000001
Functional,R5,Other,Settlements,114468.54,,,3407.0399999999995,,3.0,0.0,114468.54,,114468.54
BU Support,R&D,Labor,Insurance,114121.722,,28560.428999999996,83249.025,56101.248,15.0,0.0,114121.722,,58020.473999999995
Enablement,EIM,Labor,Bonuses,112927.611,,28237.425,83703.375,55719.177,15.0,0.0,112927.611,,57208.434
BU Support,Manufacturing,Administrative,Administrative Other,,-112620.0,,-357039.747,-329162.99994,0.0,24.0,112620.0,,329162.99994
BU Support,Development,Labor,Payroll Taxes - Salaries,125029.55099999999,12856.02,66371.37,107939.886,82542.16799999999,46.0,24.0,112173.53099999999,8.725369982311788,42487.383
Governance,GRC,Labor,Payroll Taxes - Salaries,113925.23999999999,3456.6,33596.709,91140.153,64072.239,53.0,12.0,110468.63999999998,31.958757160215235,49853.00099999999
Functional,R5,Labor,Savings Plan,112847.175,4351.503,31963.323,86837.832,58068.171,24.0,12.0,108495.672,24.93291903969732,54779.004
Infrastructure,Core Infrastructure,Hardware & Software,Machine/Equipment Rental,108233.145,,16882.865999999998,83253.996,62546.66874,14.0,0.0,108233.145,,45686.47626
BU Support,Manufacturing,Labor,Payroll Taxes - Retirement,107627.853,263.08799999999997,29767.644,83960.514,62380.284,36.0,12.0,107364.765,408.09449689837624,45247.569
Enablement,EIM,CAPEX,Projects - Purchases,107122.5,,,38178.0,,5.0,0.0,107122.5,,107122.5
Infrastructure,Productivity,Other,Telecom Services,181163.304,77520.42,99886.68,144205.557,133917.14766,58.0,12.0,103642.884,1.336975264065907,47246.156340000016
Functional,R2,Other,Project Expense,102919.2,,10966.8,60739.2,43867.2,8.0,0.0,102919.2,,59052.0
Functional,R3,Labor,Payroll Taxes - Salaries,124978.20899999999,23964.0,56366.511,97190.529,73057.686,102.0,12.0,101014.20899999999,4.215248247371056,51920.52299999999
BU Support,Development,Labor,Retirement Medical,100707.723,,26833.617,76348.377,52160.697,12.0,0.0,100707.723,,48547.026
BU Support,R&D,Labor,Retirement Medical,99598.83899999999,,25219.695,74476.41,50290.5,12.0,0.0,99598.83899999999,,49308.33899999999
Enablement,EIM,Labor,Professional Services,630993.531,531508.218,487060.95900000003,470810.535,518927.74199999997,16.0,24.0,99485.31299999997,0.18717549349349846,112065.78899999999
Infrastructure,Networking,Hardware & Software,Non CAPEX Equipment,97962.921,,11970.224999999999,76582.50153,49993.053,21.0,0.0,97962.921,,47969.868
Enablement,Innovation,Other,Recurring,97730.57699999999,,,24154.5,4074.4530000000022,4.0,0.0,97730.57699999999,,93656.12399999998
BU Support,Production,Labor,Professional Services,97626.756,,,2850.0,,4.0,0.0,97626.756,,97626.756
Governance,GRC,Labor,Bonuses,113177.181,15629.4,20921.574,72087.387,44854.314,56.0,12.0,97547.781,6.241300433797843,68322.867
Governance,GRC,Labor,Retirement Plan Match,104369.41799999999,8103.599999999999,22373.538,75582.435,47609.657999999996,51.0,12.0,96265.81799999998,11.879389160373167,56759.759999999995
Infrastructure,Core Infrastructure,Other,Telecom Services,97241.997,1122.9479999999999,308.62499999999926,116767.08825,192218.44254,39.0,24.0,96119.049,85.59528045822248,-94976.44553999999
Enablement,EIM,Labor,Retirement Plan Match,95719.719,,26257.857,71873.60399999999,48948.140999999996,15.0,0.0,95719.719,,46771.578
Functional,R1,Other,Materials,94650.132,560.76,634.7669999999999,94716.603,509.24699999999996,19.0,12.0,94089.372,167.7890220415151,94140.885
Functional,R3,Hardware & Software,Purchased Software,1187598.525,1095238.188,1210971.771,1165765.719,1602232.4326199999,54.0,24.0,92360.33699999982,0.08432899620552659,-414633.90761999995
Functional,R2,Hardware & Software,Computer Hardware,91856.973,,14300.46,46148.058000000005,28685.019,50.0,0.0,91856.973,,63171.954
Infrastructure,Productivity,Labor,Payroll Taxes - Salaries,129501.52799999999,39419.34,69646.851,130791.94499999999,133240.479,145.0,36.0,90082.188,2.28522821538869,-3738.951000000001
Infrastructure,Data Centers,Hardware & Software,Software Maintenance,1712891.349,1624111.344,1315033.686,1559602.00389,1268174.58708,70.0,84.0,88780.00499999989,0.05466374293116192,444716.76191999996
Enablement,EIM,Labor,Insurance,87914.14199999999,,22635.294,63518.282999999996,42663.237,15.0,0.0,87914.14199999999,,45250.90499999999
Enablement,Mobility,Hardware & Software,Software Maintenance,406036.56,318930.0,424424.616,369222.18299999996,459441.70499999996,12.0,12.0,87106.56,0.27312124917693537,-53405.14499999996
Enablement,Mobility,Labor,Regular Salaries And Wages,86557.812,,71954.511,97914.876,105102.549,8.0,0.0,86557.812,,-18544.736999999994
BU Support,R&D,Labor,Savings Plan,85486.518,,20646.873,63837.962999999996,42488.679,12.0,0.0,85486.518,,42997.839
Governance,Administration,Hardware & Software,Maintenance and Repairs,86479.8,1620.0,1215.0,86884.8,87289.8,3.0,12.0,84859.8,52.382592592592594,-810.0
Infrastructure,Help Desk,Other,Telephone,84725.244,,5529.414,68491.677,64795.986,7.0,0.0,84725.244,,19929.25800000001
Enablement,Business Intelligence,Labor,Outsourcing,85101.738,421.20000000000005,8812.098,85032.741,84079.79406,12.0,12.0,84680.538,201.04591168091167,1021.9439399999974
Governance,GRC,Hardware & Software,Maintenance and Repairs,85718.385,1500.0120000000002,15876.66009,85148.8695,38126.823,14.0,12.0,84218.37299999999,56.14513283893728,47591.562
Governance,Portfolio Management,Administrative,Administrative Other,,-82687.5,,0.0,,0.0,12.0,82687.5,,0.0
Infrastructure,Data Centers,Other,Settlements,89079.948,6876.0,21846.164999999997,32575.029,21846.164999999997,9.0,12.0,82203.948,11.955198952879583,67233.78300000001
Enablement,EIM,Labor,Outsourcing,481578.96,399989.98799999995,497764.5,571679.388,634289.02752,12.0,12.0,81588.97200000007,0.2039775355577152,-152710.06751999998
BU Support,Development,Other,Project Expense,81000.0,,,,,1.0,0.0,81000.0,,81000.0
Enablement,EIM,Labor,Payroll Taxes - Salaries,77722.437,,34585.44,66401.637,51759.369,30.0,0.0,77722.437,,25963.068000000007
Functional,R5,Labor,Contractors,77025.0,0.0,8716.980000000001,69474.75,37920.0,11.0,12.0,77025.0,,39105.0
Enablement,EIM,Labor,Retirement Medical,76598.47499999999,,19930.358999999997,56806.875,38163.672,12.0,0.0,76598.47499999999,,38434.80299999999
Infrastructure,Networking,Hardware & Software,Purchased Software,78072.69,3121.2,129920.83200000001,101804.2185,107389.032,16.0,12.0,74951.49,24.01367743175702,-29316.342000000004
BU Support,R&D,Labor,Allowances,86398.101,11664.072,87916.236,86398.101,86398.101,3.0,24.0,74734.029,6.407198875315584,0.0
BU Support,Manufacturing,Other,Telecom,126667.347,52024.275,65907.798,135601.059,104930.44785,200.0,240.0,74643.07199999999,1.4347739012220735,21736.899149999997
Functional,R3,Other,Travel Expense,150258.96899999998,75750.408,99420.879,174629.23281,172471.58061,93.0,24.0,74508.56099999999,0.9836060684980071,-22212.61161000002
BU Support,R&D,Other,Subscriptions,74105.814,,2592.0,4776.264,4413.273,10.0,0.0,74105.814,,69692.541
Infrastructure,Core Infrastructure,Hardware & Software,Non CAPEX Equipment,72568.881,,,,,4.0,0.0,72568.881,,72568.881
Functional,R3,Labor,Contractors,91505.76,18967.068,30710.673,103601.28477,66208.32071999999,29.0,12.0,72538.692,3.8244546811346907,25297.439280000006
Functional,R1,Labor,Payroll Taxes - Salaries,75132.201,4571.778,22443.414,53887.329,37529.045999999995,57.0,12.0,70560.423,15.433912801540231,37603.155000000006
BU Support,Planning,Shared Services,Other Outbound,-20310.888,-90013.17599999999,-87820.76999999999,-43901.859,-65317.475999999995,2.0,24.0,69702.288,,45006.587999999996
Infrastructure,Data Centers,Other,Property Taxes,208049.973,138602.376,196598.571,208049.93699999998,208050.65699999998,72.0,72.0,69447.59700000001,0.5010563238829326,-0.6839999999792781
Functional,R2,Other,Property Taxes,66262.815,,16565.67,62668.845,33131.385,101.0,0.0,66262.815,,33131.43
Infrastructure,Core Infrastructure,Shared Services,BU Expenses,65674.02,,,31765.364999999998,,10.0,0.0,65674.02,,65674.02
Governance,Administration,Labor,Retirement Plan Match,174407.229,110250.6,43937.964,132669.075,89562.954,24.0,12.0,64156.628999999986,0.5819163705231535,84844.275
Governance,Administration,Other,Moving Expenses - NT,63944.589,,2015.2649999999999,54244.527,36933.525,12.0,0.0,63944.589,,27011.064
BU Support,Manufacturing,Hardware & Software,Purchased Software,568703.433,504915.288,475924.662,501873.747,472831.90191,175.0,264.0,63788.14499999996,0.12633435056535655,95871.53108999995
Functional,R3,Labor,Bonuses,106999.185,43626.0,57986.945999999996,82192.245,55094.328,94.0,12.0,63373.185,1.4526471599504882,51904.856999999996
BU Support,Development,Labor,Savings Plan,62070.191999999995,,15931.911,47366.208,31948.040999999997,12.0,0.0,62070.191999999995,,30122.150999999998
Functional,R2,Other,Telecom,61963.818,,70915.833,56556.786,52169.149919999996,108.0,0.0,61963.818,,9794.668080000003
Governance,Security & Risk Management,Labor,Professional Services,62414.235,1050.0,1050.0,22747.5,,5.0,12.0,61364.235,58.44212857142857,62414.235
BU Support,Distribution,Other,Materials,62549.844,1401.876,1153.056,57255.638999999996,985.794,39.0,12.0,61147.968,43.61867098088562,61564.049999999996
BU Support,Distribution,Depr & Amort,Software,60826.941,,15712.275,48861.471,32291.208,24.0,0.0,60826.941,,28535.733
BU Support,Distribution,Hardware & Software,Software Maintenance,60506.049,,6167.442,6405.276,7870.518,22.0,0.0,60506.049,,52635.531
Infrastructure,Productivity,Labor,Retirement Plan Match,126257.655,69083.904,83578.386,134604.051,142467.44921999998,96.0,36.0,57173.751000000004,0.8275987269046059,-16209.794219999982
Infrastructure,SSO,Hardware & Software,Purchased Software,233226.56699999998,178036.8,177856.068,184214.69400000002,177675.41999999998,12.0,12.0,55189.76699999999,0.3099907828044539,55551.147
BU Support,Development,Labor,Governance,54996.0,,,,,2.0,0.0,54996.0,,54996.0
Infrastructure,Hosting,Labor,Regular Salaries And Wages,717388.053,663879.0,677417.538,794368.8,734102.85348,36.0,24.0,53509.052999999956,0.08060061095470704,-16714.800480000093
Infrastructure,Productivity,Other,Indemnification and Separation Allowance,52266.97799999999,,5404.08299999998,8065.808999999994,6668.906519999982,35.0,0.0,52266.97799999999,,45598.071480000006
Governance,GRC,Labor,Employee Wellness,52214.43,,17136.441,42137.52,30982.857,18.0,0.0,52214.43,,21231.573
BU Support,Planning,Other,Telecom,51125.916,,24419.316000000003,42997.428,35214.528,32.0,0.0,51125.916,,15911.387999999999
BU Support,Distribution,Labor,Insurance,78752.81999999999,28221.852,21944.361,55829.613,38007.933,89.0,24.0,50530.96799999999,1.7904908579351912,40744.886999999995
Infrastructure,Productivity,Other,Project Expense,49703.219999999994,1879.272,16930.02,37644.204,23850.732959999998,13.0,24.0,47823.948,25.448124592927474,25852.487039999996
Enablement,EIM,Labor,Savings Plan,47591.226,,11831.472,35219.172,23378.418,12.0,0.0,47591.226,,24212.808
Governance,GRC,Other,Travel Expense,93183.98999999999,46424.952,60253.697009999996,98051.21745,83650.53252,65.0,36.0,46759.03799999999,1.0071962594597834,9533.457479999997
Infrastructure,Productivity,Other,Materials,362623.311,316176.09299999994,300272.90099999995,304944.945,223201.28592,134.0,216.0,46447.21800000005,0.14690300445960683,139422.02508
BU Support,R&D,Other,Settlements,45880.5,,,,,1.0,0.0,45880.5,,45880.5
Enablement,Mobility,Other,Office Rental,45863.145,,22762.572,34528.674,-6904.907999999995,7.0,0.0,45863.145,,52768.05299999999
Enablement,Portals,Shared Services,Projects - Transfers,45300.0,,21600.0,45300.0,45300.0,2.0,0.0,45300.0,,0.0
Infrastructure,Core Infrastructure,Hardware & Software,Maintenance and Repairs,132554.559,87616.836,83919.18,119920.13025,127469.21994000001,26.0,24.0,44937.72300000001,0.5128891324037314,5085.339059999998
Infrastructure,Core Infrastructure,Other,Moving Expenses - NT,44905.626,,11751.413999999999,42601.577999999994,21000.879,19.0,0.0,44905.626,,23904.746999999996
Functional,R2,Other,Reporting,44832.9,,44832.9,44832.9,44832.9,1.0,0.0,44832.9,,0.0
BU Support,Manufacturing,Labor,Payroll Taxes - Other,43725.606,81.62100000000001,11550.318,34174.203,24720.78294,37.0,12.0,43643.985,534.7151468372109,19004.82306
Infrastructure,Networking,Other,Settlements,43593.324,,36322.098,50438.69025,36322.098,14.0,0.0,43593.324,,7271.226000000002
BU Support,Manufacturing,Hardware & Software,Field Engineering,43252.827,,2293.854,18856.019999999997,12009.669,19.0,0.0,43252.827,,31243.157999999996
Functional,R5,Other,Travel Expense,46098.888,3000.0,9195.987,25214.177999999996,17485.631999999998,24.0,12.0,43098.888,14.366296,28613.256
Functional,R3,Depr & Amort,Fixed Assets,42543.474,,10482.246,31856.397,21169.314,23.0,0.0,42543.474,,21374.160000000003
Infrastructure,Networking,Hardware & Software,Computer Hardware,110055.618,67622.38500000001,66700.71888,49134.1665,68060.613,18.0,12.0,42433.23299999999,0.6275027566685202,41995.005000000005
Functional,R2,Other,Moving Expenses - NT,41224.554,,23313.177,39058.409999999996,30998.804999999997,18.0,0.0,41224.554,,10225.749
BU Support,Development,Other,Travel Expense,57027.57,15954.624,27481.266,50087.304,37997.32626,38.0,24.0,41072.945999999996,2.5743600099883266,19030.243739999998
Governance,GRC,Labor,Other Bonuses,40495.851,,9899.793000000001,30615.972,20260.593,20.0,0.0,40495.851,,20235.258
Infrastructure,Hosting,Other,Moving Expenses - NT,40375.403999999995,,,29612.735999999997,1468.941,5.0,0.0,40375.403999999995,,38906.462999999996
Enablement,Business Intelligence,Hardware & Software,Purchased Software,40809.642,838.8,756.0,3410.526,560.0003399999999,7.0,12.0,39970.842,47.652410586552215,40249.64166
Infrastructure,Core Infrastructure,Other,Corporate Air Travel,38723.343,,11087.741999999998,28744.635,17420.886,14.0,0.0,38723.343,,21302.457000000002
BU Support,R&D,Labor,Outsourcing,38146.611000000004,,32.897999999999996,32806.085999999996,3407.796,11.0,0.0,38146.611000000004,,34738.815
Enablement,Six Sigma,Hardware & Software,Computer Hardware,37974.04499999999,,36173.145,37896.344999999994,36173.145,3.0,0.0,37974.04499999999,,1800.8999999999942
Functional,R1,Labor,Billing,37509.501000000004,,,28755.459000000003,19169.238,4.0,0.0,37509.501000000004,,18340.263000000003
Enablement,Data Management,Depr & Amort,Fixed Assets,36609.746999999996,,13717.254,50379.746999999996,55005.621,8.0,0.0,36609.746999999996,,-18395.874000000003
Infrastructure,Data Centers,Other,Project Expense,36432.375,,6338.373,110641.54199999999,6720.932999999997,8.0,0.0,36432.375,,29711.442000000003
Infrastructure,Core Infrastructure,Labor,Vacation,36698.229,501.003,13339.098,30803.72625,29975.2998,42.0,12.0,36197.226,72.24951946395531,6722.929199999999
Functional,R5,Other,Property Taxes,36037.686,,9507.594000000001,28283.322,20528.958,84.0,0.0,36037.686,,15508.728000000003
BU Support,Distribution,Labor,Retirement Medical,56559.513,20998.800000000003,13806.822,41334.921,26973.809999999998,36.0,12.0,35560.712999999996,1.6934640550888618,29585.703
BU Support,Development,Hardware & Software,Software Maintenance,153342.66600000003,117900.0,263632.49097,134547.91497,131693.00100000002,10.0,12.0,35442.66600000003,0.3006163358778628,21649.665000000008
Governance,Administration,Other,Legal Services,34706.994,,30277.509000000002,52126.38,70485.39,10.0,0.0,34706.994,,-35778.396
BU Support,Manufacturing,Labor,Payroll Taxes - Variable Comp,34612.755,,9163.619999999999,26952.578999999998,19469.954999999998,36.0,0.0,34612.755,,15142.8
Functional,R5,Other,Training,35911.722,1500.0,8502.072,31284.963,23136.093,16.0,12.0,34411.722,22.941148000000002,12775.629
Governance,Administration,Other,Travel Expense,109235.397,75000.0,88212.363,98501.886,88369.056,13.0,12.0,34235.397,0.45647195999999995,20866.341
Infrastructure,Core Infrastructure,Other,Materials,44200.46399999999,9993.132,9971.412,28708.97925,21181.38324,52.0,60.0,34207.331999999995,3.4230841742108478,23019.080759999993
Functional,R2,Labor,Sub Contract Labor,33972.350999999995,,240000.0,,150000.0,1.0,0.0,33972.350999999995,,-116027.649
Functional,R2,Hardware & Software,Network Equipment Rental,33678.9,,,33678.9,33678.9,2.0,0.0,33678.9,,0.0
BU Support,Manufacturing,Other,Telecom Services,44433.195,11424.072,11539.554,13692.804,14543.463,46.0,12.0,33009.123,2.8894358333876045,29889.732
Governance,Portfolio Management,Labor,Outsourcing,32747.748,,34.848,25489.548,3087.648,10.0,0.0,32747.748,,29660.1
Infrastructure,Networking,Hardware & Software,Machine/Equipment Rental,32603.049,,,13368.909,,5.0,0.0,32603.049,,32603.049
Governance,Administration,Other,Memberships,86271.0,54000.0,54000.0,36450.0,54000.0,4.0,12.0,32271.0,0.5976111111111111,32271.0
Enablement,Six Sigma,Administrative,Administrative Other,,-31310.712,-23483.034,-7827.678,-15655.356,0.0,12.0,31310.712,,15655.356
Infrastructure,Core Infrastructure,Labor,Savings Plan,62172.828,30885.531000000003,39129.324,56746.308,65967.5016,72.0,36.0,31287.297,1.0130082270562224,-3794.673600000002
Functional,R5,Other,Telecom,31220.232,,18748.143,27050.421,25154.481,34.0,0.0,31220.232,,6065.751
Infrastructure,SSO,Other,Settlements,31104.0,,-35717.759999999995,31104.0,31104.0,2.0,0.0,31104.0,,0.0
BU Support,Manufacturing,Labor,Other Bonuses,90183.375,59383.227,69219.02399999999,68619.084,42326.67,96.0,84.0,30800.148,0.5186674681724521,47856.705
Governance,GRC,Other,Project Expense,30664.199999999997,,30298.199999999997,30664.199999999997,30664.199999999997,4.0,0.0,30664.199999999997,,0.0
BU Support,R&D,Shared Services,Administrative Fees,30294.293999999998,,7952.049,25652.232,18492.534,11.0,0.0,30294.293999999998,,11801.759999999998
BU Support,Manufacturing,Labor,Admin,,-30000.0,-22500.0,-30000.0,,0.0,12.0,30000.0,,0.0
Governance,Administration,Labor,Billing,29782.029,,23690.463,49282.029,29410.599,3.0,0.0,29782.029,,371.4300000000003
Enablement,EIM,CAPEX,Professional Services,29565.300000000003,,,,,3.0,0.0,29565.300000000003,,29565.300000000003
Infrastructure,Productivity,Other,Training,48594.786,19111.703999999998,16232.085,15254.583,13178.9097,40.0,192.0,29483.082000000002,1.5426715482826652,35415.8763
Governance,GRC,Labor,Billing,29422.092,,4182.066,20042.877,11315.117999999999,5.0,0.0,29422.092,,18106.974000000002
Enablement,Business Intelligence,Administrative,Administrative Other,,-29400.0,-41768.700000000004,-675.3240000000001,-1350.65484,0.0,12.0,29400.0,,1350.65484
Enablement,Portals,Administrative,Administrative Other,,-29400.0,-29400.0,0.0,-25200.0,0.0,12.0,29400.0,,25200.0
Functional,R2,Labor,Retirement Plan Match,504520.203,475400.184,514992.20399999997,552861.57525,526164.714,168.0,108.0,29120.01899999997,0.061253697369204156,-21644.511000000057
Functional,R2,Labor,Insurance,492632.613,463873.74,505468.647,573013.6485,535518.43194,160.0,108.0,28758.87300000002,0.061997199927721756,-42885.81894000003
Functional,R2,Other,Indemnification and Separation Allowance,28898.928,321.27299999999997,508.659,25024.16475,1112.991,15.0,12.0,28577.655,88.95131243521865,27785.936999999998
Infrastructure,Core Infrastructure,Labor,Other ( + Tax ),29622.113999999998,1081.728,6427.74,24549.645,24350.4858,24.0,12.0,28540.386,26.384068823216186,5271.628199999999
BU Support,R&D,Other,Recurring,28507.157999999996,,17683.805999999997,28507.157999999996,28507.157999999996,3.0,0.0,28507.157999999996,,0.0
Infrastructure,Productivity,Labor,Bonuses,85314.306,57102.971999999994,62879.022,80518.689,77287.43321999999,74.0,36.0,28211.334000000003,0.4940431822007444,8026.872780000005
BU Support,Planning,Other,Property Taxes,28192.602,,4958.781,20062.754999999997,11932.908,36.0,0.0,28192.602,,16259.694
Governance,Process Management,Administrative,Administrative Other,,-27562.5,,0.0,,0.0,12.0,27562.5,,0.0
Infrastructure,Data Centers,Labor,Payroll Taxes - Salaries,110112.12,82814.7,40738.41,95251.836,80569.92696,93.0,48.0,27297.42,0.32962046593177297,29542.19304
Functional,R1,Labor,Retirement Plan Match,27252.234,,6086.5289999999995,22300.607999999997,15834.023999999998,67.0,0.0,27252.234,,11418.210000000003
Infrastructure,Core Infrastructure,Labor,Payroll Taxes - Extra,27628.746,545.319,11936.171999999999,31528.4475,35126.2638,36.0,12.0,27083.427,49.66529132489424,-7497.517800000001
Governance,GRC,Labor,Savings Plan,30290.240999999998,3608.3999999999996,7179.923999999999,23301.027,14416.752,24.0,12.0,26681.841,7.394368972397739,15873.488999999998
BU Support,Distribution,Labor,Employee Wellness,25667.844,,4263.876,17985.747,11672.463,27.0,0.0,25667.844,,13995.381000000001
BU Support,Development,Other,Subscriptions,25564.635,,6056.772,6064.635,6064.635,7.0,0.0,25564.635,,19500.0
Infrastructure,Productivity,Other,Seminars,25187.046,,,,,2.0,0.0,25187.046,,25187.046
Functional,R3,Labor,Retirement Plan Match,63648.062999999995,38791.2,46503.113999999994,49344.381,34649.570999999996,76.0,12.0,24856.862999999998,0.6407861319062055,28998.492
Governance,Process Management,Labor,Outsourcing,207449.18099999998,182985.012,101895.46647,180577.95003,108736.971,24.0,24.0,24464.168999999994,0.13369493344077818,98712.20999999998
BU Support,Distribution,Labor,Outside Services,24218.139,,,20532.639,,5.0,0.0,24218.139,,24218.139
BU Support,Distribution,Labor,Savings Plan,39373.532999999996,15215.4,11071.509,29766.282,20110.155,48.0,24.0,24158.132999999994,1.5877422216964387,19263.377999999997
Infrastructure,Hosting,Depr & Amort,Software,36146.058,12006.0,9446.652,36146.352,18346.452,12.0,12.0,24140.057999999997,2.0106661669165415,17799.605999999996
BU Support,R&D,Other,Travel Expense,57456.246,33539.22,44052.504,58419.273,57230.295,52.0,48.0,23917.025999999998,0.713106208194466,225.95100000000093
BU Support,Manufacturing,Hardware & Software,Non product,41367.99,17964.477,24207.09,27883.535999999996,21992.778,54.0,48.0,23403.513,1.302766175714439,19375.212
BU Support,Manufacturing,Other,Moving Expenses - NT,23229.609,,1639.341,22895.994000000002,107566.34096999999,9.0,0.0,23229.609,,-84336.73197
Infrastructure,Productivity,Hardware & Software,Non product,29158.458,6120.036,12388.965,19981.952999999998,15095.902259999999,18.0,12.0,23038.422,3.7644258955339476,14062.55574
Infrastructure,Data Centers,Hardware & Software,Machine/Equipment Rental,22892.304,,,22892.298,,3.0,0.0,22892.304,,22892.304
Functional,R2,Labor,Vacation,25004.540999999997,2397.312,5870.418000000001,13488.2595,5845.838939999998,34.0,12.0,22607.229,9.430240619493834,19158.70206
BU Support,Emerging,Other,Travel Expense,69292.443,47059.632,46201.53,61847.939999999995,61828.217939999995,47.0,72.0,22232.811,0.47243911724596577,7464.225060000004
Enablement,Mobility,Labor,Contractors,22120.112999999998,,7031.432999999999,19884.936,4134.713220000001,12.0,0.0,22120.112999999998,,17985.399779999996
BU Support,Emerging,Labor,Regular Salaries And Wages,234499.071,212397.627,220591.62,223474.1535,213055.18511999998,46.0,48.0,22101.44399999999,0.10405692526875542,21443.885880000016
Governance,Administration,Labor,Other Bonuses,22062.411,,5393.474999999999,16679.787,11038.109999999999,10.0,0.0,22062.411,,11024.301000000001
BU Support,Planning,Other,Travel Expense,27075.009,5418.072,8833.605,18076.649999999998,13105.244999999999,52.0,36.0,21656.936999999998,3.997166704318436,13969.764
Functional,R1,Labor,Bonuses,21566.787,,1400.871,11361.864,6236.169,21.0,0.0,21566.787,,15330.618
Governance,Quality & Compliance,Labor,Outsourcing,22775.847,1575.0,7529.85,23014.451999999997,12773.331,12.0,12.0,21200.847,13.460855238095238,10002.516000000001
Enablement,Portals,Labor,Contractors,20947.5,,,17199.0,3055.5,6.0,0.0,20947.5,,17892.0
Functional,R2,Other,Off Site Events,20878.842,,2826.48,19279.757999999998,-3.410605131648481e-13,7.0,0.0,20878.842,,20878.842
BU Support,Core,Labor,Outsourcing,20856.696,,12217.800000000001,54002.271,22352.1,12.0,0.0,20856.696,,-1495.4039999999986
Functional,R3,Other,Lease,20786.586,,18119.778,31721.648999999998,26037.081,68.0,0.0,20786.586,,-5250.494999999999
BU Support,Production,Labor,Regular Salaries And Wages,67757.094,47250.0,35437.5,85736.826,288482.145,6.0,12.0,20507.093999999997,0.43401257142857136,-220725.05100000004
Infrastructure,Core Infrastructure,Labor,Payroll Taxes - Salaries,56229.248999999996,35806.626,44483.765999999996,35559.8565,33613.14642,52.0,36.0,20422.623,0.5703587654419046,22616.10258
Governance,Administration,Hardware & Software,Purchased Software,20355.083999999995,,5.058,20355.083999999995,5.058,7.0,0.0,20355.083999999995,,20350.025999999994
Infrastructure,SSO,Hardware & Software,Software Maintenance,284903.13,264580.80000000005,264189.13800000004,277531.58400000003,263197.38300000003,12.0,12.0,20322.329999999958,0.07680954173545455,21705.746999999974
Infrastructure,Hosting,Hardware & Software,Software Maintenance,4032814.653,4012660.1999999997,4057226.103,4088801.2079999996,4095690.7589999996,24.0,24.0,20154.453000000212,0.005022716102400152,-62876.10599999968
BU Support,Planning,Labor,Contractors,40841.606999999996,20713.44,32129.46,38813.997,42820.47,18.0,12.0,20128.166999999998,0.9717442877667832,-1978.8630000000048
BU Support,Planning,Other,Memberships,35079.9,15000.011999999999,46174.20009,38760.900030000004,42392.40006,10.0,12.0,20079.888000000003,1.3386581290734971,-7312.5000599999985
Enablement,Innovation,Other,Travel Expense,22899.336,2873.244,4671.675,20077.518,12188.514000000001,15.0,12.0,20026.092,6.969854283172609,10710.821999999998
BU Support,Distribution,Other,Travel Expense,64724.909999999996,44701.884,43681.473,63132.621,46786.305,105.0,96.0,20023.025999999998,0.44792353718245964,17938.604999999996
Governance,Vendor Management,Labor,Professional Services,61709.79,42120.011999999995,34590.9,-3320.31,11615.4,4.0,12.0,19589.778000000006,0.4650943119389427,50094.39
Functional,R5,Other,Marketing Research,19500.0,,,,,1.0,0.0,19500.0,,19500.0
Enablement,Enterprise Capabilities,Labor,Payroll Taxes - Salaries,19485.435,,5055.534,15177.582,10608.141,24.0,0.0,19485.435,,8877.294000000002
Infrastructure,Productivity,Hardware & Software,Storage Rental,19475.298,,4644.378000000001,18319.41,7943.103,11.0,0.0,19475.298,,11532.195
Infrastructure,Networking,Labor,Allowances,19389.732,,6122.964,15648.576000000001,11612.787,37.0,0.0,19389.732,,7776.945
BU Support,Manufacturing,Labor,Bonuses,768917.016,749879.4569999999,757275.5819999999,580062.843,391260.429,319.0,300.0,19037.55900000001,0.025387492379325187,377656.58699999994
Infrastructure,SSO,Hardware & Software,Computer Hardware,19369.875,467.4,2377.818,16045.683,10089.018,9.0,12.0,18902.475,40.44175224646983,9280.857
Enablement,EIM,Depr & Amort,Fixed Assets,19579.656,694.8359999999999,5297.223,19844.453999999998,19736.625,12.0,12.0,18884.82,27.178816296219544,-156.96900000000096
BU Support,Core,Other,Travel Expense,18527.799,,3848.25,15521.469,7438.653,11.0,0.0,18527.799,,11089.145999999999
Governance,Administration,Labor,Employee Wellness,18507.891,,10617.93,18507.891,17906.565,7.0,0.0,18507.891,,601.3260000000009
Infrastructure,Productivity,Shared Services,BU Expenses,18493.395,,4114.379999999999,12834.386999999999,8475.525,15.0,0.0,18493.395,,10017.87
Functional,R5,Hardware & Software,Computer Rental,19982.286,1500.0,20494.02,19982.139,19856.331000000002,5.0,12.0,18482.286,12.321524,125.95499999999811
Functional,R2,CAPEX,Projects - Purchases,18307.842,,,,,3.0,0.0,18307.842,,18307.842
Infrastructure,Data Centers,Labor,Retirement Plan Match,140982.426,122885.4,37831.935,117602.18067,90677.81177999999,87.0,48.0,18097.026000000013,0.14726750289293938,50304.61422000002
Enablement,Innovation,Labor,Retirement Plan Match,34545.591,16500.0,4692.54,12796.458,8915.151,17.0,12.0,18045.591,1.0936721818181818,25630.440000000002
BU Support,R&D,Other,Property Taxes,18013.212,,4503.357,13509.926999999998,9006.642,12.0,0.0,18013.212,,9006.57
Infrastructure,Networking,Labor,Employee Wellness,17694.966,,3792.666,18167.175,18955.20378,12.0,0.0,17694.966,,-1260.2377799999995
BU Support,R&D,Other,Relocation Expenses,17568.663,0.0,37097.7,3912.572999999999,5716.655999999999,18.0,36.0,17568.663,,11852.007000000001
Governance,GRC,Labor,Insurance,20833.662,3539.7,3622.197,11407.392,6960.189,14.0,12.0,17293.962,4.885714043563014,13873.473
Governance,Administration,Labor,Contractors,17292.465,,7506.534,17292.465,15425.867999999999,16.0,0.0,17292.465,,1866.5970000000016
BU Support,Emerging,Other,Indemnification and Separation Allowance,38921.274,21634.631999999998,21817.308,20417.4555,21634.631999999998,13.0,12.0,17286.642,0.7990263943477293,17286.642
Infrastructure,Core Infrastructure,Other,Other Miscellaneous Expense,19464.342,2329.164,736460.196,578390.73783,971408.64336,28.0,12.0,17135.178,7.356793252858107,-951944.30136
Functional,R2,Shared Services,BU Expenses,16993.095,,4114.379999999999,17100.387,8475.525,12.0,0.0,16993.095,,8517.570000000002
Infrastructure,Productivity,Labor,Temps,16931.178,,3923.616,16268.055,15079.70652,12.0,0.0,16931.178,,1851.4714800000002
BU Support,Manufacturing,Hardware & Software,Non CAPEX Equipment,22171.811999999998,5304.036,6394.554,17619.192,13239.056939999999,25.0,24.0,16867.775999999998,3.1801775101073972,8932.75506
Infrastructure,Networking,Labor,Retirement Plan Match,68871.96,52069.2,44996.46,72051.51746999999,74953.60926,54.0,12.0,16802.76000000001,0.3227005600239683,-6081.649259999991
Governance,Administration,Other,Individual Performance Recognition,17688.989999999998,1044.0,959.925,16251.480000000001,15528.795,10.0,12.0,16644.989999999998,15.94347701149425,2160.194999999998
Infrastructure,Productivity,Labor,Sub Contract Labor,16591.692,,1442.0639999999999,9508.071,1442.0639999999999,10.0,0.0,16591.692,,15149.627999999999
Infrastructure,Data Centers,Hardware & Software,Product,16581.573,,4450.062,14378.835,5890.2029999999995,10.0,0.0,16581.573,,10691.37
Enablement,EIM,Hardware & Software,Maintenance and Repairs,17662.869,1500.0120000000002,7361.994,18100.368,12026.66706,5.0,12.0,16162.856999999998,10.775151798785608,5636.201939999999
Functional,R2,Labor,Bonuses,500169.32399999996,484014.0,497646.756,525397.7175,507011.451,119.0,96.0,16155.323999999964,0.033377803121397244,-6842.127000000037
Governance,Security & Risk Management,Other,Project Expense,16050.0,,,,,1.0,0.0,16050.0,,16050.0
BU Support,Planning,Labor,Outsourcing,17791.299,1800.0,921.3480000000003,3778.4309999999996,2523.4500000000003,29.0,12.0,15991.298999999999,8.884055,15267.848999999998
Infrastructure,Networking,Other,Property Taxes,86257.395,70476.948,83634.99531,94217.133,77092.416,61.0,24.0,15780.447,0.2239093412501347,9164.979000000007
BU Support,Manufacturing,Hardware & Software,Computer Rental,169844.799,154082.886,203468.652,211694.26799999998,145896.05096999998,29.0,84.0,15761.913,0.10229502710638481,23948.748030000017
Enablement,Portals,Other,Reporting,15750.0,,2625.0,15750.0,10500.0,6.0,0.0,15750.0,,5250.0
BU Support,R&D,Shared Services,BU Expenses,15622.899,,3782.5950000000003,11799.507,7792.101,12.0,0.0,15622.899,,7830.798
BU Support,Distribution,Labor,Payroll Taxes - Retirement,15388.686,,2920.29,12570.735,7163.754,12.0,0.0,15388.686,,8224.932
Infrastructure,Networking,Other,Indemnification and Separation Allowance,15213.132,,15213.567,15213.132,15213.567,2.0,0.0,15213.132,,-0.4349999999994907
Governance,Administration,Other,M&E-Nondeductible,15045.869999999999,,4716.243,12554.661,9142.134,12.0,0.0,15045.869999999999,,5903.735999999999
Infrastructure,Help Desk,Hardware & Software,Network Equipment Rental,15017.766,,5087.897999999999,13569.894,10176.795,9.0,0.0,15017.766,,4840.971
Enablement,Portals,Labor,Outsourcing,14967.134999999998,,8613.0,14967.134999999998,13161.348,8.0,0.0,14967.134999999998,,1805.7869999999984
Functional,R2,Other,Memberships,18802.125,3837.978,2700.0209999999997,2434.8195,3157.107,12.0,24.0,14964.147,3.898966330708514,15645.018
BU Support,Distribution,Shared Services,BUE,14895.273000000008,,,5977.302000000003,,5.0,0.0,14895.273000000008,,14895.273000000008
Infrastructure,Networking,Hardware & Software,Service Contracts,14880.0,,14880.0,14880.0,14880.0,1.0,0.0,14880.0,,0.0
Enablement,Document Management,Labor,Contractors,14879.376,,14136.336,14879.376,14879.376,4.0,0.0,14879.376,,0.0
Infrastructure,Core Infrastructure,Depr & Amort,Software,14736.096,,2702.631,3684.7455,6.750155989720952e-13,24.0,0.0,14736.096,,14736.096
Functional,R3,Other,Vehicle Fuel,14716.335,,249.249,11435.463,5971.3949999999995,38.0,0.0,14716.335,,8744.939999999999
Enablement,Document Management,Hardware & Software,Software Maintenance,814098.699,799395.0,895395.9419999999,815230.098,858970.80894,12.0,12.0,14703.699000000022,0.018393533859981638,-44872.109939999995
Functional,R5,CAPEX,Internal Labor CAPEX,14391.0,,,7371.0,,3.0,0.0,14391.0,,14391.0
BU Support,Distribution,Labor,Employee Benefits,14705.745,318.24,15119.586,9538.293,6450.669,34.0,12.0,14387.505000000001,45.20960595776772,8255.076000000001
BU Support,Core,Labor,Regular Salaries And Wages,166179.174,152062.80000000002,228949.61099999998,200476.761,293463.186,12.0,12.0,14116.373999999982,0.09283252708749266,-127284.01199999999
Governance,GRC,Other,Indemnification and Separation Allowance,13953.851999999999,,2651.9249999999997,9581.697,7091.994,24.0,0.0,13953.851999999999,,6861.857999999999
Infrastructure,Networking,Labor,Payroll Taxes - Salaries,46343.34,32500.5,36898.059,45201.28578,49381.269,24.0,12.0,13842.839999999997,0.4259269857386808,-3037.9290000000037
BU Support,Manufacturing,Other,Indemnification and Separation Allowance,15921.002999999999,2288.04,4980.582,7282.884,5755.89594,36.0,12.0,13632.963,5.958358682540515,10165.107059999998
Enablement,Innovation,Other,Moving Expenses - NT,13465.179,,466.5,9398.823,3972.42,9.0,0.0,13465.179,,9492.759
Infrastructure,Core Infrastructure,Other,Office Supplies,13432.44,,4111.388999999999,9182.295750000001,5237.08416,15.0,0.0,13432.44,,8195.35584
Functional,R2,Other,Recruiting,13426.224,,,,,2.0,0.0,13426.224,,13426.224
Infrastructure,Data Centers,Labor,Employee Wellness,13420.041000000001,,3127.8210000000004,16373.81454,15556.530780000001,12.0,0.0,13420.041000000001,,-2136.48978
Functional,R2,Other,License Fees,13212.6,,,3303.15,,4.0,0.0,13212.6,,13212.6
BU Support,Manufacturing,Other,Recruiting,13124.828999999998,,,18.0,18.0,4.0,0.0,13124.828999999998,,13106.828999999998
BU Support,Development,Labor,Billing,13011.321,,,,,1.0,0.0,13011.321,,13011.321
BU Support,Distribution,Labor,Other Bonuses,12978.051,,3222.9599999999996,9814.205999999998,6598.878,22.0,0.0,12978.051,,6379.173
BU Support,R&D,Other,Recruiting,12888.444,,,341.571,106.35300000000001,7.0,0.0,12888.444,,12782.091
Functional,R1,Shared Services,BUE,12885.968999999997,,,5723.235000000001,,5.0,0.0,12885.968999999997,,12885.968999999997
BU Support,Development,Other,Moving Expenses - NT,12760.32,,,3529.017,,5.0,0.0,12760.32,,12760.32
BU Support,R&D,Labor,Contractors,29356.509,16788.978,21382.065,22947.474,18854.273999999998,12.0,12.0,12567.530999999999,0.7485584292266033,10502.235
BU Support,Manufacturing,Labor,Employee Benefits,97265.487,84701.487,86580.309,72286.329,47976.984,37.0,48.0,12564.0,0.14833269692183798,49288.503
Functional,R2,Hardware & Software,Maintenance and Repairs,28251.279,15775.632,16030.731,25390.520249999998,18289.63494,36.0,12.0,12475.646999999999,0.7908175723165956,9961.644059999999
Functional,R2,Labor,Adjustments,14261.762999999999,1797.984,2177.256,6655.38,3502.299,18.0,12.0,12463.778999999999,6.9320856025415125,10759.464
Functional,R2,Other,Legal Services,12371.7,,6090.0,12371.7,12362.7,4.0,0.0,12371.7,,9.0
Governance,GRC,Labor,Retirement Medical,15337.809,2998.8,3188.772,10009.203,6227.658,12.0,12.0,12339.008999999998,4.114648859543816,9110.150999999998
Enablement,EIM,Other,Other Miscellaneous,12004.389,,12004.389,12004.389,12004.389,1.0,0.0,12004.389,,0.0
Functional,R2,Other,M&E-Nondeductible,11997.444,,2578.5299999999997,11918.216999999999,7416.522,65.0,0.0,11997.444,,4580.922
Functional,R1,Labor,Vacation,11868.015,,6621.0,8200.922999999999,7972.799999999999,20.0,0.0,11868.015,,3895.215
BU Support,Development,Other,Telecom,11763.363,,3805.719,9458.913,7194.687,10.0,0.0,11763.363,,4568.6759999999995
BU Support,Planning,Other,Telephone,57955.572,46226.592,41313.621,55810.566,52537.668,32.0,36.0,11728.980000000003,0.2537279841005801,5417.904000000002
BU Support,Distribution,Other,Indemnification and Separation Allowance,11545.277999999998,,2663.4779999999955,6417.467999999995,4486.445999999995,13.0,0.0,11545.277999999998,,7058.832000000003
Enablement,Mobility,Other,Travel Expense,13096.89,1800.0,11110.482,13534.539,3409.2622200000014,9.0,12.0,11296.89,6.27605,9687.627779999999
Governance,Quality & Compliance,Labor,Office Services,11258.295,,38.571,4640.076,38.571,10.0,0.0,11258.295,,11219.724
BU Support,Development,Other,Property Taxes,11186.1,,2796.471,8389.557,5593.014,12.0,0.0,11186.1,,5593.086
Infrastructure,Hosting,Labor,Unscheduled Overtime,11031.93,,3115.92,11224.185,13508.11848,13.0,0.0,11031.93,,-2476.188479999999
Functional,R1,Other,Lease,10929.264,,2464.227,8356.314,6015.384,16.0,0.0,10929.264,,4913.879999999999
Infrastructure,Productivity,Other,Messenger Services,36464.409,25570.08,28705.293,35211.894,35853.97014,12.0,12.0,10894.328999999998,0.426057681477727,610.438860000002
Infrastructure,Networking,Labor,Other Bonuses,10892.021999999999,,2662.7129999999997,11510.181,12000.45222,10.0,0.0,10892.021999999999,,-1108.4302200000002
Infrastructure,Data Centers,Other,Training,40465.869,29725.476,33149.724,29492.99253,34156.73046,32.0,96.0,10740.393,0.3613194621340967,6309.13854
Functional,R3,Hardware & Software,Computer Hardware,10694.342999999999,,1908.408,36464.343,5186.037,10.0,0.0,10694.342999999999,,5508.305999999999
Governance,Architecture,Labor,Outsourcing,10568.645999999999,,,2555.6099999999997,,3.0,0.0,10568.645999999999,,10568.645999999999
BU Support,Emerging,Hardware & Software,Software Maintenance,10556.655,,2559.81,3722.8230000000003,-5.999999939376721e-05,11.0,0.0,10556.655,,10556.655060000001
Infrastructure,Hosting,Labor,Payroll Taxes - Salaries,64058.816999999995,53607.9,58542.399,58249.316999999995,66922.32426,36.0,24.0,10450.916999999994,0.19495106131745496,-2863.5072599999985
Functional,R3,Labor,Employee Wellness,10447.95,,2679.639,7711.101000000001,5196.03,28.0,0.0,10447.95,,5251.920000000001
Infrastructure,Productivity,Hardware & Software,Mechanical Equipment,10428.138,,,2671.1670000000004,2365.3650000000002,9.0,0.0,10428.138,,8062.773000000001
Infrastructure,Networking,Other,Materials,20769.846,10600.56,8994.576,19507.731,10251.68268,27.0,24.0,10169.286000000002,0.9593159229323736,10518.163320000001
Governance,Administration,Labor,Outsourcing,9974.028,,408.918,1900.638,1587.615,12.0,0.0,9974.028,,8386.413
Governance,GRC,Labor,Vacation,9973.653,,4867.284,13691.862,10683.482999999998,47.0,0.0,9973.653,,-709.8299999999981
Infrastructure,Productivity,Other,Office Rental,9929.267999999998,,,3029.208,3029.208,5.0,0.0,9929.267999999998,,6900.059999999998
BU Support,Emerging,Labor,Payroll Taxes - Salaries,28175.073,18283.040999999997,21233.232,22631.19675,19336.52988,46.0,48.0,9892.032000000003,0.5410495989151917,8838.543120000002
BU Support,R&D,Other,Telecom,9833.532,,5585.784,7727.7300000000005,6761.952,10.0,0.0,9833.532,,3071.579999999999
BU Support,Production,Labor,Bonuses,9803.712,,,4040.0039999999995,,6.0,0.0,9803.712,,9803.712
Enablement,Enterprise Capabilities,Other,Travel Expense,9517.293,,2584.416,7789.077,2723.571,15.0,0.0,9517.293,,6793.722
Governance,GRC,Labor,Payroll Taxes - Extra,9512.415,,2108.88,10268.451000000001,3903.918,36.0,0.0,9512.415,,5608.497000000001
BU Support,Manufacturing,Labor,Insurance,719732.7119999999,710258.799,732687.612,498755.307,342177.41406,313.0,324.0,9473.912999999942,0.013338677413554918,377555.29793999996
BU Support,Planning,Other,Individual Performance Recognition,9367.235999999999,,379.308,5143.349999999999,3311.118,28.0,0.0,9367.235999999999,,6056.117999999999
Enablement,EIM,Hardware & Software,Computer Hardware,10848.110999999999,1500.0120000000002,4459.065,41208.638999999996,68251.425,10.0,12.0,9348.098999999998,6.2320161438708475,-57403.314000000006
Infrastructure,Productivity,Labor,Payroll Taxes - Non-Domestic,9283.62,,5814.408,9283.62,6547.68,9.0,0.0,9283.62,,2735.9400000000005
Functional,R2,Other,Leasing,22664.676,13528.448999999999,14872.917,20333.19075,13528.449059999999,23.0,12.0,9136.227,0.6753344008614736,9136.22694
Enablement,Innovation,Labor,Bonuses,28129.977,19137.0,5185.074,14486.58,10465.914,13.0,12.0,8992.976999999999,0.4699261639755447,17664.063
Governance,Process Management,Labor,Payroll Taxes - Salaries,71696.30099999999,62841.899999999994,25518.347999999998,56051.933999999994,40204.512,24.0,24.0,8854.400999999998,0.14089963861691004,31491.78899999999
BU Support,Development,Other,Retail Estate Gain/Loss,8820.0,,,,,1.0,0.0,8820.0,,8820.0
Functional,R2,Other,LOS,10725.552,1971.465,3579.168,4942.07325,1971.4649999999995,17.0,12.0,8754.087,4.440396862231894,8754.087
BU Support,Manufacturing,Other,Off Site Events,8763.458999999999,150.0,112.5,158.967,125.001,3.0,12.0,8613.458999999999,57.42305999999999,8638.457999999999
Infrastructure,Productivity,Labor,Insurance,60566.859,52037.364,55531.884,62033.390999999996,60750.95874,69.0,36.0,8529.494999999995,0.16391097366115615,-184.0997400000051
Functional,R1,Other,Travel Expense-Hotel,8494.944,,286.923,5008.494,3021.3059999999996,23.0,0.0,8494.944,,5473.638
Infrastructure,Hosting,Other,Property Taxes,39033.663,30582.0,39031.773,39033.933000000005,39034.203,24.0,24.0,8451.663,0.2763607023739455,-0.5400000000008731
BU Support,Emerging,Hardware & Software,Maintenance and Repairs,8380.689,,,498.6,-5.999999999972694e-05,11.0,0.0,8380.689,,8380.68906
BU Support,Manufacturing,Other,M&E-Nondeductible,10700.712,2334.561,3869.793,7996.107,7444.20903,116.0,72.0,8366.151,3.583607796069582,3256.5029699999996
Functional,R5,Other,Individual Performance Recognition,8327.268,,1204.428,5718.2789999999995,4294.923,14.0,0.0,8327.268,,4032.3450000000003
Governance,Security & Risk Management,Labor,Outsourcing,8892.642,585.0,440.09999999999997,5666.5199999999995,335.757,7.0,12.0,8307.642,14.201097435897436,8556.885
BU Support,Manufacturing,Labor,Employee Wellness,36269.955,27978.701999999997,29746.970999999998,26451.165,17314.398,19.0,24.0,8291.253000000004,0.2963415886841357,18955.557
BU Support,Manufacturing,Labor,Employee Transport,8207.706,14.076,2087.9069999999997,6390.663,4380.228,36.0,12.0,8193.630000000001,582.0993179880649,3827.478
BU Support,Manufacturing,Other,Conferences,8184.555,,1202.835,6254.637,2246.46588,49.0,0.0,8184.555,,5938.089120000001
BU Support,Distribution,Shared Services,BU Expenses,8142.789000000001,,,2231.715,,4.0,0.0,8142.789000000001,,8142.789000000001
Enablement,Portals,Hardware & Software,Software Maintenance,7959.285,,185.619,7176.012,6349.923,10.0,0.0,7959.285,,1609.362
Functional,R2,Other,Security,7926.75,,,114.75,,2.0,0.0,7926.75,,7926.75
Infrastructure,Core Infrastructure,Hardware & Software,Non product,132423.129,124516.548,143139.078,116125.6755,136385.0214,29.0,36.0,7906.580999999991,0.06349823478884101,-3961.8924000000115
Governance,Process Management,Hardware & Software,Computer Hardware,9528.84,1650.0240000000001,4646.26839,13827.72108,7489.158,10.0,24.0,7878.816,4.774970545882969,2039.6819999999998
Infrastructure,Core Infrastructure,Other,Indemnification and Separation Allowance,7786.59,,2802.153,6381.308999999999,5212.038,25.0,0.0,7786.59,,2574.5520000000006
Functional,R3,Other,Travel Expense-Hotel,7785.84,,2700.252,7113.393,4094.4359999999997,18.0,0.0,7785.84,,3691.4040000000005
Governance,GRC,Other,Travel Expense-Hotel,7655.690999999999,,1857.618,5726.244,3951.495,13.0,0.0,7655.690999999999,,3704.195999999999
Functional,R5,Other,Transportation - Air,7653.873,,5099.757,6816.339,6016.443,18.0,0.0,7653.873,,1637.4299999999994
BU Support,Production,Labor,Retirement Plan Match,7607.259,,,3064.947,,6.0,0.0,7607.259,,7607.259
Infrastructure,Productivity,Labor,Payroll Taxes - Retirement,7602.048,,2393.313,7827.849,8561.679,30.0,0.0,7602.048,,-959.6310000000003
Functional,R2,Other,Vehicle Fuel,7556.478,,,5504.835,1926.828,8.0,0.0,7556.478,,5629.65
Governance,Administration,Labor,Payroll Taxes - Salaries,57621.918,50067.0,30660.753,51562.212,43502.793,29.0,12.0,7554.917999999998,0.1508961591467433,14119.125
Governance,Security & Risk Management,Labor,Regular Salaries And Wages,445628.274,438127.8,628278.828,499069.47599999997,564082.152,12.0,12.0,7500.473999999987,0.017119374757776126,-118453.87800000003
BU Support,Distribution,Other,Travel Expense-Hotel,7490.589,,1666.77,5377.791,4078.3289999999997,25.0,0.0,7490.589,,3412.26
BU Support,Production,Labor,Insurance,7487.547,,,2795.1929999999998,,6.0,0.0,7487.547,,7487.547
Infrastructure,Hosting,Hardware & Software,Computer Hardware,9253.542,1800.0,2939.721,9703.542,5982.942,11.0,12.0,7453.5419999999995,4.140856666666666,3270.5999999999995
BU Support,Distribution,Other,Training,15389.619000000002,8032.428,2584.9829999999993,3104.2169999999996,3035.3459999999995,24.0,96.0,7357.1910000000025,0.9159361279055352,12354.273000000003
BU Support,Distribution,Labor,Payroll Taxes - Non-Domestic,7296.593999999999,,4014.9089999999997,6226.5509999999995,5058.530999999999,14.0,0.0,7296.593999999999,,2238.063
BU Support,Distribution,Other,Vehicle Fuel,7265.3369999999995,,238.308,4560.974999999999,2327.763,23.0,0.0,7265.3369999999995,,4937.574
Infrastructure,Data Centers,Labor,Insurance,127560.447,120359.4,33163.104,93226.52399999999,64151.04552,71.0,48.0,7201.047000000006,0.05982953554105459,63409.40148
Functional,R1,Labor,Adjustments,7192.1759999999995,,802.308,7770.105,4277.829,13.0,0.0,7192.1759999999995,,2914.3469999999998
Infrastructure,Data Centers,Labor,Other Bonuses,7182.054,,1755.756,8302.41354,7912.944780000001,10.0,0.0,7182.054,,-730.8907800000006
Enablement,Innovation,Labor,Vacation,7173.048,,,,,1.0,0.0,7173.048,,7173.048
Functional,R2,Hardware & Software,Field Engineering,7156.308,,,7156.308,7156.308,1.0,0.0,7156.308,,0.0
Enablement,Innovation,Other,Off Site Events,7105.433999999999,,,,,1.0,0.0,7105.433999999999,,7105.433999999999
Functional,R2,Labor,Employee Wellness,8950.179,1876.428,2764.083,3872.73225,1509.0328799999997,40.0,12.0,7073.751,3.7697961232725157,7441.14612
BU Support,Planning,Other,Conferences,7071.96,,1187.805,4181.745,1304.445,16.0,0.0,7071.96,,5767.515
Infrastructure,Networking,Other,Travel Expense,47272.797,40235.939999999995,48986.459879999995,49088.90625,47774.11206,58.0,24.0,7036.857000000004,0.17488983729471722,-501.3150600000008
Infrastructure,Core Infrastructure,Other,LOS,7038.023999999999,10.512,3138.8819999999996,1905.4747500000003,10.512000000000171,23.0,12.0,7027.512,668.5228310502282,7027.511999999999
BU Support,Manufacturing,Other,Utilities,6977.562,,12.3,868.776,868.776,5.0,0.0,6977.562,,6108.786
BU Support,Emerging,Labor,Equity,6974.82,,2199.51,1784.877,6.0000000189575076e-05,12.0,0.0,6974.82,,6974.819939999999
Infrastructure,Productivity,Other,Other Events,6960.954,,,8140.2119999999995,,5.0,0.0,6960.954,,6960.954
Governance,GRC,Labor,Payroll Taxes - Retirement,6880.017,,2202.714,5739.501,4407.864,12.0,0.0,6880.017,,2472.1530000000002
Infrastructure,Productivity,Other,Supplies,6867.195,,,505.272,,4.0,0.0,6867.195,,6867.195
Enablement,Mobility,Labor,Payroll Taxes - Salaries,6856.907999999999,,3707.5950000000003,7995.798,9228.96426,12.0,0.0,6856.907999999999,,-2372.056260000001
Infrastructure,Productivity,Labor,Other Bonuses,6803.793,,1577.382,7571.226,7523.48682,29.0,0.0,6803.793,,-719.6938200000004
BU Support,Distribution,Hardware & Software,Computer Hardware,6799.625999999999,,3384.4559999999997,6534.603,6534.603,13.0,0.0,6799.625999999999,,265.02299999999923
Governance,Process Management,Depr & Amort,Fixed Assets,15353.865,8554.253999999999,217594.81184999997,15353.8743,163657.60728,17.0,12.0,6799.611000000001,0.7948806523631402,-148303.74228
Infrastructure,Core Infrastructure,Other,Other Supplies,6758.55,34.56,6812.871,1841.3775,34.559999999999945,22.0,24.0,6723.99,194.55989583333331,6723.99
Enablement,Data Management,Labor,Payroll Taxes - Salaries,6700.812,,1219.401,4235.847,2511.879,12.0,0.0,6700.812,,4188.933
BU Support,Development,Hardware & Software,Computer Hardware,51693.72,45000.0,241828.215,135686.22,174178.02,10.0,12.0,6693.720000000001,0.14874933333333337,-122484.29999999999
Functional,R3,Labor,Other Bonuses,6688.26,,1634.142,5055.633,3344.88,22.0,0.0,6688.26,,3343.38
Infrastructure,Productivity,Other,Marketing Research,6591.584999999999,,,,,2.0,0.0,6591.584999999999,,6591.584999999999
BU Support,Planning,Other,Subscriptions,6568.644,,1132.986,1516.503,1398.483,12.0,0.0,6568.644,,5170.161
BU Support,Production,Other,Travel Expense,6494.163,,,1311.6989999999996,,6.0,0.0,6494.163,,6494.163
BU Support,Production,Labor,Retirement Medical,6326.349,,,2520.1980000000003,,6.0,0.0,6326.349,,6326.349
Infrastructure,Productivity,Hardware & Software,Field Engineering,30805.256999999998,24480.144,28182.489,32084.925,36981.01392,12.0,12.0,6325.112999999998,0.25837727915325975,-6175.75692
BU Support,Distribution,Labor,Payroll Taxes - Other,6277.781999999999,,1310.7659999999998,5063.064,3052.218,12.0,0.0,6277.781999999999,,3225.5639999999994
Infrastructure,Core Infrastructure,Other,International Travel,6230.1179999999995,,3058.788,5544.465,3737.559,16.0,0.0,6230.1179999999995,,2492.5589999999993
Infrastructure,Core Infrastructure,Other,Off Site Events,6118.743,,8224.974,1671.51675,-6.000000007588824e-05,3.0,0.0,6118.743,,6118.743060000001
BU Support,Development,Depr & Amort,Software,6086.535,,6086.535,6086.535,6086.535,1.0,0.0,6086.535,,0.0
Governance,GRC,Labor,Employee Benefits,6020.868,,2358.057,6667.632,4557.924,42.0,0.0,6020.868,,1462.9440000000004
Infrastructure,Productivity,Other,Settlements,6019.9529999999995,,,6019.9529999999995,,3.0,0.0,6019.9529999999995,,6019.9529999999995
Enablement,Mobility,Hardware & Software,Computer Hardware,6535.05,540.0,405.0,6670.05,6805.05,2.0,12.0,5995.05,11.101944444444445,-270.0
Enablement,Mobility,Hardware & Software,Purchased Software,39671.168999999994,33728.399999999994,33728.502,37439.808,37439.655,12.0,12.0,5942.769,0.17619480912228275,2231.5139999999956
Enablement,Portals,Depr & Amort,Software,5933.099999999999,,5933.099999999999,5933.099999999999,5933.099999999999,1.0,0.0,5933.099999999999,,0.0
Infrastructure,Networking,Other,Other Miscellaneous,5803.794,,362.373,410.45624999999995,-4.263256414560601e-14,24.0,0.0,5803.794,,5803.794
BU Support,Manufacturing,Hardware & Software,Vendor,5791.371,,5322.3,5498.9490000000005,5498.9490000000005,3.0,0.0,5791.371,,292.42199999999957
BU Support,Distribution,Labor,Payroll Taxes - Variable Comp,5713.872,,1153.974,4570.521,2745.447,12.0,0.0,5713.872,,2968.425
Functional,R5,Other,Conferences,5648.7,,181.2,4621.5,181.2,7.0,0.0,5648.7,,5467.5
Functional,R2,CAPEX,Contract Labor Charges for Software Development,5642.708999999999,,8491.985999999997,5642.708999999999,-149908.014,4.0,0.0,5642.708999999999,,155550.723
BU Support,Planning,CAPEX,Professional Services,5577.0,,5577.0,5577.0,5577.0,1.0,0.0,5577.0,,0.0
Governance,GRC,Other,Domestic Travel,5576.535,,674.6999999999999,5177.3279999999995,3250.629,14.0,0.0,5576.535,,2325.906
Enablement,Enterprise Capabilities,Labor,Bonuses,5416.256999999999,,1282.716,17621.709,7606.656000000001,17.0,0.0,5416.256999999999,,-2190.399000000002
Infrastructure,Productivity,Labor,Payroll Taxes - Other,5355.501,,3155.718,5551.947,5861.6583,34.0,0.0,5355.501,,-506.15729999999985
BU Support,Distribution,Labor,Adjustments,5354.4839999999995,,1801.8149999999998,5520.942,3746.2799999999997,12.0,0.0,5354.4839999999995,,1608.2039999999997
Functional,R5,Other,Materials,5909.484,600.0,1276.6109999999999,4513.5779999999995,2346.657,23.0,12.0,5309.484,8.84914,3562.827
Functional,R3,Labor,Payroll Taxes - Retirement,5300.214,,1114.701,4491.741,2616.321,12.0,0.0,5300.214,,2683.893
BU Support,Emerging,Labor,Sales Incentive Comp,5256.99,,,1071.1702500000001,5.999999990535798e-05,8.0,0.0,5256.99,,5256.9899399999995
Functional,R1,Labor,Employee Wellness,5249.88,,392.72399999999993,3153.0119999999997,1364.8229999999999,19.0,0.0,5249.88,,3885.0570000000002
BU Support,Distribution,Labor,Temps,5184.045,,939.2040000000001,3497.418,2378.571,12.0,0.0,5184.045,,2805.474
Enablement,Data Management,Labor,Employee Wellness,5168.403,,1476.102,3856.023,2682.699,11.0,0.0,5168.403,,2485.704
Infrastructure,Core Infrastructure,Labor,Employee Benefits,6980.5470000000005,1819.4879999999998,6955.479,7053.6585000000005,7043.780940000001,13.0,12.0,5161.059000000001,2.836544676304544,-63.233940000000075
Infrastructure,Hosting,Other,Lease,5132.955,,7415.1900000000005,5131.284000000001,1060.3020000000001,10.0,0.0,5132.955,,4072.653
Functional,R2,Other,Materials,6350.847,1235.8799999999999,2460.342,1879.7887499999997,2342.121,55.0,36.0,5114.967,4.138724633459559,4008.7259999999997
Infrastructure,Data Centers,Other,Lease,5110.9529999999995,,943.671,3738.294,2229.18,26.0,0.0,5110.9529999999995,,2881.7729999999997
Infrastructure,Productivity,Depr & Amort,Software,20500.695,15414.047999999999,16664.271,19845.952559999998,22213.902,41.0,24.0,5086.647000000001,0.33000072401487274,-1713.2069999999985
Governance,Architecture,Labor,Regular Salaries And Wages,323271.273,318222.6,449054.7,362790.27,405801.819,12.0,12.0,5048.67300000001,0.01586522453150722,-82530.54600000003
BU Support,Development,Other,Travel Expense-Hotel,5035.941,,,4305.207,2720.4809999999998,11.0,0.0,5035.941,,2315.46
Infrastructure,Productivity,Labor,Employee Benefits,5003.334,,2238.726,8185.38,8923.20444,49.0,0.0,5003.334,,-3919.8704399999997
Infrastructure,Productivity,Labor,Employee Wellness,4988.5380000000005,,1725.204,6288.429,9491.037,24.0,0.0,4988.5380000000005,,-4502.499
Governance,Administration,Hardware & Software,Computer Hardware,4976.076,,2900.73,3433.686,2990.886,7.0,0.0,4976.076,,1985.19
Functional,R3,Labor,Employee Benefits,4964.4,,1599.2549999999999,5239.647,3625.281,27.0,0.0,4964.4,,1339.1189999999997
BU Support,Emerging,Labor,Outsourcing,76942.22099999999,71983.944,63217.301999999996,96496.4535,90042.14412,28.0,24.0,4958.276999999987,0.06888031864439086,-13099.923120000007
Functional,R1,Labor,Insurance,11143.863,6217.5599999999995,7663.907999999999,9980.487,8761.554,35.0,12.0,4926.303,0.7923209426205778,2382.3089999999993
Infrastructure,Core Infrastructure,Labor,Employee Wellness,4794.054,,2007.9089999999999,1267.6717499999997,5.9999999677984306e-05,12.0,0.0,4794.054,,4794.053940000001
BU Support,Distribution,Other,M&E-Nondeductible,4778.5109999999995,,839.121,3636.846,1470.909,40.0,0.0,4778.5109999999995,,3307.6019999999994
BU Support,Manufacturing,Other,Domestic Travel,4681.674,,2124.756,1322.2830000000001,515.54394,18.0,0.0,4681.674,,4166.1300599999995
BU Support,Planning,Labor,Payroll Taxes - Retirement,4630.677,,2083.1549999999997,4630.677,4087.977,7.0,0.0,4630.677,,542.6999999999998
BU Support,Manufacturing,Other,Individual Performance Recognition,19804.173,15199.5,14771.798999999999,16059.119999999999,16014.44682,145.0,228.0,4604.672999999999,0.3029489785848218,3789.7261799999997
Functional,R2,Labor,Billing,4589.546999999999,,,35595.134999999995,12731.460000000003,16.0,0.0,4589.546999999999,,-8141.913000000004
Functional,R5,Other,Parts,4556.25,,,4556.25,,1.0,0.0,4556.25,,4556.25
Enablement,EIM,Shared Services,BU Expenses,4534.116,,,4102.092,,4.0,0.0,4534.116,,4534.116
BU Support,Development,Other,Individual Performance Recognition,4532.985,,297.141,3103.089,2687.931,11.0,0.0,4532.985,,1845.0539999999996
Infrastructure,Productivity,Other,Utilities,4482.846,,,93.093,,4.0,0.0,4482.846,,4482.846
BU Support,Distribution,Other,Lease,4480.8150000000005,,4081.146,4520.3820000000005,4843.569,28.0,0.0,4480.8150000000005,,-362.7539999999999
BU Support,Planning,Labor,Employee Benefits,4436.445,,2735.985,8881.521,5983.014,13.0,0.0,4436.445,,-1546.5690000000004
Infrastructure,Core Infrastructure,Labor,Adjustments,4343.037,,,,,1.0,0.0,4343.037,,4343.037
BU Support,Development,Labor,Vacation,4301.028,,2953.284,3622.686,4194.639,10.0,0.0,4301.028,,106.38900000000012
BU Support,Emerging,Labor,Vacation,7902.381,3602.964,5239.665,4690.185,3602.9639400000005,27.0,36.0,4299.417,1.1933000163198968,4299.41706
BU Support,Emerging,Other,LOS,4308.717,73.692,1352.991,1380.39825,73.69211999999976,25.0,36.0,4235.025,57.46926396352386,4235.02488
Infrastructure,Productivity,Depr & Amort,Lease,4195.956,,,,,2.0,0.0,4195.956,,4195.956
Enablement,Business Intelligence,CAPEX,Professional Services,4195.2,,,4195.2,4195.2,1.0,0.0,4195.2,,0.0
Infrastructure,Data Centers,Labor,Bonuses,127440.915,123253.8,31079.643,95494.02017999999,67545.006,70.0,48.0,4187.114999999991,0.033971488100163975,59895.909
Functional,R5,Other,M&E-Nondeductible,4425.321,240.0,757.485,2143.065,1465.158,15.0,12.0,4185.321,17.438837499999998,2960.163
Functional,R2,Other,Telephone,13044.393,8859.348,9353.163,11060.1765,9337.91718,74.0,60.0,4185.045,0.47238747140308746,3706.4758199999997
Infrastructure,Productivity,Other,Food Expense,4142.904,2.916,189.045,417.894,309.81396,16.0,12.0,4139.988,1419.7489711934159,3833.0900400000005
BU Support,Development,Other,M&E-Nondeductible,4130.202,,692.574,3350.9429999999998,2143.464,17.0,0.0,4130.202,,1986.7380000000003
Functional,R2,Labor,Payroll Taxes - Non-Domestic,4112.373,,961.0229999999999,4182.0689999999995,1979.7329999999997,12.0,0.0,4112.373,,2132.64
Enablement,Six Sigma,Other,Travel Expense,5532.477,1440.0,5255.643,4797.9,4964.643,9.0,12.0,4092.477,2.8419979166666667,567.8339999999998
Infrastructure,Core Infrastructure,Other,M&E-Nondeductible,4948.997999999999,900.0,1481.556,4026.5699999999997,4066.4579999999996,13.0,12.0,4048.9979999999987,4.498886666666666,882.539999999999
BU Support,Development,Labor,Adjustments,4022.187,,1075.299,3748.944,2219.25,10.0,0.0,4022.187,,1802.937
BU Support,Core,Other,Telecom,3996.519,,1249.308,3051.303,2047.65,10.0,0.0,3996.519,,1948.8689999999997
BU Support,Production,Labor,Savings Plan,3983.754,,,1608.4379999999999,,6.0,0.0,3983.754,,3983.754
Infrastructure,Core Infrastructure,CAPEX,Projects - Purchases,3960.0,,,0.0,0.0,2.0,0.0,3960.0,,3960.0
BU Support,Distribution,Other,Telecom,3861.966,,536.079,2756.7329999999997,1370.391,22.0,0.0,3861.966,,2491.575
Governance,GRC,Other,Travel Allowance,3832.7399999999993,,554.8409999999999,2981.9699999999993,2436.009,25.0,0.0,3832.7399999999993,,1396.7309999999993
BU Support,Emerging,Other,Training Assistance,3819.846,0.0,133.212,980.7502499999998,-2.842170943040401e-14,14.0,12.0,3819.846,,3819.846
Functional,R3,Labor,Adjustments,3817.95,,740.046,3067.5029999999997,1904.079,10.0,0.0,3817.95,,1913.8709999999999
Infrastructure,Core Infrastructure,Labor,Workers Comp,3811.7909999999997,,1255.158,4083.669,4307.266799999999,24.0,0.0,3811.7909999999997,,-495.4757999999997
Infrastructure,Productivity,Other,Recruiting,3800.76,,,,,1.0,0.0,3800.76,,3800.76
BU Support,Manufacturing,Other,Vehicle Rent,3798.8219999999997,,814.005,2466.4049999999997,1587.642,17.0,0.0,3798.8219999999997,,2211.1799999999994
BU Support,Emerging,Labor,Employee Wellness,3798.483,0.0,1233.684,1246.2457499999996,6.000000007588824e-05,10.0,12.0,3798.483,,3798.48294
Infrastructure,Data Centers,Other,Individual Performance Recognition,6756.06,2959.2,2876.382,3781.64712,3342.92508,34.0,48.0,3796.8600000000006,1.2830697485806977,3413.1349200000004
BU Support,Development,Other,Taxes - General,3795.0,,645.0,1762.5,1342.5,12.0,0.0,3795.0,,2452.5
Infrastructure,Productivity,Other,Lease,6208.815,2414.844,4285.059,35578.593,5411.16048,52.0,24.0,3793.9709999999995,1.5711039719335904,797.65452
Governance,GRC,Other,Other Awards,3772.299,,3772.299,3772.299,3772.299,1.0,0.0,3772.299,,0.0
Enablement,Document Management,Other,Settlements,3758.4,,,3758.4,3758.4,1.0,0.0,3758.4,,0.0
Governance,Process Management,Other,Reporting,3747.75,,3747.75,3747.75,3747.75,1.0,0.0,3747.75,,0.0
Enablement,Document Management,Other,Conferences,3740.1,,2114.4,3441.9,2213.4,4.0,0.0,3740.1,,1526.6999999999998
Infrastructure,Productivity,Labor,Retirement Medical,42737.352,38998.8,39865.851,42336.581999999995,41001.903,12.0,12.0,3738.551999999996,0.0958632573309947,1735.4490000000005
Infrastructure,Networking,Labor,Bonuses,64760.184,61027.799999999996,61228.602,63271.15728,67549.434,36.0,12.0,3732.3840000000055,0.061158750602184675,-2789.2499999999927
Infrastructure,Core Infrastructure,Shared Services,BUE,3719.667,,,1016.55,,4.0,0.0,3719.667,,3719.667
Infrastructure,Networking,Other,Vehicle Fuel,3707.22,,,3329.72922,1082.991,8.0,0.0,3707.22,,2624.229
BU Support,Development,Other,Support,3674.526,,,3674.526,3674.526,2.0,0.0,3674.526,,0.0
Infrastructure,Networking,Labor,Employee Benefits,3671.187,,782.298,2018.60553,1650.942,32.0,0.0,3671.187,,2020.245
Functional,R2,Labor,Unscheduled Overtime,3624.6540000000005,,20.625,1726.2960000000003,2.925060000000002,19.0,0.0,3624.6540000000005,,3621.7289400000004
BU Support,Distribution,Other,Customer Events,3621.111,,,3621.111,,1.0,0.0,3621.111,,3621.111
BU Support,Emerging,Labor,Salary,3617.94,,958.635,1103.39625,-6.000000013273166e-05,10.0,0.0,3617.94,,3617.9400600000004
Governance,GRC,Other,Recurring,3613.425,,,,,1.0,0.0,3613.425,,3613.425
Functional,R3,Hardware & Software,Non CAPEX Equipment,3593.658,,,1782.7259999999999,,5.0,0.0,3593.658,,3593.658
BU Support,R&D,Other,Individual Performance Recognition,3555.123,,102.06299999999999,2000.664,1251.048,12.0,0.0,3555.123,,2304.075
Enablement,Mobility,Other,Other Miscellaneous Expense,3512.268,,2878.9800000000005,2888.871,-517.76622,8.0,0.0,3512.268,,4030.03422
Functional,R5,CAPEX,Contract Labor Charges for Software Development,3510.0,,,,,2.0,0.0,3510.0,,3510.0
BU Support,Manufacturing,Labor,Outside Services,3481.281,,,3481.281,2655.948,2.0,0.0,3481.281,,825.3330000000001
BU Support,Distribution,Other,Moving Expenses - NT,3462.9269999999997,,543.0,3123.0899999999997,3123.0899999999997,7.0,0.0,3462.9269999999997,,339.837
Enablement,Data Management,Other,Telephone,3440.4000000000024,,24647.523,4606.785000000001,7277.382,14.0,0.0,3440.4000000000024,,-3836.9819999999972
BU Support,Development,Other,Lease,3410.7659999999996,0.0,833.556,2578.62,1706.19,20.0,12.0,3410.7659999999996,,1704.5759999999996
Enablement,Data Management,Other,Travel Expense-Hotel,3390.9089999999997,,427.2,1292.1209999999999,692.0699999999999,8.0,0.0,3390.9089999999997,,2698.839
Governance,Quality & Compliance,Depr & Amort,Fixed Assets,3342.06,,,1410.0959999999998,,5.0,0.0,3342.06,,3342.06
BU Support,Manufacturing,Other,Marketing Campaigns,3338.328,,107.115,3343.512,3325.01394,6.0,0.0,3338.328,,13.314060000000154
BU Support,Distribution,Labor,Allowances,3337.374,,816.222,2492.85,1654.1399999999999,15.0,0.0,3337.374,,1683.234
BU Support,Emerging,Other,M&E-Nondeductible,3319.4339999999997,,637.236,2117.2005,1738.6499999999999,12.0,0.0,3319.4339999999997,,1580.7839999999999
BU Support,R&D,Other,M&E-Nondeductible,3302.985,,603.837,2028.615,1437.6,12.0,0.0,3302.985,,1865.3850000000002
Infrastructure,Productivity,Labor,Speakers,3258.546,,,3258.546,,1.0,0.0,3258.546,,3258.546
Infrastructure,Productivity,Other,Travel Expense-Hotel,3417.237,160.344,403.491,1354.8419999999999,389.7507,10.0,12.0,3256.893,20.311910642119443,3027.4863
Infrastructure,Productivity,Other,Domestic Travel,3256.692,,706.851,2639.0280000000002,1922.616,8.0,0.0,3256.692,,1334.076
BU Support,Emerging,Other,Moving Expenses - Taxable,3130.113,0.0,883.572,958.3275000000001,5.99999999622014e-05,10.0,12.0,3130.113,,3130.11294
BU Support,Manufacturing,Labor,Overtime,3078.6600000000003,,3078.6600000000003,3078.6600000000003,3078.6600000000003,1.0,0.0,3078.6600000000003,,0.0
Governance,GRC,Other,Speakers Program,3076.0170000000003,,,2740.635,,4.0,0.0,3076.0170000000003,,3076.0170000000003
Governance,Vendor Management,Hardware & Software,Computer Hardware,4571.355,1500.0120000000002,4204.542,4698.555,4443.231,9.0,12.0,3071.3429999999994,2.0475456196350423,128.1239999999998
BU Support,Core,Other,M&E-Nondeductible,3058.257,,511.626,1935.5729999999999,787.4699999999999,11.0,0.0,3058.257,,2270.7870000000003
BU Support,Distribution,Labor,Other ( - Tax ),3034.281,,441.59999999999997,2160.5879999999997,1188.87,22.0,0.0,3034.281,,1845.411
Enablement,Mobility,Labor,Bonuses,3023.493,,1515.609,3297.411,3537.47952,9.0,0.0,3023.493,,-513.9865199999999
BU Support,Distribution,Other,Internal,3020.667,,1506.312,2979.45,2979.45,3.0,0.0,3020.667,,41.2170000000001
Governance,Security & Risk Management,Labor,Payroll Taxes - Salaries,36626.553,33614.7,18216.201,31604.559,25322.832000000002,14.0,12.0,3011.853000000003,0.08959928245678239,11303.720999999998
Governance,Security & Risk Management,Labor,Outside Services,3000.0,,,,,1.0,0.0,3000.0,,3000.0
Infrastructure,Data Centers,Labor,Vacation,2999.79,,714.462,2514.45759,1874.74848,23.0,0.0,2999.79,,1125.04152
Enablement,EIM,Other,Indemnification and Separation Allowance,2983.3799999999997,,252.108,1514.922,926.079,12.0,0.0,2983.3799999999997,,2057.3009999999995
BU Support,Core,Labor,Bonuses,25901.868,22924.8,5925.2339999999995,17954.381999999998,11939.807999999997,12.0,12.0,2977.0679999999993,0.12986233249581236,13962.060000000001
Functional,R1,Other,Vehicle Fuel,2970.7349999999997,,715.629,2232.12,1474.074,12.0,0.0,2970.7349999999997,,1496.6609999999996
Functional,R3,Other,Food Charges,2970.591,,1365.9270000000001,3031.50126,2216.967,12.0,0.0,2970.591,,753.6239999999998
Enablement,Mobility,Other,Property Taxes,10077.564,7117.200000000001,10076.645999999999,10077.258,10076.952,12.0,12.0,2960.3639999999996,0.4159450345641543,0.6120000000009895
Enablement,Business Intelligence,Hardware & Software,Computer Hardware,4433.622,1501.1999999999998,1341.3,109812.70803,2550.6044399999996,8.0,12.0,2932.4220000000005,1.9533852917665873,1883.0175600000007
BU Support,Manufacturing,Labor,Temps,8139.531,5210.532,5534.484,3044.463,1758.3449999999998,8.0,12.0,2928.999,0.5621305079788397,6381.186
BU Support,Core,Labor,Payroll Taxes - Salaries,13905.375,10985.4,7889.849999999999,11998.881,9882.294,12.0,12.0,2919.9750000000004,0.2658050685455241,4023.081
Governance,GRC,Other,Lease,2881.8659999999995,,91.74000000000001,2218.962,805.0619999999999,27.0,0.0,2881.8659999999995,,2076.8039999999996
BU Support,Distribution,Other,Domestic Travel,2853.942,,306.879,1612.242,1055.451,14.0,0.0,2853.942,,1798.491
Governance,GRC,Depr & Amort,Fixed Assets,2847.6,,910.2959999999999,2362.002,1864.038,30.0,0.0,2847.6,,983.5619999999999
Infrastructure,Data Centers,Labor,Payroll Taxes - Other,2843.205,,547.767,2621.616,2726.45226,12.0,0.0,2843.205,,116.7527399999999
Infrastructure,Productivity,Other,Vehicle Fuel,3135.84,307.044,468.591,2781.6659999999997,1821.6876599999998,20.0,12.0,2828.7960000000003,9.21299878844726,1314.1523400000003
Functional,R3,Other,Food Expense,2828.2109999999993,,100.803,2723.0219999999995,2603.8589999999995,12.0,0.0,2828.2109999999993,,224.35199999999986
Governance,GRC,Other,Corporate Air Travel,2800.326,,,,,1.0,0.0,2800.326,,2800.326
Enablement,Innovation,Other,Telecom,2779.062,,594.894,2108.265,1176.72,10.0,0.0,2779.062,,1602.3419999999999
Enablement,Data Management,Other,Travel Expense,2752.0679999999998,,54.6,2140.707,268.779,11.0,0.0,2752.0679999999998,,2483.2889999999998
Enablement,Document Management,Hardware & Software,Computer Hardware,4239.633000000001,1501.1999999999998,4565.508000000001,9106.095000000001,4931.32206,8.0,12.0,2738.433000000001,1.8241626698641096,-691.6890599999997
Functional,R5,Labor,Office Services,2734.7279999999996,,,2725.374,2668.674,5.0,0.0,2734.7279999999996,,66.05399999999963
BU Support,Planning,Other,Transportation - Air,2731.32,,1015.266,2309.031,1577.9399999999998,20.0,0.0,2731.32,,1153.3800000000003
Functional,R5,Other,Transportation - Motor Freight,2718.234,,1035.942,2130.627,1798.416,15.0,0.0,2718.234,,919.818
Governance,Quality & Compliance,Other,Conferences,2705.34,,287.835,1554.87,410.37,5.0,0.0,2705.34,,2294.9700000000003
Functional,R2,Other,Conferences,2694.003,,78.135,2197.17,101.67,13.0,0.0,2694.003,,2592.333
BU Support,Distribution,Other,Business Gifts (Other),2683.155,,232.545,2600.04,1130.064,4.0,0.0,2683.155,,1553.0910000000001
Infrastructure,Productivity,Labor,Payroll Taxes - Variable Comp,2663.8199999999997,,877.0409999999999,2889.81,3156.84426,30.0,0.0,2663.8199999999997,,-493.02426000000014
Enablement,Innovation,Other,M&E-Nondeductible,2662.758,,414.39,2655.5190000000002,1106.937,7.0,0.0,2662.758,,1555.821
BU Support,Development,Other,Food Charges,2649.1710000000003,,139.365,1384.068,408.966,8.0,0.0,2649.1710000000003,,2240.2050000000004
BU Support,Planning,Other,Moving Expenses - NT,2635.605,,,2635.605,1830.636,5.0,0.0,2635.605,,804.969
BU Support,Manufacturing,Other,Other Miscellaneous,2634.933,,2741.118,2634.933,2634.933,21.0,0.0,2634.933,,0.0
Infrastructure,Productivity,Other,Transportation - Air,2605.2749999999996,,536.7719999999999,2045.9699999999998,1320.3029999999999,18.0,0.0,2605.2749999999996,,1284.9719999999998
Governance,Architecture,Other,Travel Expense,9134.121,6546.0,6545.6990399999995,9504.76728,10494.516,8.0,12.0,2588.120999999999,0.3953744271310723,-1360.3950000000004
BU Support,Emerging,Other,Marketing Research,2577.764999999998,,1177.434,3917.712000000001,-6.0000000644322427e-05,11.0,0.0,2577.764999999998,,2577.765059999999
BU Support,Manufacturing,Labor,Variable Salaries And Wages,2567.727,,-231.12599999999998,1983.9689999999998,709.0049999999999,48.0,0.0,2567.727,,1858.722
Infrastructure,SSO,Other,Individual Performance Recognition,4482.432,1915.1999999999998,2037.2549999999999,2599.425,1962.51,11.0,12.0,2567.232,1.340451127819549,2519.9219999999996
BU Support,Manufacturing,Other,Food Charges,2981.625,418.65299999999996,791.088,2038.5059999999999,1572.177,36.0,36.0,2562.972,6.121948248310654,1409.448
Enablement,Data Management,Labor,Other Bonuses,2555.985,,624.843,1932.393,1278.789,10.0,0.0,2555.985,,1277.1960000000001
Infrastructure,Productivity,Other,M&E-Nondeductible,3152.004,600.0,1477.341,2078.844,1663.173,22.0,12.0,2552.004,4.25334,1488.831
Infrastructure,Networking,Other,Office Rental,5237.7,2696.7,2696.7000000000003,4406.1,2909.1,4.0,12.0,2541.0,0.942262765602403,2328.6
Enablement,Portals,Other,Travel Expense,2527.8269999999998,,154.73999999999998,1618.743,979.116,9.0,0.0,2527.8269999999998,,1548.7109999999998
Functional,R1,Labor,Payroll Taxes - Other,2527.11,,506.106,1759.011,1221.039,12.0,0.0,2527.11,,1306.0710000000001
Governance,GRC,Other,Telephone,2496.5699999999997,,359.865,2254.22136,734.661,39.0,0.0,2496.5699999999997,,1761.9089999999997
Governance,Process Management,Labor,Unscheduled Overtime,2492.187,,553.887,2472.882,2220.9869999999996,11.0,0.0,2492.187,,271.2000000000003
Enablement,Innovation,Hardware & Software,Computer Hardware,2488.872,,3.498,2476.572,2228.172,7.0,0.0,2488.872,,260.6999999999998
Infrastructure,Data Centers,Labor,Other ( + Tax ),2464.413,,1163.307,2088.045,1558.161,14.0,0.0,2464.413,,906.252
BU Support,Production,Other,Telecom,2454.537,,,1932.225,,6.0,0.0,2454.537,,2454.537
Infrastructure,Data Centers,Labor,Adjustments,2441.868,,579.681,1840.542,1210.278,12.0,0.0,2441.868,,1231.59
Governance,GRC,Labor,Payroll Taxes - Other,2423.274,,849.4079999999999,2179.821,1689.6329999999998,12.0,0.0,2423.274,,733.6410000000001
BU Support,Distribution,Other,Speakers Program,2363.46,,,2363.46,,1.0,0.0,2363.46,,2363.46
BU Support,Production,Labor,Payroll Taxes - Salaries,2351.64,,,1117.848,,6.0,0.0,2351.64,,2351.64
Governance,Security & Risk Management,Labor,Bonuses,62784.54,60436.2,14815.859999999999,44988.036,29901.947999999997,12.0,12.0,2348.340000000004,0.0388565131494039,32882.592000000004
BU Support,Emerging,Other,Off Site Events,2348.2889999999998,0.0,2253.7349999999997,657.9877499999999,-3.410605131648481e-13,2.0,12.0,2348.2889999999998,,2348.289
Functional,R3,Other,Vehicle Rent,2342.79,,,,,3.0,0.0,2342.79,,2342.79
Enablement,Business Intelligence,Labor,Retirement Medical,44334.465,42001.2,11958.275999999998,34438.479,23354.1,12.0,12.0,2333.2649999999994,0.05555234136167537,20980.364999999998
BU Support,Distribution,Other,Sales Meeting Expense,2331.072,,61.520999999999994,2123.2739999999994,9123.018,8.0,0.0,2331.072,,-6791.946
Functional,R1,Other,Telecom Services,2329.035,,662.115,1850.34,1183.194,38.0,0.0,2329.035,,1145.841
Enablement,Enterprise Capabilities,Labor,Retirement Plan Match,2302.3559999999998,,287.53200000000004,1785.483,1187.64,14.0,0.0,2302.3559999999998,,1114.7159999999997
BU Support,Manufacturing,Hardware & Software,Storage Rental,2278.8419999999996,,477.1799999999999,2704.0499999999997,2067.6899999999996,9.0,0.0,2278.8419999999996,,211.15200000000004
Infrastructure,Productivity,Labor,Adjustments,2264.727,,783.7529999999999,3398.064,3554.35074,13.0,0.0,2264.727,,-1289.62374
Infrastructure,Data Centers,Other,Travel Expense-Hotel,2230.224,,443.26800000000003,1766.661,814.062,12.0,0.0,2230.224,,1416.1620000000003
BU Support,Emerging,Other,Materials,2963.0789999999997,812.52,608.382,2741.0804999999996,812.51994,10.0,24.0,2150.5589999999997,2.646776694727514,2150.5590599999996
Governance,Quality & Compliance,Other,Customer Meetings,2141.5829999999996,,,,,1.0,0.0,2141.5829999999996,,2141.5829999999996
Enablement,Innovation,Labor,Payroll Taxes - Salaries,12394.547999999999,10269.0,5591.583,10618.818,8014.652999999999,18.0,12.0,2125.547999999999,0.20698685363716027,4379.8949999999995
Infrastructure,Core Infrastructure,Other,Individual Performance Recognition,3163.683,1044.0,1413.042,1513.542,1636.542,14.0,24.0,2119.683,2.030347701149425,1527.141
Functional,R3,Labor,Payroll Taxes - Other,2116.41,,508.614,1790.1689999999999,1133.469,12.0,0.0,2116.41,,982.9409999999998
Functional,R3,Other,Auto Insurance,2109.078,,384.828,1737.7440000000001,1369.3110000000001,28.0,0.0,2109.078,,739.7669999999998
Functional,R2,Other,Food Expense,2433.687,338.373,718.386,1372.9897499999997,603.627,28.0,12.0,2095.314,6.192320309244532,1830.06
Enablement,Innovation,Labor,Payroll Taxes - Other,2093.652,,,831.423,,6.0,0.0,2093.652,,2093.652
Functional,R3,Other,Telecom,2087.94,,906.5070000000001,2426.0841,1286.136,19.0,0.0,2087.94,,801.8040000000001
Enablement,EIM,Other,Individual Performance Recognition,4258.188,2175.012,2174.874,2116.1009999999997,2175.0215399999997,12.0,12.0,2083.176,0.9577767846798085,2083.1664600000004
BU Support,Emerging,Other,Telecom,3329.892,1260.0,2152.926,2761.94475,2567.673,10.0,12.0,2069.892,1.6427714285714283,762.219
Functional,R5,Other,Food Charges,2064.201,,191.93999999999997,831.252,467.18399999999997,8.0,0.0,2064.201,,1597.017
BU Support,Emerging,Hardware & Software,Computer Hardware,2041.2930000000001,,34.344,523.167,284.931,12.0,0.0,2041.2930000000001,,1756.362
Governance,GRC,Labor,Payroll Taxes - Variable Comp,2039.238,,731.283,1943.205,1495.662,12.0,0.0,2039.238,,543.576
Functional,R2,Labor,Office Services,2038.854,,758.5920000000001,1449.651,1260.477,11.0,0.0,2038.854,,778.377
Infrastructure,Productivity,Hardware & Software,Vendor,2011.4009999999998,,,,,4.0,0.0,2011.4009999999998,,2011.4009999999998
Functional,R1,Other,Food Expense,2000.448,,341.673,1336.194,894.927,22.0,0.0,2000.448,,1105.5210000000002
Enablement,EIM,Depr & Amort,Software,1988.4569999999999,,481.527,1996.848,1981.821,12.0,0.0,1988.4569999999999,,6.635999999999967
Functional,R1,Labor,Other ( - Tax ),1986.186,,667.2869999999999,1659.222,1384.2839999999999,16.0,0.0,1986.186,,601.902
Infrastructure,Hosting,Labor,Contractors,1978.6409999999998,,2386.9410000000003,1978.6409999999998,497.2105200000001,6.0,0.0,1978.6409999999998,,1481.4304799999998
Governance,GRC,Other,M&E-Nondeductible,4504.017,2549.988,2700.8813099999998,4934.34972,2397.5047799999998,18.0,12.0,1954.029,0.766289488421122,2106.51222
Functional,R2,Other,Food Charges,1938.222,,355.254,1482.735,1482.735,8.0,0.0,1938.222,,455.4870000000001
Governance,Architecture,Other,Food Charges,1936.338,,,,,1.0,0.0,1936.338,,1936.338
Functional,R5,Other,3rd Party Marketing Data,1920.0,,,1920.0,1920.0,1.0,0.0,1920.0,,0.0
Functional,R1,Other,Vehicle - Travel,1913.565,,330.798,1273.05,733.317,12.0,0.0,1913.565,,1180.248
Functional,R1,Other,M&E-Nondeductible,1911.441,,380.304,1350.2279999999998,995.3939999999999,19.0,0.0,1911.441,,916.0470000000001
Functional,R3,Labor,Payroll Taxes - Variable Comp,1907.964,,443.499,1608.474,1010.889,12.0,0.0,1907.964,,897.0749999999999
Functional,R3,Labor,Payroll Taxes - Non-Domestic,1907.19,,1907.19,1907.19,1907.19,2.0,0.0,1907.19,,0.0
Enablement,EIM,Other,Domestic Travel,1895.652,,,554.637,,4.0,0.0,1895.652,,1895.652
Functional,R2,Labor,Other Bonuses,2662.455,774.288,912.777,1187.9212499999999,774.288,18.0,12.0,1888.167,2.438584867646147,1888.167
Governance,Administration,Labor,Vacation,1884.0059999999999,,148.6020000000002,1267.0380000000002,1146.8790000000001,22.0,0.0,1884.0059999999999,,737.1269999999997
Enablement,Business Intelligence,Other,Corporate Air Travel,1859.7,,,,,1.0,0.0,1859.7,,1859.7
Infrastructure,Core Infrastructure,Other,Domestic Travel,1857.99,,1912.4399999999998,1220.664,70.05599999999984,19.0,0.0,1857.99,,1787.9340000000002
Functional,R5,Other,Marketing Campaigns,1857.654,,175.869,805.011,559983.5460000001,8.0,0.0,1857.654,,-558125.8920000001
Infrastructure,Networking,Other,Postage,1845.552,,93.774,1551.9164999999998,551.991,12.0,0.0,1845.552,,1293.561
BU Support,Planning,Labor,Payroll Taxes - Other,1838.034,,837.87,1838.034,1616.769,7.0,0.0,1838.034,,221.2650000000001
Functional,R3,Other,M&E-Nondeductible,1832.895,,351.285,1694.802,917.373,22.0,0.0,1832.895,,915.5219999999999
BU Support,Core,Labor,Insurance,15984.183,14160.3,3622.197,10353.36,6960.189,12.0,12.0,1823.8830000000016,0.12880256774220897,9023.994
Infrastructure,Core Infrastructure,Other,Team Performance,2095.632,273.6,1272.9869999999999,1402.1129999999998,1269.843,8.0,24.0,1822.0320000000002,6.659473684210527,825.789
BU Support,Core,Labor,Retirement Medical,13818.276,11998.8,3188.772,9250.899000000001,6227.658,12.0,12.0,1819.4760000000006,0.1516381638163817,7590.6179999999995
Governance,Process Management,Labor,Retirement Medical,85785.351,83998.8,22050.303,66254.535,43828.02,24.0,24.0,1786.5509999999922,0.02126876812525884,41957.331
Infrastructure,Productivity,Labor,Other ( - Tax ),1784.865,,557.454,1773.165,1668.87222,10.0,0.0,1784.865,,115.99278000000004
Enablement,Six Sigma,Other,Telecom,3392.946,1620.0,2250.834,2873.508,2589.2819999999997,10.0,12.0,1772.946,1.094411111111111,803.6640000000002
Governance,GRC,Other,Individual Performance Recognition,1844.7,86.39999999999999,86.99994000000001,80.57258999999999,74.05722,4.0,12.0,1758.3,20.350694444444446,1770.6427800000001
BU Support,Planning,Other,M&E-Nondeductible,1746.5249999999999,,259.635,1302.636,517.374,27.0,0.0,1746.5249999999999,,1229.1509999999998
Infrastructure,Core Infrastructure,Other,Services,2782.002,1037.772,809.6370000000001,3789.2715,2851.272,20.0,24.0,1744.23,1.6807449035048163,-69.26999999999998
Infrastructure,Core Infrastructure,Labor,Salary,1739.8469999999998,,2273.535,1554.6577499999994,6.000000030326191e-05,12.0,0.0,1739.8469999999998,,1739.8469399999994
Infrastructure,Core Infrastructure,Other,Food Charges,4435.824,2700.0,2756.2889999999998,4554.78,4184.775,11.0,24.0,1735.8239999999996,0.6428977777777777,251.04899999999998
Governance,Security & Risk Management,Labor,Retirement Medical,40725.083999999995,38998.8,10363.74,30065.646,20240.118,12.0,12.0,1726.2839999999924,0.044265054309363165,20484.965999999997
Governance,Quality & Compliance,Labor,Other Bonuses,1717.137,,,861.7349999999999,,2.0,0.0,1717.137,,1717.137
Enablement,Data Management,Other,Lease,1704.447,,433.4849999999999,1410.6149999999998,742.9319999999999,8.0,0.0,1704.447,,961.515
Functional,R1,Other,Interest,1696.521,,410.59499999999997,1292.991,862.098,12.0,0.0,1696.521,,834.423
BU Support,Manufacturing,Labor,Sales Incentive Comp,1653.774,,663.273,288.10799999999995,288.10799999999995,7.0,0.0,1653.774,,1365.666
Infrastructure,Productivity,Other,Individual Performance Recognition,2777.727,1130.4,1106.64,1967.3249999999998,1517.895,12.0,12.0,1647.3269999999998,1.457295647558386,1259.8319999999999
Infrastructure,Productivity,CAPEX,Labor,1638.75,,281.256,1011.27,358.578,18.0,0.0,1638.75,,1280.172
BU Support,Planning,Labor,Payroll Taxes - Variable Comp,1633.335,,722.52,1633.335,1430.085,7.0,0.0,1633.335,,203.25
Governance,Administration,Other,Food Charges,4394.148,2775.6000000000004,4618.982999999999,4656.77424,4276.772999999999,11.0,12.0,1618.5479999999998,0.5831344574146129,117.37500000000091
Functional,R2,Labor,Employee Benefits,1615.221,,316.84499999999997,1475.76,1118.3429999999998,23.0,0.0,1615.221,,496.87800000000016
BU Support,Development,Other,Telecom Services,1599.849,,118.968,1115.925,648.417,10.0,0.0,1599.849,,951.4319999999999
Infrastructure,Data Centers,Other,Telephone,1598.961,,579.7199999999999,998.247,709.35126,25.0,0.0,1598.961,,889.60974
BU Support,Manufacturing,Other,LOS,1836.6299999999999,242.28900000000002,900.111,523.9770000000001,231.777,8.0,24.0,1594.341,6.580327625273949,1604.8529999999998
Governance,GRC,Labor,Workers Comp,1579.386,,485.058,1326.4769999999999,902.424,12.0,0.0,1579.386,,676.962
BU Support,Emerging,Other,Other Miscellaneous,1570.6589999999999,,231.885,338.1735,5.9999999993731734e-05,20.0,0.0,1570.6589999999999,,1570.6589399999998
Infrastructure,Core Infrastructure,Other,Postage,1848.0659999999998,280.36799999999994,1720.56,872.3242499999999,860.15166,23.0,12.0,1567.6979999999999,5.591572504708099,987.9143399999998
Functional,R5,Labor,Other Bonuses,1554.066,,515.106,1207.746,861.4259999999999,12.0,0.0,1554.066,,692.6400000000001
BU Support,R&D,Other,Travel Expense-Hotel,1543.7069999999999,,177.096,1373.235,982.4849999999999,7.0,0.0,1543.7069999999999,,561.222
Infrastructure,Productivity,Other,Internal,1532.487,,1532.487,1532.487,1532.487,2.0,0.0,1532.487,,0.0
Enablement,Document Management,Other,Subscriptions,1532.1870000000001,,68.73899999999999,1532.1870000000001,1373.7930000000001,4.0,0.0,1532.1870000000001,,158.394
Infrastructure,Data Centers,Other,M&E-Nondeductible,5644.896,4140.0,4270.1759999999995,4188.7257,4405.9178999999995,27.0,48.0,1504.8959999999997,0.36350144927536227,1238.9781000000003
BU Support,Emerging,Labor,Other Bonuses,6952.47,5460.8369999999995,5836.191,5484.630749999999,5460.8368199999995,36.0,36.0,1491.6330000000007,0.27315098399750826,1491.6331800000007
Governance,Architecture,Labor,Payroll Taxes - Salaries,23389.899,21898.8,13036.485,21082.896,17783.178,12.0,12.0,1491.099000000002,0.06809044331196239,5606.721000000001
Infrastructure,Hosting,Other,Conferences,1488.9,,432.3,1224.6,719.7,6.0,0.0,1488.9,,769.2
Enablement,Innovation,Labor,Insurance,15628.305,14160.3,4527.897,11843.238,8700.381,13.0,12.0,1468.005000000001,0.10367047308319746,6927.924000000001
Enablement,Data Management,Hardware & Software,Non CAPEX Equipment,1460.334,,1247.178,1460.334,1460.334,2.0,0.0,1460.334,,0.0
Governance,Administration,Labor,Unscheduled Overtime,1456.0829999999999,,1030.203,1202.85,1149.051,17.0,0.0,1456.0829999999999,,307.0319999999999
Infrastructure,Networking,Other,Separation Expense,1450.695,,,1450.695,1186.389,4.0,0.0,1450.695,,264.30600000000004
BU Support,Distribution,Other,Telecommunication,2546.721,1121.472,3298.902,2805.009,3054.174,9.0,12.0,1425.249,1.2708734591679507,-507.453
BU Support,R&D,Other,Lease,1407.231,0.0,1696.017,1403.8890000000001,1462.704,30.0,48.0,1407.231,,-55.472999999999956
Enablement,Business Intelligence,Labor,Payroll Taxes - Salaries,37372.653,35969.1,17895.561,33695.121,26418.387000000002,12.0,12.0,1403.5529999999999,0.03902107642393054,10954.265999999996
BU Support,Distribution,Other,Vehicle - Travel,1402.902,,203.00400000000002,661.6139999999999,542.7239999999999,8.0,0.0,1402.902,,860.1780000000001
Functional,R3,Other,Travel Allowance,1383.693,,469.914,1189.785,563.457,13.0,0.0,1383.693,,820.236
Infrastructure,Networking,Other,Auto Insurance,1381.386,,575.4000000000002,1221.6075,838.9980000000002,15.0,0.0,1381.386,,542.3879999999998
Enablement,Data Management,Labor,Retirement Plan Match,1370.7869999999998,,254.295,885.402,531.0989999999999,12.0,0.0,1370.7869999999998,,839.6879999999999
Enablement,Mobility,Other,Telephone,1354.821,,1272.903,1354.821,64.35252,8.0,0.0,1354.821,,1290.46848
BU Support,Distribution,Other,Travel Allowance,1353.255,,294.063,1071.861,788.82,25.0,0.0,1353.255,,564.4350000000001
Enablement,Data Management,Depr & Amort,Software,1352.652,,1352.652,1352.652,1352.652,3.0,0.0,1352.652,,0.0
BU Support,Development,Other,Vehicle - Travel,1351.524,,32.994,1182.477,821.337,9.0,0.0,1351.524,,530.1869999999999
Functional,R1,Other,Indemnification and Separation Allowance,1331.145,,557.112,1080.759,977.349,19.0,0.0,1331.145,,353.79599999999994
Enablement,Business Intelligence,Other,Moving Expenses - NT,1330.41,,,1330.41,,1.0,0.0,1330.41,,1330.41
Infrastructure,Productivity,Labor,Allowances,1300.122,,,,,3.0,0.0,1300.122,,1300.122
Governance,Architecture,Other,Individual Performance Recognition,1994.451,694.8,695.99955,679.6419,674.35722,9.0,12.0,1299.651,1.8705397236614856,1320.0937800000002
BU Support,Development,Other,Vehicle Fuel,1298.214,,240.642,1057.137,694.077,10.0,0.0,1298.214,,604.137
BU Support,Core,Other,Individual Performance Recognition,1646.4,349.20000000000005,321.90000000000003,1073.6999999999998,1071.0,6.0,12.0,1297.2,3.714776632302405,575.4000000000001
Governance,Quality & Compliance,Other,Telephone,1292.7839999999999,,,529.7069999999999,,5.0,0.0,1292.7839999999999,,1292.7839999999999
Infrastructure,Core Infrastructure,Other,Travel Allowance,1291.5179999999973,,-7766.136,-1399.197000000002,-914.7990000000009,25.0,0.0,1291.5179999999973,,2206.316999999998
BU Support,Core,Hardware & Software,Computer Hardware,1287.237,,10.29,186.237,186.237,4.0,0.0,1287.237,,1101.0
Infrastructure,Data Centers,Labor,Retirement Medical,103277.36099999999,101998.8,27377.021999999997,77395.557,52704.108,48.0,48.0,1278.560999999987,0.012535059235990884,50573.25299999999
BU Support,Development,Other,Conferences,1263.6,,274.5,1263.6,274.5,5.0,0.0,1263.6,,989.0999999999999
Governance,Other,Other,Telephone,1258.578,,,,,3.0,0.0,1258.578,,1258.578
Enablement,Business Intelligence,Labor,Insurance,50818.452,49560.299999999996,13597.839,38618.331,26129.775,12.0,12.0,1258.1520000000019,0.025386287007947934,24688.676999999996
Functional,R2,Other,Subscriptions,1235.865,,235.875,743.085,743.085,5.0,0.0,1235.865,,492.78
BU Support,Distribution,Other,Telecom Services,1230.501,,392.80499999999995,967.0319999999999,647.067,38.0,0.0,1230.501,,583.434
Infrastructure,Productivity,Other,Other Supplies,1219.095,,,,,2.0,0.0,1219.095,,1219.095
Governance,Quality & Compliance,Other,Lease,1214.622,,,501.44100000000003,,5.0,0.0,1214.622,,1214.622
Governance,GRC,Other,Vehicle Fuel,1213.752,,,638.961,,5.0,0.0,1213.752,,1213.752
Infrastructure,Networking,Other,Lease,1205.46,,1375.746,1485.546,2060.253,22.0,0.0,1205.46,,-854.7930000000001
Functional,R2,Other,Travel Expense-Hotel,1187.52,,411.051,1637.52,669.066,4.0,0.0,1187.52,,518.454
Infrastructure,Networking,Other,M&E-Nondeductible,1546.368,360.0,278.163,1261.509,1172.766,9.0,12.0,1186.368,3.2954666666666665,373.60199999999986
BU Support,Distribution,Other,Food Expense,1182.4769999999999,,182.088,723.42,453.921,15.0,0.0,1182.4769999999999,,728.5559999999998
Infrastructure,Networking,CAPEX,Labor,1168.5,,,5638.5,10101.0,3.0,0.0,1168.5,,-8932.5
BU Support,Planning,Other,Food Charges,1166.154,,363.29999999999995,812.7479999999999,565.704,7.0,0.0,1166.154,,600.45
Infrastructure,Core Infrastructure,Other,Sales Meeting Expense,1161.54,,1161.54,290.385,2.5579538487363607e-13,1.0,0.0,1161.54,,1161.5399999999997
Infrastructure,Core Infrastructure,Other,Food Expense,1136.541,,292.29,282.9314999999999,8.093940000000032,16.0,0.0,1136.541,,1128.44706
Governance,Process Management,Other,Transportation - Air,1128.549,,2.6999999999999997,1117.029,15.896999999999998,8.0,0.0,1128.549,,1112.652
Governance,GRC,Other,Memberships,1127.289,,214.44299999999998,997.554,435.375,11.0,0.0,1127.289,,691.914
Governance,Architecture,Other,Marketing Campaigns,1121.769,,,,,1.0,0.0,1121.769,,1121.769
Infrastructure,Data Centers,CAPEX,Labor,1115.25,,901.5,901.5,901.5,6.0,0.0,1115.25,,213.75
BU Support,Distribution,Other,Outside Repairs - Cars,1111.8690000000001,,,,,2.0,0.0,1111.8690000000001,,1111.8690000000001
BU Support,Manufacturing,Other,Property Taxes,26711.19,25609.416,25884.927,26435.763,26160.347879999998,168.0,168.0,1101.7739999999976,0.04302222276368964,550.8421200000012
Infrastructure,Help Desk,Hardware & Software,Purchased Software,1999.344,900.0,787.857,568.761,621.936,10.0,12.0,1099.344,1.2214933333333333,1377.408
Enablement,Portals,Depr & Amort,Fixed Assets,1079.1,,1079.1,1079.1,1079.1,1.0,0.0,1079.1,,0.0
Infrastructure,Data Centers,Other,Food Charges,1068.117,,919.818,960.174,960.174,8.0,0.0,1068.117,,107.94299999999998
Enablement,EIM,Other,Travel Expense,23865.059999999998,22800.012,22800.495,21484.181999999997,24107.84814,17.0,24.0,1065.0479999999989,0.04671260699336469,-242.78814000000057
Enablement,Mobility,Labor,Billing,1063.131,,1155.708,1063.131,151.87578000000013,2.0,0.0,1063.131,,911.25522
Functional,R3,Other,Property Taxes,1061.607,,265.296,796.17,530.733,12.0,0.0,1061.607,,530.874
Functional,R3,Other,Vehicle - Travel,1061.3249999999998,,111.297,844.0229999999999,626.454,11.0,0.0,1061.3249999999998,,434.87099999999987
Governance,GRC,Other,Conferences,1060.935,,,409.2,,4.0,0.0,1060.935,,1060.935
Infrastructure,SSO,Other,Conferences,1057.2,,,528.6,,2.0,0.0,1057.2,,1057.2
Functional,R2,Other,Freight,1054.389,,1054.389,1054.389,1054.389,1.0,0.0,1054.389,,0.0
Functional,R2,Other,Services,1039.836,,363.402,399.47850000000005,-2.4868995751603507e-14,23.0,0.0,1039.836,,1039.836
Infrastructure,Core Infrastructure,Other,Security,1038.459,,410.463,869.703,575.265,9.0,0.0,1038.459,,463.1940000000001
Infrastructure,Networking,Labor,Vacation,1037.58,,253.647,1096.467,1143.1657799999998,10.0,0.0,1037.58,,-105.58577999999989
BU Support,Distribution,Other,Auto Insurance,1037.118,,194.00099999999998,697.9110000000001,513.684,11.0,0.0,1037.118,,523.434
Functional,R3,Labor,Vacation Accrual,1035.906,,,,,3.0,0.0,1035.906,,1035.906
BU Support,Emerging,Labor,Retirement Plan Match,9238.511999999999,8208.9,8831.184,8817.91125,8287.77288,39.0,24.0,1029.6119999999992,0.12542630559514664,950.7391199999984
Governance,Process Management,Labor,Bonuses,92547.192,91522.2,22446.93,69360.774,45582.366,24.0,24.0,1024.9919999999984,0.011199381133757694,46964.825999999994
Infrastructure,Data Centers,Other,Vehicle Fuel,994.5959999999999,,199.185,693.141,444.71999999999997,12.0,0.0,994.5959999999999,,549.876
Governance,Administration,Shared Services,Other Inbound,984.408,,984.408,984.408,984.408,2.0,0.0,984.408,,0.0
BU Support,Core,Other,Training,974.697,,724.5,974.697,724.5,4.0,0.0,974.697,,250.197
BU Support,Distribution,Labor,Vacation Accrual,974.2650000000001,,,,,3.0,0.0,974.2650000000001,,974.2650000000001
Governance,Other,Depr & Amort,Fixed Assets,965.2919999999999,,,,,2.0,0.0,965.2919999999999,,965.2919999999999
BU Support,Manufacturing,Labor,Other ( + Tax ),5818.835999999999,4860.0,5365.542,3881.46,3458.8559999999998,49.0,12.0,958.8359999999993,0.19729135802469122,2359.9799999999996
Infrastructure,Hosting,Other,Individual Performance Recognition,2872.68,1915.1999999999998,1915.2179999999998,1604.2289999999998,1915.0949999999998,18.0,24.0,957.48,0.49993734335839607,957.585
BU Support,Emerging,Other,Food Expense,955.215,0.0,273.549,294.81600000000003,-6.000000001904482e-05,10.0,12.0,955.215,,955.21506
Infrastructure,Productivity,Other,Vehicle Rent - Employees,937.1969999999999,,,,,3.0,0.0,937.1969999999999,,937.1969999999999
BU Support,R&D,Other,Services,932.097,,149.94,665.61,354.381,11.0,0.0,932.097,,577.716
Governance,GRC,Other,Insurance,929.31,,,588.531,325.281,6.0,0.0,929.31,,604.029
Enablement,EIM,Other,Telecom Services,925.404,0.0,828.921,828.921,828.921,8.0,12.0,925.404,,96.48299999999995
Governance,Administration,Other,Office Rental,5003.400000000001,4082.3999999999996,7400.1,6024.0,7044.6,3.0,12.0,921.0000000000009,0.22560258671369807,-2041.1999999999998
Governance,GRC,Labor,Unscheduled Overtime,914.787,,-431.1360000000001,1010.694,227.01599999999985,22.0,0.0,914.787,,687.7710000000002
Enablement,Data Management,Labor,Bonuses,907.1579999999999,,68.883,501.306,285.15,10.0,0.0,907.1579999999999,,622.0079999999999
Governance,Administration,Hardware & Software,Software Maintenance,898.101,,,898.101,0.0,8.0,0.0,898.101,,898.101
Functional,R3,Hardware & Software,Product,893.688,,,893.688,,2.0,0.0,893.688,,893.688
BU Support,Core,Labor,Savings Plan,10015.77,9124.8,2269.38,6881.375999999999,4575.378,12.0,12.0,890.9700000000012,0.0976426880589165,5440.392000000001
Infrastructure,Productivity,Other,Vehicle Rent,888.612,,,,,2.0,0.0,888.612,,888.612
BU Support,Planning,Other,Vehicle Fuel,885.828,,,,,2.0,0.0,885.828,,885.828
Infrastructure,Productivity,Hardware & Software,Product,879.9870000000001,,65.7,879.9870000000001,646.8000000000001,4.0,0.0,879.9870000000001,,233.187
Infrastructure,Core Infrastructure,Labor,Allowances,2779.575,1899.888,1881.2939999999999,3043.3785,2870.4,23.0,12.0,879.6869999999999,0.46302045173189155,-90.82500000000027
Governance,Other,Other,Indemnification and Separation Allowance,875.481,,,,,1.0,0.0,875.481,,875.481
Infrastructure,Productivity,Other,Travel Allowance,874.8870000000001,,,32.475,,5.0,0.0,874.8870000000001,,874.8870000000001
Enablement,Innovation,Other,Telephone,1411.653,574.653,430.995,974.304,287.337,6.0,12.0,837.0,1.4565311588036607,1124.316
Infrastructure,Productivity,Other,Vehicle - Travel,830.514,,159.873,658.389,211.671,12.0,0.0,830.514,,618.8430000000001
Enablement,EIM,Other,Patent & Trademark,825.0,,,825.0,,1.0,0.0,825.0,,825.0
Governance,Vendor Management,Other,Conferences,822.9,,204.29999999999998,795.3,491.69999999999993,7.0,0.0,822.9,,331.20000000000005
BU Support,Distribution,Labor,Sales Incentive Comp,813.15,,83.991,738.5310000000001,83.991,4.0,0.0,813.15,,729.159
BU Support,Manufacturing,Other,Travel Expense-Hotel,809.091,,299.7,1109.088,899.69994,4.0,0.0,809.091,,-90.60893999999996
BU Support,Distribution,Other,Office Rental,808.9049999999997,,3125.208,808.9049999999997,3125.208,4.0,0.0,808.9049999999997,,-2316.3030000000003
Infrastructure,Productivity,Other,Bank Charges,805.149,,,,,3.0,0.0,805.149,,805.149
Functional,R2,Other,Other Supplies,798.435,,-643.233,2149.1715,-7.105427357601002e-14,35.0,0.0,798.435,,798.4350000000001
Infrastructure,Networking,Other,Recruiting,792.0,,792.0,792.0,792.0,1.0,0.0,792.0,,0.0
BU Support,Core,Labor,Retirement Plan Match,19516.494,18724.8,4890.129,13651.077,9296.358,12.0,12.0,791.6939999999995,0.04228050499871825,10220.135999999999
BU Support,Development,Labor,Employee Wellness,789.6510000000001,,-150.606,486.03300000000013,167.79300000000012,13.0,0.0,789.6510000000001,,621.858
Infrastructure,Core Infrastructure,Labor,Vacation Accrual,784.2630000000003,,-2131.0380000000005,785.2905,-2.2737367544323206e-13,12.0,0.0,784.2630000000003,,784.2630000000005
Infrastructure,Data Centers,Labor,Other ( - Tax ),781.188,,348.99,937.21839,856.28574,8.0,0.0,781.188,,-75.09774000000004
BU Support,Planning,Other,Internal,779.511,,779.511,779.511,779.511,1.0,0.0,779.511,,0.0
Infrastructure,Help Desk,Other,Transportation - Air,772.0139999999999,,51.702,668.43,298.99799999999993,11.0,0.0,772.0139999999999,,473.01599999999996
Infrastructure,Core Infrastructure,Other,Auto Insurance,771.222,,158.20499999999998,612.948,444.9,13.0,0.0,771.222,,326.322
Functional,R1,Other,Other Miscellaneous,760.0079999999999,,760.0079999999999,760.0079999999999,760.0079999999999,24.0,0.0,760.0079999999999,,0.0
Infrastructure,Help Desk,Other,Property Taxes,2764.6949999999997,2023.1999999999998,2764.668,2764.686,2764.677,12.0,12.0,741.4949999999999,0.36649614472123365,0.017999999999574356
BU Support,Emerging,Labor,Vacation Accrual,740.0219999999999,0.0,-423.24299999999994,450.2204999999999,2.842170943040401e-14,10.0,12.0,740.0219999999999,,740.0219999999999
Functional,R1,Labor,Savings Plan,4126.17,3391.416,3934.062,4093.452,4013.316,12.0,12.0,734.7539999999999,0.2166510979484675,112.85400000000027
Enablement,Enterprise Capabilities,Other,Training,731.9819999999999,,147.0,-7.815000000000026,-5.001000000000005,5.0,0.0,731.9819999999999,,736.9829999999998
Enablement,Innovation,Other,Marketing Campaigns,730.101,,,730.101,,1.0,0.0,730.101,,730.101
Infrastructure,Core Infrastructure,Labor,Office Services,726.3480000000001,,3.3,506.016,493.98,12.0,0.0,726.3480000000001,,232.36800000000005
Functional,R1,Hardware & Software,Maintenance and Repairs,717.12,,717.12,717.12,717.12,1.0,0.0,717.12,,0.0
Infrastructure,Productivity,Other,Charitable Contributions,715.9530000000001,,,,,1.0,0.0,715.9530000000001,,715.9530000000001
Infrastructure,Productivity,Labor,Other ( + Tax ),703.536,,61.96499999999999,523.473,465.87299999999993,33.0,0.0,703.536,,237.663
Enablement,Document Management,Depr & Amort,Fixed Assets,3137.112,2444.3999999999996,3138.5759999999996,3137.115,3137.118,12.0,12.0,692.7120000000004,0.2833873343151696,-0.005999999999858119
Functional,R3,Other,Interest,681.4110000000001,,295.392,568.683,450.636,11.0,0.0,681.4110000000001,,230.77500000000003
Enablement,Data Management,Other,Travel Allowance,677.739,,73.8,233.4,111.243,8.0,0.0,677.739,,566.4960000000001
BU Support,Production,Other,M&E-Nondeductible,673.341,,,191.337,,4.0,0.0,673.341,,673.341
BU Support,R&D,Other,Conferences,673.2,,146.7,673.2,226.79999999999998,5.0,0.0,673.2,,446.4000000000001
Governance,Security & Risk Management,Labor,Insurance,46692.308999999994,46020.0,11772.291,33648.573,22620.762,12.0,12.0,672.3089999999938,0.01460906127770521,24071.546999999995
Enablement,Portals,Other,Individual Performance Recognition,2063.172,1393.1999999999998,1254.8999999999999,1424.931,1146.51,11.0,12.0,669.9720000000002,0.48088716623600364,916.662
Infrastructure,Productivity,Other,Customer Events,667.548,,,111.87599999999999,,7.0,0.0,667.548,,667.548
Functional,R5,Other,Memberships,657.3,,265.2,614.1,265.2,6.0,0.0,657.3,,392.09999999999997
BU Support,Manufacturing,Other,Security,654.852,,,654.852,,1.0,0.0,654.852,,654.852
Functional,R2,Other,Snacks,653.967,,225.414,179.82150000000001,-2.842170943040401e-14,14.0,0.0,653.967,,653.967
Functional,R3,Labor,Vacation,652.3289999999997,,1364.757,1709.5439999999999,570.5549999999998,25.0,0.0,652.3289999999997,,81.77399999999989
Enablement,Document Management,Other,Food Charges,1252.575,601.2,932.121,1029.312,600.00132,6.0,12.0,651.375,1.0834580838323353,652.5736800000001
Infrastructure,Productivity,CAPEX,Projects - Purchases,650.553,,,513.423,167.16,8.0,0.0,650.553,,483.39300000000003
BU Support,R&D,Other,Food Charges,650.385,,,127.54199999999999,70.99199999999999,5.0,0.0,650.385,,579.393
Enablement,Data Management,Other,Training,648.594,,307.8,591.264,331.47,5.0,0.0,648.594,,317.124
BU Support,Emerging,Labor,Contractors,637.280999999999,,0.0,-427.09050000000207,0.0,129.0,0.0,637.280999999999,,637.280999999999
Functional,R2,Hardware & Software,Product,636.5219999999999,,,67.524,,3.0,0.0,636.5219999999999,,636.5219999999999
Governance,Quality & Compliance,Other,Vehicle Fuel,629.6279999999999,,,256.75199999999995,,5.0,0.0,629.6279999999999,,629.6279999999999
Governance,Administration,Other,Clerical Materials,629.313,,300.927,629.313,428.29200000000003,3.0,0.0,629.313,,201.02099999999996
Governance,Administration,Other,Telephone,627.711,,434.45099999999996,515.616,460.30199999999996,19.0,0.0,627.711,,167.40900000000005
Infrastructure,Networking,Other,Memberships,746.1899999999998,120.9,805.8899999999999,746.1899999999998,746.1899999999998,2.0,12.0,625.2899999999998,5.171960297766748,0.0
BU Support,R&D,Hardware & Software,Servers Rental,615.0,,,615.0,,1.0,0.0,615.0,,615.0
BU Support,Manufacturing,Other,Customer Channel,607.332,,224.565,587.991,442.971,10.0,0.0,607.332,,164.361
Infrastructure,Networking,Other,Training Allowance,603.915,,262.8,262.8,262.8,2.0,0.0,603.915,,341.11499999999995
Governance,GRC,Labor,Fringe Benefits Tax,594.822,,215.17499999999998,594.822,442.203,9.0,0.0,594.822,,152.61900000000003
Infrastructure,Core Infrastructure,Other,Employee (Other),588.7769999999999,,,333.65999999999997,144.768,10.0,0.0,588.7769999999999,,444.0089999999999
Enablement,Innovation,Labor,Retirement Medical,12584.847,11998.8,3986.1929999999998,10555.272,7784.802,12.0,12.0,586.0470000000005,0.04884213421342139,4800.045
Functional,R3,Labor,Office Services,585.924,,393.225,393.225,393.225,4.0,0.0,585.924,,192.69899999999996
Governance,Process Management,Other,Freight In,585.9,,585.9,585.9,585.9,1.0,0.0,585.9,,0.0
Enablement,Data Management,Other,Other Events,583.545,,,,,1.0,0.0,583.545,,583.545
Enablement,Business Intelligence,Other,Conferences,582.3,,264.3,582.3,264.3,2.0,0.0,582.3,,317.99999999999994
Infrastructure,Productivity,Other,Employee (Other),578.592,,515.637,515.637,515.637,4.0,0.0,578.592,,62.95500000000004
BU Support,Development,Hardware & Software,Non CAPEX Equipment,577.38,,,,,1.0,0.0,577.38,,577.38
BU Support,Development,Other,Interest,567.174,,138.654,428.799,283.764,10.0,0.0,567.174,,283.40999999999997
BU Support,Manufacturing,Other,Customer Meetings,581.8589999999999,15.03,14.199,2.4,2.4,2.0,12.0,566.829,37.71317365269461,579.459
Infrastructure,Help Desk,Hardware & Software,Maintenance and Repairs,877.365,313.5,866.865,877.365,877.365,12.0,12.0,563.865,1.7986124401913877,0.0
Enablement,Portals,Other,Conferences,563.4,,168.0,543.6,455.4,4.0,0.0,563.4,,108.0
BU Support,Distribution,Other,Messenger Services,561.405,,6.0,195.441,80.406,6.0,0.0,561.405,,480.99899999999997
Enablement,EIM,Other,Conferences,556.8,,264.3,556.8,264.3,2.0,0.0,556.8,,292.49999999999994
Infrastructure,Productivity,Labor,Sales Incentive Comp,552.621,,144.40200000000002,144.40200000000002,144.40200000000002,5.0,0.0,552.621,,408.21899999999994
BU Support,Emerging,Other,Other Supplies,549.135,,-36.342000000000006,80.66699999999997,-6.000000000172534e-05,11.0,0.0,549.135,,549.13506
Infrastructure,Data Centers,Other,Indemnification and Separation Allowance,547.608,,105.351,370.584,256.818,12.0,0.0,547.608,,290.78999999999996
BU Support,Distribution,Other,Interest,546.813,,136.764,408.438,263.403,12.0,0.0,546.813,,283.40999999999997
Governance,Security & Risk Management,Other,Materials,2883.888,2340.0,2136.156,1977.5512499999998,1846.704,22.0,12.0,543.8879999999999,0.2324307692307692,1037.184
Infrastructure,Core Infrastructure,Other,Taxes - General,541.941,,169.845,105.41025,1.9539925233402755e-14,7.0,0.0,541.941,,541.941
Governance,Process Management,CAPEX,Projects - Purchases,540.909,,,501.48,,2.0,0.0,540.909,,540.909
BU Support,Core,Other,Retail Estate Gain/Loss,540.0,,,540.0,,1.0,0.0,540.0,,540.0
BU Support,Distribution,Other,M&E-Other,539.9879999999999,,,,,1.0,0.0,539.9879999999999,,539.9879999999999
Governance,Other,Other,Travel Expense,536.0039999999999,,,,,3.0,0.0,536.0039999999999,,536.0039999999999
Governance,Quality & Compliance,Other,Memberships,532.95,,419.1,532.95,501.9,6.0,0.0,532.95,,31.050000000000068
Governance,Process Management,Other,Conferences,530.535,,9.0,275.53499999999997,131.535,8.0,0.0,530.535,,399.0
Infrastructure,Productivity,Other,Interest,523.3919999999999,,136.764,385.017,239.982,12.0,0.0,523.3919999999999,,283.40999999999997
Enablement,Enterprise Capabilities,Other,Telephone,519.519,,182.202,378.693,336.26099999999997,10.0,0.0,519.519,,183.25800000000004
Functional,R2,Labor,Sales Incentive Comp,516.2280000000001,,28.776,28.776,28.776,4.0,0.0,516.2280000000001,,487.45200000000006
Infrastructure,Data Centers,Other,Off Site Events,516.0899999999999,,93.651,345.885,214.557,12.0,0.0,516.0899999999999,,301.5329999999999
Infrastructure,Networking,Labor,Other ( - Tax ),511.395,,141.525,634.149,885.29652,7.0,0.0,511.395,,-373.90152
Infrastructure,Productivity,Shared Services,FP&A,-32783.649,-33293.259,-32111.922,-34383.104999999996,-35725.13118,12.0,12.0,509.6100000000006,,2941.482179999999
BU Support,Manufacturing,Other,Food Expense,689.64,182.016,276.84,529.5569999999999,169.19394,16.0,24.0,507.624,2.788897679324895,520.44606
Enablement,Enterprise Capabilities,Depr & Amort,Fixed Assets,503.643,,58.062,177.825,118.24199999999999,12.0,0.0,503.643,,385.40099999999995
BU Support,Manufacturing,Other,Transportation - Air,502.65,3.8789999999999996,38.835,414.135,101.95799999999998,37.0,24.0,498.77099999999996,128.58236658932714,400.692
BU Support,Manufacturing,Other,Subscriptions and Reference Material,498.5759999999999,,15.402,56.049,22.11,6.0,0.0,498.5759999999999,,476.4659999999999
Enablement,Data Management,Labor,Insurance,496.75499999999994,,,,,1.0,0.0,496.75499999999994,,496.75499999999994
Governance,Process Management,Other,Memberships,805.2,308.70000000000005,308.69957999999997,902.96214,809.508,9.0,12.0,496.5,1.6083576287657917,-4.307999999999993
Governance,GRC,Hardware & Software,Non CAPEX Equipment,491.18699999999995,,,237.219,,2.0,0.0,491.18699999999995,,491.18699999999995
BU Support,R&D,Other,Marketing Campaigns,490.06499999999994,,,63.903000000000006,30.084,4.0,0.0,490.06499999999994,,459.98099999999994
Enablement,Mobility,Other,Auto Insurance,485.68500000000006,,140.571,485.68500000000006,69.38352000000003,3.0,0.0,485.68500000000006,,416.30148
Infrastructure,SSO,Other,Property Taxes,620.748,136.8,619.479,620.325,619.902,12.0,12.0,483.94800000000004,3.5376315789473685,0.8460000000000036
Governance,Administration,Labor,Employee Benefits,483.831,,295.188,483.831,483.831,5.0,0.0,483.831,,0.0
Functional,R5,Other,Team Performance,483.822,,250.848,461.883,461.883,5.0,0.0,483.822,,21.93900000000002
Infrastructure,Networking,Other,Project Expense,480.219,,480.219,480.219,480.219,2.0,0.0,480.219,,0.0
BU Support,R&D,Other,Team Performance,480.0,,,480.0,,1.0,0.0,480.0,,480.0
Governance,GRC,Labor,Other ( + Tax ),476.8770000000001,,302.88300000000004,387.03900000000004,633.291,12.0,0.0,476.8770000000001,,-156.41399999999993
BU Support,Emerging,Other,Vehicle Fuel,833.139,360.57599999999996,489.618,486.51525,360.57581999999996,21.0,12.0,472.56300000000005,1.3105780750798726,472.56318000000005
BU Support,Distribution,Other,Support,464.63699999999994,,,464.63699999999994,464.63699999999994,1.0,0.0,464.63699999999994,,0.0
Infrastructure,Data Centers,Other,Food Expense,463.707,,182.388,379.941,304.03499999999997,13.0,0.0,463.707,,159.67200000000003
Infrastructure,Core Infrastructure,Other,Service Awards,462.834,,138.0,462.834,138.0,2.0,0.0,462.834,,324.834
Governance,Architecture,Other,M&E-Nondeductible,457.653,,157.848,400.053,371.22,7.0,0.0,457.653,,86.43299999999999
BU Support,R&D,Other,Customer Events,454.27199999999993,0.0,77.1,77.1,77.1,3.0,12.0,454.27199999999993,,377.1719999999999
Governance,GRC,Labor,Miscellaneous,453.948,,453.948,453.948,453.948,1.0,0.0,453.948,,0.0
Enablement,Business Intelligence,Other,Freight In,453.6,,453.6,453.6,453.6,1.0,0.0,453.6,,0.0
Infrastructure,SSO,Other,Materials,723.54,270.0,421.332,393.072,353.832,5.0,12.0,453.53999999999996,1.6797777777777776,369.70799999999997
Governance,Portfolio Management,Other,Conferences,451.5,,,187.2,,2.0,0.0,451.5,,451.5
Infrastructure,Data Centers,Other,Freight In,450.207,,212.7,212.7,212.7,2.0,0.0,450.207,,237.507
Infrastructure,Core Infrastructure,Other,Transportation - Air,449.25,,56.898,419.55899999999997,355.518,13.0,0.0,449.25,,93.73200000000003
Infrastructure,Productivity,Other,Property Taxes,1784.997,1339.1999999999998,1785.618,1463.004,1785.411,24.0,24.0,445.79700000000025,0.33288306451612926,-0.41399999999998727
Functional,R3,Other,Telecom Services,435.804,,48.813,315.282,198.474,8.0,0.0,435.804,,237.32999999999998
Infrastructure,Hosting,Other,Marketing Campaigns,435.696,,,,,2.0,0.0,435.696,,435.696
Enablement,Data Management,Other,Materials,432.417,,398.20799999999997,420.108,420.108,6.0,0.0,432.417,,12.308999999999969
Functional,R1,Other,Travel Allowance,430.329,,49.107,323.55899999999997,266.034,12.0,0.0,430.329,,164.29500000000002
Infrastructure,Productivity,Other,Inventory,426.015,,,426.015,,2.0,0.0,426.015,,426.015
Infrastructure,Data Centers,Labor,Employee Benefits,420.384,,104.829,564.81414,537.44778,12.0,0.0,420.384,,-117.06377999999995
Enablement,Document Management,Other,Property Taxes,1849.839,1440.0,1850.1899999999998,1849.839,1849.839,12.0,12.0,409.83899999999994,0.28461041666666664,0.0
Infrastructure,Data Centers,Other,Vehicle - Travel,403.95899999999995,,128.4,282.951,128.4,3.0,0.0,403.95899999999995,,275.55899999999997
Enablement,Innovation,Other,Indemnification and Separation Allowance,403.953,,,160.239,,6.0,0.0,403.953,,403.953
Infrastructure,Core Infrastructure,Other,Lease,401.16,,,,,1.0,0.0,401.16,,401.16
BU Support,Distribution,Other,Vehicle Rent,399.999,,,,,5.0,0.0,399.999,,399.999
Governance,GRC,Other,International Travel,399.822,,,,,1.0,0.0,399.822,,399.822
Governance,GRC,Other,Auto Insurance,390.3,,66.018,306.678,214.578,10.0,0.0,390.3,,175.722
BU Support,R&D,Other,Memberships,389.265,,4500.0,119.86500000000001,4601.865,7.0,0.0,389.265,,-4212.599999999999
BU Support,Manufacturing,Other,Manufacturing Materials,389.259,,,389.259,,1.0,0.0,389.259,,389.259
Infrastructure,Licensing,Other,Telecom,381.282,,303.0,381.282,381.282,3.0,0.0,381.282,,0.0
Infrastructure,Data Centers,Other,Travel Allowance,378.00899999999996,,43.161,317.238,161.48999999999998,9.0,0.0,378.00899999999996,,216.51899999999998
Infrastructure,Networking,Other,Employee Activities,374.952,,,374.952,375.0,3.0,0.0,374.952,,-0.04800000000000182
Infrastructure,Hosting,Labor,Office Services,371.05199999999996,,230.7,367.27799999999996,366.9,6.0,0.0,371.05199999999996,,4.151999999999987
BU Support,R&D,Other,Exhibits,370.2,,,370.2,370.2,1.0,0.0,370.2,,0.0
Enablement,Mobility,Other,Lease,369.21299999999997,,508.104,177.45299999999997,-149.16647999999998,11.0,0.0,369.21299999999997,,518.37948
Infrastructure,Networking,Other,Office Supplies,366.6,,366.6,458.24997,366.6,1.0,0.0,366.6,,0.0
BU Support,Manufacturing,Labor,Temporary Transfers,361.854,,,361.854,,1.0,0.0,361.854,,361.854
Governance,Architecture,Other,Conferences,361.5,,,361.5,,1.0,0.0,361.5,,361.5
BU Support,Distribution,Other,Conferences,357.903,,44.1,279.303,44.1,5.0,0.0,357.903,,313.803
Infrastructure,Networking,Other,Food Charges,534.03,180.0,669.03,624.03,624.03,1.0,12.0,354.03,1.9668333333333332,-90.0
Governance,Quality & Compliance,Other,Telecom Services,352.671,,,193.005,,4.0,0.0,352.671,,352.671
Infrastructure,Networking,Other,Conferences,348.30000000000007,,264.3,329.70000000000005,264.3,4.0,0.0,348.30000000000007,,84.00000000000006
Functional,R1,Other,Vehicle Rent,340.08,,,60.648,,3.0,0.0,340.08,,340.08
Infrastructure,Core Infrastructure,Other,Employee Activities,339.02099999999996,,133.176,86.63399999999999,-5.999999999772854e-05,12.0,0.0,339.02099999999996,,339.02106
Governance,GRC,Other,Property Taxes,1252.9260000000002,916.56,1252.9260000000002,1252.9260000000002,1252.9260000000002,12.0,12.0,336.3660000000002,0.3669874312647292,0.0
Functional,R2,Other,Customer Events,334.923,,236.184,305.841,262.284,8.0,0.0,334.923,,72.63900000000001
Infrastructure,Productivity,Other,Subscriptions,334.293,,279.576,334.293,304.461,4.0,0.0,334.293,,29.831999999999994
BU Support,Emerging,Other,Sales Meeting Expense,331.455,,,331.455,,1.0,0.0,331.455,,331.455
Infrastructure,Data Centers,Other,Transportation - Miscellaneous,330.264,,,,,1.0,0.0,330.264,,330.264
Governance,Security & Risk Management,Other,Memberships,330.0,,123.0,205.5,123.0,6.0,0.0,330.0,,207.0
Governance,GRC,Other,Customer Events,327.576,,169.989,305.10900000000004,234.993,7.0,0.0,327.576,,92.58300000000003
Governance,Process Management,Other,Property Taxes,1161.366,834.3359999999999,1161.366,1161.366,1161.366,24.0,24.0,327.0300000000001,0.3919643884478197,0.0
Enablement,Six Sigma,Other,Materials,324.57899999999995,,58.925999999999995,246.057,58.925999999999995,6.0,0.0,324.57899999999995,,265.65299999999996
Governance,Quality & Compliance,Hardware & Software,Computer Hardware,1823.9879999999998,1500.0120000000002,2124.22209,2198.98803,2573.994,4.0,12.0,323.97599999999966,0.2159822721418226,-750.0060000000003
Governance,Administration,Other,Auto Insurance,323.69100000000003,,93.61500000000001,323.69100000000003,323.69100000000003,3.0,0.0,323.69100000000003,,0.0
BU Support,Manufacturing,Other,Memberships,1122.9,799.488,913.716,1189.272,873.44403,14.0,24.0,323.41200000000003,0.40452389529298755,249.4559700000001
Governance,GRC,Other,Subscriptions and Reference Material,323.013,,,323.013,13.884,5.0,0.0,323.013,,309.12899999999996
Infrastructure,Hosting,Other,Other Miscellaneous Expense,320.589,,108.0,315.894,108.0,5.0,0.0,320.589,,212.589
Governance,GRC,Other,Telecom Services,320.25,,123.768,299.925,182.733,12.0,0.0,320.25,,137.517
Infrastructure,Productivity,Other,Taxes - General,317.394,,,317.394,,1.0,0.0,317.394,,317.394
Enablement,Portals,Other,M&E-Nondeductible,313.428,,1.5,113.976,55.689,6.0,0.0,313.428,,257.739
Governance,Other,Labor,Insurance,309.126,,,,,3.0,0.0,309.126,,309.126
BU Support,R&D,Other,Auto Insurance,309.054,0.0,78.978,309.054,309.054,6.0,24.0,309.054,,0.0
Infrastructure,Hosting,Other,Transportation - Air,308.48699999999997,,,2.226,2.226,3.0,0.0,308.48699999999997,,306.26099999999997
Infrastructure,Productivity,Other,Food Charges,307.87199999999996,,0.6,238.566,15.158999999999999,12.0,0.0,307.87199999999996,,292.71299999999997
Functional,R3,Other,Customer Events,299.373,,109.143,561.67884,179.655,9.0,0.0,299.373,,119.71799999999999
BU Support,R&D,Other,Travel Allowance,299.313,,41.832,263.313,194.937,7.0,0.0,299.313,,104.37599999999998
Infrastructure,Core Infrastructure,Other,Office Rental,295.5719999999999,,-554.157,184.9709999999999,190.3739999999999,7.0,0.0,295.5719999999999,,105.19799999999998
BU Support,Distribution,Labor,Miscellaneous,294.54299999999995,,294.54299999999995,294.54299999999995,294.54299999999995,1.0,0.0,294.54299999999995,,0.0
Functional,R2,Shared Services,Administrative,3845.0969999999998,3550.5719999999997,3614.9669999999996,3651.6285,3550.572,12.0,12.0,294.5250000000001,0.08295142303831611,294.52499999999964
Enablement,Document Management,Other,Marketing Campaigns,294.246,,143.7,273.0,273.0,4.0,0.0,294.246,,21.24599999999998
Governance,Other,Labor,Professional Services,292.9890000000005,,,,,2.0,0.0,292.9890000000005,,292.9890000000005
Governance,GRC,Other,Services,291.3,,291.3,291.3,291.3,1.0,0.0,291.3,,0.0
Governance,Other,Other,Outside Repairs - Cars,289.176,,,,,2.0,0.0,289.176,,289.176
Enablement,Innovation,Other,Materials,287.118,,36.903000000000006,275.349,166.38,7.0,0.0,287.118,,120.738
BU Support,Production,Hardware & Software,Computer Hardware,287.09999999999997,,,264.9,,2.0,0.0,287.09999999999997,,287.09999999999997
Functional,R2,Other,Travel Allowance,287.088,,74.238,361.326,125.625,4.0,0.0,287.088,,161.46300000000002
Functional,R2,Labor,Payroll Taxes - Other,367.87199999999996,81.62100000000001,74.916,244.85549999999998,81.62117999999998,6.0,12.0,286.251,3.5070753850112095,286.25082
Infrastructure,Core Infrastructure,Other,Vehicle Fuel,280.974,,57.936,73.38300000000001,7.105427357601002e-15,14.0,0.0,280.974,,280.974
Governance,GRC,Other,Marketing Campaigns,280.728,,91.737,280.728,91.737,3.0,0.0,280.728,,188.991
BU Support,Distribution,Other,Utilities,279.15,,,279.15,279.15,1.0,0.0,279.15,,0.0
Governance,Other,Hardware & Software,Non CAPEX Equipment,274.8029999999999,,,,,3.0,0.0,274.8029999999999,,274.8029999999999
BU Support,Distribution,Other,Subscriptions and Reference Material,274.113,,17.4,224.451,160.428,5.0,0.0,274.113,,113.685
Infrastructure,Core Infrastructure,Other,Outside Repairs - Cars,273.399,,135.189,156.81674999999998,135.189,4.0,0.0,273.399,,138.21
Governance,Other,Other,Employee (Other),270.162,,,,,2.0,0.0,270.162,,270.162
Functional,R1,Labor,Other ( + Tax ),269.013,,46.215,269.013,102.498,6.0,0.0,269.013,,166.515
Governance,GRC,Other,Food Charges,267.35999999999996,,600.0012899999999,364.90364999999997,399.996,5.0,0.0,267.35999999999996,,-132.63600000000002
Infrastructure,Networking,Other,Transportation - Motor Freight,303.141,36.0,290.99991,288.141,270.0,13.0,12.0,267.141,7.420583333333334,33.14100000000002
Governance,Other,Hardware & Software,Maintenance and Repairs,266.709,,,,,1.0,0.0,266.709,,266.709
Infrastructure,Help Desk,Other,Food Expense,265.086,,265.086,265.086,265.086,1.0,0.0,265.086,,0.0
Governance,Security & Risk Management,Other,Conferences,264.3,,264.3,264.3,264.3,1.0,0.0,264.3,,0.0
Functional,R2,Other,Customer Meetings,264.192,,,47.52000000000001,0.0,3.0,0.0,264.192,,264.192
Infrastructure,Productivity,Labor,Miscellaneous,262.29,,262.29,262.29,262.29,3.0,0.0,262.29,,0.0
Governance,Architecture,Other,Moving Expenses - NT,259.791,,,150.387,62.295,3.0,0.0,259.791,,197.49599999999998
Enablement,Data Management,Labor,Vacation,258.129,,63.099,195.15,129.141,10.0,0.0,258.129,,128.98800000000003
Infrastructure,Productivity,Other,Rent,256.04699999999997,,62.955,62.955,62.955,4.0,0.0,256.04699999999997,,193.09199999999998
Enablement,Data Management,Other,Vehicle Rent,256.02599999999995,,126.6,126.6,126.6,2.0,0.0,256.02599999999995,,129.42599999999996
BU Support,Manufacturing,Other,Freight In,254.24400000000003,,,254.24400000000003,164.544,3.0,0.0,254.24400000000003,,89.70000000000002
Governance,Administration,Labor,Variable Salaries And Wages,252.411,,197.634,248.1,232.965,12.0,0.0,252.411,,19.445999999999998
BU Support,Planning,Other,Customer Meetings,250.06799999999998,,65.772,184.875,65.772,4.0,0.0,250.06799999999998,,184.296
Functional,R1,Other,Domestic Travel,248.874,,93.846,248.874,248.874,2.0,0.0,248.874,,0.0
Infrastructure,Licensing,Labor,Payroll Taxes - Salaries,248.57999999999996,,263.33399999999995,248.57999999999996,248.57999999999996,3.0,0.0,248.57999999999996,,0.0
BU Support,Planning,CAPEX,Labor,242.877,0.0,186.77100000000002,220.377,190.377,7.0,12.0,242.877,,52.5
Functional,R2,Shared Services,Analytical,242.18999999999997,,,,,1.0,0.0,242.18999999999997,,242.18999999999997
BU Support,R&D,Shared Services,IT,2918.202,2678.004,2374.824,20203.881,40488.31596,33.0,36.0,240.19800000000032,0.08969292054828908,-37570.11396
Governance,Other,Other,Food Expense,239.676,,,,,2.0,0.0,239.676,,239.676
Infrastructure,Networking,Other,Employee (Other),239.559,,,,,2.0,0.0,239.559,,239.559
Governance,Vendor Management,Other,Transportation - Motor Freight,238.413,,66.0,226.413,148.413,10.0,0.0,238.413,,90.0
Functional,R1,Other,Other Miscellaneous - Nonordinary,236.361,,94.5,224.96099999999998,188.18099999999998,6.0,0.0,236.361,,48.18000000000001
BU Support,Core,Other,Transportation - Motor Freight,236.25,,,,,1.0,0.0,236.25,,236.25
Enablement,EIM,Other,Vehicle Rent,235.13399999999996,,,143.03099999999998,,2.0,0.0,235.13399999999996,,235.13399999999996
BU Support,Manufacturing,Other,Subscriptions,370.758,136.131,216.303,217.47299999999998,256.84503,10.0,36.0,234.62699999999998,1.7235383564360798,113.91296999999997
Functional,R2,Other,Taxes - General,233.724,,,,,1.0,0.0,233.724,,233.724
BU Support,Development,Other,Travel Allowance,231.843,,,156.37199999999999,97.947,7.0,0.0,231.843,,133.896
Enablement,Data Management,Labor,Employee Benefits,228.72,,65.649,179.475,127.86,11.0,0.0,228.72,,100.86
Enablement,Six Sigma,Other,Marketing Campaigns,227.12400000000002,,62.622,62.622,62.622,2.0,0.0,227.12400000000002,,164.502
Enablement,Portals,Other,Food Charges,225.71999999999997,,,189.04799999999997,189.04799999999997,2.0,0.0,225.71999999999997,,36.672
BU Support,Manufacturing,Hardware & Software,Network Equipment Rental,222.9,,222.9,222.9,222.9,1.0,0.0,222.9,,0.0
Infrastructure,Core Infrastructure,Other,Supplies,222.615,,222.615,55.65375000000003,7.105427357601002e-15,1.0,0.0,222.615,,222.615
Enablement,Business Intelligence,Other,Marketing Campaigns,222.32699999999997,,,12.387,12.387,2.0,0.0,222.32699999999997,,209.93999999999997
Governance,GRC,Labor,Sales Incentive Comp,222.16500000000002,,144.66,144.66,144.66,2.0,0.0,222.16500000000002,,77.50500000000002
Infrastructure,Core Infrastructure,Other,Travel Expense-Hotel,220.8,,220.8,55.19999999999999,-5.999999999062311e-05,1.0,0.0,220.8,,220.80006
BU Support,Distribution,Other,Food Charges,220.65,,91.992,159.18,127.218,7.0,0.0,220.65,,93.432
BU Support,Distribution,Other,Relocation Expenses,215.88599999999974,,,215.88599999999974,2144.115,2.0,0.0,215.88599999999974,,-1928.229
Infrastructure,Networking,Other,Travel Expense-Hotel,212.7,,138.67499999999998,138.67499999999998,138.67499999999998,2.0,0.0,212.7,,74.025
BU Support,R&D,Labor,Employee Benefits,210.858,,,210.858,210.858,3.0,0.0,210.858,,0.0
Infrastructure,Productivity,Labor,Employee Transport,206.67000000000002,,57.285,217.011,258.88421999999997,12.0,0.0,206.67000000000002,,-52.214219999999955
BU Support,Distribution,Other,Customer Meetings,206.145,,55.05,106.24799999999999,106.24799999999999,6.0,0.0,206.145,,99.89700000000002
Governance,GRC,Other,Food Expense,204.66899999999998,,204.66899999999998,204.66899999999998,204.66899999999998,2.0,0.0,204.66899999999998,,0.0
Infrastructure,Data Centers,Labor,Unscheduled Overtime,203.775,,58.611000000000004,203.775,203.775,5.0,0.0,203.775,,0.0
Governance,Administration,Other,Other Awards,202.836,,,202.836,,1.0,0.0,202.836,,202.836
BU Support,Development,Other,Marketing Campaigns,201.402,,99.096,136.539,136.539,4.0,0.0,201.402,,64.863
BU Support,Manufacturing,Other,Travel Allowance,197.883,,94.95,196.536,100.023,7.0,0.0,197.883,,97.86000000000001
BU Support,Planning,Other,Clerical Materials,193.662,,147.645,187.72799999999998,168.408,11.0,0.0,193.662,,25.25400000000002
Infrastructure,Networking,Labor,Unscheduled Overtime,193.605,,,242.00628,1521.18222,1.0,0.0,193.605,,-1327.57722
Governance,Security & Risk Management,Other,Transportation - Air,192.93,,,136.68,,5.0,0.0,192.93,,192.93
Functional,R1,Labor,Employee Benefits,191.064,,78.792,191.064,162.963,9.0,0.0,191.064,,28.101
BU Support,R&D,Depr & Amort,Fixed Assets,29415.675,29227.359,29277.177,24460.00116,18884.24244,37.0,36.0,188.3159999999989,0.006443141167835209,10531.432559999997
Governance,Architecture,Other,Property Taxes,523.653,338.4,523.653,523.653,523.653,12.0,12.0,185.25300000000004,0.5474379432624115,0.0
Functional,R2,Other,Marketing Campaigns,185.094,,53.676,53.676,53.676,5.0,0.0,185.094,,131.418
Governance,Vendor Management,Hardware & Software,Software Maintenance,633.4289999999999,450.0,450.0,633.4289999999999,0.0,9.0,12.0,183.42899999999986,0.4076199999999997,633.4289999999999
Enablement,Portals,Other,Materials,183.408,,9.351,19.569,19.569,4.0,0.0,183.408,,163.839
Governance,GRC,Labor,Office Services,179.56799999999998,,89.568,89.568,89.568,2.0,0.0,179.56799999999998,,89.99999999999999
BU Support,Distribution,Other,Other Miscellaneous - Nonordinary,179.301,,29.463,168.117,124.884,7.0,0.0,179.301,,54.41699999999999
BU Support,Development,Other,Food Expense,461.946,285.59999999999997,319.563,369.61199999999997,260.82,10.0,12.0,176.34600000000006,0.6174579831932776,201.12600000000003
Enablement,Portals,Other,Sales Meeting Expense,175.854,,112.575,112.575,112.575,2.0,0.0,175.854,,63.27900000000001
BU Support,Planning,Other,Customer Events,173.175,0.0,56.1,56.1,56.1,2.0,12.0,173.175,,117.07500000000002
Governance,Vendor Management,Other,Marketing Campaigns,171.32399999999998,,171.32399999999998,171.32399999999998,171.32399999999998,3.0,0.0,171.32399999999998,,0.0
Functional,R3,Other,Internal,168.894,,168.894,168.894,168.894,1.0,0.0,168.894,,0.0
BU Support,Manufacturing,Other,Service Awards,167.7,,167.7,167.7,257.7,1.0,0.0,167.7,,-90.0
Functional,R2,Other,Employee Activities,272.87399999999997,111.60900000000001,134.25,153.75225,111.60906,16.0,12.0,161.26499999999996,1.4449103566916641,161.26493999999997
Infrastructure,Help Desk,Other,Travel Expense-Hotel,160.158,,160.158,160.158,160.158,1.0,0.0,160.158,,0.0
Governance,Administration,Other,Telecom Services,160.134,,61.887,149.97,91.371,12.0,0.0,160.134,,68.76299999999999
Infrastructure,Productivity,Other,Clerical Materials,158.43599999999998,,143.058,158.43599999999998,158.43599999999998,2.0,0.0,158.43599999999998,,0.0
Infrastructure,Productivity,Other,Office Cleaning,158.4,,,,,1.0,0.0,158.4,,158.4
Governance,Security & Risk Management,Other,Marketing Campaigns,156.642,,,47.745,,4.0,0.0,156.642,,156.642
Infrastructure,Data Centers,Other,Safety,155.93099999999998,,,155.93099999999998,67.755,4.0,0.0,155.93099999999998,,88.17599999999999
Infrastructure,Data Centers,Other,Subscriptions and Reference Material,154.61399999999998,,108.22799999999998,152.373,108.22799999999998,7.0,0.0,154.61399999999998,,46.385999999999996
BU Support,Emerging,Labor,Other ( - Tax ),5036.237999999999,4881.699,4892.115,5016.81525,4881.698939999999,24.0,24.0,154.53899999999976,0.031656806370077256,154.53906000000006
Governance,Other,Labor,Regular Salaries And Wages,153.5669999999991,,,,,3.0,0.0,153.5669999999991,,153.5669999999991
BU Support,Manufacturing,Labor,Miscellaneous,153.321,,385.938,153.321,153.321,3.0,0.0,153.321,,0.0
Governance,GRC,Labor,Temps,152.991,,,,,1.0,0.0,152.991,,152.991
Infrastructure,Data Centers,Other,Transportation - Air,151.725,,76.401,132.108,106.422,18.0,0.0,151.725,,45.303
Enablement,Enterprise Capabilities,Other,Other Miscellaneous Expense,151.149,,9.855,112.545,9.855,4.0,0.0,151.149,,141.294
BU Support,Planning,Other,Team Performance,150.678,,,42.564,,3.0,0.0,150.678,,150.678
BU Support,Planning,Other,Sales Meeting Expense,150.0,,,150.0,150.0,1.0,0.0,150.0,,0.0
BU Support,Production,Other,Individual Performance Recognition,150.0,,,75.0,,3.0,0.0,150.0,,150.0
Infrastructure,Core Infrastructure,Other,Other Miscellaneous,148.45499999999998,,0.3,41430.6045,-57751.38054,6.0,0.0,148.45499999999998,,57899.83554
Functional,R3,Other,Subscriptions and Reference Material,147.945,,221.994,147.945,149.292,6.0,0.0,147.945,,-1.3470000000000084
BU Support,Development,Other,Subscriptions and Reference Material,2479.4279999999994,2332.8,1777.5,2479.4279999999994,27.9,4.0,12.0,146.62799999999925,0.06285493827160461,2451.5279999999993
BU Support,Emerging,Other,On Site Events,145.983,,74.211,28.094250000000002,6.000000000305761e-05,4.0,0.0,145.983,,145.98294
Infrastructure,SSO,Other,Marketing Campaigns,145.392,,,,,1.0,0.0,145.392,,145.392
Enablement,Six Sigma,Other,M&E-Nondeductible,143.79,,,10.662,,3.0,0.0,143.79,,143.79
Infrastructure,Core Infrastructure,Other,Training Assistance,142.374,,,35.59349999999999,,2.0,0.0,142.374,,142.374
Infrastructure,SSO,Other,Memberships,141.0,,,52.5,,3.0,0.0,141.0,,141.0
Infrastructure,Productivity,Other,Promotion,140.9399999999996,,,2597.9399999999996,,2.0,0.0,140.9399999999996,,140.9399999999996
BU Support,Distribution,Other,Office Supplies,140.583,,,,,2.0,0.0,140.583,,140.583
BU Support,Distribution,Other,Memberships,1819.848,1682.2440000000001,3081.531,2240.409,2660.9700000000003,4.0,12.0,137.60399999999981,0.08179788425460266,-841.1220000000003
Infrastructure,Networking,Other,Travel Allowance,137.499,,87.43799999999999,95.42999999999999,95.42999999999999,3.0,0.0,137.499,,42.069
Infrastructure,Hosting,Labor,Employee Benefits,136.59,,,,,1.0,0.0,136.59,,136.59
Infrastructure,Core Infrastructure,Labor,Payroll Taxes - Other,1067.565,932.9819999999999,858.645,1005.87075,932.9818200000001,15.0,12.0,134.5830000000002,0.14425037138980196,134.58317999999997
Infrastructure,Productivity,Other,Legal,134.253,,,134.253,134.253,1.0,0.0,134.253,,0.0
Functional,R2,Other,Auto Insurance,974.139,839.9879999999999,761.73,1026.327,1082.796,11.0,12.0,134.15100000000007,0.1597058529407564,-108.65700000000004
BU Support,Planning,Other,Marketing Campaigns,132.732,,112.70100000000001,112.70100000000001,112.70100000000001,3.0,0.0,132.732,,20.03099999999999
Governance,Administration,Other,Conferences,132.3,,88.2,132.3,88.2,2.0,0.0,132.3,,44.10000000000001
Functional,R2,Other,Safety,131.727,,51.6,131.727,98.355,4.0,0.0,131.727,,33.372
Governance,Administration,Other,Subscriptions,129.423,,74.094,96.42599999999999,96.42599999999999,4.0,0.0,129.423,,32.997000000000014
Infrastructure,Data Centers,Other,Conferences,127.935,,60.3,104.4,60.3,3.0,0.0,127.935,,67.635
BU Support,Manufacturing,Other,M&E-100% Deductible,331.82399999999996,204.0,193.059,91.062,142.05906,2.0,12.0,127.82399999999996,0.6265882352941174,189.76493999999997
BU Support,Emerging,Labor,Savings Plan,10376.436,10248.734999999999,10236.927,11002.422,10288.20894,46.0,48.0,127.70100000000093,0.01246017191389971,88.22705999999926
BU Support,Manufacturing,Other,Snacks,127.563,,9.9,7.581,-6.000000000039307e-05,3.0,0.0,127.563,,127.56306000000001
BU Support,Emerging,Other,Employee Activities,127.44,0.0,47.885999999999996,38.41799999999999,7.105427357601002e-15,10.0,12.0,127.44,,127.44
BU Support,Development,Other,Memberships,125.64599999999999,,75.0,125.64599999999999,125.64599999999999,2.0,0.0,125.64599999999999,,0.0
Enablement,Innovation,Labor,Outsourcing,123.375,,,150123.375,34.125,3.0,0.0,123.375,,89.25
Functional,R2,Other,Vehicle - Travel,122.727,,,122.727,122.727,1.0,0.0,122.727,,0.0
Functional,R2,Other,Vehicle Rent,122.21699999999998,,,122.21699999999998,,1.0,0.0,122.21699999999998,,122.21699999999998
Enablement,Innovation,Other,Food Expense,120.633,,,53.462999999999994,,5.0,0.0,120.633,,120.633
BU Support,Development,Shared Services,IT,1451.4569999999999,1332.108,1181.157,5503.26,10443.92538,11.0,12.0,119.34899999999993,0.08959408696592164,-8992.46838
Infrastructure,Core Infrastructure,Other,Snacks,118.047,,1.7999999999999998,21.144,-6.000000000028205e-05,10.0,0.0,118.047,,118.04706
Governance,Security & Risk Management,Other,Customer Meetings,117.53399999999999,,,-34.44,0.0,4.0,0.0,117.53399999999999,,117.53399999999999
BU Support,Development,Other,Other Miscellaneous - Nonordinary,117.189,,,117.189,106.323,2.0,0.0,117.189,,10.866
Functional,R3,Other,Customer Meetings,115.575,,115.575,115.575,115.575,1.0,0.0,115.575,,0.0
Enablement,Innovation,Labor,Office Services,115.56599999999999,,3.0,5.838,3.0,3.0,0.0,115.56599999999999,,112.56599999999999
Enablement,Six Sigma,Other,Conferences,115.5,,,115.5,,1.0,0.0,115.5,,115.5
Infrastructure,SSO,Other,Food Charges,114.003,,22.92,114.003,114.003,2.0,0.0,114.003,,0.0
Infrastructure,Core Infrastructure,Other,Property Taxes,111.459,,27.975,83.631,55.803,12.0,0.0,111.459,,55.656000000000006
Governance,Other,Other,Sales Meeting Expense,110.598,,,,,1.0,0.0,110.598,,110.598
Infrastructure,Data Centers,Other,Subscriptions,109.62,,,109.62,,1.0,0.0,109.62,,109.62
Functional,R1,Labor,Miscellaneous,106.84499999999998,,106.84499999999998,106.84499999999998,106.84499999999998,1.0,0.0,106.84499999999998,,0.0
Functional,R1,Labor,Office Services,106.035,,65.94,91.86,65.94,3.0,0.0,106.035,,40.095
BU Support,Development,Other,Vehicle Rent,105.906,,,105.906,105.906,1.0,0.0,105.906,,0.0
Functional,R2,Other,Transportation - Air,105.846,,28.2,86.751,76.485,18.0,0.0,105.846,,29.361000000000004
Infrastructure,Core Infrastructure,Other,Transportation - Miscellaneous,104.823,,,,,1.0,0.0,104.823,,104.823
Governance,Administration,Labor,Sales Incentive Comp,103.677,,103.677,103.677,103.677,1.0,0.0,103.677,,0.0
Infrastructure,Core Infrastructure,Other,Penalties,101.991,,,25.497749999999996,,1.0,0.0,101.991,,101.991
Functional,R5,Labor,Employee Benefits,101.952,,,60.0,,2.0,0.0,101.952,,101.952
Infrastructure,Core Infrastructure,Other,M&E-3rd Party,100.176,,78.558,100.176,78.558,2.0,0.0,100.176,,21.617999999999995
Governance,Vendor Management,Other,Transportation - Air,97.797,,15.426,68.556,42.633,10.0,0.0,97.797,,55.163999999999994
Functional,R3,Other,Other Miscellaneous - Nonordinary,96.513,,,96.513,,1.0,0.0,96.513,,96.513
Governance,Security & Risk Management,Other,Property Taxes,267.477,171.93599999999998,267.477,267.477,267.477,12.0,12.0,95.541,0.555677694025684,0.0
Governance,Administration,Other,Travel Allowance,95.025,,95.025,95.025,95.025,1.0,0.0,95.025,,0.0
Enablement,Six Sigma,Other,Subscriptions,94.89299999999999,,,71.72999999999999,31.842,5.0,0.0,94.89299999999999,,63.05099999999999
BU Support,Manufacturing,Other,Fuel Oil,92.79599999999999,,39.525,63.452999999999996,39.525,5.0,0.0,92.79599999999999,,53.270999999999994
Enablement,Enterprise Capabilities,Other,Travel Expense-Hotel,92.7,,92.7,92.7,92.7,1.0,0.0,92.7,,0.0
Functional,R2,Other,Sales Meeting Expense,92.4,,,92.4,,1.0,0.0,92.4,,92.4
BU Support,Emerging,Hardware & Software,Purchased Software,92.232,,,20.766,,3.0,0.0,92.232,,92.232
Functional,R1,Other,Off Site Events,484.89599999999996,392.81399999999996,396.96,444.006,417.92699999999996,12.0,12.0,92.082,0.23441628862515085,66.969
Enablement,Innovation,Hardware & Software,Purchased Software,92.05199999999999,,,58.284,,6.0,0.0,92.05199999999999,,92.05199999999999
Governance,Administration,Labor,Miscellaneous,91.338,,80.172,91.338,91.338,2.0,0.0,91.338,,0.0
BU Support,R&D,CAPEX,Labor,91.065,,,85.185,22.176,5.0,0.0,91.065,,68.889
Enablement,EIM,Other,Safety,90.99000000000001,,42.9,90.99000000000001,42.9,2.0,0.0,90.99000000000001,,48.09000000000001
Enablement,Business Intelligence,Other,Transportation - Air,89.511,,,74.09100000000001,,5.0,0.0,89.511,,89.511
BU Support,Manufacturing,Other,Sales Meeting Expense,89.412,,77.163,89.412,89.412,3.0,0.0,89.412,,0.0
Enablement,Mobility,Other,Freight In,89.11200000000002,,281.505,89.11200000000002,40.214999999999975,4.0,0.0,89.11200000000002,,48.89700000000005
Infrastructure,Core Infrastructure,Other,Shipments,88.35600000000001,,,25.662000000000003,,2.0,0.0,88.35600000000001,,88.35600000000001
Functional,R5,Other,Telecommunication,87.72599999999998,,-16.2,29.885999999999996,18.791999999999998,6.0,0.0,87.72599999999998,,68.93399999999998
Enablement,Enterprise Capabilities,Other,Memberships,87.3,,87.3,87.3,87.3,1.0,0.0,87.3,,0.0
Enablement,EIM,Other,Memberships,86.4,,22.5,86.4,86.4,2.0,0.0,86.4,,0.0
Infrastructure,Core Infrastructure,Labor,Other Bonuses,970.158,883.788,949.317,915.7755,883.78782,24.0,12.0,86.37,0.0977270567149588,86.37018
Infrastructure,Productivity,Other,Customer Meetings,86.172,,,,,1.0,0.0,86.172,,86.172
Enablement,Innovation,Other,Team Performance,173.094,90.0,67.5,195.594,45.0,1.0,12.0,83.094,0.9232666666666666,128.094
Infrastructure,Hosting,Hardware & Software,Network Equipment Rental,83.016,,,83.016,83.016,1.0,0.0,83.016,,0.0
BU Support,Planning,Labor,Other Bonuses,82.344,,34.065,82.344,70.26,7.0,0.0,82.344,,12.083999999999989
Infrastructure,Core Infrastructure,Other,Subscriptions and Reference Material,81.717,,,,,2.0,0.0,81.717,,81.717
BU Support,Planning,Other,Safety,81.6,,,81.6,81.6,2.0,0.0,81.6,,0.0
Governance,Process Management,Other,Marketing Campaigns,79.542,,8.241,34.107,34.107,3.0,0.0,79.542,,45.435
Governance,Other,Other,Materials,78.88799999999999,,,,,1.0,0.0,78.88799999999999,,78.88799999999999
Governance,Other,Labor,Outsourcing,77.31600000000003,,,,,2.0,0.0,77.31600000000003,,77.31600000000003
Governance,Portfolio Management,Other,Clerical Materials,76.8,,76.8,76.8,76.8,1.0,0.0,76.8,,0.0
Governance,Architecture,Labor,Office Services,249.312,172.8,129.6,42.8175,86.4,1.0,12.0,76.512,0.44277777777777777,162.912
BU Support,Planning,Other,Lease,76.49700000000001,0.0,2.8529999999999998,8.526,4.593,11.0,12.0,76.49700000000001,,71.90400000000001
Enablement,Document Management,Other,Safety,76.28999999999999,,,76.28999999999999,42.9,2.0,0.0,76.28999999999999,,33.38999999999999
BU Support,Production,Other,Marketing Campaigns,73.608,,,73.608,,1.0,0.0,73.608,,73.608
BU Support,Production,Other,Subscriptions,73.5,,,73.5,,1.0,0.0,73.5,,73.5
BU Support,Core,Hardware & Software,Purchased Software,73.323,,,73.323,73.323,1.0,0.0,73.323,,0.0
Functional,R3,Labor,Allowances,72.993,,,,,3.0,0.0,72.993,,72.993
Functional,R3,Labor,Other ( - Tax ),72.126,,30.933,67.95,37.41,14.0,0.0,72.126,,34.71600000000001
Enablement,Portals,Other,Telecom,4355.7119999999995,4284.0,4309.197,4412.646,4204.44,10.0,12.0,71.71199999999953,0.01673949579831922,151.27199999999993
Governance,GRC,Other,Postage,71.445,,11.184000000000001,71.445,45.492000000000004,7.0,0.0,71.445,,25.95299999999999
BU Support,Development,Other,Customer Events,70.911,0.0,17.46,27.786,27.786,4.0,12.0,70.911,,43.125
Enablement,Innovation,Hardware & Software,Software Maintenance,70.38900000000004,,,45.900000000000006,0.0,8.0,0.0,70.38900000000004,,70.38900000000004
Enablement,Six Sigma,Hardware & Software,Software Maintenance,70.38900000000004,,,45.900000000000006,0.0,8.0,0.0,70.38900000000004,,70.38900000000004
Governance,Architecture,Hardware & Software,Software Maintenance,70.38900000000004,,,70.38900000000004,0.0,8.0,0.0,70.38900000000004,,70.38900000000004
Functional,R2,Labor,Other ( + Tax ),69.65400000000001,,72.342,33.06300000000002,148.464,12.0,0.0,69.65400000000001,,-78.80999999999999
Infrastructure,Productivity,Other,Indirect Materials,69.15299999999999,,69.15299999999999,69.15299999999999,69.15299999999999,1.0,0.0,69.15299999999999,,0.0
BU Support,R&D,Other,Customer Meetings,67.55699999999999,,67.55699999999999,67.55699999999999,67.55699999999999,2.0,0.0,67.55699999999999,,0.0
Functional,R1,Other,Insurance,65.00999999999999,0.0,9.321,26.099999999999998,20.643,10.0,12.0,65.00999999999999,,44.36699999999999
BU Support,Production,Other,Materials,64.953,,,26.151000000000003,,5.0,0.0,64.953,,64.953
Infrastructure,Data Centers,Other,Salaries Deductions - Other,64.275,,15.453,48.516,31.988999999999997,12.0,0.0,64.275,,32.28600000000001
Governance,GRC,Other,Snacks,63.414,,,48.411,,2.0,0.0,63.414,,63.414
BU Support,Distribution,Labor,Variable Salaries And Wages,62.478,,-88.44,-19.032000000000004,-90.813,12.0,0.0,62.478,,153.291
BU Support,Manufacturing,Other,Laundry,62.300999999999995,,,62.300999999999995,,1.0,0.0,62.300999999999995,,62.300999999999995
BU Support,Core,Labor,Office Services,61.65,,,26.79,26.79,2.0,0.0,61.65,,34.86
Governance,Vendor Management,Other,Property Taxes,176.58599999999998,115.19999999999999,176.58599999999998,176.58599999999998,176.58599999999998,12.0,12.0,61.385999999999996,0.5328645833333333,0.0
Infrastructure,Productivity,Other,Outside Repairs - Cars,61.32899999999999,,,,,3.0,0.0,61.32899999999999,,61.32899999999999
Governance,Other,Other,Other Events,61.203,,,,,1.0,0.0,61.203,,61.203
Functional,R2,Other,Subscriptions and Reference Material,61.2,,61.2,61.2,61.2,1.0,0.0,61.2,,0.0
BU Support,Emerging,Other,Office Supplies,349.638,288.468,317.529,277.323,288.46818,15.0,12.0,61.16999999999996,0.21205125005199868,61.16981999999996
BU Support,Production,Other,Transportation - Air,61.11,,,59.16,,2.0,0.0,61.11,,61.11
Infrastructure,Productivity,Other,M&E-100% Deductible,60.76499999999999,,35.495999999999995,60.76499999999999,60.76499999999999,2.0,0.0,60.76499999999999,,0.0
BU Support,R&D,Other,Transportation - Air,60.255,,,9.344999999999999,2.679,5.0,0.0,60.255,,57.576
Infrastructure,Networking,Other,Outside Repairs - Cars,59.289,,,,,2.0,0.0,59.289,,59.289
Functional,R2,Labor,Miscellaneous,58.550999999999995,,58.550999999999995,58.550999999999995,58.550999999999995,1.0,0.0,58.550999999999995,,0.0
Functional,R1,Other,Subscriptions and Reference Material,57.546,,,,,2.0,0.0,57.546,,57.546
Infrastructure,Productivity,Other,Auto Insurance,351.375,294.048,286.644,396.84,345.75228,11.0,12.0,57.327,0.19495796604635976,5.622720000000015
BU Support,Manufacturing,Other,Other Supplies,166.542,110.62799999999999,105.81,121.22999999999999,110.62805999999999,11.0,12.0,55.914000000000016,0.505423581733377,55.91394000000001
Functional,R3,Other,Memberships,55.31099999999999,,86.184,55.31099999999999,55.872,5.0,0.0,55.31099999999999,,-0.561000000000007
Infrastructure,Core Infrastructure,Labor,Fringe Benefits Tax,54.423,,,54.423,,2.0,0.0,54.423,,54.423
Functional,R1,Labor,Sales Incentive Comp,53.694,,53.694,53.694,53.694,2.0,0.0,53.694,,0.0
BU Support,Emerging,Other,Vehicle National Tax,53.406,,12.9,9.933,-5.9999999999504894e-05,3.0,0.0,53.406,,53.40606
Enablement,Six Sigma,Labor,Outsourcing,52.5,,,52.5,52.5,2.0,0.0,52.5,,0.0
Infrastructure,Hosting,CAPEX,Labor,52.5,,,52.5,15.0,2.0,0.0,52.5,,37.5
Governance,Other,Other,Telecom,52.2,,52.2,52.2,52.2,1.0,0.0,52.2,,0.0
Infrastructure,Hosting,Other,Food Charges,51.959999999999994,,,,,1.0,0.0,51.959999999999994,,51.959999999999994
Enablement,EIM,Labor,Temporary Transfers,51.780000000000655,,51.780000000000655,51.780000000000655,51.780000000000655,2.0,0.0,51.780000000000655,,0.0
Enablement,Six Sigma,Other,Transportation - Air,51.726,,,,,2.0,0.0,51.726,,51.726
Functional,R3,Other,Customer Channel,50.772,,,50.772,50.772,1.0,0.0,50.772,,0.0
Enablement,Six Sigma,Other,Sales Meetings,49.2,,49.2,49.2,49.2,1.0,0.0,49.2,,0.0
BU Support,Distribution,Other,M&E-100% Deductible,48.837,,,48.837,48.837,1.0,0.0,48.837,,0.0
BU Support,Manufacturing,Other,Indirect Materials,48.765,,48.765,48.765,48.765,1.0,0.0,48.765,,0.0
Governance,Administration,Other,Transportation - Air,47.483999999999995,,10.263,39.057,14.969999999999999,8.0,0.0,47.483999999999995,,32.513999999999996
BU Support,Manufacturing,Other,Registration Management,47.43,,,,,1.0,0.0,47.43,,47.43
Functional,R5,Other,Subscriptions,47.322,,34.5,37.491,34.5,3.0,0.0,47.322,,12.822000000000003
Infrastructure,Data Centers,Other,Auto Insurance,46.955999999999996,,46.955999999999996,46.955999999999996,46.955999999999996,2.0,0.0,46.955999999999996,,0.0
Governance,GRC,Other,Customer Channel,45.959999999999994,,,45.959999999999994,,1.0,0.0,45.959999999999994,,45.959999999999994
BU Support,Distribution,Other,Other Miscellaneous,45.552,,25.554,25.554,25.554,25.0,0.0,45.552,,19.998
BU Support,Distribution,Other,Customer Channel,45.543,,37.8,37.8,37.8,2.0,0.0,45.543,,7.743000000000002
Governance,Quality & Compliance,Other,Marketing Campaigns,45.434999999999995,,,,,1.0,0.0,45.434999999999995,,45.434999999999995
Functional,R3,Other,Transportation - Air,45.378,,40.737,4540.737,40.737,7.0,0.0,45.378,,4.640999999999998
Enablement,Business Intelligence,CAPEX,Labor,45.0,,,45.0,30.0,2.0,0.0,45.0,,15.0
BU Support,Manufacturing,Other,Other Events,44.229,,32.715,44.229,44.229,3.0,0.0,44.229,,0.0
Infrastructure,Productivity,Other,Conferences,44.1,,,44.1,,1.0,0.0,44.1,,44.1
Enablement,Innovation,Other,Conferences,44.1,,,44.1,,1.0,0.0,44.1,,44.1
BU Support,R&D,Other,Other Expenses,43.163999999999994,,,,,1.0,0.0,43.163999999999994,,43.163999999999994
Infrastructure,Core Infrastructure,Other,Vehicle Maintenance,41.900999999999996,,,10.475249999999997,,2.0,0.0,41.900999999999996,,41.900999999999996
Infrastructure,Core Infrastructure,Other,Transportation - Marketing,41.153999999999996,,,41.153999999999996,,2.0,0.0,41.153999999999996,,41.153999999999996
Infrastructure,Productivity,Other,Marketing Campaigns,40.995,,,40.995,40.995,1.0,0.0,40.995,,0.0
BU Support,Distribution,Other,Employee Activities,40.8,,,,,1.0,0.0,40.8,,40.8
Infrastructure,Productivity,Other,Business Gifts (Other),39.999,,,,,1.0,0.0,39.999,,39.999
BU Support,Core,Other,Food Charges,39.38699999999999,,,39.38699999999999,39.38699999999999,1.0,0.0,39.38699999999999,,0.0
BU Support,Development,Labor,Employee Benefits,38.916000000000004,,38.916000000000004,38.916000000000004,38.916000000000004,2.0,0.0,38.916000000000004,,0.0
Governance,Vendor Management,Other,Safety,37.881,,,,,1.0,0.0,37.881,,37.881
Enablement,Six Sigma,Other,Memberships,37.5,,,37.5,,1.0,0.0,37.5,,37.5
Infrastructure,Core Infrastructure,Other,Memberships,36.3,,,36.3,,1.0,0.0,36.3,,36.3
Governance,Process Management,Labor,Office Services,36.206999999999994,,19.796999999999997,36.206999999999994,26.414999999999996,3.0,0.0,36.206999999999994,,9.791999999999998
BU Support,Planning,Other,Food Expense,35.958,0.0,23.7,35.958,35.958,2.0,12.0,35.958,,0.0
Governance,Administration,Other,Safety,35.4,,,35.4,,1.0,0.0,35.4,,35.4
Infrastructure,Data Centers,Other,Memberships,35.364,,,,,1.0,0.0,35.364,,35.364
Governance,Portfolio Management,Hardware & Software,Software Maintenance,35.18100000000001,,,35.18100000000001,0.0,8.0,0.0,35.18100000000001,,35.18100000000001
Enablement,EIM,Other,Marketing Campaigns,34.578,,,12.387,12.387,2.0,0.0,34.578,,22.191000000000003
Governance,Administration,Other,Subscriptions and Reference Material,34.5,,34.5,34.5,34.5,1.0,0.0,34.5,,0.0
Governance,Process Management,Labor,Contractors,34.47,,,34.47,34.47,3.0,0.0,34.47,,0.0
Infrastructure,Data Centers,Other,Customer Meetings,34.089,,,83.664,83.664,2.0,0.0,34.089,,-49.575
BU Support,R&D,Other,Safety,33.9,,33.9,33.9,33.9,1.0,0.0,33.9,,0.0
Governance,GRC,Other,Business Gifts,33.792,,,,,1.0,0.0,33.792,,33.792
Governance,Other,Other,Bank Charges,33.587999999999994,,,,,2.0,0.0,33.587999999999994,,33.587999999999994
Infrastructure,Data Centers,Other,Professional Journal,32.913,,32.913,32.913,32.913,1.0,0.0,32.913,,0.0
Enablement,EIM,Labor,Miscellaneous,32.837999999999994,,32.837999999999994,32.837999999999994,32.837999999999994,1.0,0.0,32.837999999999994,,0.0
BU Support,R&D,Other,Food Expense,32.208,,,32.208,32.208,2.0,0.0,32.208,,0.0
BU Support,Planning,Other,Security,31.5,,,31.5,,1.0,0.0,31.5,,31.5
Functional,R1,Other,Clerical Materials,30.9,,30.9,30.9,30.9,1.0,0.0,30.9,,0.0
Governance,Other,Labor,Bonuses,30.888000000000147,,,,,2.0,0.0,30.888000000000147,,30.888000000000147
Governance,GRC,Other,Business Gifts (Other),30.740999999999993,,,70.953,30.018,4.0,0.0,30.740999999999993,,0.7229999999999919
BU Support,R&D,Depr & Amort,Software,30.507,,30.507,30.507,30.507,1.0,0.0,30.507,,0.0
BU Support,R&D,Other,Clerical Materials,30.104999999999997,,,14.939999999999998,,2.0,0.0,30.104999999999997,,30.104999999999997
Governance,Other,Other,M&E-3rd Party,30.095999999999997,,,,,1.0,0.0,30.095999999999997,,30.095999999999997
Enablement,Portals,Other,Memberships,30.0,,,30.0,144880.93506000002,1.0,0.0,30.0,,-144850.93506000002
Governance,Quality & Compliance,Other,Charitable Contributions,30.0,,,30.0,,1.0,0.0,30.0,,30.0
Enablement,EIM,CAPEX,Labor,30.0,,30.0,30.0,30.0,1.0,0.0,30.0,,0.0
Enablement,Document Management,Other,Memberships,29.7,,,29.7,,1.0,0.0,29.7,,29.7
Infrastructure,Core Infrastructure,Other,Conferences,29.7,,,,,1.0,0.0,29.7,,29.7
Enablement,EIM,Labor,Sales Incentive Comp,29.034,,29.034,29.034,29.034,1.0,0.0,29.034,,0.0
Governance,GRC,Other,Outside Repairs - Cars,28.767,,28.767,28.767,28.767,1.0,0.0,28.767,,0.0
Infrastructure,Networking,Other,Moving Expenses - NT,28.368,,,28.368,28.368,1.0,0.0,28.368,,0.0
Governance,Portfolio Management,Other,Transportation - Air,28.062,,,4.494,,2.0,0.0,28.062,,28.062
Functional,R1,Other,Messenger Services,27.516,,16.733999999999998,27.516,27.516,3.0,0.0,27.516,,0.0
Governance,GRC,Other,Vehicle Rent,26.994,,,26.994,,1.0,0.0,26.994,,26.994
Infrastructure,SSO,Other,Transportation - Air,26.775,,,,,1.0,0.0,26.775,,26.775
BU Support,Manufacturing,Other,Promotional Literature,26.589,,,26.589,26.589,17.0,0.0,26.589,,0.0
Functional,R3,Other,Office Supplies,26.279999999999998,,,170.87142,,2.0,0.0,26.279999999999998,,26.279999999999998
BU Support,Production,Other,Team Performance,26.268,,,26.268,,1.0,0.0,26.268,,26.268
Governance,Vendor Management,Other,Subscriptions,26.181,,16.635,26.181,16.635,3.0,0.0,26.181,,9.546
Governance,GRC,Other,Fuel Oil,25.101,,,25.101,,1.0,0.0,25.101,,25.101
BU Support,Manufacturing,Other,Companion Travel,25.083,,5.813999999999999,4.329,,3.0,0.0,25.083,,25.083
BU Support,Planning,Other,Snacks,24.860999999999997,,,,,2.0,0.0,24.860999999999997,,24.860999999999997
BU Support,Manufacturing,Hardware & Software,Product,123.882,99.43199999999999,198.456,148.74,173.59799999999998,4.0,12.0,24.450000000000017,0.24589669321747545,-49.71599999999998
BU Support,Core,Other,Transportation - Air,23.868,,,23.868,23.868,1.0,0.0,23.868,,0.0
BU Support,Manufacturing,Other,Transportation - Motor Freight,23.862000000000002,,12.63,31.359,33.77394,9.0,0.0,23.862000000000002,,-9.911940000000001
Enablement,Business Intelligence,Other,Safety,23.49,,,23.49,,1.0,0.0,23.49,,23.49
Enablement,EIM,Other,Companion Travel,23.426999999999996,,,7.469999999999999,,3.0,0.0,23.426999999999996,,23.426999999999996
Enablement,Innovation,Depr & Amort,Fixed Assets,23.238,,5.556,23.694,23.871,12.0,0.0,23.238,,-0.6329999999999991
Infrastructure,Core Infrastructure,Other,Messenger Services,23.022,,,23.022,,3.0,0.0,23.022,,23.022
Enablement,EIM,Labor,Other ( + Tax ),22.520999999999987,,44.922,-45.83699999999999,34.29900000000001,12.0,0.0,22.520999999999987,,-11.77800000000002
Governance,Other,Labor,Payroll Taxes - Non-Domestic,21.978,,,,,2.0,0.0,21.978,,21.978
Functional,R3,Other,Travel Allowance - Cash Adjustment,21.686999999999998,,,,,2.0,0.0,21.686999999999998,,21.686999999999998
Infrastructure,Networking,Other,Customer Events,20.901,,,,,1.0,0.0,20.901,,20.901
BU Support,Distribution,Other,Marketing Campaigns,19.776,,19.776,19.776,19.776,1.0,0.0,19.776,,0.0
Infrastructure,Networking,Other,Distribution,19.758,,,27.4395,19.758,1.0,0.0,19.758,,0.0
BU Support,Distribution,Other,Subscriptions,19.671,,,9.848999999999998,9.848999999999998,2.0,0.0,19.671,,9.822000000000001
Governance,Other,Other,National Sales Meeting,19.215,,,,,1.0,0.0,19.215,,19.215
Governance,GRC,Other,Bank Charges,18.609,,18.417,18.609,18.417,2.0,0.0,18.609,,0.19200000000000017
Enablement,Enterprise Capabilities,Other,Travel Allowance,18.6,,18.6,18.6,18.6,1.0,0.0,18.6,,0.0
Governance,Administration,Other,Freight In,18.215999999999998,,24.744,18.215999999999998,24.744,3.0,0.0,18.215999999999998,,-6.528000000000002
Infrastructure,Productivity,Other,Fuel Oil,17.754,,,1.35,1.35,2.0,0.0,17.754,,16.404
Governance,GRC,Other,Other Miscellaneous,17.037,,17.037,17.037,17.037,12.0,0.0,17.037,,0.0
Enablement,Portals,Other,Marketing Campaigns,16.8,,16.8,16.8,16.8,1.0,0.0,16.8,,0.0
Functional,R1,Other,Outside Repairs - Cars,16.704,,,16.704,,1.0,0.0,16.704,,16.704
BU Support,Core,Other,Materials,16.686,,,9.627,,3.0,0.0,16.686,,16.686
Enablement,Data Management,Other,Subscriptions and Reference Material,16.68,,,16.68,,1.0,0.0,16.68,,16.68
Enablement,Data Management,Labor,Professional Services,16.275,,,16.275,16.275,1.0,0.0,16.275,,0.0
BU Support,Development,Other,Transportation - Air,15.789,,9.6,15.789,12.48,3.0,0.0,15.789,,3.3089999999999993
Functional,R2,Other,Transportation - Other,15.156,,,15.156,,1.0,0.0,15.156,,15.156
Governance,Administration,Other,Services,15.0,,15.0,15.0,15.0,1.0,0.0,15.0,,0.0
Functional,R5,CAPEX,Labor,15.0,,,15.0,,1.0,0.0,15.0,,15.0
Functional,R2,CAPEX,Labor,15.0,,,15.0,,1.0,0.0,15.0,,15.0
Infrastructure,Core Infrastructure,CAPEX,Labor,15.0,,,15.0,,1.0,0.0,15.0,,15.0
Enablement,Document Management,CAPEX,Labor,15.0,,,15.0,15.0,1.0,0.0,15.0,,0.0
BU Support,Distribution,Other,Other Events,14.796,,,14.796,14.796,1.0,0.0,14.796,,0.0
Governance,Vendor Management,Labor,Office Services,14.085,,,14.085,,2.0,0.0,14.085,,14.085
Infrastructure,Productivity,Labor,Payroll Taxes - Income Tax,13.875,,,,,1.0,0.0,13.875,,13.875
Governance,GRC,Other,Office Supplies,13.575,,11.85,13.575,11.85,2.0,0.0,13.575,,1.7249999999999996
Functional,R1,Other,Promotional Literature,13.296,,,13.296,13.296,18.0,0.0,13.296,,0.0
Infrastructure,Productivity,Other,Promotional Literature,13.296,,,13.296,13.296,18.0,0.0,13.296,,0.0
Governance,Administration,Other,Gear,13.278,,13.278,13.278,13.278,1.0,0.0,13.278,,0.0
BU Support,Development,Labor,Unscheduled Overtime,12.771,,,12.771,,1.0,0.0,12.771,,12.771
Infrastructure,Productivity,Other,Insurance,12.762,,,9.534,,2.0,0.0,12.762,,12.762
BU Support,Planning,Other,Customer Channel,12.585,,12.585,12.585,12.585,1.0,0.0,12.585,,0.0
Functional,R3,Other,Marketing Campaigns,12.534,,,,,1.0,0.0,12.534,,12.534
Infrastructure,Data Centers,Other,Clerical Materials,12.462,,,12.462,,1.0,0.0,12.462,,12.462
Governance,Other,Other,Postage,12.437999999999995,,,,,3.0,0.0,12.437999999999995,,12.437999999999995
Infrastructure,Core Infrastructure,Other,Bank Charges,12.192,,,10.728,7.257,3.0,0.0,12.192,,4.9350000000000005
BU Support,Manufacturing,Other,Gear,11.7,,11.7,11.7,11.7,1.0,0.0,11.7,,0.0
BU Support,Distribution,Other,Transportation - Air,11.532,,1.863,11.532,8.081999999999999,4.0,0.0,11.532,,3.450000000000001
Infrastructure,Productivity,Other,Moving Expenses - NT,10.824,,,10.824,,1.0,0.0,10.824,,10.824
Functional,R3,Other,Employee Pharmacy,10.658999999999999,,,,,3.0,0.0,10.658999999999999,,10.658999999999999
Enablement,EIM,Other,Transportation - Air,10.457999999999998,,,,,2.0,0.0,10.457999999999998,,10.457999999999998
BU Support,Distribution,Labor,Office Services,10.434,,,10.434,10.434,1.0,0.0,10.434,,0.0
Functional,R1,Other,M&E-3rd Party,10.389,,,10.389,4.239,2.0,0.0,10.389,,6.1499999999999995
Governance,GRC,Other,Companion Travel,10.266,,,10.266,8.97,3.0,0.0,10.266,,1.2959999999999994
Functional,R2,Other,Transportation - Motor Freight,9.378,,2.076,7.263,2.076,4.0,0.0,9.378,,7.302
BU Support,Planning,Other,Recruiting,9.312000000000012,,142.332,9.312000000000012,9.312000000000012,2.0,0.0,9.312000000000012,,0.0
Infrastructure,Networking,Other,Messenger Services,9.230999999999998,,,9.230999999999998,2.001,3.0,0.0,9.230999999999998,,7.229999999999999
Enablement,Document Management,Other,Other Miscellaneous Expense,9.123,,9.123,9.123,9.123,1.0,0.0,9.123,,0.0
BU Support,Emerging,Other,Services,8.985,,,1.1280000000000001,-6.000000000028205e-05,3.0,0.0,8.985,,8.985059999999999
Governance,GRC,CAPEX,Labor,8.975999999999999,,,,,2.0,0.0,8.975999999999999,,8.975999999999999
Enablement,EIM,Other,Fuel Oil,8.949,,,8.949,,1.0,0.0,8.949,,8.949
BU Support,Distribution,Other,Travel Allowance - Cash Adjustment,8.718,,,,,1.0,0.0,8.718,,8.718
Functional,R1,Other,Marketing Research,8.565,,,8.565,8.565,1.0,0.0,8.565,,0.0
Governance,Administration,Other,Other Miscellaneous,8.517,,8.517,8.517,8.517,12.0,0.0,8.517,,0.0
BU Support,Distribution,Other,Postage,8.496,,8.496,8.496,8.496,1.0,0.0,8.496,,0.0
Functional,R2,Other,Customer Channel,8.103,,,8.103,8.103,1.0,0.0,8.103,,0.0
BU Support,Distribution,Other,Promotional Literature,7.976999999999999,,,7.976999999999999,7.976999999999999,18.0,0.0,7.976999999999999,,0.0
Enablement,Document Management,Other,Transportation - Air,7.7219999999999995,,5.3999999999999995,5.3999999999999995,5.3999999999999995,2.0,0.0,7.7219999999999995,,2.322
Governance,GRC,Other,Transportation - Air,7.449,,2.4,2.4,2.4,4.0,0.0,7.449,,5.0489999999999995
BU Support,Distribution,Other,Fuel Oil,7.2780000000000005,,,,,2.0,0.0,7.2780000000000005,,7.2780000000000005
Infrastructure,Core Infrastructure,Labor,Payroll Taxes - Non-Domestic,7.215,,,,,1.0,0.0,7.215,,7.215
Enablement,Innovation,Other,Transportation - Air,7.134,,4.782,4.782,4.782,2.0,0.0,7.134,,2.3520000000000003
BU Support,Distribution,Other,Employee Pharmacy,7.100999999999999,,,,,3.0,0.0,7.100999999999999,,7.100999999999999
Governance,GRC,Other,Transportation - Miscellaneous,7.034999999999999,,,7.034999999999999,7.034999999999999,1.0,0.0,7.034999999999999,,0.0
Enablement,Innovation,Hardware & Software,Product,6.93,,,,,2.0,0.0,6.93,,6.93
Enablement,Innovation,Other,Food Charges,6.8759999999999994,,,6.8759999999999994,4.584,2.0,0.0,6.8759999999999994,,2.292
BU Support,Distribution,Other,Companion Travel,6.777,,,,,1.0,0.0,6.777,,6.777
Governance,Portfolio Management,Other,Subscriptions,6.582,,,6.582,,1.0,0.0,6.582,,6.582
Infrastructure,Productivity,Labor,Fringe Benefits Tax,6.348,,,4.173,,3.0,0.0,6.348,,6.348
Enablement,Enterprise Capabilities,Other,Lease,5.958,,0.5609999999999999,4.287,2.301,10.0,0.0,5.958,,3.657
Governance,Process Management,Other,Other Miscellaneous Expense,5.55,,,5.55,,1.0,0.0,5.55,,5.55
Governance,Quality & Compliance,Other,Transportation - Air,5.34,,,5.34,5.34,1.0,0.0,5.34,,0.0
Governance,GRC,Other,Promotional Literature,5.319,,,5.319,5.319,9.0,0.0,5.319,,0.0
BU Support,Development,Other,Postage,5.244,,,5.244,5.244,1.0,0.0,5.244,,0.0
BU Support,Emerging,Other,Transportation - Air,5.1,,5.1,5.1,5.1,1.0,0.0,5.1,,0.0
Governance,Quality & Compliance,Other,Insurance,5.094,,,1.716,,4.0,0.0,5.094,,5.094
Enablement,Document Management,Labor,Office Services,5.028,,5.028,5.028,5.028,2.0,0.0,5.028,,0.0
BU Support,Planning,Other,Transportation - Motor Freight,4.227,,2.07,4.227,4.227,2.0,0.0,4.227,,0.0
Governance,Architecture,Other,Transportation - Air,3.9,,3.9,3.9,3.9,1.0,0.0,3.9,,0.0
Functional,R3,Other,Transportation - Motor Freight,3.849,,3.849,3.849,3.849,1.0,0.0,3.849,,0.0
Functional,R1,Other,Food Charges,3.708,,,3.708,3.708,1.0,0.0,3.708,,0.0
Governance,Process Management,Other,Subscriptions,3.27,,,3.27,1.17,2.0,0.0,3.27,,2.1
BU Support,Manufacturing,Other,Services,3.1229999999999998,,3.882,1.557,2.220446049250313e-16,3.0,0.0,3.1229999999999998,,3.1229999999999993
Functional,R1,Other,Sales Meeting Expense,3.093,,,3.093,3.093,1.0,0.0,3.093,,0.0
BU Support,Distribution,Other,M&E-3rd Party,2.967,,,2.967,2.967,1.0,0.0,2.967,,0.0
BU Support,Manufacturing,Other,Postage,2.868,,3.006,4.047,0.42594,11.0,0.0,2.868,,2.4420599999999997
Governance,Administration,Other,Promotional Literature,2.658,,,2.658,2.658,9.0,0.0,2.658,,0.0
Enablement,Document Management,Other,Transportation - Motor Freight,2.64,,,2.64,,1.0,0.0,2.64,,2.64
BU Support,R&D,Other,Transportation - Motor Freight,2.598,,,2.598,,1.0,0.0,2.598,,2.598
Functional,R1,Labor,Fringe Benefits Tax,2.424,,,,,2.0,0.0,2.424,,2.424
Enablement,Business Intelligence,Other,Transportation - Motor Freight,2.127,,2.127,2.127,2.127,1.0,0.0,2.127,,0.0
Infrastructure,Hosting,Other,Subscriptions,2.1,,,,,1.0,0.0,2.1,,2.1
Enablement,EIM,Labor,Variable Salaries And Wages,1.8869999999999978,,-24.866999999999997,-13.029000000000003,-29.475,12.0,0.0,1.8869999999999978,,31.362
Infrastructure,Networking,Other,Food Expense,1.398,,,1.398,1.398,1.0,0.0,1.398,,0.0
Enablement,Mobility,Other,Individual Performance Recognition,1.2,,1.2,1.2,1.2,1.0,0.0,1.2,,0.0
Governance,GRC,Depr & Amort,Software,0.861,,0.165,0.69,0.429,12.0,0.0,0.861,,0.432
Governance,Quality & Compliance,Other,Other Miscellaneous Expense,0.825,,,,,1.0,0.0,0.825,,0.825
Functional,R2,Labor,Variable Salaries And Wages,0.6029999999999989,,10.68,-11.091000000000001,5.474999999999999,12.0,0.0,0.6029999999999989,,-4.872
Governance,Administration,Depr & Amort,Fixed Assets,0.462,,0.081,0.339,0.21000000000000002,12.0,0.0,0.462,,0.252
Governance,Administration,Depr & Amort,Software,0.435,,0.084,0.351,0.216,12.0,0.0,0.435,,0.219
Enablement,EIM,Other,Salaries Deductions Car,0.41100000000000136,,0.41100000000000136,0.41100000000000136,0.41100000000000136,2.0,0.0,0.41100000000000136,,0.0
Governance,Architecture,Depr & Amort,Fixed Assets,8312.697,8312.4,8312.697,8312.697,8312.697,12.0,12.0,0.2970000000004802,3.572975313994517e-05,0.0
Enablement,EIM,Other,Matching,0.10200000000000031,,0.10200000000000031,0.10200000000000031,0.10200000000000031,2.0,0.0,0.10200000000000031,,0.0
Functional,R2,Other,Other Miscellaneous,0.09600000000000364,,0.09600000000000364,0.09600000000000364,0.09600000000000364,2.0,0.0,0.09600000000000364,,0.0
Governance,Vendor Management,Depr & Amort,Fixed Assets,1407.396,1407.375,1407.567,1407.4499999999998,1407.504,12.0,12.0,0.020999999999958163,1.4921396216330519e-05,-0.10799999999994725
Enablement,EIM,Other,Salaries Deductions - Other,0.017999999999999794,,0.017999999999999794,0.017999999999999794,0.017999999999999794,2.0,0.0,0.017999999999999794,,0.0
Enablement,EIM,Other,Vehicle - Travel,0.0030000000000001137,,0.0030000000000001137,0.0030000000000001137,0.0030000000000001137,2.0,0.0,0.0030000000000001137,,0.0
Functional,R5,Shared Services,Projects - Transfers,7.275957614183426e-12,,,-38153.34,,5.0,0.0,7.275957614183426e-12,,7.275957614183426e-12
Functional,R2,Administrative,ATL Adjustments,,,,,0.0,0.0,0.0,0.0,,0.0
Governance,Other,Administrative,Administrative Other,,,-29897.4,,,0.0,0.0,0.0,,0.0
Infrastructure,Data Centers,Other,Other Miscellaneous,,,,,205483.24997999996,0.0,0.0,0.0,,-205483.24997999996
Enablement,Document Management,Other,Project Expense,,,3758.4,,,0.0,0.0,0.0,,0.0
BU Support,R&D,Administrative,Administrative Other,,,,,-450000.0,0.0,0.0,0.0,,450000.0
Infrastructure,Productivity,Other,Other Miscellaneous - Nonordinary,,,,65250.0,12551.997059999998,0.0,0.0,0.0,,-12551.997059999998
Functional,R1,Administrative,Administrative Other,,,331323.16199999995,,,0.0,0.0,0.0,,0.0
BU Support,Emerging,Administrative,Administrative Other,,,27578.631,0.0,0.0,0.0,0.0,0.0,,0.0
Functional,R5,Administrative,Administrative Other,,,32012.649,,,0.0,0.0,0.0,,0.0
Functional,R2,Shared Services,BTL Adjustments,,,,0.0,0.0,0.0,0.0,0.0,,0.0
Enablement,Data Management,Hardware & Software,Non product,0.0,,,0.0,0.0,1.0,0.0,0.0,,0.0
Infrastructure,Data Centers,CAPEX,Projects - Purchases,0.0,,,,,1.0,0.0,0.0,,0.0
Enablement,EIM,Other,Other Miscellaneous Expense,,,,0.0,171000.0,0.0,0.0,0.0,,-171000.0
Functional,R2,Other,Freight In,0.0,,,,,1.0,0.0,0.0,,0.0
Governance,Administration,Administrative,Administrative Other,,,,0.0,-130707.0,0.0,0.0,0.0,,130707.0
Infrastructure,Core Infrastructure,Hardware & Software,Vendor,,,,2262.861,4525.71426,0.0,0.0,0.0,,-4525.71426
Governance,GRC,Administrative,Administrative Other,,,-388075.66044000007,0.0,-36125.645039999996,0.0,0.0,0.0,,36125.645039999996
Governance,Architecture,Other,Memberships,9375.0,9375.0,9375.0,9375.0,9375.0,1.0,12.0,0.0,0.0,0.0
Enablement,Innovation,Administrative,Administrative Other,,,11744.424,,,0.0,0.0,0.0,,0.0
Enablement,Enterprise Capabilities,Administrative,Administrative Other,,,34623.288,,,0.0,0.0,0.0,,0.0
Infrastructure,Productivity,Other,Miscellaneous Credits - 1,0.0,,,,,1.0,0.0,0.0,,0.0
Infrastructure,Core Infrastructure,Shared Services,Adjustments,0.0,,,0.0,0.0,24.0,0.0,0.0,,0.0
Functional,R3,Administrative,Administrative Other,,,-315407.478,,,0.0,0.0,0.0,,0.0
Enablement,Data Management,Administrative,Administrative Other,,,2059.1099999999997,-1472.364,-2944.72296,0.0,0.0,0.0,,2944.72296
Functional,R3,Shared Services,Other Inbound,,,,,85338.82295999999,0.0,0.0,0.0,,-85338.82295999999
Functional,R3,Shared Services,Rented Equipment,,,,,25690.85118,0.0,0.0,0.0,,-25690.85118
BU Support,Manufacturing,Labor,Awards,0.0,,,0.0,0.0,1.0,0.0,0.0,,0.0
Governance,Process Management,Shared Services,Fixed Charges,296206.74,296206.77599999995,296206.74,296206.74,296206.74,12.0,12.0,-0.03599999996367842,-1.215367198881312e-07,0.0
Governance,Administration,Shared Services,Rented Equipment,-0.048,,,-0.048,,4.0,0.0,-0.048,,-0.048
Infrastructure,Data Centers,Depr & Amort,Software,12297.494999999999,12297.554999999998,12298.628999999999,12297.873,12298.251,31.0,36.0,-0.05999999999949068,-4.879018634150503e-06,-0.7560000000012224
Governance,GRC,Shared Services,Rented Equipment,-0.093,,,-0.093,,4.0,0.0,-0.093,,-0.093
Functional,R3,Other,Freight In,-0.11700000000000021,,1.7999999999999998,-0.11700000000000021,11467.8,4.0,0.0,-0.11700000000000021,,-11467.917
BU Support,Distribution,Shared Services,Rented Equipment,-0.14100000000000001,,,-0.14100000000000001,,8.0,0.0,-0.14100000000000001,,-0.14100000000000001
Governance,Administration,Shared Services,Administrative Service,-0.183,,,-0.048,,6.0,0.0,-0.183,,-0.183
Functional,R1,Shared Services,Rented Equipment,-0.23399999999999999,,,-0.23399999999999999,,8.0,0.0,-0.23399999999999999,,-0.23399999999999999
Infrastructure,Productivity,Shared Services,Rented Equipment,-0.23399999999999999,,,-0.23399999999999999,,8.0,0.0,-0.23399999999999999,,-0.23399999999999999
Enablement,EIM,Other,Food Expense,-0.2939999999999898,0.0,-0.2939999999999898,-0.2939999999999898,-0.2939999999999898,2.0,12.0,-0.2939999999999898,,0.0
Governance,GRC,Shared Services,Administrative Service,-0.363,,,-0.093,,6.0,0.0,-0.363,,-0.363
Enablement,Mobility,Labor,Retirement Plan Match,-0.5279999999999916,,-118.344,-0.5279999999999916,-0.5279999999999916,2.0,0.0,-0.5279999999999916,,0.0
BU Support,Distribution,Shared Services,Administrative Service,-0.546,,,-0.14100000000000001,,12.0,0.0,-0.546,,-0.546
Functional,R1,Shared Services,Administrative Service,-0.909,,,-0.23399999999999999,,12.0,0.0,-0.909,,-0.909
Enablement,EIM,Labor,Benefits,-1.7999999999999998,,-1.7999999999999998,-1.7999999999999998,-1.7999999999999998,1.0,0.0,-1.7999999999999998,,0.0
Enablement,EIM,Other,Interest,-1.8900000000000148,,-1.8900000000000148,-1.8900000000000148,-1.8900000000000148,3.0,0.0,-1.8900000000000148,,0.0
Infrastructure,Networking,Other,Freight In,-2.1599999999999966,,80.39999999999999,-2.1599999999999966,80.39999999999999,2.0,0.0,-2.1599999999999966,,-82.55999999999999
Enablement,EIM,Other,Vehicle Fuel,-3.132000000000005,,-3.132000000000005,-3.132000000000005,-3.132000000000005,3.0,0.0,-3.132000000000005,,0.0
Enablement,EIM,Labor,Employee Wellness,-3.815999999999974,,-3.815999999999974,-3.815999999999974,-3.815999999999974,3.0,0.0,-3.815999999999974,,0.0
Functional,R1,Labor,Benefits,-4.2,,-4.2,-4.2,-4.2,1.0,0.0,-4.2,,0.0
BU Support,Core,Other,Telephone,-4.361999999999966,,165.9,-4.361999999999966,165.9,2.0,0.0,-4.361999999999966,,-170.26199999999997
Functional,R2,Labor,Benefits,-4.8,,-4.8,-4.8,-4.8,1.0,0.0,-4.8,,0.0
Functional,R3,Other,Bank Charges,-5.1,,-5.1,-5.1,-5.1,1.0,0.0,-5.1,,0.0
Functional,R1,Other,Telephone,4591.983,4597.128000000001,4213.419,4364.367,4328.544,52.0,60.0,-5.145000000000437,-0.001119177016606985,263.4390000000003
Infrastructure,Productivity,Labor,Benefits,-6.6,,-6.6,-6.6,-6.6,2.0,0.0,-6.6,,0.0
Enablement,Mobility,Other,Relocation Expenses,-7.5,,-7.5,-7.5,-1.0714799999999995,1.0,0.0,-7.5,,-6.428520000000001
BU Support,Distribution,Labor,Benefits,-9.6,,-9.6,-9.6,-9.6,1.0,0.0,-9.6,,0.0
Infrastructure,Networking,Other,Team Performance,280.485,291.6,499.185,353.385,426.285,1.0,12.0,-11.115000000000009,-0.03811728395061731,-145.8
Governance,GRC,Other,Sales Meeting Expense,-12.003000000000611,,,-12.003000000000611,7322.871,3.0,0.0,-12.003000000000611,,-7334.874000000001
Governance,GRC,Other,Materials,527.7719999999999,540.0,491.607,273.54,365.205,18.0,12.0,-12.228000000000065,-0.022644444444444564,162.56699999999995
Enablement,Portals,Shared Services,Shops,-15.0,,,,,1.0,0.0,-15.0,,-15.0
BU Support,Emerging,Other,Career Development,-15.513,,,-3.8782499999999995,-6.000000000261352e-05,1.0,0.0,-15.513,,-15.512939999999997
Functional,R3,Labor,Temporary Transfers,-15.54600000000005,,5362.286999999999,5114.6669999999995,5362.286999999999,4.0,0.0,-15.54600000000005,,-5377.833
Functional,R5,Other,Customer Meetings,-15.732,,,-15.732,-74.241,3.0,0.0,-15.732,,58.509
Governance,Quality & Compliance,Other,Property Taxes,62.36399999999999,78.732,62.36399999999999,62.36399999999999,62.36399999999999,12.0,12.0,-16.36800000000001,-0.20789513793629033,0.0
Governance,GRC,Labor,Benefits,-17.4,,-17.4,-17.4,-17.4,1.0,0.0,-17.4,,0.0
Governance,Administration,Labor,Benefits,-18.465,,-16.2,-18.465,-18.465,2.0,0.0,-18.465,,0.0
BU Support,Manufacturing,Labor,Benefits,-19.965,,-46.5,-19.965,-19.965,3.0,0.0,-19.965,,0.0
Governance,GRC,Other,Team Performance,,21.599999999999998,22.500450000000004,16.873469999999998,18.51426,0.0,12.0,-21.599999999999998,-1.0,-18.51426
Infrastructure,Core Infrastructure,Labor,Payroll Taxes - Retirement,348.426,372.897,343.308,365.5935,372.897,12.0,12.0,-24.471000000000004,-0.06562401950136366,-24.471000000000004
Functional,R5,Other,Postage,5.3999999999999995,30.0,20.4,5.3999999999999995,-191.72999999999996,1.0,12.0,-24.6,-0.8200000000000001,197.12999999999997
Governance,Administration,Other,Misc. Credits - 2,-27.183,,-27.183,-27.183,-27.183,10.0,0.0,-27.183,,0.0
Governance,Security & Risk Management,Other,Subscriptions,332.631,360.0,479.778,376.95000000000005,446.709,10.0,12.0,-27.369000000000028,-0.07602500000000008,-114.07800000000003
Infrastructure,Productivity,Labor,Outside Services,-31.17599999999993,,,-31.17599999999993,,2.0,0.0,-31.17599999999993,,-31.17599999999993
Functional,R2,Other,Salaries Deductions - Other,-31.722,,-4.161,-23.601,-10.638,10.0,0.0,-31.722,,-21.084000000000003
Functional,R2,Labor,Employee Transport,6.3,38.196,34.946999999999996,30.221999999999998,38.196,1.0,12.0,-31.895999999999997,-0.8350612629594721,-31.895999999999997
BU Support,R&D,Other,Telephone,1424.301,1458.0,1161.429,200.661,108.465,18.0,12.0,-33.69900000000007,-0.023113168724279883,1315.836
Infrastructure,Networking,Other,Subscriptions,34.196999999999996,68.688,102.885,34.196999999999996,34.196999999999996,1.0,12.0,-34.49100000000001,-0.5021401118099232,0.0
BU Support,Manufacturing,Labor,Other ( - Tax ),467.775,506.80800000000005,482.85900000000004,342.29699999999997,228.96599999999998,8.0,24.0,-39.03300000000007,-0.07701733200738754,238.809
BU Support,Emerging,Other,Domestic Travel,-42.105000000000004,,-42.0,-26.055750000000003,-4.440892098500626e-15,5.0,0.0,-42.105000000000004,,-42.105
Governance,Quality & Compliance,Hardware & Software,Software Maintenance,316.7159999999999,360.0,359.99964,496.7157299999999,239.99399999999986,8.0,12.0,-43.284000000000106,-0.12023333333333362,76.72200000000004
BU Support,Manufacturing,Labor,Salary,-43.58699999999976,,511.167,-582.5519999999999,-2.842170943040401e-14,7.0,0.0,-43.58699999999976,,-43.58699999999973
Functional,R5,Other,Telephone,554.2349999999999,600.0,505.79999999999995,232.863,247.332,10.0,12.0,-45.7650000000001,-0.07627500000000016,306.9029999999999
Infrastructure,Productivity,Other,Snacks,-47.391,,,-47.391,-47.391,1.0,0.0,-47.391,,0.0
Infrastructure,SSO,Other,Team Performance,445.977,496.79999999999995,496.65299999999996,368.313,313.953,3.0,12.0,-50.82299999999998,-0.10230072463768113,132.024
BU Support,Development,Labor,Temporary Transfers,-51.780000000000655,,-51.780000000000655,-51.780000000000655,-51.780000000000655,2.0,0.0,-51.780000000000655,,0.0
Functional,R3,Other,Salaries Deductions - Other,-53.055,,-10.257,-42.621,-26.445,10.0,0.0,-53.055,,-26.61
Governance,GRC,Other,Misc. Credits - 2,-54.366,,-54.366,-54.366,-54.366,10.0,0.0,-54.366,,0.0
Functional,R1,Labor,Variable Salaries And Wages,-57.471,,-38.175,-57.471,-57.471,5.0,0.0,-57.471,,0.0
Governance,Security & Risk Management,Other,Individual Performance Recognition,1072.272,1130.4,1130.4167400000001,1022.8027500000001,1008.33426,10.0,12.0,-58.128000000000156,-0.05142250530785576,63.93773999999996
BU Support,Emerging,Other,Taxes - General,418.65599999999995,480.852,391.83,456.30150000000003,480.852,7.0,12.0,-62.196000000000026,-0.1293454118938884,-62.196000000000026
Enablement,EIM,Labor,Unscheduled Overtime,-64.32299999999998,,-132.177,-81.87599999999998,-137.796,12.0,0.0,-64.32299999999998,,73.47300000000001
Infrastructure,Core Infrastructure,Labor,Other ( - Tax ),876.9209999999999,943.5509999999999,843.876,940.9792500000001,943.5509999999999,12.0,12.0,-66.63,-0.0706162147038157,-66.63
Infrastructure,Help Desk,Other,Team Performance,,68.4,51.300000000000004,0.0,34.2,0.0,12.0,-68.4,-1.0,-34.2
BU Support,Manufacturing,Other,Internships,,72.11399999999999,72.11399999999999,0.0,72.0,0.0,12.0,-72.11399999999999,-1.0,-72.0
Infrastructure,Data Centers,Other,Office Rental,-73.99499999999999,,,,,3.0,0.0,-73.99499999999999,,-73.99499999999999
BU Support,Distribution,Shared Services,Other Charges,8577.159,8657.964,8603.937,8629.152,8627.391,12.0,12.0,-80.80500000000029,-0.009333025639746284,-50.23199999999997
Governance,GRC,Shared Services,Other Charges,8577.159,8657.964,8603.937,8629.152,8627.391,12.0,12.0,-80.80500000000029,-0.009333025639746284,-50.23199999999997
Governance,Administration,Shared Services,Other Charges,8577.159,8657.964,8603.937,8629.152,8627.391,12.0,12.0,-80.80500000000029,-0.009333025639746284,-50.23199999999997
BU Support,Distribution,Other,Misc. Credits - 2,-81.549,,-81.549,-81.549,-81.549,20.0,0.0,-81.549,,0.0
Enablement,EIM,Other,Food Charges,517.275,600.012,628.8,711.216,711.7856999999999,6.0,12.0,-82.73699999999997,-0.13789224215515686,-194.51069999999993
Infrastructure,Productivity,Other,Other Miscellaneous,8635.305,8720.496,14912.637,183997.929,-146734.64879999997,24.0,12.0,-85.1909999999989,-0.009769054420757593,155369.95379999996
Governance,Process Management,Other,Transportation - Motor Freight,2.421,90.0,67.5,24.921,45.0,1.0,12.0,-87.579,-0.9731,-42.579
Infrastructure,Productivity,Other,Salaries Deductions - Other,-88.338,,-14.418,-59.73,-37.08,11.0,0.0,-88.338,,-51.257999999999996
BU Support,Core,Other,Team Performance,,90.0,67.5,22.5,45.0,0.0,12.0,-90.0,-1.0,-45.0
Governance,GRC,Labor,Other ( - Tax ),-90.66000000000001,,-174.42599999999996,-55.75500000000001,-127.64699999999996,16.0,0.0,-90.66000000000001,,36.98699999999995
Infrastructure,Core Infrastructure,Other,Subscriptions,70.956,180.0,205.956,70.956,160.956,3.0,12.0,-109.044,-0.6058,-89.99999999999999
Functional,R2,Other,Training Assistance,,112.608,84.456,84.456,112.608,0.0,12.0,-112.608,-1.0,-112.608
Governance,Process Management,Other,Safety,85.5,199.512,199.49948999999998,114.00057,218.502,2.0,12.0,-114.012,-0.5714543486106098,-133.002
Functional,R3,Other,Matching,-116.298,,-22.269,-89.30099999999999,-58.715999999999994,10.0,0.0,-116.298,,-57.58200000000001
BU Support,Development,Other,Matching,-116.928,,-25.404,-93.228,-65.304,9.0,0.0,-116.928,,-51.623999999999995
BU Support,Emerging,Labor,Payroll Taxes - Retirement,2267.916,2385.7799999999997,2325.063,2348.04075,2385.77994,24.0,24.0,-117.86399999999958,-0.04940271106304839,-117.86393999999973
Infrastructure,Help Desk,Other,Individual Performance Recognition,144.654,262.79999999999995,203.04,144.654,314.736,5.0,12.0,-118.14599999999996,-0.449566210045662,-170.082
Infrastructure,Core Infrastructure,Other,Training Allowance,,120.27599999999998,90.20699999999998,90.207,120.27599999999998,0.0,12.0,-120.27599999999998,-1.0,-120.27599999999998
Infrastructure,Productivity,Other,Matching,-130.986,,-22.764,-81.87299999999999,-53.94,11.0,0.0,-130.986,,-77.04599999999999
Functional,R5,Other,Off Site Events,,135.0,90.0,,,0.0,12.0,-135.0,-1.0,0.0
Infrastructure,Productivity,Labor,Variable Salaries And Wages,-135.702,,-107.56499999999998,-72.83399999999999,-202.18295999999998,28.0,0.0,-135.702,,66.48095999999998
Functional,R1,Other,Misc. Credits - 2,-135.918,,-135.918,-135.918,-135.918,20.0,0.0,-135.918,,0.0
BU Support,Manufacturing,Other,Career Development,-124.896,12.059999999999999,9.044999999999998,-56.41499999999999,12.060059999999979,1.0,12.0,-136.956,-11.356218905472637,-136.95605999999998
BU Support,Distribution,Other,Off Site Events,,140.184,105.138,35.046,70.092,0.0,12.0,-140.184,-1.0,-70.092
Governance,Quality & Compliance,Other,Safety,96.666,240.0,240.00002999999998,167.47599,187.572,2.0,12.0,-143.334,-0.597225,-90.906
Governance,Security & Risk Management,Labor,Office Services,592.443,750.0,750.0,491.64300000000003,132.44400000000002,6.0,12.0,-157.55700000000002,-0.210076,459.99899999999997
BU Support,Distribution,Other,Team Performance,,158.39999999999998,118.8,39.599999999999994,79.19999999999999,0.0,12.0,-158.39999999999998,-1.0,-79.19999999999999
BU Support,Manufacturing,Other,Team Performance,3777.4589999999994,3937.8,3236.235,4703.255999999999,5595.08403,21.0,228.0,-160.3410000000008,-0.040718421453603736,-1817.6250300000006
Enablement,Mobility,Shared Services,Other Charges,17154.375,17315.964,17207.91,17258.352,17324.78178,12.0,12.0,-161.58899999999994,-0.00933179348259213,-170.40678000000116
Governance,Administration,Labor,Retirement Medical,35836.053,36000.0,8769.501,26701.667999999998,17631.951,12.0,12.0,-163.94700000000012,-0.004554083333333336,18204.102
Governance,Architecture,Hardware & Software,Maintenance and Repairs,15.872999999999998,180.0,135.0,45.0,90.0,1.0,12.0,-164.127,-0.9118166666666667,-74.12700000000001
Infrastructure,Data Centers,Other,M&E-100% Deductible,-169.686,,-18.075,-107.88,-69.054,11.0,0.0,-169.686,,-100.632
Governance,GRC,Shared Services,BU Expenses,-175.365,,,-142.173,,4.0,0.0,-175.365,,-175.365
BU Support,Emerging,Other,Individual Performance Recognition,40.494,219.0,164.25,122.619,143.39999999999998,2.0,12.0,-178.506,-0.8150958904109589,-102.90599999999998
BU Support,Distribution,Labor,Unscheduled Overtime,-178.638,,-515.157,-279.07800000000003,-523.212,12.0,0.0,-178.638,,344.57399999999996
Governance,Quality & Compliance,Other,Transportation - Miscellaneous,,180.0,135.0,45.0,90.0,0.0,12.0,-180.0,-1.0,-90.0
Governance,Security & Risk Management,Other,Transportation - Miscellaneous,,180.0,135.0,45.0,90.0,0.0,12.0,-180.0,-1.0,-90.0
Governance,Process Management,Other,Transportation - Miscellaneous,,180.0,135.0,45.0,90.0,0.0,12.0,-180.0,-1.0,-90.0
Governance,GRC,Hardware & Software,Purchased Software,,180.0,135.0,45.0,90.0,0.0,12.0,-180.0,-1.0,-90.0
Enablement,Mobility,Other,Materials,,180.0,135.0,45.0,90.0,0.0,12.0,-180.0,-1.0,-90.0
Governance,Architecture,Other,Team Performance,,180.0,180.00117,135.00162,154.28573999999998,0.0,12.0,-180.0,-1.0,-154.28573999999998
BU Support,Manufacturing,Hardware & Software,Control,1859.25,2040.0479999999998,1933.2930000000001,2330.031,2850.786,6.0,12.0,-180.79799999999977,-0.08862438530858087,-991.5360000000001
BU Support,Emerging,Labor,Payroll Taxes - Other,5780.739,5967.306,5814.143999999999,5921.5867499999995,5967.3060000000005,27.0,24.0,-186.567,-0.03126486223431479,-186.56700000000092
Governance,Administration,Labor,Other ( + Tax ),-189.43500000000003,,-228.92400000000004,-226.86000000000004,-100.14000000000004,12.0,0.0,-189.43500000000003,,-89.29499999999999
BU Support,Emerging,Other,Matching,-194.787,0.0,-52.953,-58.6455,-1.0658141036401503e-14,10.0,12.0,-194.787,,-194.787
Functional,R2,Other,Career Development,-124.896,72.39599999999999,54.297,23.073000000000008,72.39606,1.0,12.0,-197.29199999999997,-2.725178186640146,-197.29206
Infrastructure,Hosting,Labor,Bonuses,83972.63399999999,84174.0,84192.68400000001,66936.084,84119.334,24.0,24.0,-201.36600000000908,-0.0023922588922946405,-146.70000000001164
Functional,R3,Other,Team Performance,,201.60000000000002,151.20000000000002,,,0.0,12.0,-201.60000000000002,-1.0,0.0
Infrastructure,Hosting,Other,M&E-Nondeductible,149.088,360.0,340.164,164.577,250.164,3.0,12.0,-210.912,-0.5858666666666666,-101.076
Governance,Administration,Other,Team Performance,43.893,270.0,202.5,111.393,178.893,1.0,12.0,-226.107,-0.8374333333333334,-135.0
Enablement,Business Intelligence,Other,Individual Performance Recognition,987.039,1216.8000000000002,1305.87,1126.1339999999998,1304.8914,11.0,12.0,-229.7610000000002,-0.18882396449704156,-317.8524
Governance,Security & Risk Management,Other,Team Performance,59.604,291.6,291.57975,215.04110999999997,309.54678,1.0,12.0,-231.99600000000004,-0.7955967078189301,-249.94278000000003
Functional,R1,Labor,Unscheduled Overtime,-232.992,,-167.391,-232.992,-232.992,5.0,0.0,-232.992,,0.0
BU Support,Development,Other,Telephone,1096.086,1329.6,1486.4759999999999,859.4459999999999,759.9509999999999,23.0,24.0,-233.5139999999999,-0.17562725631768947,336.1350000000001
BU Support,Manufacturing,Other,Vehicle Rent - Employees,-236.016,,-57.129,-178.254,-117.708,12.0,0.0,-236.016,,-118.30799999999999
Functional,R2,Other,Domestic Travel,-239.29800000000003,,-554.418,241.32224999999997,346.51194,11.0,0.0,-239.29800000000003,,-585.80994
BU Support,Emerging,Other,Training Allowance,-12.684000000000083,240.55199999999996,180.41399999999996,177.24299999999994,240.5520599999999,2.0,24.0,-253.23600000000005,-1.0527287239349499,-253.23605999999998
Governance,Security & Risk Management,Other,M&E-Nondeductible,2293.062,2550.0119999999997,2551.07373,2251.73052,2829.492,11.0,12.0,-256.9499999999998,-0.10076423169773313,-536.4300000000003
Infrastructure,Productivity,Shared Services,Administrative Service,-260.703,,,-260.028,,12.0,0.0,-260.703,,-260.703
Enablement,Innovation,Other,Individual Performance Recognition,86.91,349.20000000000005,299.40000000000003,170.94,242.10000000000002,5.0,12.0,-262.2900000000001,-0.7511168384879726,-155.19000000000003
Enablement,Six Sigma,Other,Team Performance,,270.0,202.5,67.5,135.0,0.0,12.0,-270.0,-1.0,-135.0
Functional,R5,Other,Outside Repairs - Cars,506.99099999999993,779.9999999999999,606.5729999999999,151.308,48.678,12.0,12.0,-273.00899999999996,-0.3500115384615385,458.31299999999993
Functional,R1,Other,Salaries Deductions - Other,-279.00600000000003,,-43.251000000000005,-179.181,-111.234,13.0,0.0,-279.00600000000003,,-167.77200000000005
Functional,R2,Other,Internships,-279.798,,-279.798,-69.9495,-6.0000000004833964e-05,1.0,0.0,-279.798,,-279.79794
Infrastructure,Networking,Other,Marketing Campaigns,430.665,720.0,650.4,455.085,591.318,7.0,12.0,-289.335,-0.4018541666666666,-160.65299999999996
BU Support,Distribution,Other,Matching,-289.42499999999995,,-45.666,-174.63,-115.437,11.0,0.0,-289.42499999999995,,-173.98799999999994
Infrastructure,Productivity,Other,Team Performance,,291.6,218.70000000000002,72.9,145.8,0.0,12.0,-291.6,-1.0,-145.8
Governance,Process Management,Other,Gear,,299.988,299.99942999999996,180.00072,199.998,0.0,12.0,-299.988,-1.0,-199.998
Infrastructure,SSO,Other,M&E-Nondeductible,293.799,594.0,593.988,329.48999999999995,386.739,9.0,12.0,-300.201,-0.5053888888888889,-92.94
Governance,GRC,Labor,Variable Salaries And Wages,-314.871,,-196.06799999999998,-287.42699999999996,-312.573,12.0,0.0,-314.871,,-2.298000000000002
Enablement,Business Intelligence,Other,Team Performance,,316.79999999999995,337.5,168.75,337.50576,0.0,12.0,-316.79999999999995,-1.0,-337.50576
Governance,Portfolio Management,Hardware & Software,Computer Hardware,1173.423,1500.0120000000002,2073.76338,1548.42303,1922.547,5.0,12.0,-326.58900000000017,-0.21772425820593444,-749.124
Enablement,Portals,Labor,Payroll Taxes - Salaries,41455.182,41784.299999999996,44070.611999999994,35890.065,27657.542999999998,12.0,12.0,-329.11799999999494,-0.007876594797567388,13797.639000000003
Enablement,Innovation,Labor,Savings Plan,7760.094,8104.199999999999,2135.682,6055.35,4304.052000000001,12.0,12.0,-344.10599999999886,-0.04246020581920472,3456.0419999999995
Functional,R5,Labor,Workers Comp,772.845,1118.565,1168.791,734.841,553.023,12.0,12.0,-345.72,-0.3090745732255166,219.822
BU Support,Distribution,Other,Individual Performance Recognition,261.849,608.4000000000001,460.20000000000005,237.62400000000002,321.92400000000004,11.0,12.0,-346.5510000000001,-0.5696104536489153,-60.075000000000045
Governance,Vendor Management,Other,Memberships,1452.801,1800.0,1799.9009999999996,1330.7009999999996,2078.2144799999996,11.0,12.0,-347.19900000000007,-0.19288833333333338,-625.4134799999997
Infrastructure,Core Infrastructure,Other,Matching,-352.089,,-101.79899999999999,-86.48024999999997,3.552713678800501e-15,12.0,0.0,-352.089,,-352.089
Enablement,Mobility,Other,M&E-Nondeductible,,360.0,270.0,90.0,180.0,0.0,12.0,-360.0,-1.0,-180.0
Enablement,Portals,Other,Team Performance,,360.0,270.0,90.0,180.0,0.0,12.0,-360.0,-1.0,-180.0
Governance,Portfolio Management,Hardware & Software,Purchased Software,176.826,540.0,405.0,297.882,386.856,7.0,12.0,-363.174,-0.6725444444444444,-210.03
Enablement,EIM,Labor,Adjustments,-392.559,,-13.692000000000007,-392.559,-13.692000000000007,4.0,0.0,-392.559,,-378.867
BU Support,Distribution,Labor,Payroll Taxes - Extra,-400.41600000000017,,1248.648,1205.1899999999996,-231.9390000000003,12.0,0.0,-400.41600000000017,,-168.47699999999986
BU Support,Manufacturing,Other,Training Assistance,1245.6,1650.1680000000001,2482.47,1170.684,1095.768,1.0,24.0,-404.5680000000002,-0.24516776473668148,149.83199999999988
BU Support,Manufacturing,Other,License Fees,,408.0,306.0,101.99699999999999,203.99993999999998,0.0,12.0,-408.0,-1.0,-203.99993999999998
Functional,R3,Other,Individual Performance Recognition,367.78499999999997,781.1999999999999,585.9,12.885,,3.0,12.0,-413.41499999999996,-0.529205069124424,367.78499999999997
Enablement,Business Intelligence,Labor,Bonuses,62925.486,63343.2,16050.81,48587.244,32451.672,12.0,12.0,-417.71399999999994,-0.006594456863562308,30473.814
Functional,R1,Other,Matching,-424.32599999999996,,-67.809,-276.075,-184.995,11.0,0.0,-424.32599999999996,,-239.33099999999996
BU Support,Planning,Other,Office Supplies,6.6,437.40000000000003,334.65000000000003,6.6,6.6,1.0,12.0,-430.8,-0.9849108367626885,0.0
Enablement,Innovation,Other,Training,,430.99199999999996,323.24399999999997,107.74799999999999,215.49599999999998,0.0,12.0,-430.99199999999996,-1.0,-215.49599999999998
Infrastructure,Hosting,Other,Team Performance,61.541999999999994,493.2,369.9,123.3,246.6,2.0,24.0,-431.658,-0.8752189781021898,-185.058
Governance,Security & Risk Management,Other,Food Charges,162.993,600.012,601.1995499999999,476.95700999999997,400.8059999999999,2.0,12.0,-437.01899999999995,-0.7283504329913402,-237.81299999999993
Infrastructure,Networking,Other,Individual Performance Recognition,683.715,1130.4,1130.40012,565.293,851.307,5.0,12.0,-446.68500000000006,-0.3951565817409767,-167.59199999999998
Governance,Portfolio Management,Other,Team Performance,,450.0,450.33975000000004,337.50072,385.71425999999997,0.0,12.0,-450.0,-1.0,-385.71425999999997
BU Support,Emerging,Other,Training,9831.038999999999,10281.672,8808.831,8069.79525,10283.11506,9.0,36.0,-450.63300000000163,-0.04382876637185096,-452.07606000000123
Functional,R2,Labor,Outside Services,-478.905,,-478.905,-478.905,-478.905,1.0,0.0,-478.905,,0.0
Infrastructure,Productivity,Other,Office Supplies,-453.231,26.136,-2280.378,-2140.02,-2277.56514,14.0,12.0,-479.367,-18.34125344352617,1824.3341400000002
BU Support,R&D,Other,Office Supplies,103.43399999999998,583.2,540.834,103.43399999999998,103.43399999999998,2.0,36.0,-479.7660000000001,-0.8226440329218108,0.0
Infrastructure,Productivity,Shared Services,Other Charges,51463.398,51947.81999999999,51623.973,54674.304,57562.67424,12.0,12.0,-484.4219999999914,-0.009325165136862172,-6099.276239999999
BU Support,R&D,Labor,Unscheduled Overtime,,486.01199999999994,364.50899999999996,,,0.0,12.0,-486.01199999999994,-1.0,0.0
BU Support,Distribution,Labor,Other ( + Tax ),-488.83500000000004,,-97.73999999999998,-576.186,228.55200000000002,12.0,0.0,-488.83500000000004,,-717.3870000000001
Enablement,EIM,Other,Team Performance,73.5,562.5,561.6,281.25,562.49802,1.0,12.0,-489.0,-0.8693333333333333,-488.99802
Functional,R1,Hardware & Software,Computer Rental,903.207,1393.812,1269.459,1033.065,1151.151,12.0,12.0,-490.6049999999999,-0.35198792950555735,-247.94400000000007
Governance,GRC,Hardware & Software,Computer Hardware,997.659,1500.0120000000002,1125.00009,1372.65903,1499.2649999999999,4.0,12.0,-502.3530000000002,-0.33489932080543366,-501.6059999999999
Infrastructure,Productivity,Shared Services,Administrative,32783.649,33293.259,32111.922,34383.104999999996,35725.13118,12.0,12.0,-509.6100000000006,-0.01530670217655774,-2941.482179999999
BU Support,Development,Other,International Travel,-513.42,,,-513.42,,1.0,0.0,-513.42,,-513.42
BU Support,Manufacturing,Other,Matching,-101.169,428.382,302.634,152.39700000000002,428.38193999999993,7.0,12.0,-529.551,-1.2361653851002143,-529.55094
Governance,Vendor Management,Other,Transportation - Miscellaneous,,540.0,405.0,135.0,270.0,0.0,12.0,-540.0,-1.0,-270.0
Governance,Administration,Labor,Office Services,89.682,630.0,634.188,119.682,93.408,6.0,12.0,-540.318,-0.857647619047619,-3.725999999999999
BU Support,Emerging,Other,Auto Insurance,222.414,775.092,581.319,803.733,775.09194,1.0,12.0,-552.678,-0.7130482574971745,-552.67794
BU Support,Distribution,Hardware & Software,Computer Rental,677.406,1233.6480000000001,1093.311,821.871,957.51,12.0,12.0,-556.2420000000002,-0.4508919886385745,-280.10400000000004
Governance,Portfolio Management,Other,Food Charges,37.473,600.012,600.0012899999999,374.99046,437.469,1.0,12.0,-562.539,-0.9375462490750186,-399.996
BU Support,Emerging,Labor,Payroll Taxes - Extra,3276.396,3851.037,3335.13,3745.7864999999997,3851.03706,24.0,24.0,-574.6409999999996,-0.1492172108447672,-574.6410599999999
BU Support,R&D,Other,Freight In,,583.2,437.40000000000003,,,0.0,12.0,-583.2,-1.0,0.0
Enablement,Mobility,Hardware & Software,Maintenance and Repairs,,600.0,450.0,150.0,300.0,0.0,12.0,-600.0,-1.0,-300.0
Governance,Quality & Compliance,Other,Food Charges,,600.012,600.0012899999999,359.99892,399.996,0.0,12.0,-600.012,-1.0,-399.996
Governance,Vendor Management,Other,Food Charges,,600.012,601.1995499999999,360.72081,400.8059999999999,0.0,12.0,-600.012,-1.0,-400.8059999999999
Enablement,Business Intelligence,Other,Food Charges,,601.2,599.4,299.99699999999996,599.99904,0.0,12.0,-601.2,-1.0,-599.99904
Functional,R2,Other,Other Miscellaneous - Property Management,,603.612,452.70899999999995,150.903,301.806,0.0,12.0,-603.612,-1.0,-301.806
Infrastructure,Help Desk,Other,Internal,,604.8,453.59999999999997,0.0,403.2,0.0,12.0,-604.8,-1.0,-403.2
BU Support,Manufacturing,Labor,Profit Sharing,,607.02,455.409,,,0.0,12.0,-607.02,-1.0,0.0
BU Support,Emerging,Labor,Retirement Medical,5390.9039999999995,6000.0,6094.539,5995.278,6113.982,20.0,12.0,-609.0960000000005,-0.10151600000000008,-723.0780000000004
Infrastructure,Productivity,Other,Salaries Deductions Car,-614.667,,-114.702,-436.212,-294.93,11.0,0.0,-614.667,,-319.737
Governance,Security & Risk Management,Hardware & Software,Purchased Software,152.799,780.012,585.9,343.1652,424.04999999999995,7.0,12.0,-627.213,-0.8041068598944632,-271.251
Governance,Process Management,Other,Team Performance,,630.0,629.09298,471.82446000000004,509.22252000000003,0.0,24.0,-630.0,-1.0,-509.22252000000003
BU Support,Manufacturing,Labor,Adjustments,1308.435,1940.796,1455.597,2278.833,1940.796,1.0,12.0,-632.3610000000001,-0.3258255890881886,-632.3610000000001
BU Support,Manufacturing,Other,Transportation - Miscellaneous,97.251,741.5999999999999,653.451,282.651,468.051,1.0,12.0,-644.3489999999999,-0.8688632686084142,-370.79999999999995
Functional,R5,Other,Lease,2949.21,3600.0,3446.9519999999998,2221.548,1487.463,12.0,12.0,-650.79,-0.180775,1461.747
BU Support,Manufacturing,Labor,Payroll Taxes - Social,,657.972,493.47900000000004,,,0.0,12.0,-657.972,-1.0,0.0
Functional,R2,Other,Matching,-758.601,-100.044,-204.357,-381.10875,-164.17194,27.0,12.0,-658.557,,-594.4290599999999
Infrastructure,Hosting,Other,Internal,,660.0,495.0,165.0,330.0,0.0,24.0,-660.0,-1.0,-330.0
Functional,R5,Hardware & Software,Service Contracts,4736.4,5400.0,5140.2,3324.6,2210.3999999999996,12.0,12.0,-663.6000000000004,-0.12288888888888895,2526.0
Infrastructure,Networking,Other,Internal,,684.0,513.0,171.0,342.0,0.0,12.0,-684.0,-1.0,-342.0
Enablement,Document Management,Other,Team Performance,338.586,1036.8,1037.2469999999998,639.3209999999999,1036.7988,4.0,12.0,-698.2139999999999,-0.6734317129629629,-698.2128
Governance,Administration,Other,Transportation - Miscellaneous,10.68,720.0,540.0,180.0,360.0,1.0,12.0,-709.32,-0.9851666666666667,-349.32
BU Support,Distribution,Other,Salaries Deductions Car,-718.584,,-164.06699999999998,-516.3209999999999,-356.19599999999997,11.0,0.0,-718.584,,-362.388
Infrastructure,Hosting,Other,Transportation - Miscellaneous,,720.0,540.0,0.0,360.0,0.0,12.0,-720.0,-1.0,-360.0
Governance,Architecture,Labor,Bonuses,45636.306,46364.4,11290.901999999998,34187.837999999996,22739.37,12.0,12.0,-728.0940000000046,-0.015703729585630453,22896.935999999998
Functional,R5,Hardware & Software,Maintenance and Repairs,156.0,900.0,690.0,,,2.0,12.0,-744.0,-0.8266666666666667,156.0
BU Support,Development,Other,Salaries Deductions Car,-745.977,,-144.822,-599.406,-372.174,9.0,0.0,-745.977,,-373.803
Functional,R2,Hardware & Software,Computer Rental,,750.0239999999999,562.8149999999999,188.10000000000002,375.606,0.0,12.0,-750.0239999999999,-1.0,-375.606
Infrastructure,Data Centers,Other,Team Performance,,770.4,725.409,400.57101,656.487,0.0,48.0,-770.4,-1.0,-656.487
Enablement,Six Sigma,Other,Other Miscellaneous Expense,426.0,1199.9879999999998,1112.991,725.997,812.9939999999999,2.0,12.0,-773.9879999999998,-0.6449964499644996,-386.9939999999999
Infrastructure,Core Infrastructure,Other,Insurance,-13.086,761.2199999999999,570.915,357.36749999999995,642.8959199999999,1.0,24.0,-774.3059999999999,-1.0171908252541972,-655.98192
BU Support,Development,Labor,Contractors,9629.25,10405.335000000001,11342.523000000001,9682.386,10603.011,10.0,12.0,-776.085000000001,-0.07458529686934644,-973.7610000000004
BU Support,Manufacturing,Other,Safety,777.9119999999999,1554.417,1321.4669999999999,1222.239,1346.19597,20.0,84.0,-776.505,-0.499547418742847,-568.2839700000001
BU Support,Emerging,Other,Insurance,423.9359999999999,1202.004,981.303,974.6099999999999,1202.0039999999997,7.0,12.0,-778.068,-0.6473089939800534,-778.0679999999998
Governance,Security & Risk Management,Other,Internal,,780.012,516.89259,310.14081,668.58174,0.0,12.0,-780.012,-1.0,-668.58174
Governance,Quality & Compliance,Other,Team Performance,,788.4000000000001,787.5008999999999,590.6263499999999,525.0060000000001,0.0,12.0,-788.4000000000001,-1.0,-525.0060000000001
Governance,Process Management,Labor,Insurance,98328.81,99119.7,24970.509,73804.08,48800.307,24.0,24.0,-790.8899999999994,-0.00797914037270088,49528.503
Functional,R3,Other,Salaries Deductions Car,-813.756,,-177.423,-683.898,-456.60900000000004,10.0,0.0,-813.756,,-357.14699999999993
Infrastructure,Networking,Other,Transportation - Air,543.849,1386.0,1162.12191,843.789,846.333,22.0,12.0,-842.151,-0.6076125541125541,-302.4839999999999
Governance,Process Management,Other,Individual Performance Recognition,1590.825,2437.2000000000003,2437.7892,1989.32952,2157.06048,18.0,24.0,-846.3750000000002,-0.3472735105859183,-566.23548
Governance,Vendor Management,Other,Team Performance,49.343999999999994,900.0,900.00072,674.99964,771.4285199999999,1.0,12.0,-850.656,-0.9451733333333333,-722.0845199999999
Infrastructure,Networking,Labor,Insurance,45164.334,46020.0,47756.37,47187.951,48403.80222,25.0,12.0,-855.6659999999974,-0.018593350717079474,-3239.468219999995
Functional,R3,Other,Training,9228.315,10086.3,10602.164999999999,9115.56306,390392.61324,17.0,36.0,-857.9849999999988,-0.08506439427738605,-381164.29824
BU Support,Manufacturing,Other,Internal,959.37,1831.701,1411.632,728.196,495.0,4.0,24.0,-872.331,-0.4762409367030973,464.37
Governance,Process Management,Other,Food Charges,13.752,900.0,901.1989799999999,540.62352,600.8039999999999,1.0,24.0,-886.248,-0.98472,-587.0519999999999
Enablement,EIM,Hardware & Software,Servers Rental,5085.447,6000.0,4796.754,3722.655,4796.754,9.0,12.0,-914.5529999999999,-0.1524255,288.6930000000002
Governance,GRC,Other,Internal,-203.92800000000003,724.104,-457.95099000000005,286.2846299999999,318.83826,3.0,36.0,-928.032,-1.2816280534287892,-522.76626
Enablement,Six Sigma,Other,Individual Performance Recognition,105.81,1044.0,804.9,291.885,548.985,7.0,12.0,-938.19,-0.8986494252873564,-443.175
Functional,R2,Other,Telecom Services,330.348,1269.036,1027.743,985.71525,1273.31706,22.0,24.0,-938.6880000000001,-0.7396858717955992,-942.9690600000001
Governance,Portfolio Management,Other,Individual Performance Recognition,784.713,1738.8000000000002,1739.9979,1489.59432,1517.11122,9.0,12.0,-954.0870000000002,-0.5487042788129746,-732.39822
BU Support,Emerging,Other,Audit Fees,,961.452,721.0889999999999,721.0889999999999,961.452,0.0,12.0,-961.452,-1.0,-961.452
Functional,R3,Labor,Insurance,30890.625,31860.299999999996,34094.115,22620.066,16141.335,30.0,12.0,-969.6749999999956,-0.030435212474458677,14749.29
Governance,Vendor Management,Hardware & Software,Purchased Software,1408.29,2400.012,1842.0059999999999,1939.23,1507.089,10.0,12.0,-991.7220000000002,-0.41321543392283044,-98.79899999999998
BU Support,Development,Other,Sales Meeting Expense,,1020.0,765.0,,,0.0,12.0,-1020.0,-1.0,0.0
BU Support,Distribution,Hardware & Software,Non CAPEX Equipment,2215.932,3264.048,2448.0359999999996,3031.944,1632.024,4.0,12.0,-1048.116,-0.321109248393406,583.9079999999999
Governance,GRC,Other,Training,7610.34,8680.32,8709.49032,10610.28693,12516.14352,16.0,36.0,-1069.9799999999996,-0.12326504092015036,-4905.8035199999995
Infrastructure,Help Desk,Other,Materials,,1080.0,810.0,0.0,540.0,0.0,12.0,-1080.0,-1.0,-540.0
Enablement,Portals,Labor,Retirement Medical,46906.809,47998.8,48754.494,35488.365,24151.218,12.0,12.0,-1091.9910000000018,-0.022750381259531525,22755.591
Infrastructure,Data Centers,Hardware & Software,Service Contracts,-1095.201000000001,,18701.823,417091.047,-1082.4449999999997,11.0,0.0,-1095.201000000001,,-12.756000000001222
Functional,R2,Other,Individual Performance Recognition,10233.312,11397.6,11632.41,9549.075,10229.274,76.0,96.0,-1164.2880000000005,-0.1021520320067383,4.038000000000466
Enablement,Business Intelligence,Hardware & Software,Maintenance and Repairs,306.12300000000005,1501.1999999999998,1228.5,499.98900000000003,818.1824399999998,2.0,12.0,-1195.0769999999998,-0.7960811350919264,-512.0594399999998
Functional,R2,Other,Office Supplies,39.894000000000005,1241.064,930.798,445.68600000000004,755.952,2.0,24.0,-1201.17,-0.9678550018371332,-716.058
Functional,R3,Labor,Payroll Taxes - Extra,-1211.946,,562.806,482.193,-113.99400000000003,12.0,0.0,-1211.946,,-1097.9519999999998
BU Support,Emerging,Labor,Insurance,13079.685,14305.293,14216.157,13963.034249999999,14245.38906,46.0,48.0,-1225.6080000000002,-0.08567514136201196,-1165.70406
Infrastructure,Hosting,Other,Materials,736.6709999999999,1980.0,1743.432,1095.489,1296.492,7.0,24.0,-1243.3290000000002,-0.6279439393939394,-559.821
Governance,Architecture,Other,Materials,2476.6949999999997,3733.2,2855.064,1435.5149999999999,2091.144,11.0,12.0,-1256.505,-0.3365758598521376,385.55099999999993
Functional,R1,Other,Training,3848.3039999999996,5130.18,3847.635,2876.217,2565.09,5.0,72.0,-1281.8760000000007,-0.24986959521888133,1283.2139999999995
Governance,Quality & Compliance,Hardware & Software,Purchased Software,810.1320000000001,2099.988,1688.23491,1316.6999700000001,1226.2559999999999,9.0,12.0,-1289.8559999999998,-0.6142206526894439,-416.1239999999998
Infrastructure,Productivity,Labor,Vacation,-1290.8430000000008,,6230.454,8099.075999999999,2168.7402599999996,60.0,0.0,-1290.8430000000008,,-3459.5832600000003
Infrastructure,SSO,Depr & Amort,Fixed Assets,23687.964,25002.0,23789.733,23789.379,23789.751,12.0,12.0,-1314.036,-0.05255723542116631,-101.78700000000026
Functional,R2,Labor,Salary,-1314.3509999999997,,1665.981,875.9730000000001,-6.000000007588824e-05,16.0,0.0,-1314.3509999999997,,-1314.3509399999996
Infrastructure,Networking,Labor,Retirement Medical,37679.673,38998.8,39087.426,37533.387,38454.381,13.0,12.0,-1319.1270000000004,-0.03382480999415367,-774.7079999999987
Infrastructure,Help Desk,Hardware & Software,Computer Hardware,477.321,1800.0,1570.2930000000001,927.321,1120.2930000000001,4.0,12.0,-1322.679,-0.7348216666666667,-642.9720000000001
Governance,Portfolio Management,Other,M&E-Nondeductible,461.316,1800.0,1800.0,1289.46651,1241.31,4.0,12.0,-1338.684,-0.7437133333333333,-779.9939999999999
BU Support,Emerging,Labor,Employee Benefits,11800.29,13165.119,12634.74,12994.475999999999,13165.119,24.0,24.0,-1364.8289999999997,-0.10367008456209166,-1364.8289999999997
Enablement,Document Management,Hardware & Software,Maintenance and Repairs,123.855,1501.1999999999998,1188.456,498.858,873.85506,3.0,12.0,-1377.3449999999998,-0.9174960031974421,-750.00006
Functional,R1,Other,Advertising,-1421.615999999999,,-1421.615999999999,-1421.615999999999,-1421.615999999999,3.0,0.0,-1421.615999999999,,0.0
Governance,Architecture,Labor,Retirement Plan Match,37582.74,39010.8,10054.452000000001,28220.256,19196.511,12.0,12.0,-1428.060000000005,-0.036606785813159556,18386.229
Governance,Architecture,Other,Internal,,1432.8000000000002,1431.90018,802.7994600000001,1228.11426,0.0,12.0,-1432.8000000000002,-1.0,-1228.11426
Functional,R1,Other,Other Miscellaneous Expense,820.578,2256.732,1692.549,1382.805,4016.422379999998,6.0,12.0,-1436.154,-0.6363865979655537,-3195.844379999998
Infrastructure,Hosting,Labor,Retirement Medical,64553.564999999995,66002.4,66243.38699999999,52318.041,65696.93699999999,24.0,24.0,-1448.8349999999991,-0.02195124722737354,-1143.3719999999958
Governance,Process Management,Hardware & Software,Maintenance and Repairs,36.867,1500.0120000000002,1162.7669999999998,412.167,787.467,1.0,12.0,-1463.1450000000002,-0.975422196622427,-750.6
Governance,Quality & Compliance,Hardware & Software,Maintenance and Repairs,11.4,1500.0120000000002,1136.40009,387.07647,761.4060000000001,1.0,12.0,-1488.612,-0.9924000607995136,-750.0060000000001
Governance,Security & Risk Management,Hardware & Software,Maintenance and Repairs,9.546,1500.0120000000002,1125.8999999999999,382.4025,750.5999999999999,1.0,12.0,-1490.4660000000001,-0.9936360509115927,-741.0539999999999
Governance,Portfolio Management,Hardware & Software,Maintenance and Repairs,,1500.0120000000002,1125.00009,374.41799999999995,750.0060000000001,0.0,12.0,-1500.0120000000002,-1.0,-750.0060000000001
Governance,Portfolio Management,Other,Internal,,1500.0120000000002,1500.00201,900.00279,1285.7245199999998,0.0,12.0,-1500.0120000000002,-1.0,-1285.7245199999998
Governance,Vendor Management,Hardware & Software,Maintenance and Repairs,,1500.0120000000002,1125.8999999999999,373.90572,750.5999999999999,0.0,12.0,-1500.0120000000002,-1.0,-750.5999999999999
Enablement,Document Management,Labor,Outsourcing,1328309.838,1329811.2000000002,1205515.866,1364818.728,1403974.55706,11.0,12.0,-1501.3620000001974,-0.0011290038766406819,-75664.71906000003
BU Support,Emerging,Other,Telecom Services,3387.126,4899.204,4059.444,5351.7015,4899.20406,36.0,12.0,-1512.0779999999995,-0.30863748478324227,-1512.0780599999998
Enablement,Document Management,Other,Individual Performance Recognition,2489.781,4003.2,4002.6929999999998,2973.129,4003.1551799999997,11.0,12.0,-1513.4189999999999,-0.3780523081534772,-1513.3741799999998
Infrastructure,SSO,Labor,Payroll Taxes - Salaries,50163.473999999995,51696.0,53584.104,50813.98499999999,51865.871999999996,12.0,12.0,-1532.5260000000053,-0.029644962859795832,-1702.398000000001
BU Support,Manufacturing,Other,Clerical Materials,36.230999999999995,1574.0369999999998,1242.819,90.834,132.60005999999998,13.0,24.0,-1537.8059999999998,-0.9769821166846777,-96.36905999999999
BU Support,Manufacturing,Other,Lease,169.32599999999996,1713.6,1261.1729999999998,361.07699999999994,820.17906,22.0,12.0,-1544.274,-0.9011869747899159,-650.8530600000001
Functional,R1,Other,Telecommunication,543.183,2102.7960000000003,1742.6970000000001,908.718,1322.28,11.0,12.0,-1559.6130000000003,-0.7416853560687771,-779.097
Enablement,EIM,Other,Lease,-1569.291,,-10.527000000000044,-1569.291,-10.527000000000044,4.0,0.0,-1569.291,,-1558.764
Infrastructure,SSO,Depr & Amort,Software,2211.432,3790.7999999999997,2211.3419999999996,2211.432,2211.411,7.0,12.0,-1579.368,-0.4166318455207344,0.02099999999973079
Governance,Security & Risk Management,Labor,Retirement Plan Match,51765.231,53345.399999999994,13642.796999999999,38095.598999999995,25941.081,12.0,12.0,-1580.1689999999944,-0.02962146689311533,25824.15
BU Support,Emerging,Other,Seminars,84.6,1682.6039999999998,1346.5529999999999,1283.103,1682.6039999999998,1.0,12.0,-1598.004,-0.9497207899184835,-1598.004
Governance,Process Management,CAPEX,Professional Services,-1678.506,,,-1678.506,-1678.506,1.0,0.0,-1678.506,,0.0
Enablement,Business Intelligence,Other,Materials,818.1389999999999,2520.0,2263.449,1336.893,1876.701,9.0,12.0,-1701.861,-0.6753416666666667,-1058.5620000000001
BU Support,Emerging,Other,Postage,96.25799999999998,1800.0,1376.748,1389.6615000000002,1800.00006,13.0,12.0,-1703.742,-0.9465233333333333,-1703.74206
Infrastructure,Hosting,Other,Travel Expense,9072.456,10800.0,11210.997,13546.413,12350.14248,14.0,24.0,-1727.5439999999999,-0.15995777777777775,-3277.6864800000003
Governance,Administration,Other,Marketing Campaigns,1380.9750000000001,3150.0,3098.337,2298.492,2108.505,7.0,12.0,-1769.0249999999999,-0.561595238095238,-727.53
Enablement,Mobility,Other,Training,422.181,2250.0,1687.5,879.681,1442.181,2.0,12.0,-1827.819,-0.812364,-1020.0
BU Support,R&D,Hardware & Software,Field Engineering,,1836.0,1377.0,,,0.0,12.0,-1836.0,-1.0,0.0
Enablement,Six Sigma,Other,Training,1725.0,3600.0,2700.0,1695.0,1800.0,4.0,12.0,-1875.0,-0.5208333333333334,-75.0
Infrastructure,Networking,Labor,Office Services,2249.997,4176.0,4096.00008,1312.002,2704.005,1.0,12.0,-1926.0030000000002,-0.46120761494252877,-454.00800000000027
Enablement,Business Intelligence,Labor,Savings Plan,25858.944,27792.6,7083.594,20473.704,14033.376,12.0,12.0,-1933.655999999999,-0.06957449105157484,11825.568
Governance,Architecture,Labor,Retirement Medical,22062.159,24001.199999999997,6124.8330000000005,16733.553,11442.885,12.0,12.0,-1939.0409999999974,-0.08078933553322325,10619.274
Governance,Quality & Compliance,Other,Individual Performance Recognition,1060.857,3045.6000000000004,3045.00051,2498.1489,2106.129,11.0,12.0,-1984.7430000000004,-0.6516755319148937,-1045.272
Infrastructure,Help Desk,Labor,Payroll Taxes - Salaries,4121.97,6143.099999999999,7669.011,4121.97,6487.47,6.0,12.0,-2021.1299999999992,-0.32900815549152695,-2365.5
Governance,GRC,Other,Telecom,2337.8639999999996,4366.656,3814.9932,2676.24381,3182.51622,9.0,36.0,-2028.7920000000004,-0.4646099898869983,-844.6522200000004
Governance,Quality & Compliance,Other,M&E-Nondeductible,667.608,2700.0,2699.89272,1829.6656499999997,2240.8019999999997,7.0,12.0,-2032.392,-0.7527377777777778,-1573.1939999999997
Governance,Quality & Compliance,Other,Internal,,2099.988,1812.16332,1013.7776399999998,1208.1059999999998,0.0,12.0,-2099.988,-1.0,-1208.1059999999998
Governance,Architecture,Other,Training,10124.484,12273.0,12272.99916,8926.64862,10536.5835,7.0,12.0,-2148.5159999999996,-0.17506037643607916,-412.09950000000026
BU Support,Emerging,Labor,Other ( + Tax ),,2163.456,1622.592,1622.592,2163.456,0.0,24.0,-2163.456,-1.0,-2163.456
Enablement,Business Intelligence,Other,M&E-Nondeductible,516.198,2698.8,2698.8,1709.127,2699.8926,6.0,12.0,-2182.6020000000003,-0.8087305469097377,-2183.6946000000003
Infrastructure,Productivity,Labor,Savings Plan,22406.358,24603.0,23999.118000000002,23388.444,23561.862,12.0,12.0,-2196.642,-0.08928350201194976,-1155.5040000000008
BU Support,Development,Other,Salaries Deductions - Other,-2241.7019999999998,,-14.435999999999998,-2227.0919999999996,-2204.4419999999996,9.0,0.0,-2241.7019999999998,,-37.26000000000022
Functional,R2,Other,Tips,,2263.464,1697.5980000000002,,1131.732,0.0,12.0,-2263.464,-1.0,-1131.732
Infrastructure,Help Desk,Other,Training,3360.0,5634.0,5589.0,3360.0,5589.0,5.0,12.0,-2274.0,-0.4036208732694356,-2229.0
Functional,R2,Other,Team Performance,652.8,2944.7999999999997,2960.538,1546.95,2623.95,6.0,96.0,-2292.0,-0.7783211083944581,-1971.1499999999999
Governance,Security & Risk Management,Labor,Savings Plan,23964.084,26289.0,5981.532,17455.128,11718.33,12.0,12.0,-2324.916000000001,-0.0884368366997604,12245.753999999999
BU Support,Planning,Hardware & Software,Non product,5630.601000000001,7956.1889999999985,6085.703999999999,2917.7309999999998,8071.733999999999,5.0,12.0,-2325.587999999998,-0.29229924025183396,-2441.132999999998
BU Support,R&D,Hardware & Software,Vendor,,2332.8,1749.6000000000001,,,0.0,24.0,-2332.8,-1.0,0.0
Infrastructure,Productivity,Shared Services,G&A,-2371.722,,,,,1.0,0.0,-2371.722,,-2371.722
Governance,Architecture,Other,Subscriptions,1208.082,3600.0,3600.00018,3002.01978,4293.79626,1.0,12.0,-2391.9179999999997,-0.6644216666666666,-3085.7142599999997
Governance,Administration,Other,College Relations,,2400.0,2400.0,0.0,2400.0,0.0,12.0,-2400.0,-1.0,-2400.0
Governance,Vendor Management,Other,Internal,,2400.012,2196.9009,701.31591,2057.15322,0.0,12.0,-2400.012,-1.0,-2057.15322
BU Support,Manufacturing,Other,Employee Activities,100.035,2519.52,1943.397,1158.354,2317.21497,2.0,24.0,-2419.485,-0.960296008763574,-2217.17997
Enablement,EIM,Other,M&E-Nondeductible,1912.9679999999998,4350.012000000001,4350.599999999999,2793.603,4349.9406,10.0,12.0,-2437.044000000001,-0.5602384545146083,-2436.9726
BU Support,Distribution,Other,Insurance,350.724,2803.7159999999994,2346.633,1051.6529999999998,1752.5819999999999,3.0,12.0,-2452.9919999999993,-0.8749074442632563,-1401.858
Governance,Architecture,Labor,Savings Plan,16633.176,19093.8,4120.862999999999,12462.404999999999,8291.634,12.0,12.0,-2460.624,-0.12887031392389153,8341.542
BU Support,Manufacturing,Labor,Vacation Accrual,-2472.648,11.397000000000105,1237.212,-3224.445,11.397000000000048,7.0,12.0,-2484.045,-217.95604106343575,-2484.045
Infrastructure,Data Centers,Other,Telecommunication,,2599.704,1949.7780000000002,586.44702,1905.0219,0.0,36.0,-2599.704,-1.0,-1905.0219
Infrastructure,Productivity,Other,Transportation - Miscellaneous,423.831,3120.0119999999997,2385.8849999999998,933.834,1336.79748,3.0,24.0,-2696.1809999999996,-0.8641572532413336,-912.9664799999999
Infrastructure,Core Infrastructure,Other,M&E-100% Deductible,256.344,2998.8,2249.1,856.29975,776.39994,3.0,12.0,-2742.456,-0.9145178071228491,-520.05594
Enablement,Portals,Labor,Savings Plan,28857.492,31641.0,31331.177999999996,21726.953999999998,14596.416,12.0,12.0,-2783.5080000000016,-0.08797155589267096,14261.076
BU Support,Planning,Other,Telecom Services,128.55,2916.036,2260.305,851.5079999999999,1458.0179999999998,9.0,12.0,-2787.486,-0.9559161821047476,-1329.4679999999998
Enablement,Portals,Labor,Insurance,53835.191999999995,56639.7,59241.051,39751.29,27020.055,12.0,12.0,-2804.5080000000016,-0.04951488090508957,26815.136999999995
Functional,R3,Labor,Savings Plan,16319.822999999999,19133.4,19096.992,12569.541,8819.259,12.0,12.0,-2813.577000000003,-0.14705055034651462,7500.5639999999985
Governance,Quality & Compliance,Shared Services,Time Charges - Activities,-2815.2,,,-1126.08,,3.0,0.0,-2815.2,,-2815.2
Infrastructure,Productivity,Labor,Payroll Taxes - Extra,-2863.758,,1003.524,1944.3990000000001,2315.87304,39.0,0.0,-2863.758,,-5179.63104
Enablement,Six Sigma,Hardware & Software,Purchased Software,107.226,2999.988,2249.991,823.4549999999999,1515.168,8.0,12.0,-2892.7619999999997,-0.9642578570314281,-1407.942
Governance,Security & Risk Management,Other,Travel Expense,12706.506,15600.011999999999,15601.225079999998,15174.99204,15126.02355,12.0,12.0,-2893.5059999999994,-0.18548101116845292,-2419.5175500000005
BU Support,Planning,Hardware & Software,Non CAPEX Equipment,18.405,2916.036,2242.857,18.405,3.135000000000005,6.0,12.0,-2897.631,-0.9936883495265489,15.269999999999996
Governance,Vendor Management,Other,M&E-Nondeductible,1232.193,4199.988,4198.90161,2264.74581,3807.99426,8.0,12.0,-2967.795,-0.7066198760567887,-2575.80126
Governance,Architecture,Labor,Insurance,25350.498,28320.0,7001.67,18781.202999999998,12843.153,12.0,12.0,-2969.5020000000004,-0.10485529661016951,12507.345
Governance,Vendor Management,Other,Individual Performance Recognition,508.506,3481.2,3481.22871,2711.5137299999997,2995.76352,9.0,12.0,-2972.694,-0.8539279558772838,-2487.25752
Infrastructure,Productivity,Other,Services,-2986.215,,,5758.302,,3.0,0.0,-2986.215,,-2986.215
Infrastructure,Productivity,Labor,Unscheduled Overtime,-597.9569999999999,2439.3239999999996,1296.0269999999998,-415.314,-855.1687800000001,30.0,12.0,-3037.2809999999995,-1.245132257953433,257.2117800000002
Infrastructure,Networking,Other,Clerical Materials,,3060.0,2295.0,765.0,1530.0,0.0,12.0,-3060.0,-1.0,-1530.0
Governance,Process Management,Other,M&E-Nondeductible,848.3729999999999,3930.0,3929.85498,2608.37151,3518.22774,10.0,24.0,-3081.627,-0.7841290076335877,-2669.8547399999998
Enablement,EIM,Other,Materials,1401.009,4500.0,3662.7,2187.534,3089.241,9.0,12.0,-3098.991,-0.6886646666666667,-1688.232
Functional,R3,Labor,Retirement Medical,23872.011,27000.0,27424.965,18543.405,13252.737,12.0,12.0,-3127.9890000000014,-0.11585144444444449,10619.274
BU Support,Manufacturing,Other,Office Rental,-3129.1440000000002,,-813.5520000000001,-3294.6420000000003,-3288.0090000000005,7.0,0.0,-3129.1440000000002,,158.86500000000024
Infrastructure,Hosting,Other,Telephone,727.461,3960.0,3130.05,755.1089999999999,2323.18422,13.0,12.0,-3232.5389999999998,-0.8162977272727272,-1595.72322
Infrastructure,Hosting,Labor,Retirement Plan Match,76807.77,80041.2,81033.777,63253.824,81359.92926,36.0,24.0,-3233.429999999993,-0.04039707050868794,-4552.15926
Functional,R1,Other,Salaries Deductions Car,-3252.99,,-532.749,-2174.115,-1362.318,11.0,0.0,-3252.99,,-1890.6719999999998
Enablement,Business Intelligence,Labor,Retirement Plan Match,53059.488,56340.0,14923.764,41536.734,28441.818,12.0,12.0,-3280.5120000000024,-0.05822705005324818,24617.67
Enablement,Six Sigma,Other,Lease,,3300.0119999999997,2475.009,825.0029999999999,1650.0059999999999,0.0,12.0,-3300.0119999999997,-1.0,-1650.0059999999999
Enablement,Business Intelligence,Other,Internal,,3358.7999999999997,3096.8999999999996,1547.8469999999998,3095.7004799999995,0.0,12.0,-3358.7999999999997,-1.0,-3095.7004799999995
BU Support,Development,Labor,Office Services,236.595,3597.2729999999997,2747.292,951.7572899999999,1849.5253799999998,3.0,12.0,-3360.678,-0.934229345395804,-1612.9303799999998
Infrastructure,Hosting,Hardware & Software,Maintenance and Repairs,208.12199999999999,3600.0,2700.0,1108.122,1959.441,4.0,12.0,-3391.878,-0.9421883333333334,-1751.319
Infrastructure,Help Desk,Labor,Savings Plan,1235.58,4653.6,4539.612,1235.58,3575.58,5.0,12.0,-3418.0200000000004,-0.734489427539969,-2340.0
BU Support,Manufacturing,Other,Office Supplies,535.842,4080.0299999999997,2935.7039999999997,1715.649,2725.09794,10.0,12.0,-3544.1879999999996,-0.8686671421533665,-2189.25594
BU Support,Distribution,Other,Misc. Credits - 3,-3621.111,,,-3621.111,,1.0,0.0,-3621.111,,-3621.111
Enablement,Data Management,Other,Other Miscellaneous Expense,-3687.6569999999992,,-3630.441000000006,-4140.375000000007,-4297.599000000009,11.0,0.0,-3687.6569999999992,,609.94200000001
Infrastructure,Networking,Labor,Adjustments,-3763.287,,-3763.287,-3763.287,-3763.287,1.0,0.0,-3763.287,,0.0
Enablement,Business Intelligence,CAPEX,PMO,-3774.0,,-4080.0,-3774.0,-3774.0,2.0,0.0,-3774.0,,0.0
Functional,R1,Other,Office Rental,-55.99499999999999,3735.2159999999994,2801.412,933.8039999999999,1867.6079999999997,2.0,12.0,-3791.2109999999993,-1.0149911009162522,-1923.6029999999996
Enablement,Portals,Labor,Bonuses,68907.396,72721.8,72656.346,51873.545999999995,34839.695999999996,12.0,12.0,-3814.4040000000095,-0.052452002013151616,34067.7
Infrastructure,Hosting,Labor,Insurance,74063.472,77880.0,80542.188,60373.587,81711.834,24.0,24.0,-3816.5280000000057,-0.049005238828967713,-7648.362000000008
BU Support,R&D,Other,Materials,7373.237999999999,11218.68,11572.461,9522.53736,9210.53172,15.0,24.0,-3845.442000000001,-0.3427713420830259,-1837.2937200000015
Infrastructure,Productivity,Other,Recurring,-3922.6529999999966,,0.0,10250.847,0.0,7.0,0.0,-3922.6529999999966,,-3922.6529999999966
BU Support,Planning,Shared Services,IT,-47968.541999999994,-44024.076,-39035.787000000004,-16612.488,18535.699439999997,59.0,60.0,-3944.465999999993,,-66504.24143999998
Governance,Portfolio Management,Other,Memberships,123434.89199999999,127380.01199999999,125339.90999999999,106754.89199999999,115139.898,12.0,12.0,-3945.1199999999953,-0.030971264157205417,8294.993999999992
Infrastructure,Productivity,Other,Leasing,-3947.322,,,-3947.322,,1.0,0.0,-3947.322,,-3947.322
Governance,Portfolio Management,Other,Materials,560.8889999999999,4680.0,3886.9817999999996,1456.488,2804.97,10.0,12.0,-4119.111,-0.880151923076923,-2244.081
Governance,Process Management,Other,Materials,3119.7,7260.012,5809.69809,3672.84303,4828.242,22.0,24.0,-4140.312,-0.5702899664628653,-1708.5420000000004
Enablement,Portals,Other,Training,1816.071,6000.0,4978.5,2995.2,4166.7,6.0,12.0,-4183.929,-0.6973215,-2350.629
Infrastructure,Productivity,Other,Postage,2252.679,6471.936000000001,6360.252,3779.1749999999997,5106.4422,11.0,24.0,-4219.2570000000005,-0.6519311995668684,-2853.7632000000003
Governance,Security & Risk Management,Other,Telecom,5136.351,9360.0,9617.18907,5949.693,9462.628260000001,13.0,12.0,-4223.649,-0.4512445512820513,-4326.277260000002
Infrastructure,SSO,Labor,Retirement Medical,61743.447,65998.79999999999,65714.973,63782.004,64409.7,12.0,12.0,-4255.352999999988,-0.06447621774941346,-2666.252999999997
BU Support,Emerging,Labor,Allowances,4167.891,8460.521999999999,7434.554999999999,7410.629249999998,8460.52206,17.0,24.0,-4292.630999999999,-0.5073718855645077,-4292.63106
Enablement,Six Sigma,Other,Moving Expenses - NT,4311.483,8640.0,6654.9,5504.94,6723.36,6.0,12.0,-4328.517,-0.5009857638888888,-2411.8769999999995
Governance,Administration,Other,Training,7647.378,11979.0,16701.9,14713.578,17149.578,7.0,12.0,-4331.622,-0.36160130227898823,-9502.2
BU Support,Manufacturing,Labor,Workers Comp,4704.246,9036.69,10331.028,7830.201,5853.696,60.0,60.0,-4332.444,-0.479428197713986,-1149.4499999999998
BU Support,R&D,Labor,Office Services,,4337.883,3255.282,1090.08183,2172.68454,0.0,12.0,-4337.883,-1.0,-2172.68454
Governance,Architecture,Other,Telecom,4877.727,9216.0,9216.00084,5718.951,8806.862519999999,10.0,12.0,-4338.273,-0.4707327473958334,-3929.135519999999
Infrastructure,Hosting,Labor,Savings Plan,35456.079,39832.8,38585.895,28795.190999999995,37647.393,24.0,24.0,-4376.721000000005,-0.10987731216484918,-2191.3139999999985
BU Support,Distribution,Labor,Vacation,-4383.746999999999,,2767.932,-5172.998999999999,4656.123,42.0,0.0,-4383.746999999999,,-9039.869999999999
Functional,R3,Other,Materials,88.137,4500.0,3391.6589999999997,273.62163,3546.09234,9.0,24.0,-4411.863,-0.980414,-3457.95534
Governance,Administration,Other,Materials,1059.3509999999999,5490.0,4329.87,2226.297,3301.098,19.0,12.0,-4430.649,-0.8070398907103826,-2241.7470000000003
Functional,R2,Other,Postage,144.642,4584.456,3474.849,3475.704,4584.45588,25.0,24.0,-4439.814,-0.9684494736125726,-4439.813880000001
Governance,Quality & Compliance,Other,Training,4555.035,9000.0,8999.999160000001,6958.93563,9354.498,7.0,12.0,-4444.965,-0.493885,-4799.463
Governance,Security & Risk Management,Other,Training,16913.240999999998,21449.988,21448.89093,21048.12345,22349.73948,10.0,12.0,-4536.747000000003,-0.21150347496697913,-5436.498480000002
BU Support,Manufacturing,Labor,Allowances,4283.877,8930.405999999999,7802.672999999999,5178.162,6179.68803,12.0,24.0,-4646.528999999999,-0.5203043400266459,-1895.8110299999998
BU Support,Manufacturing,Labor,Unscheduled Overtime,4244.727,8953.365,6013.1399999999985,5161.271999999999,7157.993939999998,79.0,72.0,-4708.638,-0.5259070751611266,-2913.2669399999977
BU Support,Emerging,Labor,Bonuses,17082.09,21813.606,22033.610999999997,21072.62775,22340.334179999998,42.0,48.0,-4731.516,-0.21690664074523028,-5258.244179999998
BU Support,Core,Other,Other Miscellaneous Expense,,4800.0,15900.006,114387.297,193778.56499999997,0.0,12.0,-4800.0,-1.0,-193778.56499999997
BU Support,Development,Shared Services,Other Charges,13385.142,18223.887,17887.536,9015.267,7926.78,12.0,12.0,-4838.744999999999,-0.2655166266120943,5458.362
Infrastructure,Data Centers,Hardware & Software,Computer Rental,-4895.475,,,-1701.198,,2.0,0.0,-4895.475,,-4895.475
Enablement,Business Intelligence,Hardware & Software,Software Maintenance,492.6510000000002,5396.4,5396.4,635.5979999999998,6025.1849999999995,8.0,12.0,-4903.749,-0.9087074716477652,-5532.534
Enablement,EIM,Labor,Vacation,-4922.334,,90.55799999999999,-5099.181,54.42000000000007,17.0,0.0,-4922.334,,-4976.754
Governance,Process Management,Labor,Retirement Plan Match,87472.764,92445.0,23574.837,66949.974,45317.652,24.0,24.0,-4972.236000000004,-0.053785883498296334,42155.111999999994
Governance,Quality & Compliance,Other,Materials,1268.073,6300.0,5004.417,2821.7490000000003,4390.971,8.0,12.0,-5031.927,-0.7987185714285714,-3122.8979999999992
BU Support,Manufacturing,Labor,Payroll Taxes - Extra,-4577.799,455.544,-5473.146,-4798.290000000002,-15947.445,36.0,12.0,-5033.343,-11.049081976713556,11369.646
BU Support,Planning,Other,Misc. Credits - 2,-5073.012,,-5073.012,-5073.012,-5073.012,1.0,0.0,-5073.012,,0.0
Infrastructure,SSO,Labor,Savings Plan,32118.795,37365.0,36036.594,33799.388999999996,34627.335,12.0,12.0,-5246.205000000002,-0.140404255319149,-2508.540000000001
Governance,Process Management,Labor,Savings Plan,41028.936,46349.4,9743.423999999999,30797.652,20199.015,24.0,24.0,-5320.464,-0.11479035327318153,20829.921000000002
Infrastructure,Core Infrastructure,Other,Marketing Campaigns,303.897,5940.0,4496.199,1695.384,3180.384,6.0,12.0,-5636.103,-0.9488388888888889,-2876.487
Governance,Vendor Management,Other,Materials,1509.768,7200.0,7148.15934,3237.228,5065.862999999999,9.0,12.0,-5690.232,-0.79031,-3556.0949999999993
Governance,Process Management,Other,Internal,,5790.0,5780.9990099999995,3341.87817,4801.881,0.0,24.0,-5790.0,-1.0,-4801.881
BU Support,Manufacturing,Labor,Office Services,430.734,6266.691,4801.389,466.962,518.15994,14.0,48.0,-5835.956999999999,-0.9312661179560313,-87.42594000000003
BU Support,Planning,Labor,Payroll Taxes - Extra,-5845.197,,-81.96600000000001,311.42099999999965,-1115.9550000000002,12.0,0.0,-5845.197,,-4729.242
Infrastructure,Data Centers,Other,Transportation - Motor Freight,33.398999999999994,6000.0,5971.959000000001,2165.50017,4013.24298,2.0,12.0,-5966.601,-0.9944335,-3979.84398
Enablement,EIM,Other,Internal,,6000.012,5734.799999999999,2867.8500000000004,5735.6964,0.0,12.0,-6000.012,-1.0,-5735.6964
Functional,R2,Hardware & Software,Non CAPEX Equipment,,6000.047999999999,4500.629999999999,1500.3089999999997,3000.6179999999995,0.0,12.0,-6000.047999999999,-1.0,-3000.6179999999995
BU Support,Development,Depr & Amort,Fixed Assets,-6086.535,,-6086.535,-6086.535,-6086.535,1.0,0.0,-6086.535,,0.0
Infrastructure,Help Desk,Labor,Retirement Medical,2899.653,9000.0,9141.654,2899.653,7399.653,12.0,12.0,-6100.347,-0.6778163333333334,-4500.0
Infrastructure,Productivity,Other,Off Site Events,-6186.165,,197.163,265.392,265.392,5.0,0.0,-6186.165,,-6451.557
Governance,Portfolio Management,Labor,Payroll Taxes - Salaries,41911.698,48132.3,19173.765,35134.8,27370.674,12.0,12.0,-6220.602000000006,-0.12923965819210811,14541.023999999998
Enablement,Business Intelligence,Labor,Regular Salaries And Wages,456874.19999999995,463186.19999999995,692009.274,546182.259,620819.87994,12.0,12.0,-6312.0,-0.013627349001330351,-163945.67994000006
Infrastructure,SSO,Labor,Bonuses,71182.944,77554.8,76231.344,73604.706,74282.37,12.0,12.0,-6371.856,-0.0821594021259806,-3099.425999999992
Enablement,Portals,Labor,Retirement Plan Match,57775.71,64203.0,64774.653,44071.665,30308.504999999997,12.0,12.0,-6427.290000000001,-0.10010887341713005,27467.205
Infrastructure,Networking,Hardware & Software,Non product,,6444.0,6444.0000900000005,4404.447,4296.005999999999,0.0,12.0,-6444.0,-1.0,-4296.005999999999
Infrastructure,Core Infrastructure,Other,Telecommunication,20716.593,27196.236,25882.503,20689.242,26288.349899999997,12.0,12.0,-6479.643,-0.23825513942444093,-5571.756899999997
Infrastructure,Productivity,Other,Waste Disposal,13210.259999999998,19800.0,15219.119999999999,14346.599999999999,17118.6,9.0,12.0,-6589.740000000002,-0.3328151515151516,-3908.34
Infrastructure,Help Desk,Labor,Retirement Plan Match,2670.33,9269.4,9281.811,2670.33,7328.73,12.0,12.0,-6599.07,-0.711919865363454,-4658.4
Governance,Vendor Management,Labor,Payroll Taxes - Salaries,92805.723,99544.5,43792.619999999995,81790.029,65053.19699999999,12.0,12.0,-6738.777000000002,-0.06769612585326162,27752.526000000005
Governance,Security & Risk Management,Hardware & Software,Software Maintenance,4000.7279999999996,10856.118,10856.1,485.1809999999999,10496.1,8.0,12.0,-6855.390000000001,-0.6314771081154424,-6495.372000000001
Enablement,Business Intelligence,Other,Telecom,3217.11,10080.0,10078.619999999999,2553.459,2058.369,10.0,12.0,-6862.889999999999,-0.6808422619047618,1158.741
Governance,Vendor Management,Shared Services,Time Charges - Activities,-6890.4,,,-4823.28,,5.0,0.0,-6890.4,,-6890.4
Infrastructure,Networking,Labor,Savings Plan,18608.106,25535.4,23431.41,19698.198,21413.358,12.0,12.0,-6927.294000000002,-0.2712819850090463,-2805.2520000000004
Infrastructure,SSO,Labor,Insurance,70926.663,77880.0,80021.96399999999,79480.068,80357.11499999999,12.0,12.0,-6953.3369999999995,-0.08928270416024653,-9430.45199999999
Infrastructure,Help Desk,Labor,Bonuses,2030.7719999999993,9088.8,8954.090999999999,7115.807999999999,9811.553999999998,10.0,12.0,-7058.028,-0.7765632426723,-7780.781999999999
BU Support,Manufacturing,Labor,Other Labor Expenses,-7065.927,,,-7065.927,-7065.927,1.0,0.0,-7065.927,,0.0
Enablement,Document Management,Other,Materials,1364.685,8460.0,7080.858,3290.346,5216.046,12.0,12.0,-7095.3150000000005,-0.8386897163120568,-3851.3610000000003
Infrastructure,SSO,Other,Travel Expense,56.00400000000005,7200.0,7200.0,5386.917,7184.625,6.0,12.0,-7143.996,-0.9922216666666667,-7128.621
Governance,Portfolio Management,Labor,Retirement Medical,52835.973,60001.2,14894.036999999998,40656.299999999996,27809.301,12.0,12.0,-7165.226999999999,-0.11941806163876721,25026.672
Functional,R1,Other,Travel Expense,27004.739999999998,34200.798,31083.804,34293.422999999995,29996.193,55.0,72.0,-7196.0580000000045,-0.21040614315490544,-2991.4530000000013
Functional,R2,CAPEX,PMO,-7221.6,,,-3814.8,,4.0,0.0,-7221.6,,-7221.6
BU Support,Manufacturing,Labor,Vacation,3818.2590000000005,11044.188,14685.978,5888.961,6912.93,112.0,84.0,-7225.929,-0.6542743567929122,-3094.671
Infrastructure,Help Desk,Labor,Insurance,3284.0879999999997,10620.0,11106.597,3284.0879999999997,9443.688,12.0,12.0,-7335.912,-0.6907638418079096,-6159.6
BU Support,Development,Other,Materials,1923.6870000000001,9303.3,7545.335999999999,6463.448189999999,8465.34738,9.0,12.0,-7379.612999999999,-0.7932253071490761,-6541.660379999999
Governance,Architecture,Hardware & Software,Purchased Software,92.05199999999999,7498.799999999999,7499.99979,92.05199999999999,6427.54278,6.0,12.0,-7406.748,-0.9877244359097456,-6335.49078
Infrastructure,Productivity,Other,Freight In,1400.397,8903.196,7416.684,2854.143,2657.4084,7.0,12.0,-7502.799,-0.8427085060241288,-1257.0113999999999
Infrastructure,Data Centers,Labor,Office Services,38067.12,45579.600000000006,45175.893000000004,39688.020000000004,40039.494,15.0,12.0,-7512.480000000003,-0.16482110417818502,-1972.3739999999962
Infrastructure,Networking,Other,Training,4826.406,12431.34,10429.533,8250.716999999999,9282.18606,20.0,24.0,-7604.934,-0.6117549676865085,-4455.78006
Enablement,Document Management,Other,M&E-Nondeductible,1205.844,8848.8,7050.0599999999995,3805.473,7049.99994,8.0,12.0,-7642.955999999999,-0.8637279631136425,-5844.15594
Functional,R2,Labor,Allowances,-7746.9,,-7746.9,-7746.9,-7746.9,1.0,0.0,-7746.9,,0.0
BU Support,R&D,Labor,Outside Services,-8021.934000000001,0.0,-8021.934,-8021.934000000001,-2769.6240000000003,7.0,24.0,-8021.934000000001,,-5252.310000000001
Infrastructure,Hosting,Other,Memberships,104.4,8280.0,628.2,150.0,477.0,3.0,24.0,-8175.6,-0.9873913043478262,-372.6
Governance,Architecture,Labor,Professional Services,6711.825,15001.199999999999,14999.99958,5985.00009,12858.17148,4.0,12.0,-8289.375,-0.5525807935365171,-6146.346480000001
Enablement,Six Sigma,Labor,Payroll Taxes - Salaries,21389.132999999998,30022.8,28842.878999999997,23748.78,26303.222999999998,12.0,12.0,-8633.667000000001,-0.2875703465366322,-4914.09
Governance,Administration,Labor,Savings Plan,35747.463,44388.6,8189.058,26686.368000000002,16775.838,12.0,12.0,-8641.136999999995,-0.19467018558819146,18971.625000000004
Governance,Portfolio Management,Labor,Savings Plan,26359.914,35242.2,7079.4,20174.844,13808.448,12.0,12.0,-8882.285999999996,-0.2520355142414491,12551.466
Governance,Portfolio Management,Other,Travel Expense,3667.098,12600.0,12600.0003,9035.06403,11563.195259999999,4.0,12.0,-8932.902,-0.7089604761904762,-7896.097259999999
Governance,Portfolio Management,Other,Training,,9000.011999999999,9000.00027,5250.00063,7928.58174,0.0,12.0,-9000.011999999999,-1.0,-7928.58174
Governance,Process Management,Labor,Regular Salaries And Wages,763211.517,772453.2,1124246.892,896531.71203,1009190.646,24.0,24.0,-9241.68299999996,-0.011964068502790798,-245979.12899999996
Infrastructure,Core Infrastructure,Labor,Retirement Medical,26750.946,36000.0,34972.386,21065.26275,33064.08906,34.0,24.0,-9249.054,-0.25691816666666667,-6313.1430599999985
Governance,Architecture,Hardware & Software,Computer Hardware,2707.59,11998.8,11999.998200000002,6419.19312,10390.29852,6.0,12.0,-9291.21,-0.7743449344934493,-7682.70852
Infrastructure,Help Desk,Other,Travel Expense,391.878,9757.2,9757.2,5184.378,9690.108,5.0,12.0,-9365.322,-0.9598370434140941,-9298.23
Infrastructure,SSO,Labor,Retirement Plan Match,65544.375,74934.0,74455.698,69289.59599999999,71449.83899999999,12.0,12.0,-9389.625,-0.12530526863640004,-5905.463999999993
BU Support,Planning,Labor,Office Services,42.327,9464.844,7117.047,2399.3758199999997,4761.50493,4.0,36.0,-9422.517,-0.9955279770062772,-4719.17793
Governance,Quality & Compliance,Labor,Payroll Taxes - Salaries,74258.13,83781.9,31106.238,62899.956,47876.253000000004,16.0,12.0,-9523.76999999999,-0.11367335904294353,26381.877
Functional,R2,Labor,Vacation Accrual,-9508.011,59.663999999999966,-180.567,-3715.82925,59.66406000000052,16.0,12.0,-9567.675000000001,-160.35926186645224,-9567.675060000001
Infrastructure,Data Centers,Labor,Savings Plan,51937.439999999995,61514.4,13215.171,38701.608,26116.59,48.0,48.0,-9576.960000000006,-0.15568647341110384,25820.849999999995
BU Support,Emerging,Other,M&E-100% Deductible,178.572,9855.864,7541.892,7436.540999999999,9855.864,4.0,24.0,-9677.292,-0.9818816493409406,-9677.292
Infrastructure,SSO,Other,Telecom,6389.196,16200.0,14687.373,5704.656,4885.812,10.0,12.0,-9810.804,-0.6056051851851851,1503.384
Governance,GRC,Hardware & Software,Software Maintenance,23172.525,33000.227999999996,24750.171,8250.00003,16500.113999999998,4.0,12.0,-9827.702999999994,-0.2978071242416869,6672.411000000004
Enablement,Six Sigma,Labor,Savings Plan,11959.134,21991.8,19747.416,15010.764,17342.454,12.0,12.0,-10032.666,-0.4562003110250184,-5383.3200000000015
Infrastructure,Networking,Depr & Amort,Software,615.339,10659.599999999999,8200.538999999999,2461.239,5126.138999999999,1.0,12.0,-10044.260999999999,-0.942273725092874,-4510.799999999999
Governance,Portfolio Management,Labor,Insurance,60581.52,70800.0,16963.164,45565.989,31149.621,12.0,12.0,-10218.480000000003,-0.1443288135593221,29431.898999999998
Governance,Quality & Compliance,Other,Travel Expense,8673.18,18900.0,18899.943629999998,13779.35364,16850.787,14.0,12.0,-10226.82,-0.5411015873015873,-8177.607
Infrastructure,Data Centers,Other,Materials,3185.727,13435.416,10689.074999999999,6181.84554,8206.461239999999,26.0,60.0,-10249.688999999998,-0.7628858682157664,-5020.734239999999
Infrastructure,Data Centers,Labor,Contractors,40839.56999999999,51204.27599999999,56615.151,39207.528,48889.2387,24.0,24.0,-10364.705999999998,-0.20241875893333597,-8049.668700000009
Functional,R3,Other,Telephone,5396.831999999999,16060.356,14488.197,7079.175839999999,7231.11342,56.0,36.0,-10663.524000000001,-0.6639656057437333,-1834.2814200000003
Infrastructure,Core Infrastructure,Labor,Insurance,32317.055999999997,43498.86,43674.339,24801.73275,42641.96628,53.0,36.0,-11181.804000000004,-0.25705970225426605,-10324.910280000004
Enablement,Enterprise Capabilities,Hardware & Software,Software Maintenance,,11225.763,11225.763,0.0,11225.763,0.0,12.0,-11225.763,-1.0,-11225.763
Enablement,Business Intelligence,Other,Training,3449.7,14698.800000000001,14698.800000000001,9568.197,14699.99634,5.0,12.0,-11249.100000000002,-0.7653073720303699,-11250.29634
Enablement,Document Management,Other,Internal,,11278.8,6285.599999999999,3093.2999999999997,6186.5982,0.0,12.0,-11278.8,-1.0,-6186.5982
BU Support,Manufacturing,Other,Miscellaneous Credits - 2,-11318.973,,-5886.345,-11318.973,-11318.973,2.0,0.0,-11318.973,,0.0
BU Support,Planning,Shared Services,Other Charges,31789.671,43281.729,42482.85,21411.237,18826.086,12.0,12.0,-11492.058,-0.2655175351243478,12963.585
BU Support,Planning,Labor,Vacation,-11725.407,,,,,1.0,0.0,-11725.407,,-11725.407
Functional,R1,Hardware & Software,Non product,56966.435999999994,68786.928,108556.632,56966.435999999994,91359.9,1.0,12.0,-11820.492000000006,-0.1718421267482683,-34393.464
Infrastructure,Productivity,Other,Travel Expense,85696.485,97614.258,83915.874,71596.938,76569.41898,103.0,204.0,-11917.773000000001,-0.12209049419809144,9127.066019999998
Enablement,EIM,Other,Telecom,6070.767,18000.0,16747.809,5896.752,5432.049,10.0,12.0,-11929.233,-0.6627351666666667,638.7179999999998
Enablement,Portals,Other,Clerical Materials,,12000.0,9000.0,3000.0,6000.0,0.0,12.0,-12000.0,-1.0,-6000.0
Functional,R5,Hardware & Software,Non CAPEX Equipment,-12470.525999999998,,-15604.8,-15124.190999999999,-15124.190999999999,4.0,0.0,-12470.525999999998,,2653.665000000001
Governance,Portfolio Management,Labor,Bonuses,61173.066,73799.4,16260.755999999998,46766.424,31936.685999999998,12.0,12.0,-12626.333999999995,-0.17108992756038663,29236.38
Enablement,Portals,Hardware & Software,Computer Hardware,2298.135,15000.0,12602.271,5133.135,8883.135,5.0,12.0,-12701.865,-0.846791,-6585.0
Enablement,Six Sigma,Labor,Retirement Medical,23087.256,36000.0,33649.554000000004,27267.246,30473.535,12.0,12.0,-12912.743999999999,-0.3586873333333333,-7386.278999999999
BU Support,Distribution,Other,Salaries Deductions - Other,-12960.714,,-14.418,-12918.101999999999,-12895.452,11.0,0.0,-12960.714,,-65.26200000000063
Enablement,Enterprise Capabilities,Labor,Professional Services,224.11499999999995,13400.088,,224.11499999999995,224.11499999999995,2.0,12.0,-13175.973,-0.9832751098350996,0.0
BU Support,Distribution,Labor,Professional Services,243812.90399999998,257010.024,136096.851,239737.911,332674.707,18.0,48.0,-13197.120000000024,-0.05134865868111053,-88861.80300000001
Functional,R2,Hardware & Software,Non product,3951.828,17279.487,16122.801,14038.675500000001,17299.21494,30.0,36.0,-13327.659000000001,-0.7712994604527322,-13347.386940000002
Enablement,Business Intelligence,Other,Travel Expense,2752.74,16198.800000000001,16199.1,9982.365,16200.12018,6.0,12.0,-13446.060000000001,-0.8300651900140752,-13447.38018
Infrastructure,SSO,Other,Training,5110.446,18720.0,18720.039,17224.446,18720.147,7.0,12.0,-13609.554,-0.7270060897435897,-13609.701000000001
Governance,Process Management,Other,Telecom,6881.415,20520.0,20771.55495,9400.494,18406.67874,20.0,24.0,-13638.585,-0.6646483918128655,-11525.263739999999
Enablement,EIM,Other,Training,12567.498,26250.011999999995,26278.004999999997,20481.798,26278.30536,13.0,24.0,-13682.513999999996,-0.5212383902910215,-13710.807359999999
Infrastructure,Core Infrastructure,Hardware & Software,Service Contracts,-13772.508,,,-13772.508,-13772.508,1.0,0.0,-13772.508,,0.0
BU Support,Emerging,Other,Telephone,10429.506,24403.572,19433.004,21670.24725,24405.2199,42.0,24.0,-13974.066,-0.572623794582203,-13975.7139
BU Support,Distribution,Labor,Contractors,51901.44899999999,65902.944,70188.0,57543.863999999994,72024.42599999999,18.0,36.0,-14001.49500000001,-0.21245629026830742,-20122.977
Governance,Process Management,Other,Training,10722.6,24817.5,24817.46736,19193.68305,21887.93052,18.0,24.0,-14094.9,-0.5679419764279239,-11165.330520000001
Functional,R2,Other,Lease,694.0799999999999,14997.672,13186.002,5294.34,10050.183,12.0,12.0,-14303.592,-0.9537208174708715,-9356.103000000001
Governance,Vendor Management,Labor,Savings Plan,59845.962,74469.0,17413.176,49315.71,34587.45,12.0,12.0,-14623.038,-0.1963640978125126,25258.512000000002
Governance,Portfolio Management,Labor,Retirement Plan Match,55683.846,70747.2,16280.595,43107.731999999996,30078.701999999997,12.0,12.0,-15063.354,-0.21291802361082843,25605.144
Infrastructure,Data Centers,Hardware & Software,Non product,28.916999999999998,15186.42,11389.815,3796.605,9610.411320000001,2.0,24.0,-15157.503,-0.9980958645948157,-9581.494320000002
Infrastructure,Core Infrastructure,Other,Training,5805.012,20998.8,15763.737,7947.277499999999,19870.80132,14.0,24.0,-15193.788,-0.7235550602891594,-14065.78932
Enablement,Six Sigma,Other,Training Allowance,,15329.988000000001,11497.491,3832.4970000000003,7664.994000000001,0.0,12.0,-15329.988000000001,-1.0,-7664.994000000001
Enablement,Innovation,Other,Other Miscellaneous Expense,5.55,15339.99,11699.991,4505.55,7805.544,1.0,12.0,-15334.44,-0.9996382005464151,-7799.994
Infrastructure,Core Infrastructure,Hardware & Software,Software Maintenance,6300.834,21740.867999999995,22606.484999999993,22606.485,28041.701999999997,1.0,24.0,-15440.033999999996,-0.7101848003492777,-21740.868
BU Support,Emerging,Other,Leasing,175.836,15751.544999999998,11854.233,11858.8725,15751.545059999999,12.0,12.0,-15575.708999999999,-0.9888369045703136,-15575.70906
Enablement,Mobility,Other,Telecom,3768.1589999999997,19440.0,16977.144,3086.604,3348.423,8.0,12.0,-15671.841,-0.8061646604938272,419.7359999999999
Governance,Quality & Compliance,Labor,Savings Plan,45504.618,61200.0,12593.934,37334.532,25815.542999999998,12.0,12.0,-15695.381999999998,-0.2564604901960784,19689.075000000004
Enablement,Six Sigma,Labor,Insurance,26664.521999999997,42480.0,41191.266,35094.515999999996,38751.738,12.0,12.0,-15815.478000000003,-0.3723040960451978,-12087.216
BU Support,R&D,Hardware & Software,Non CAPEX Equipment,3.906,16038.108,12028.581,3.906,,1.0,36.0,-16034.202,-0.9997564550631532,3.906
Infrastructure,Hosting,Other,Training,3205.395,19260.0,18941.1,11842.395,18941.085,8.0,24.0,-16054.605,-0.833572429906542,-15735.689999999999
Enablement,Document Management,Labor,Payroll Taxes - Salaries,99943.317,116064.9,54502.481999999996,93155.145,79285.73999999999,12.0,12.0,-16121.582999999999,-0.13890145082621877,20657.577000000005
Infrastructure,Networking,Other,Telecommunication,-72.207,16272.108,12204.081,342.516,8848.99782,2.0,24.0,-16344.315,-1.004437470547762,-8921.20482
Infrastructure,Data Centers,Other,Travel Expense,40141.989,56698.212,55566.026999999995,45698.24616,58204.55352,63.0,96.0,-16556.222999999998,-0.2920060865411417,-18062.56452
BU Support,Manufacturing,Other,Misc. Credits - 2,-16738.503,,-16874.421000000002,-16738.503,-16738.503,18.0,0.0,-16738.503,,0.0
Enablement,Six Sigma,Labor,Bonuses,32497.146,49276.8,45584.502,38054.808,41699.754,12.0,12.0,-16779.654000000002,-0.34051833722969027,-9202.608
Functional,R2,Other,Training,29459.067,46264.788,55332.384,33595.485,42105.246,38.0,108.0,-16805.721,-0.36325079453514414,-12646.179
BU Support,Development,Other,Training,8963.943,25847.399999999998,20347.47,12749.95233,17352.81366,23.0,36.0,-16883.457,-0.6531974976206504,-8388.87066
Enablement,Six Sigma,Labor,Retirement Plan Match,27348.957,44498.4,41429.457,32957.22,37160.808,12.0,12.0,-17149.443000000003,-0.3853945984574727,-9811.850999999999
Infrastructure,Productivity,Other,Misc. Credits - 2,-17492.52,,-13460.799,-17492.52,-16514.991,20.0,0.0,-17492.52,,-977.5289999999986
BU Support,Planning,Other,Materials,6963.177,24478.019999999997,19933.887,11208.696539999999,16203.112079999999,32.0,36.0,-17514.842999999997,-0.7155334867771167,-9239.93508
Governance,Quality & Compliance,Labor,Retirement Medical,87465.50399999999,105001.20000000001,25257.777,71483.38799999999,49568.859,12.0,12.0,-17535.696000000025,-0.16700471994605798,37896.64499999999
Infrastructure,Hosting,Hardware & Software,Purchased Software,37657.131,55554.3,48119.181,48372.708,48518.448,23.0,12.0,-17897.169,-0.3221563227328938,-10861.316999999995
Infrastructure,Hosting,Other,Telecom,8708.172,27000.0,24839.199,8272.992,7601.931,20.0,24.0,-18291.828,-0.6774751111111111,1106.241000000001
BU Support,Distribution,Labor,Billing,-18340.263,,,-9586.221,,2.0,0.0,-18340.263,,-18340.263
Infrastructure,Productivity,Shared Services,IT,-17429.706,982.98,-3607.7969999999996,-12839.163,-8109.76038,23.0,12.0,-18412.685999999998,-18.731496062992125,-9319.945619999999
Governance,Vendor Management,Labor,Retirement Medical,101373.495,119998.79999999999,30565.803,83109.912,58424.184,12.0,12.0,-18625.304999999993,-0.1552124271242712,42949.310999999994
Governance,Portfolio Management,Other,Telecom,6094.598999999999,25200.0,25200.03447,7618.844999999999,22588.88652,10.0,12.0,-19105.401,-0.7581508333333334,-16494.28752
Governance,Vendor Management,Other,Telecom,9615.474,28800.0,28800.00459,10755.408,26328.97122,10.0,12.0,-19184.525999999998,-0.6661293749999999,-16713.497219999997
Governance,GRC,Labor,Contractors,43884.168,63222.227999999996,53708.859,45750.933,48335.318999999996,18.0,24.0,-19338.059999999998,-0.30587438329443245,-4451.150999999998
Infrastructure,Core Infrastructure,Labor,Retirement Plan Match,43651.034999999996,63254.4,60904.926,33897.24675,56741.907,62.0,24.0,-19603.365000000005,-0.3099130653361664,-13090.872000000003
BU Support,R&D,Other,Training,21256.191,41111.94,37276.722,19947.484950000002,31652.86266,30.0,60.0,-19855.749000000003,-0.4829679407004389,-10396.67166
Governance,Quality & Compliance,Other,Telecom,5233.584,25200.0,25200.020940000002,8003.424,18484.608,10.0,12.0,-19966.416,-0.7923180952380953,-13251.024000000001
Governance,GRC,Shared Services,Other Inbound,-20669.67,,,-20669.67,-20669.67,1.0,0.0,-20669.67,,0.0
BU Support,R&D,Shared Services,Other Charges,58001.861999999994,78970.302,77512.329,39065.765999999996,34348.992,36.0,36.0,-20968.440000000002,-0.26552310766140924,23652.869999999995
Governance,Security & Risk Management,Hardware & Software,Computer Hardware,11545.976999999999,32550.012,32951.28696,12562.8,28907.185739999997,8.0,12.0,-21004.035,-0.6452850155631279,-17361.20874
Infrastructure,Core Infrastructure,Labor,Bonuses,73145.775,94328.556,93778.68,55090.914749999996,85376.47794,53.0,36.0,-21182.781000000003,-0.2245638213734556,-12230.702940000003
Governance,Vendor Management,Other,Training,5634.678,27000.0,27000.000449999996,13419.604019999999,24416.234519999998,9.0,12.0,-21365.322,-0.7913082222222222,-18781.55652
BU Support,Distribution,Other,Other Miscellaneous Expense,3268.173,24829.968,21503.517,11133.189,17414.684279999994,16.0,60.0,-21561.795000000002,-0.8683778811152717,-14146.511279999995
Infrastructure,Core Infrastructure,Other,Telecom,17903.625,39600.0,35310.207,16988.181,15692.886,32.0,24.0,-21696.375,-0.5478882575757575,2210.7389999999996
Governance,Vendor Management,Other,Travel Expense,11193.051,32999.988,32998.80321,17815.28559,28104.72426,12.0,12.0,-21806.936999999998,-0.6608165130241865,-16911.67326
Enablement,Innovation,Labor,Regular Salaries And Wages,156004.176,178175.64,257280.59099999996,187721.96099999998,220898.87399999998,18.0,24.0,-22171.464000000007,-0.12443600034213434,-64894.697999999975
BU Support,Manufacturing,Hardware & Software,Maintenance and Repairs,53242.42799999999,75822.723,44366.996999999996,85042.953,77232.77088,61.0,96.0,-22580.295000000006,-0.2978037995285398,-23990.342880000004
Infrastructure,Productivity,Other,Telecom,37040.367,59850.0,56606.751000000004,33078.909,28737.591,18.0,36.0,-22809.633,-0.38111333333333336,8302.775999999998
Governance,Administration,Other,Telecom,13108.539,36000.0,33284.418,13613.055,27109.218,10.0,12.0,-22891.461,-0.6358739166666666,-14000.679
Governance,Process Management,Other,Travel Expense,12014.994,35400.012,35400.11634,26099.62692,29759.454779999996,15.0,24.0,-23385.018000000004,-0.6605935048835577,-17744.460779999994
Governance,Quality & Compliance,Labor,Insurance,100247.529,123900.0,28735.461,80341.17599999999,55439.38799999999,12.0,12.0,-23652.471000000005,-0.19089968523002426,44808.141
Governance,Quality & Compliance,Labor,Bonuses,98915.796,123346.8,27580.176,81054.048,56108.613,12.0,12.0,-24431.004,-0.19806759478154276,42807.183000000005
Enablement,Document Management,Other,Telecom,9166.428,33840.0,33841.074,12533.115,15568.83,10.0,12.0,-24673.572,-0.7291244680851063,-6402.402
Governance,Vendor Management,Labor,Insurance,116414.673,141600.0,34793.931,93582.06599999999,65573.937,12.0,12.0,-25185.327000000005,-0.17786247881355935,50840.73599999999
Enablement,EIM,Other,Misc. Credits - 2,-26287.754999999997,,-20944.844999999998,-26287.754999999997,-26287.754999999997,3.0,0.0,-26287.754999999997,,0.0
BU Support,Manufacturing,Other,Materials,25272.414,52032.84,44259.114,26521.266,36337.14282,185.0,180.0,-26760.425999999996,-0.5142987774643859,-11064.72882
BU Support,Core,CAPEX,Professional Services,-27300.0,,,,,1.0,0.0,-27300.0,,-27300.0
BU Support,Manufacturing,Other,Travel Expense,208844.856,236238.036,237322.917,188426.493,214078.00776,255.0,432.0,-27393.179999999993,-0.11595584040497185,-5233.151760000008
Governance,Quality & Compliance,Labor,Retirement Plan Match,94100.226,122338.20000000001,28072.998,77160.975,53764.896,17.0,12.0,-28237.974000000017,-0.2308189428976396,40335.329999999994
BU Support,Development,Shared Services,Time Charges - Activities,-28750.92,,-342.59999999999997,-6216.96,-513.96,8.0,0.0,-28750.92,,-28236.96
Governance,Vendor Management,Labor,Bonuses,130638.636,159737.4,37774.896,106724.14499999999,74944.47,12.0,12.0,-29098.763999999996,-0.18216625536662046,55694.166
BU Support,Manufacturing,Other,Rent,,30213.852,22691.259,7563.897,15100.79994,0.0,12.0,-30213.852,-1.0,-15100.79994
Infrastructure,Core Infrastructure,Other,Recurring,-30215.213999999993,,74139.141,-30722.600999999995,45000.53100000001,9.0,0.0,-30215.213999999993,,-75215.745
Enablement,Portals,Labor,Regular Salaries And Wages,497062.64400000003,527323.2,525967.2239999999,586353.204,673272.564,12.0,12.0,-30260.555999999924,-0.05738521650479237,-176209.91999999998
Enablement,Document Management,Labor,Savings Plan,56563.668,86901.0,19048.956,45945.702,33592.722,12.0,12.0,-30337.332000000002,-0.3491022197673215,22970.945999999996
Functional,R1,Labor,Contractors,22285.902,52772.52,46010.013,31896.789,39692.925,12.0,12.0,-30486.618,-0.577698734113891,-17407.023000000005
BU Support,R&D,Other,Other Miscellaneous Expense,8215.857,38807.636999999995,29231.85,62856.97227,30214.19871,26.0,60.0,-30591.779999999995,-0.7882927785579936,-21998.34171
Infrastructure,Networking,Labor,Contractors,11981.765999999998,42914.592,34567.08299999999,11868.529499999999,29546.9676,38.0,12.0,-30932.826,-0.7207997223881333,-17565.2016
Governance,GRC,Other,Other Miscellaneous Expense,2590.836,33940.619999999995,25885.271999999997,10515.444,17803.734,21.0,48.0,-31349.783999999996,-0.9236656254364239,-15212.898000000001
BU Support,Planning,Shared Services,Administrative Support,,31919.244,23939.432999999997,,,0.0,12.0,-31919.244,-1.0,0.0
Infrastructure,Networking,Other,Other Miscellaneous Expense,3715.32,35688.011999999995,37422.25512,6749.7495,62842.377,24.0,12.0,-31972.691999999995,-0.8958944532970904,-59127.057
Enablement,Data Management,Labor,Regular Salaries And Wages,64409.969999999994,96541.344,87792.186,78892.99799999999,77958.58026,23.0,24.0,-32131.374000000003,-0.33282501225588906,-13548.610260000009
Governance,Vendor Management,Labor,Retirement Plan Match,116680.149,149896.2,37030.194,96238.698,69066.27,12.0,12.0,-33216.05100000001,-0.22159368282851735,47613.879
Infrastructure,Networking,Hardware & Software,Software Maintenance,701690.211,735760.254,802376.54409,724224.201,779745.5586,28.0,24.0,-34070.04299999995,-0.046305903063907486,-78055.34759999998
BU Support,Planning,Other,Other Miscellaneous Expense,53.42099999999997,34192.584,25643.046000000002,18851.32248,27084.919230000003,12.0,60.0,-34139.163,-0.9984376436715049,-27031.498230000005
BU Support,Manufacturing,Other,Training,36548.403,70779.216,65485.695,45859.62,66021.67791,90.0,348.0,-34230.813,-0.48362803283947087,-29473.27491
Enablement,Document Management,Other,Travel Expense,16837.374,51598.799999999996,44400.759,24384.459,44400.00165,10.0,12.0,-34761.42599999999,-0.6736867136445033,-27562.62765
Functional,R2,Labor,Savings Plan,203168.40899999999,238776.597,235916.475,224057.77349999998,230546.57705999998,108.0,108.0,-35608.188000000024,-0.14912762995780537,-27378.168059999996
BU Support,Distribution,Depr & Amort,Fixed Assets,9323.556,44999.99999999999,47298.704999999994,22022.249999999996,34652.628,64.0,12.0,-35676.44399999999,-0.7928098666666665,-25329.071999999996
Functional,R2,Labor,Retirement Medical,359805.58499999996,396204.984,397641.02999999997,386384.154,392628.87,128.0,108.0,-36399.399000000034,-0.09187011892813553,-32823.28500000003
Infrastructure,Data Centers,Other,Other Miscellaneous Expense,1986.4950000000001,39465.17999999999,27145.682999999997,11008.016999999998,221292.44391,18.0,24.0,-37478.68499999999,-0.949664615744816,-219305.94891
Governance,Administration,Other,Indemnification and Separation Allowance,-39053.174999999996,,-42063.34799999999,-40023.77099999999,-40908.10199999999,12.0,0.0,-39053.174999999996,,1854.926999999996
Governance,Architecture,Other,Other Miscellaneous Expense,-14004.687,27000.0,25417.2,11126.913,20668.8,10.0,12.0,-41004.687,-1.5186921111111111,-34673.487
Enablement,Document Management,Other,Training,8012.616,49348.799999999996,36750.231,23153.054999999997,36749.99724,9.0,12.0,-41336.183999999994,-0.8376330123528839,-28737.381239999995
Infrastructure,Core Infrastructure,Labor,Contractors,57222.804000000004,100104.948,87791.367,42422.604000000014,85013.46426000001,61.0,12.0,-42882.144,-0.42837187228747176,-27790.660260000004
BU Support,Manufacturing,Labor,Retirement Medical,522666.669,565615.386,578176.824,416964.441,286072.81799999997,286.0,288.0,-42948.71700000006,-0.07593272400832472,236593.85100000002
Infrastructure,Data Centers,Other,Telecom,20006.967,64684.8,62966.076,30483.5565,39167.03826,63.0,84.0,-44677.833,-0.6907006437370139,-19160.07126
Enablement,Document Management,Labor,Retirement Medical,93043.398,137998.8,34101.06,76296.348,57152.289,12.0,12.0,-44955.40199999999,-0.3257666153618726,35891.109000000004
BU Support,Emerging,Other,License Fees,,45000.0,33750.0,16875.0,22500.0,0.0,12.0,-45000.0,-1.0,-22500.0
Infrastructure,Help Desk,Other,Telecom,10343.889,55735.2,54701.558999999994,10283.189999999999,9630.801,10.0,12.0,-45391.311,-0.8144101214313397,713.0879999999997
BU Support,Planning,Other,Training,41675.118,87566.328,68784.783,48143.03796,64537.651920000004,37.0,48.0,-45891.20999999999,-0.5240737055914917,-22862.53392
BU Support,Emerging,Hardware & Software,Non product,19778.157,67553.652,59372.481,53074.88325,67553.65194,12.0,24.0,-47775.495,-0.7072229788553844,-47775.49494
BU Support,Manufacturing,Labor,Savings Plan,307962.21,358408.62299999996,352862.532,242702.69999999998,165215.56493999998,275.0,300.0,-50446.41299999994,-0.14075111412707264,142746.64506000004
Infrastructure,SSO,Labor,Regular Salaries And Wages,571763.574,622750.8,612273.48,591318.108,597191.22,12.0,12.0,-50987.226000000024,-0.08187420393518566,-25427.64599999995
Enablement,Document Management,Labor,Insurance,107582.424,162839.7,39390.725999999995,86936.067,65177.138999999996,12.0,12.0,-55257.27600000001,-0.3393354077660424,42405.285
Infrastructure,Help Desk,Labor,Regular Salaries And Wages,21806.304,77533.2,43102.752,21806.304,38292.504,5.0,12.0,-55726.89599999999,-0.7187488198603952,-16486.2
Enablement,Business Intelligence,Labor,Professional Services,102120.59999999999,158654.40000000002,131589.59999999998,80400.59999999999,79928.09999999999,10.0,12.0,-56533.80000000003,-0.35633301061930855,22192.5
Infrastructure,Networking,Depr & Amort,Fixed Assets,554905.764,612295.5959999999,629567.73018,632751.9699,630327.60546,120.0,36.0,-57389.83199999994,-0.09372896420440684,-75421.84146000003
Enablement,Enterprise Capabilities,Labor,Regular Salaries And Wages,138546.228,196201.332,183697.33800000002,155583.291,172754.403,24.0,12.0,-57655.10399999999,-0.29385684292907854,-34208.17499999999
Functional,R3,Other,Relocation Expenses,-59434.116,,-59458.761,-59434.116,-59434.116,5.0,0.0,-59434.116,,0.0
BU Support,Development,Hardware & Software,Maintenance and Repairs,,60161.325,45121.614,15965.59035,30665.09982,0.0,12.0,-60161.325,-1.0,-30665.09982
BU Support,Manufacturing,Other,Telephone,235021.665,295273.284,289773.648,237238.215,240418.28999999998,113.0,120.0,-60251.61899999998,-0.20405374364989953,-5396.624999999971
Functional,R1,Hardware & Software,Software Maintenance,14083.413,74462.4,56043.299999999996,14083.413,38690.001,6.0,12.0,-60378.986999999994,-0.8108654434990008,-24606.587999999996
Enablement,Document Management,Labor,Bonuses,122861.529,183768.59999999998,41312.238,99861.201,73103.133,12.0,12.0,-60907.07099999998,-0.33143350387389353,49758.39599999999
BU Support,R&D,Shared Services,BTL Adjustments,,60909.261,45792.45,12419.058959999998,30637.984860000004,0.0,12.0,-60909.261,-1.0,-30637.984860000004
BU Support,Distribution,Other,Project Expense,,61200.36,45900.27,15300.09,30600.18,0.0,12.0,-61200.36,-1.0,-30600.18
Infrastructure,Productivity,Depr & Amort,Fixed Assets,420525.978,483073.06200000003,451515.92100000003,380328.86736,453227.45658,338.0,180.0,-62547.08400000003,-0.12947748264215989,-32701.478579999995
Functional,R2,Hardware & Software,Servers Rental,35127.75,98070.3,112225.94991,93926.54699999999,98742.894,13.0,12.0,-62942.55,-0.6418105175573033,-63615.144
Enablement,Document Management,Labor,Retirement Plan Match,110255.163,174639.6,40343.241,90725.454,68007.084,12.0,12.0,-64384.437000000005,-0.3686703187593192,42248.079
Functional,R1,Depr & Amort,Software,74622.38100000001,140649.33599999998,105487.41599999998,88294.93608,120557.35379999998,28.0,36.0,-66026.95499999997,-0.4694437732717059,-45934.972799999974
BU Support,Manufacturing,Labor,Retirement Plan Match,680573.3099999999,747124.221,754799.286,539460.063,375435.129,347.0,312.0,-66550.91100000008,-0.08907609889948954,305138.1809999999
BU Support,Distribution,Labor,Admin,,67188.0,50391.003000000004,0.0,0.0,0.0,12.0,-67188.0,-1.0,0.0
Infrastructure,Core Infrastructure,Other,Travel Expense,43966.23,111247.986,84380.94,59740.73775,82327.83354,64.0,84.0,-67281.756,-0.6047907779651849,-38361.603540000004
BU Support,Emerging,Depr & Amort,Fixed Assets,56047.494,126784.665,105901.341,109930.056,127164.74094,84.0,108.0,-70737.171,-0.5579316000085658,-71117.24694000001
Infrastructure,Core Infrastructure,Hardware & Software,Network Equipment Rental,15034.641,86939.244,68774.739,69155.80649999999,86939.24399999999,12.0,24.0,-71904.603,-0.827067267803709,-71904.60299999999
BU Support,R&D,Hardware & Software,Maintenance and Repairs,,72547.458,54411.342000000004,121075.84614000001,152919.10065,0.0,12.0,-72547.458,-1.0,-152919.10065
Infrastructure,Productivity,Hardware & Software,Purchased Software,-62740.14599999999,13805.928,15882.189,-102282.54299999999,-119609.95883999999,76.0,48.0,-76546.074,-5.544435259983971,56869.81284
Infrastructure,Core Infrastructure,Hardware & Software,Purchased Software,-76796.487,540.0,114974.049,76928.643,14515.395,17.0,12.0,-77336.487,-143.21571666666665,-91311.882
Governance,Administration,Other,Recurring,,78000.0,58500.0,0.0,39000.0,0.0,12.0,-78000.0,-1.0,-39000.0
BU Support,Planning,Hardware & Software,Maintenance and Repairs,77176.275,158291.22,133540.347,116517.48578999999,165229.24508999998,18.0,36.0,-81114.945,-0.5124412143642585,-88052.97008999999
BU Support,Manufacturing,Hardware & Software,Service Contracts,130165.152,211836.672,215436.05099999998,127112.034,128005.79694,20.0,60.0,-81671.51999999999,-0.3855400447378629,2159.3550600000017
Governance,Administration,Labor,Bonuses,203155.545,290581.8,46319.655,150984.603,98427.315,19.0,12.0,-87426.25499999998,-0.3008662448921439,104728.23000000001
Governance,GRC,Labor,Professional Services,209073.135,298216.476,402284.376,215076.82649999997,264483.534,36.0,48.0,-89143.34100000001,-0.29892158272301494,-55410.398999999976
Functional,R3,Other,Misc. Credits - 3,-94485.98999999999,,-23281.449,-67389.588,-46593.588,5.0,0.0,-94485.98999999999,,-47892.40199999999
BU Support,R&D,Other,Project Expense,-38580.24,60264.371999999996,31104.192,,,3.0,24.0,-98844.612,-1.640183224675435,-38580.24
Functional,R2,Shared Services,Projects - Transfers,-101234.4,,,-101234.4,-101234.4,1.0,0.0,-101234.4,,0.0
BU Support,Distribution,Other,Telephone,-94636.827,7602.72,-94391.556,-96181.425,-95358.777,77.0,84.0,-102239.547,-13.447759091483048,721.9499999999971
Enablement,Portals,Hardware & Software,Purchased Software,166698.849,270000.0,252305.05800000002,160926.696,169510.116,12.0,12.0,-103301.15100000001,-0.3825968555555556,-2811.2670000000217
Governance,Portfolio Management,Labor,Regular Salaries And Wages,483719.661,587375.4,750456.89409,571751.70297,669071.622,12.0,12.0,-103655.739,-0.17647272766275196,-185351.96099999995
Functional,R1,Labor,Regular Salaries And Wages,335508.273,457837.48799999995,424250.415,361285.929,391194.24,70.0,72.0,-122329.21499999997,-0.26718916254406844,-55685.967000000004
Infrastructure,Productivity,Hardware & Software,Software Maintenance,120863.91600000001,243693.19199999998,228206.97,104895.85499999998,229826.0406,23.0,72.0,-122829.27599999997,-0.5040324474883154,-108962.1246
BU Support,Development,Hardware & Software,Purchased Software,909193.8809999999,1034715.018,807757.21605,821704.2629999999,952611.41004,11.0,24.0,-125521.1370000001,-0.12130986292498182,-43417.52904000005
BU Support,Emerging,Other,Other Miscellaneous Expense,29142.408,157223.004,110307.63897,60460.230749999995,75947.68788,50.0,72.0,-128080.59599999999,-0.8146428495921627,-46805.27988
BU Support,Manufacturing,Hardware & Software,Computer Hardware,139314.678,270521.04,250622.403,226898.016,283787.10621,136.0,300.0,-131206.36199999996,-0.48501352057496144,-144472.42820999998
Enablement,Six Sigma,Labor,Regular Salaries And Wages,235248.38999999998,366506.39999999997,338373.516,277285.794,307200.834,12.0,12.0,-131258.00999999998,-0.3581329275559717,-71952.44399999999
BU Support,Manufacturing,Labor,Professional Services,2241932.607,2377730.2199999997,2373950.01,2250538.152,2208539.71197,252.0,312.0,-135797.6129999999,-0.057112287953340606,33392.89502999978
BU Support,Planning,Shared Services,Time Charges - Activities,-136745.22,,-60538.98,-112485.54,-75275.94,14.0,0.0,-136745.22,,-61469.28
Infrastructure,Help Desk,Labor,Professional Services,855235.995,997016.3999999999,619603.7609999999,800824.14,748065.588,27.0,12.0,-141780.4049999999,-0.14220468690384624,107170.407
BU Support,Planning,Other,Recurring,847.4219999999987,146067.702,107555.133,37266.822,105866.95884,2.0,12.0,-145220.28,-0.9941984299855694,-105019.53684000002
BU Support,Manufacturing,Labor,Contractors,198669.495,347675.259,342850.845,237598.479,232165.953,61.0,108.0,-149005.76400000002,-0.42857741568548025,-33496.45800000001
BU Support,Distribution,Hardware & Software,Purchased Software,475.85699999999997,149999.99999999997,288.0,425.205,297.99,16.0,12.0,-149524.14299999998,-0.99682762,177.86699999999996
Infrastructure,Data Centers,Hardware & Software,Non CAPEX Equipment,350048.706,507976.74,381320.65499999997,436931.80199999997,439066.99956,9.0,12.0,-157928.03399999999,-0.31089619182169637,-89018.29356000002
Functional,R5,Hardware & Software,Software Maintenance,620831.0669999999,789115.488,597780.099,723471.8339999999,572861.142,63.0,48.0,-168284.4210000001,-0.21325702455354684,47969.92499999993
Infrastructure,Data Centers,Labor,Outsourcing,102274.818,277043.103,154852.215,112974.474,127661.40173999999,23.0,12.0,-174768.285,-0.6308342749106445,-25386.583739999987
Governance,Quality & Compliance,Labor,Regular Salaries And Wages,805375.914,1020011.3999999999,1353834.267,1032271.581,1211690.904,17.0,12.0,-214635.48599999992,-0.21042459525452356,-406314.9900000001
Functional,R2,Other,Other Miscellaneous Expense,-3065.082,211607.376,192967.45799999998,58135.93125,122540.57106,50.0,132.0,-214672.45799999998,-1.0144847597372977,-125605.65306
BU Support,Distribution,Labor,Regular Salaries And Wages,1435302.342,1661577.4949999999,1722431.4479999999,1622573.631,1616560.53,138.0,132.0,-226275.15299999993,-0.13618092064974674,-181258.18800000008
Infrastructure,Core Infrastructure,Labor,Regular Salaries And Wages,791893.911,1025576.3579999999,891966.798,860435.76375,857703.55386,90.0,72.0,-233682.44699999993,-0.22785475228359345,-65809.64286000002
Governance,Vendor Management,Labor,Regular Salaries And Wages,1006887.999,1241160.6,1715357.1030899999,1251248.91903,1529931.891,12.0,12.0,-234272.60100000014,-0.18875285035635206,-523043.8920000001
Infrastructure,Productivity,Hardware & Software,Non CAPEX Equipment,357193.647,592397.748,463796.754,366377.469,393041.34816,115.0,132.0,-235204.10100000002,-0.39703746645573,-35847.70116
Governance,Administration,Labor,Adjustments,-241262.97,,-199781.4,-241262.97,-235506.33899999998,6.0,0.0,-241262.97,,-5756.631000000023
Infrastructure,Networking,Labor,Regular Salaries And Wages,665415.219,910685.217,829495.428,657281.38203,676638.66948,73.0,36.0,-245269.9979999999,-0.2693246726986235,-11223.45048
Infrastructure,Hosting,Depr & Amort,Fixed Assets,482698.812,742586.7,545343.552,482699.121,546962.544,24.0,24.0,-259887.88799999998,-0.34997649163390615,-64263.73200000002
Functional,R2,Other,Recurring,-279498.93,-6000.0,-6000.0,-227243.66999999998,-6000.0,4.0,12.0,-273498.93,,-273498.93
Infrastructure,Productivity,Hardware & Software,Maintenance and Repairs,269979.02999999997,544838.289,430604.325,306505.212,417482.41985999997,114.0,204.0,-274859.259,-0.504478603191561,-147503.38986
Functional,R1,Depr & Amort,Fixed Assets,17859.594,295206.48,221441.667,25354.11663,253055.3718,52.0,72.0,-277346.886,-0.939501348344386,-235195.77779999998
Enablement,Portals,Labor,Professional Services,130039.965,408000.0,335009.553,155947.815,269171.184,11.0,12.0,-277960.03500000003,-0.6812745955882353,-139131.219
BU Support,Manufacturing,Other,Project Expense,88649.364,371263.659,282760.266,201832.203,309231.087,21.0,84.0,-282614.295,-0.7612226194215255,-220581.723
BU Support,Manufacturing,Hardware & Software,Software Maintenance,2449191.168,2732344.482,2702992.224,2504347.917,2680262.30988,214.0,276.0,-283153.3139999998,-0.10363016664455847,-231071.14188
Governance,Process Management,Hardware & Software,Purchased Software,112887.42,400062.522,189973.79037,93442.46985,148095.39522,24.0,24.0,-287175.102,-0.7178255552765825,-35207.97522000001
Enablement,Document Management,Hardware & Software,Purchased Software,4157.682,293358.816,24901.668,3626.7750000000005,2172.1409400000002,12.0,12.0,-289201.134,-0.9858273153106809,1985.5410599999996
Infrastructure,Productivity,Labor,Overtime,18063.342,318842.46,246151.464,88773.95700000001,218828.92074,3.0,12.0,-300779.118,-0.9433471250974541,-200765.57874
Governance,Process Management,Hardware & Software,Software Maintenance,265943.73,592006.65,473900.064,304327.64133,421839.55481999996,20.0,12.0,-326062.92000000004,-0.5507757725356633,-155895.82481999998
Governance,GRC,Labor,Outsourcing,-333035.319,90.0,67.5,314.997,221.88,8.0,12.0,-333125.319,-3701.3924333333334,-333257.199
Enablement,Document Management,Labor,Professional Services,136554.114,490495.8,375550.01399999997,136671.714,136452.714,9.0,12.0,-353941.686,-0.7215998302126134,101.39999999999418
Infrastructure,Core Infrastructure,Other,Leasing,213589.119,571504.068,489283.356,480074.55974999996,571504.068,32.0,36.0,-357914.94899999996,-0.6262684187927775,-357914.94899999996
Infrastructure,Data Centers,Depr & Amort,Fixed Assets,3203695.641,3586073.016,3638797.272,3198809.14263,3412899.57633,92.0,96.0,-382377.375,-0.10662844099769998,-209203.93533000024
BU Support,Planning,Hardware & Software,Computer Hardware,68367.213,478800.0,350873.64506999997,159939.13601999998,260171.83206,26.0,12.0,-410432.787,-0.8572113345864661,-191804.61906
Infrastructure,Productivity,Hardware & Software,Computer Rental,1157945.277,1578858.84,1540331.694,1390684.626,1492748.55858,72.0,156.0,-420913.5630000001,-0.26659353726644747,-334803.28157999995
Governance,Administration,Labor,Professional Services,416442.342,861600.0,878223.846,741984.48876,855538.821,12.0,12.0,-445157.658,-0.5166639484679666,-439096.479
BU Support,Planning,Shared Services,Other Inbound,82997.31,548694.408,47020.806,62860.41,41864.369999999995,4.0,30.0,-465697.09800000006,-0.8487367307012905,41132.94
Functional,R3,Labor,Regular Salaries And Wages,964590.414,1434182.376,1379739.654,1082497.09737,784533.084,115.0,108.0,-469591.96199999994,-0.32742834513816393,180057.32999999996
Infrastructure,Productivity,Labor,Office Services,1278932.13,1753526.88,1612797.867,1375179.78,1422367.731,36.0,48.0,-474594.75,-0.27065153971292416,-143435.60100000002
Infrastructure,Help Desk,Labor,Outsourcing,3306579.849,3790742.892,3611254.6011,2639251.7625,2804251.7845199998,12.0,24.0,-484163.04300000006,-0.12772246939294665,502328.0644800002
BU Support,Manufacturing,Other,Other Miscellaneous Expense,84791.226,585757.371,725030.784,119833.17599999999,717332.4291899999,27.0,276.0,-500966.145,-0.8552451403979003,-632541.2031899999
Enablement,Document Management,Labor,Regular Salaries And Wages,946269.825,1448362.7999999998,1539100.566,1107288.015,1369240.149,12.0,12.0,-502092.97499999986,-0.3466624349921166,-422970.324
Infrastructure,Data Centers,Labor,Regular Salaries And Wages,1246028.472,1757939.052,2097670.7909999997,1415470.14105,1589230.82526,105.0,108.0,-511910.57999999984,-0.29119927645819194,-343202.35326
Governance,GRC,Labor,Regular Salaries And Wages,1291596.471,1843893.876,1875533.58009,1482593.10753,1688650.734,95.0,96.0,-552297.405,-0.29952776143392323,-397054.26300000004
Infrastructure,Productivity,Labor,Regular Salaries And Wages,862475.304,1416250.545,1257535.383,871444.848,862710.3716399999,174.0,180.0,-553775.2409999999,-0.39101502411072325,-235.06763999990653
Enablement,EIM,Labor,Regular Salaries And Wages,856450.395,1426874.28,1281546.666,989948.535,1135222.611,29.0,36.0,-570423.885,-0.39977164981907165,-278772.216
BU Support,Manufacturing,Other,Misc. Credits - 3,-766008.492,-165934.52399999998,-276427.779,-507455.19,-337642.74006,23.0,12.0,-600073.968,,-428365.75194
BU Support,Manufacturing,Depr & Amort,Fixed Assets,1499407.809,2144306.1,1949260.0229999998,1665540.108,1820477.733,360.0,384.0,-644898.2910000002,-0.300749175222698,-321069.9240000001
BU Support,Development,Administrative,Administrative Other,,655742.628,-390421.917,1879.29,-461781.79497,0.0,12.0,-655742.628,-1.0,461781.79497
BU Support,R&D,Hardware & Software,Purchased Software,163879.239,859788.1799999999,619273.758,198379.28397,623397.65796,15.0,36.0,-695908.9409999999,-0.8093957990908877,-459518.41896
BU Support,Planning,Depr & Amort,Software,3214691.295,3958060.71,3528706.674,3372024.786,3628073.8625999996,13.0,12.0,-743369.415,-0.187811524245165,-413382.5675999997
BU Support,Development,Labor,Regular Salaries And Wages,1244916.4980000001,2027107.695,1844877.95094,1434154.07427,1694997.92745,48.0,60.0,-782191.1969999999,-0.3858656345340349,-450081.42944999994
Functional,R3,Depr & Amort,Software,5066058.849,5851930.824,6313283.472,5050620.843,5740682.1699,22.0,12.0,-785871.9749999996,-0.13429276569315776,-674623.3208999997
Functional,R5,Other,Other Miscellaneous Expense,648.9749999999999,832679.997,284651.77095,137497.68597,54575.74517999999,13.0,96.0,-832031.022,-0.9992206189624608,-53926.77017999999
Infrastructure,Core Infrastructure,Labor,Outsourcing,1376309.502,2260842.672,1962814.092,1574558.90625,906631.7579999999,69.0,48.0,-884533.1699999997,-0.39124047902790104,469677.7440000002
Functional,R5,Hardware & Software,Computer Hardware,32269.376999999997,939857.1,716316.228,90580.677,485266.956,18.0,36.0,-907587.723,-0.9656656559811061,-452997.579
BU Support,Development,Labor,Professional Services,1227707.757,2192700.156,3046143.37818,1868248.4541,2155058.18718,19.0,24.0,-964992.399,-0.4400931866399703,-927350.4301799999
Functional,R2,Hardware & Software,Software Maintenance,3475265.325,4501514.637,3962068.4641799997,3480999.6059999997,3676089.618,114.0,72.0,-1026249.3119999999,-0.22797866823863888,-200824.2929999996
BU Support,Development,Other,Other Miscellaneous Expense,5271.567,1034037.606,417139.89087,8861.27625,12981.228,17.0,36.0,-1028766.039,-0.9949019581401954,-7709.660999999999
Infrastructure,Core Infrastructure,Depr & Amort,Fixed Assets,373583.049,1419040.0259999998,1156264.326,426003.2388,501993.65784,83.0,60.0,-1045456.9769999998,-0.7367353688725338,-128410.60884
Infrastructure,Data Centers,Hardware & Software,Computer Hardware,-36299.17800000003,1009438.4400000001,658981.341,-10503.891150000005,432217.17498,44.0,60.0,-1045737.6180000001,-1.0359597738322706,-468516.35298
Infrastructure,Networking,Hardware & Software,Network Equipment Rental,2385473.403,3459200.85,2619097.43682,2673930.018,2606578.092,40.0,24.0,-1073727.4470000002,-0.3103975436985685,-221104.68900000025
Functional,R5,Labor,Regular Salaries And Wages,2011085.067,3116043.513,2854682.613,2339090.97,2599750.1999999997,24.0,24.0,-1104958.4459999998,-0.3546030218737834,-588665.1329999997
Infrastructure,Networking,Labor,Professional Services,1263065.838,2372067.0719999997,2441676.9588,1664272.27575,1831103.43138,86.0,36.0,-1109001.2339999997,-0.4675252428949867,-568037.59338
Infrastructure,Productivity,Labor,Outsourcing,4338797.112,5459780.598,4994082.5421,4066522.161,4438286.94861,43.0,120.0,-1120983.4860000005,-0.2053165811114523,-99489.83661000058
Infrastructure,Productivity,Other,Telecommunication,84751.302,1217213.604,923650.2899999999,367842.09306,462560.3724,32.0,120.0,-1132462.3020000001,-0.9303726957031283,-377809.07039999997
BU Support,R&D,Labor,Regular Salaries And Wages,1674388.908,2898720.177,2693159.223,1888720.45398,2373914.01276,68.0,60.0,-1224331.269,-0.4223695956286159,-699525.1047599998
Functional,R2,Labor,Regular Salaries And Wages,4333557.18,5679720.732,5461617.66,4577196.8692499995,5184427.6590599995,179.0,204.0,-1346163.5520000001,-0.23701227851144288,-850870.4790599998
BU Support,Manufacturing,Labor,Regular Salaries And Wages,7306997.228999999,8661769.125,8451959.883,8672020.275,9923080.57497,410.0,432.0,-1354771.8960000006,-0.15640822058969397,-2616083.34597
Infrastructure,Data Centers,Hardware & Software,Maintenance and Repairs,794886.009,2238000.21,1757576.60034,999427.66599,1487920.46826,70.0,84.0,-1443114.201,-0.6448230856064129,-693034.45926
Functional,R1,Labor,Professional Services,108049.8,1573593.6600000001,1192068.264,624159.567,1044784.37226,13.0,60.0,-1465543.86,-0.9313356409938763,-936734.5722599999
Functional,R5,Labor,Professional Services,4713675.39,6218021.7299999995,6159522.543959999,5768479.39299,7268187.5578499995,87.0,96.0,-1504346.3399999999,-0.24193327159697783,-2554512.16785
BU Support,Planning,Labor,Regular Salaries And Wages,2925864.045,4432826.838,4426072.689,3342987.01728,4005682.89003,61.0,72.0,-1506962.7930000005,-0.3399552583650912,-1079818.84503
Enablement,Mobility,Labor,Outsourcing,187283.64899999998,1694690.7,1260964.36491,191498.78399999999,168344.92346999998,8.0,12.0,-1507407.051,-0.8894880056874095,18938.725529999996
BU Support,Planning,Hardware & Software,Software Maintenance,5018034.804,6938741.649,6462803.981699999,5041956.5037,6218100.7305,33.0,12.0,-1920706.8450000007,-0.2768091020187803,-1200065.9265
Functional,R5,Depr & Amort,Fixed Assets,474554.334,2582628.8279999997,2599203.1015500003,475973.832,542219.007,62.0,72.0,-2108074.494,-0.8162514377385398,-67664.67300000001
Functional,R2,CAPEX,Professional Services,-2324626.761,-15000.0,-317722.995,-1581615.705,-909959.868,44.0,12.0,-2309626.761,,-1414666.893
Functional,R2,Labor,Outsourcing,2890142.145,5477298.504,2958608.88918,2742855.84075,2859215.8589999997,122.0,144.0,-2587156.3589999997,-0.4723416766697366,30926.286000000313
Infrastructure,Hosting,Labor,Professional Services,835359.588,3637996.1999999997,1229801.145,867947.5859999999,1128002.112,24.0,24.0,-2802636.6119999997,-0.7703792027050496,-292642.524
Functional,R2,Depr & Amort,Fixed Assets,1081868.874,6070363.488,2459282.0519999997,1138365.0465,1357392.55806,179.0,132.0,-4988494.614,-0.8217785679327676,-275523.6840599999
Functional,R3,Other,Other Miscellaneous Expense,34298.924999999996,5388399.432,5413574.079,34383.328949999996,6190.53,41.0,24.0,-5354100.507,-0.9936346728870341,28108.394999999997
Infrastructure,Networking,Other,Telecom,-6037586.226,7260.012,-8127091.034879999,-6282282.149999999,-6128480.316,61.0,12.0,-6044846.238,-832.6220725255,90894.08999999985
