company,period_start,period_end,calendar_quarter,fiscal_period,period_basis,segment,metric,value,unit,value_status,publication_date,eligible_prequarter,eligible_midquarter,source_id,source_url,source_locator,source_extract,notes,source_excerpt
TRV,2025-01-01,2025-03-31,2025Q1,2025Q1,quarter,Consolidated,net_written_premiums,10515.0,USD million,reported,2025-04-16,True,True,trv_2025q1,https://investor.travelers.com/newsroom/press-releases/news-details/2025/Travelers-Reports-First-Quarter-Net-Income-of-395-Million-and-Core-Income-of-443-Million/default.aspx,table[0]/row[3] (zero based); Net written premiums,sources/trv_2025q1_tables.json,,"Net written premiums | $ | 10,515 | $ | 10,182 | 3 | %"
TRV,2024-01-01,2024-03-31,2024Q1,2024Q1,quarter,Consolidated,net_written_premiums,10182.0,USD million,reported,2025-04-16,True,True,trv_2025q1,https://investor.travelers.com/newsroom/press-releases/news-details/2025/Travelers-Reports-First-Quarter-Net-Income-of-395-Million-and-Core-Income-of-443-Million/default.aspx,table[0]/row[3] (zero based); Net written premiums,sources/trv_2025q1_tables.json,,"Net written premiums | $ | 10,515 | $ | 10,182 | 3 | %"
TRV,2025-01-01,2025-03-31,2025Q1,2025Q1,quarter,Consolidated,total_revenues,11810.0,USD million,reported,2025-04-16,True,True,trv_2025q1,https://investor.travelers.com/newsroom/press-releases/news-details/2025/Travelers-Reports-First-Quarter-Net-Income-of-395-Million-and-Core-Income-of-443-Million/default.aspx,table[0]/row[5] (zero based); Total revenues,sources/trv_2025q1_tables.json,,"Total revenues | $ | 11,810 | $ | 11,228 | 5"
TRV,2024-01-01,2024-03-31,2024Q1,2024Q1,quarter,Consolidated,total_revenues,11228.0,USD million,reported,2025-04-16,True,True,trv_2025q1,https://investor.travelers.com/newsroom/press-releases/news-details/2025/Travelers-Reports-First-Quarter-Net-Income-of-395-Million-and-Core-Income-of-443-Million/default.aspx,table[0]/row[5] (zero based); Total revenues,sources/trv_2025q1_tables.json,,"Total revenues | $ | 11,810 | $ | 11,228 | 5"
TRV,2025-01-01,2025-03-31,2025Q1,2025Q1,quarter,Consolidated,net_income,395.0,USD million,reported,2025-04-16,True,True,trv_2025q1,https://investor.travelers.com/newsroom/press-releases/news-details/2025/Travelers-Reports-First-Quarter-Net-Income-of-395-Million-and-Core-Income-of-443-Million/default.aspx,table[0]/row[6] (zero based); Net income,sources/trv_2025q1_tables.json,,"Net income | $ | 395 | $ | 1,123 | (65 | )"
TRV,2024-01-01,2024-03-31,2024Q1,2024Q1,quarter,Consolidated,net_income,1123.0,USD million,reported,2025-04-16,True,True,trv_2025q1,https://investor.travelers.com/newsroom/press-releases/news-details/2025/Travelers-Reports-First-Quarter-Net-Income-of-395-Million-and-Core-Income-of-443-Million/default.aspx,table[0]/row[6] (zero based); Net income,sources/trv_2025q1_tables.json,,"Net income | $ | 395 | $ | 1,123 | (65 | )"
TRV,2025-01-01,2025-03-31,2025Q1,2025Q1,quarter,Consolidated,core_income,443.0,USD million,reported,2025-04-16,True,True,trv_2025q1,https://investor.travelers.com/newsroom/press-releases/news-details/2025/Travelers-Reports-First-Quarter-Net-Income-of-395-Million-and-Core-Income-of-443-Million/default.aspx,table[0]/row[8] (zero based); Core income,sources/trv_2025q1_tables.json,,"Core income | $ | 443 | $ | 1,096 | (60 | )"
TRV,2024-01-01,2024-03-31,2024Q1,2024Q1,quarter,Consolidated,core_income,1096.0,USD million,reported,2025-04-16,True,True,trv_2025q1,https://investor.travelers.com/newsroom/press-releases/news-details/2025/Travelers-Reports-First-Quarter-Net-Income-of-395-Million-and-Core-Income-of-443-Million/default.aspx,table[0]/row[8] (zero based); Core income,sources/trv_2025q1_tables.json,,"Core income | $ | 443 | $ | 1,096 | (60 | )"
TRV,2025-01-01,2025-03-31,2025Q1,2025Q1,quarter,Consolidated,diluted_shares,230.4,million shares,reported,2025-04-16,True,True,trv_2025q1,https://investor.travelers.com/newsroom/press-releases/news-details/2025/Travelers-Reports-First-Quarter-Net-Income-of-395-Million-and-Core-Income-of-443-Million/default.aspx,table[0]/row[10] (zero based); Diluted weighted average shares outstanding,sources/trv_2025q1_tables.json,,Diluted weighted average shares outstanding | 230.4 | 232.0 | (1 | )
TRV,2024-01-01,2024-03-31,2024Q1,2024Q1,quarter,Consolidated,diluted_shares,232.0,million shares,reported,2025-04-16,True,True,trv_2025q1,https://investor.travelers.com/newsroom/press-releases/news-details/2025/Travelers-Reports-First-Quarter-Net-Income-of-395-Million-and-Core-Income-of-443-Million/default.aspx,table[0]/row[10] (zero based); Diluted weighted average shares outstanding,sources/trv_2025q1_tables.json,,Diluted weighted average shares outstanding | 230.4 | 232.0 | (1 | )
TRV,2025-01-01,2025-03-31,2025Q1,2025Q1,quarter,Consolidated,combined_ratio,102.5,percent,reported,2025-04-16,True,True,trv_2025q1,https://investor.travelers.com/newsroom/press-releases/news-details/2025/Travelers-Reports-First-Quarter-Net-Income-of-395-Million-and-Core-Income-of-443-Million/default.aspx,table[0]/row[11] (zero based); Combined ratio,sources/trv_2025q1_tables.json,,Combined ratio | 102.5 | % | 93.9 | % | 8.6 | pts
TRV,2024-01-01,2024-03-31,2024Q1,2024Q1,quarter,Consolidated,combined_ratio,93.9,percent,reported,2025-04-16,True,True,trv_2025q1,https://investor.travelers.com/newsroom/press-releases/news-details/2025/Travelers-Reports-First-Quarter-Net-Income-of-395-Million-and-Core-Income-of-443-Million/default.aspx,table[0]/row[11] (zero based); Combined ratio,sources/trv_2025q1_tables.json,,Combined ratio | 102.5 | % | 93.9 | % | 8.6 | pts
TRV,2025-01-01,2025-03-31,2025Q1,2025Q1,quarter,Consolidated,underlying_combined_ratio,84.8,percent,reported,2025-04-16,True,True,trv_2025q1,https://investor.travelers.com/newsroom/press-releases/news-details/2025/Travelers-Reports-First-Quarter-Net-Income-of-395-Million-and-Core-Income-of-443-Million/default.aspx,table[0]/row[12] (zero based); Underlying combined ratio,sources/trv_2025q1_tables.json,,Underlying combined ratio | 84.8 | % | 87.7 | % | (2.9 | ) | pts
TRV,2024-01-01,2024-03-31,2024Q1,2024Q1,quarter,Consolidated,underlying_combined_ratio,87.7,percent,reported,2025-04-16,True,True,trv_2025q1,https://investor.travelers.com/newsroom/press-releases/news-details/2025/Travelers-Reports-First-Quarter-Net-Income-of-395-Million-and-Core-Income-of-443-Million/default.aspx,table[0]/row[12] (zero based); Underlying combined ratio,sources/trv_2025q1_tables.json,,Underlying combined ratio | 84.8 | % | 87.7 | % | (2.9 | ) | pts
TRV,2025-01-01,2025-03-31,2025Q1,2025Q1,quarter,Consolidated,underwriting_gain,-305.0,USD million,reported,2025-04-16,True,True,trv_2025q1,https://investor.travelers.com/newsroom/press-releases/news-details/2025/Travelers-Reports-First-Quarter-Net-Income-of-395-Million-and-Core-Income-of-443-Million/default.aspx,table[2]/row[3] (zero based); Underwriting gain (loss):,sources/trv_2025q1_tables.json,,Underwriting gain (loss): | $ | (305 | ) | $ | 577 | $ | (882 | )
TRV,2024-01-01,2024-03-31,2024Q1,2024Q1,quarter,Consolidated,underwriting_gain,577.0,USD million,reported,2025-04-16,True,True,trv_2025q1,https://investor.travelers.com/newsroom/press-releases/news-details/2025/Travelers-Reports-First-Quarter-Net-Income-of-395-Million-and-Core-Income-of-443-Million/default.aspx,table[2]/row[3] (zero based); Underwriting gain (loss):,sources/trv_2025q1_tables.json,,Underwriting gain (loss): | $ | (305 | ) | $ | 577 | $ | (882 | )
TRV,2025-01-01,2025-03-31,2025Q1,2025Q1,quarter,Consolidated,favorable_prior_year_development,378.0,USD million,reported,2025-04-16,True,True,trv_2025q1,https://investor.travelers.com/newsroom/press-releases/news-details/2025/Travelers-Reports-First-Quarter-Net-Income-of-395-Million-and-Core-Income-of-443-Million/default.aspx,table[2]/row[5] (zero based); Net favorable prior year reserve development,sources/trv_2025q1_tables.json,,Net favorable prior year reserve development | 378 | 91 | 287
TRV,2024-01-01,2024-03-31,2024Q1,2024Q1,quarter,Consolidated,favorable_prior_year_development,91.0,USD million,reported,2025-04-16,True,True,trv_2025q1,https://investor.travelers.com/newsroom/press-releases/news-details/2025/Travelers-Reports-First-Quarter-Net-Income-of-395-Million-and-Core-Income-of-443-Million/default.aspx,table[2]/row[5] (zero based); Net favorable prior year reserve development,sources/trv_2025q1_tables.json,,Net favorable prior year reserve development | 378 | 91 | 287
TRV,2025-01-01,2025-03-31,2025Q1,2025Q1,quarter,Consolidated,catastrophe_losses_signed,-2266.0,USD million,reported,2025-04-16,True,True,trv_2025q1,https://investor.travelers.com/newsroom/press-releases/news-details/2025/Travelers-Reports-First-Quarter-Net-Income-of-395-Million-and-Core-Income-of-443-Million/default.aspx,"table[2]/row[6] (zero based); Catastrophes, net of reinsurance",sources/trv_2025q1_tables.json,,"Catastrophes, net of reinsurance | (2,266 | ) | (712 | ) | (1,554 | )"
TRV,2024-01-01,2024-03-31,2024Q1,2024Q1,quarter,Consolidated,catastrophe_losses_signed,-712.0,USD million,reported,2025-04-16,True,True,trv_2025q1,https://investor.travelers.com/newsroom/press-releases/news-details/2025/Travelers-Reports-First-Quarter-Net-Income-of-395-Million-and-Core-Income-of-443-Million/default.aspx,"table[2]/row[6] (zero based); Catastrophes, net of reinsurance",sources/trv_2025q1_tables.json,,"Catastrophes, net of reinsurance | (2,266 | ) | (712 | ) | (1,554 | )"
TRV,2025-01-01,2025-03-31,2025Q1,2025Q1,quarter,Consolidated,investment_income_pretax,930.0,USD million,reported,2025-04-16,True,True,trv_2025q1,https://investor.travelers.com/newsroom/press-releases/news-details/2025/Travelers-Reports-First-Quarter-Net-Income-of-395-Million-and-Core-Income-of-443-Million/default.aspx,table[2]/row[7] (zero based); Net investment income,sources/trv_2025q1_tables.json,,Net investment income | 930 | 846 | 84
TRV,2024-01-01,2024-03-31,2024Q1,2024Q1,quarter,Consolidated,investment_income_pretax,846.0,USD million,reported,2025-04-16,True,True,trv_2025q1,https://investor.travelers.com/newsroom/press-releases/news-details/2025/Travelers-Reports-First-Quarter-Net-Income-of-395-Million-and-Core-Income-of-443-Million/default.aspx,table[2]/row[7] (zero based); Net investment income,sources/trv_2025q1_tables.json,,Net investment income | 930 | 846 | 84
TRV,2025-01-01,2025-03-31,2025Q1,2025Q1,quarter,Consolidated,other_income_including_interest,-96.0,USD million,reported,2025-04-16,True,True,trv_2025q1,https://investor.travelers.com/newsroom/press-releases/news-details/2025/Travelers-Reports-First-Quarter-Net-Income-of-395-Million-and-Core-Income-of-443-Million/default.aspx,"table[2]/row[8] (zero based); Other income (expense), including interest expense",sources/trv_2025q1_tables.json,,"Other income (expense), including interest expense | (96 | ) | (88 | ) | (8 | )"
TRV,2024-01-01,2024-03-31,2024Q1,2024Q1,quarter,Consolidated,other_income_including_interest,-88.0,USD million,reported,2025-04-16,True,True,trv_2025q1,https://investor.travelers.com/newsroom/press-releases/news-details/2025/Travelers-Reports-First-Quarter-Net-Income-of-395-Million-and-Core-Income-of-443-Million/default.aspx,"table[2]/row[8] (zero based); Other income (expense), including interest expense",sources/trv_2025q1_tables.json,,"Other income (expense), including interest expense | (96 | ) | (88 | ) | (8 | )"
TRV,2025-01-01,2025-03-31,2025Q1,2025Q1,quarter,Consolidated,core_pretax_income,529.0,USD million,reported,2025-04-16,True,True,trv_2025q1,https://investor.travelers.com/newsroom/press-releases/news-details/2025/Travelers-Reports-First-Quarter-Net-Income-of-395-Million-and-Core-Income-of-443-Million/default.aspx,table[2]/row[9] (zero based); Core income before income taxes,sources/trv_2025q1_tables.json,,"Core income before income taxes | 529 | 1,335 | (806 | )"
TRV,2024-01-01,2024-03-31,2024Q1,2024Q1,quarter,Consolidated,core_pretax_income,1335.0,USD million,reported,2025-04-16,True,True,trv_2025q1,https://investor.travelers.com/newsroom/press-releases/news-details/2025/Travelers-Reports-First-Quarter-Net-Income-of-395-Million-and-Core-Income-of-443-Million/default.aspx,table[2]/row[9] (zero based); Core income before income taxes,sources/trv_2025q1_tables.json,,"Core income before income taxes | 529 | 1,335 | (806 | )"
TRV,2025-01-01,2025-03-31,2025Q1,2025Q1,quarter,Consolidated,core_income_tax,86.0,USD million,reported,2025-04-16,True,True,trv_2025q1,https://investor.travelers.com/newsroom/press-releases/news-details/2025/Travelers-Reports-First-Quarter-Net-Income-of-395-Million-and-Core-Income-of-443-Million/default.aspx,table[2]/row[10] (zero based); Income tax expense,sources/trv_2025q1_tables.json,,Income tax expense | 86 | 239 | (153 | )
TRV,2024-01-01,2024-03-31,2024Q1,2024Q1,quarter,Consolidated,core_income_tax,239.0,USD million,reported,2025-04-16,True,True,trv_2025q1,https://investor.travelers.com/newsroom/press-releases/news-details/2025/Travelers-Reports-First-Quarter-Net-Income-of-395-Million-and-Core-Income-of-443-Million/default.aspx,table[2]/row[10] (zero based); Income tax expense,sources/trv_2025q1_tables.json,,Income tax expense | 86 | 239 | (153 | )
TRV,2025-01-01,2025-03-31,2025Q1,2025Q1,quarter,Consolidated,realized_gains_aftertax,-48.0,USD million,reported,2025-04-16,True,True,trv_2025q1,https://investor.travelers.com/newsroom/press-releases/news-details/2025/Travelers-Reports-First-Quarter-Net-Income-of-395-Million-and-Core-Income-of-443-Million/default.aspx,table[2]/row[12] (zero based); Net realized investment gains (losses) after income taxes,sources/trv_2025q1_tables.json,,Net realized investment gains (losses) after income taxes | (48 | ) | 27 | (75 | )
TRV,2024-01-01,2024-03-31,2024Q1,2024Q1,quarter,Consolidated,realized_gains_aftertax,27.0,USD million,reported,2025-04-16,True,True,trv_2025q1,https://investor.travelers.com/newsroom/press-releases/news-details/2025/Travelers-Reports-First-Quarter-Net-Income-of-395-Million-and-Core-Income-of-443-Million/default.aspx,table[2]/row[12] (zero based); Net realized investment gains (losses) after income taxes,sources/trv_2025q1_tables.json,,Net realized investment gains (losses) after income taxes | (48 | ) | 27 | (75 | )
TRV,2025-01-01,2025-03-31,2025Q1,2025Q1,quarter,Business Insurance,net_written_premiums,5698.0,USD million,reported,2025-04-16,True,True,trv_2025q1,https://investor.travelers.com/newsroom/press-releases/news-details/2025/Travelers-Reports-First-Quarter-Net-Income-of-395-Million-and-Core-Income-of-443-Million/default.aspx,table[2]/row[22] (zero based); Business Insurance,sources/trv_2025q1_tables.json,,"Business Insurance | $ | 5,698 | $ | 5,596 | 2 | %"
TRV,2024-01-01,2024-03-31,2024Q1,2024Q1,quarter,Business Insurance,net_written_premiums,5596.0,USD million,reported,2025-04-16,True,True,trv_2025q1,https://investor.travelers.com/newsroom/press-releases/news-details/2025/Travelers-Reports-First-Quarter-Net-Income-of-395-Million-and-Core-Income-of-443-Million/default.aspx,table[2]/row[22] (zero based); Business Insurance,sources/trv_2025q1_tables.json,,"Business Insurance | $ | 5,698 | $ | 5,596 | 2 | %"
TRV,2025-01-01,2025-03-31,2025Q1,2025Q1,quarter,Bond & Specialty Insurance,net_written_premiums,999.0,USD million,reported,2025-04-16,True,True,trv_2025q1,https://investor.travelers.com/newsroom/press-releases/news-details/2025/Travelers-Reports-First-Quarter-Net-Income-of-395-Million-and-Core-Income-of-443-Million/default.aspx,table[2]/row[23] (zero based); Bond & Specialty Insurance,sources/trv_2025q1_tables.json,,Bond & Specialty Insurance | 999 | 943 | 6
TRV,2024-01-01,2024-03-31,2024Q1,2024Q1,quarter,Bond & Specialty Insurance,net_written_premiums,943.0,USD million,reported,2025-04-16,True,True,trv_2025q1,https://investor.travelers.com/newsroom/press-releases/news-details/2025/Travelers-Reports-First-Quarter-Net-Income-of-395-Million-and-Core-Income-of-443-Million/default.aspx,table[2]/row[23] (zero based); Bond & Specialty Insurance,sources/trv_2025q1_tables.json,,Bond & Specialty Insurance | 999 | 943 | 6
TRV,2025-01-01,2025-03-31,2025Q1,2025Q1,quarter,Personal Insurance,net_written_premiums,3818.0,USD million,reported,2025-04-16,True,True,trv_2025q1,https://investor.travelers.com/newsroom/press-releases/news-details/2025/Travelers-Reports-First-Quarter-Net-Income-of-395-Million-and-Core-Income-of-443-Million/default.aspx,table[2]/row[24] (zero based); Personal Insurance,sources/trv_2025q1_tables.json,,"Personal Insurance | 3,818 | 3,643 | 5"
TRV,2024-01-01,2024-03-31,2024Q1,2024Q1,quarter,Personal Insurance,net_written_premiums,3643.0,USD million,reported,2025-04-16,True,True,trv_2025q1,https://investor.travelers.com/newsroom/press-releases/news-details/2025/Travelers-Reports-First-Quarter-Net-Income-of-395-Million-and-Core-Income-of-443-Million/default.aspx,table[2]/row[24] (zero based); Personal Insurance,sources/trv_2025q1_tables.json,,"Personal Insurance | 3,818 | 3,643 | 5"
TRV,2025-01-01,2025-03-31,2025Q1,2025Q1,quarter,Business Insurance,underwriting_gain,195.0,USD million,reported,2025-04-16,True,True,trv_2025q1,https://investor.travelers.com/newsroom/press-releases/news-details/2025/Travelers-Reports-First-Quarter-Net-Income-of-395-Million-and-Core-Income-of-443-Million/default.aspx,table[3]/row[3] (zero based); Underwriting gain:,sources/trv_2025q1_tables.json,,Underwriting gain: | $ | 195 | $ | 334 | $ | (139 | )
TRV,2024-01-01,2024-03-31,2024Q1,2024Q1,quarter,Business Insurance,underwriting_gain,334.0,USD million,reported,2025-04-16,True,True,trv_2025q1,https://investor.travelers.com/newsroom/press-releases/news-details/2025/Travelers-Reports-First-Quarter-Net-Income-of-395-Million-and-Core-Income-of-443-Million/default.aspx,table[3]/row[3] (zero based); Underwriting gain:,sources/trv_2025q1_tables.json,,Underwriting gain: | $ | 195 | $ | 334 | $ | (139 | )
TRV,2025-01-01,2025-03-31,2025Q1,2025Q1,quarter,Business Insurance,favorable_prior_year_development,74.0,USD million,reported,2025-04-16,True,True,trv_2025q1,https://investor.travelers.com/newsroom/press-releases/news-details/2025/Travelers-Reports-First-Quarter-Net-Income-of-395-Million-and-Core-Income-of-443-Million/default.aspx,table[3]/row[5] (zero based); Net favorable prior year reserve development,sources/trv_2025q1_tables.json,,Net favorable prior year reserve development | 74 | — | 74
TRV,2024-01-01,2024-03-31,2024Q1,2024Q1,quarter,Business Insurance,favorable_prior_year_development,0.0,USD million,reported,2025-04-16,True,True,trv_2025q1,https://investor.travelers.com/newsroom/press-releases/news-details/2025/Travelers-Reports-First-Quarter-Net-Income-of-395-Million-and-Core-Income-of-443-Million/default.aspx,table[3]/row[5] (zero based); Net favorable prior year reserve development,sources/trv_2025q1_tables.json,,Net favorable prior year reserve development | 74 | — | 74
TRV,2025-01-01,2025-03-31,2025Q1,2025Q1,quarter,Business Insurance,catastrophe_losses_signed,-509.0,USD million,reported,2025-04-16,True,True,trv_2025q1,https://investor.travelers.com/newsroom/press-releases/news-details/2025/Travelers-Reports-First-Quarter-Net-Income-of-395-Million-and-Core-Income-of-443-Million/default.aspx,"table[3]/row[6] (zero based); Catastrophes, net of reinsurance",sources/trv_2025q1_tables.json,,"Catastrophes, net of reinsurance | (509 | ) | (209 | ) | (300 | )"
TRV,2024-01-01,2024-03-31,2024Q1,2024Q1,quarter,Business Insurance,catastrophe_losses_signed,-209.0,USD million,reported,2025-04-16,True,True,trv_2025q1,https://investor.travelers.com/newsroom/press-releases/news-details/2025/Travelers-Reports-First-Quarter-Net-Income-of-395-Million-and-Core-Income-of-443-Million/default.aspx,"table[3]/row[6] (zero based); Catastrophes, net of reinsurance",sources/trv_2025q1_tables.json,,"Catastrophes, net of reinsurance | (509 | ) | (209 | ) | (300 | )"
TRV,2025-01-01,2025-03-31,2025Q1,2025Q1,quarter,Business Insurance,investment_income_pretax,656.0,USD million,reported,2025-04-16,True,True,trv_2025q1,https://investor.travelers.com/newsroom/press-releases/news-details/2025/Travelers-Reports-First-Quarter-Net-Income-of-395-Million-and-Core-Income-of-443-Million/default.aspx,table[3]/row[7] (zero based); Net investment income,sources/trv_2025q1_tables.json,,Net investment income | 656 | 609 | 47
TRV,2024-01-01,2024-03-31,2024Q1,2024Q1,quarter,Business Insurance,investment_income_pretax,609.0,USD million,reported,2025-04-16,True,True,trv_2025q1,https://investor.travelers.com/newsroom/press-releases/news-details/2025/Travelers-Reports-First-Quarter-Net-Income-of-395-Million-and-Core-Income-of-443-Million/default.aspx,table[3]/row[7] (zero based); Net investment income,sources/trv_2025q1_tables.json,,Net investment income | 656 | 609 | 47
TRV,2025-01-01,2025-03-31,2025Q1,2025Q1,quarter,Business Insurance,segment_other_income,-9.0,USD million,reported,2025-04-16,True,True,trv_2025q1,https://investor.travelers.com/newsroom/press-releases/news-details/2025/Travelers-Reports-First-Quarter-Net-Income-of-395-Million-and-Core-Income-of-443-Million/default.aspx,table[3]/row[8] (zero based); Other income (expense),sources/trv_2025q1_tables.json,,Other income (expense) | (9 | ) | (9 | ) | —
TRV,2024-01-01,2024-03-31,2024Q1,2024Q1,quarter,Business Insurance,segment_other_income,-9.0,USD million,reported,2025-04-16,True,True,trv_2025q1,https://investor.travelers.com/newsroom/press-releases/news-details/2025/Travelers-Reports-First-Quarter-Net-Income-of-395-Million-and-Core-Income-of-443-Million/default.aspx,table[3]/row[8] (zero based); Other income (expense),sources/trv_2025q1_tables.json,,Other income (expense) | (9 | ) | (9 | ) | —
TRV,2025-01-01,2025-03-31,2025Q1,2025Q1,quarter,Business Insurance,segment_pretax_income,842.0,USD million,reported,2025-04-16,True,True,trv_2025q1,https://investor.travelers.com/newsroom/press-releases/news-details/2025/Travelers-Reports-First-Quarter-Net-Income-of-395-Million-and-Core-Income-of-443-Million/default.aspx,table[3]/row[9] (zero based); Segment income before income taxes,sources/trv_2025q1_tables.json,,Segment income before income taxes | 842 | 934 | (92 | )
TRV,2024-01-01,2024-03-31,2024Q1,2024Q1,quarter,Business Insurance,segment_pretax_income,934.0,USD million,reported,2025-04-16,True,True,trv_2025q1,https://investor.travelers.com/newsroom/press-releases/news-details/2025/Travelers-Reports-First-Quarter-Net-Income-of-395-Million-and-Core-Income-of-443-Million/default.aspx,table[3]/row[9] (zero based); Segment income before income taxes,sources/trv_2025q1_tables.json,,Segment income before income taxes | 842 | 934 | (92 | )
TRV,2025-01-01,2025-03-31,2025Q1,2025Q1,quarter,Business Insurance,segment_income_tax,159.0,USD million,reported,2025-04-16,True,True,trv_2025q1,https://investor.travelers.com/newsroom/press-releases/news-details/2025/Travelers-Reports-First-Quarter-Net-Income-of-395-Million-and-Core-Income-of-443-Million/default.aspx,table[3]/row[10] (zero based); Income tax expense,sources/trv_2025q1_tables.json,,Income tax expense | 159 | 170 | (11 | )
TRV,2024-01-01,2024-03-31,2024Q1,2024Q1,quarter,Business Insurance,segment_income_tax,170.0,USD million,reported,2025-04-16,True,True,trv_2025q1,https://investor.travelers.com/newsroom/press-releases/news-details/2025/Travelers-Reports-First-Quarter-Net-Income-of-395-Million-and-Core-Income-of-443-Million/default.aspx,table[3]/row[10] (zero based); Income tax expense,sources/trv_2025q1_tables.json,,Income tax expense | 159 | 170 | (11 | )
TRV,2025-01-01,2025-03-31,2025Q1,2025Q1,quarter,Business Insurance,segment_income_aftertax,683.0,USD million,reported,2025-04-16,True,True,trv_2025q1,https://investor.travelers.com/newsroom/press-releases/news-details/2025/Travelers-Reports-First-Quarter-Net-Income-of-395-Million-and-Core-Income-of-443-Million/default.aspx,table[3]/row[11] (zero based); Segment income,sources/trv_2025q1_tables.json,,Segment income | $ | 683 | $ | 764 | $ | (81 | )
TRV,2024-01-01,2024-03-31,2024Q1,2024Q1,quarter,Business Insurance,segment_income_aftertax,764.0,USD million,reported,2025-04-16,True,True,trv_2025q1,https://investor.travelers.com/newsroom/press-releases/news-details/2025/Travelers-Reports-First-Quarter-Net-Income-of-395-Million-and-Core-Income-of-443-Million/default.aspx,table[3]/row[11] (zero based); Segment income,sources/trv_2025q1_tables.json,,Segment income | $ | 683 | $ | 764 | $ | (81 | )
TRV,2025-01-01,2025-03-31,2025Q1,2025Q1,quarter,Business Insurance,combined_ratio,96.2,percent,reported,2025-04-16,True,True,trv_2025q1,https://investor.travelers.com/newsroom/press-releases/news-details/2025/Travelers-Reports-First-Quarter-Net-Income-of-395-Million-and-Core-Income-of-443-Million/default.aspx,table[3]/row[13] (zero based); Combined ratio,sources/trv_2025q1_tables.json,,Combined ratio | 96.2 | % | 93.3 | % | 2.9 | pts
TRV,2024-01-01,2024-03-31,2024Q1,2024Q1,quarter,Business Insurance,combined_ratio,93.3,percent,reported,2025-04-16,True,True,trv_2025q1,https://investor.travelers.com/newsroom/press-releases/news-details/2025/Travelers-Reports-First-Quarter-Net-Income-of-395-Million-and-Core-Income-of-443-Million/default.aspx,table[3]/row[13] (zero based); Combined ratio,sources/trv_2025q1_tables.json,,Combined ratio | 96.2 | % | 93.3 | % | 2.9 | pts
TRV,2025-01-01,2025-03-31,2025Q1,2025Q1,quarter,Business Insurance,underlying_combined_ratio,88.2,percent,reported,2025-04-16,True,True,trv_2025q1,https://investor.travelers.com/newsroom/press-releases/news-details/2025/Travelers-Reports-First-Quarter-Net-Income-of-395-Million-and-Core-Income-of-443-Million/default.aspx,table[3]/row[17] (zero based); Underlying combined ratio,sources/trv_2025q1_tables.json,,Underlying combined ratio | 88.2 | % | 89.2 | % | (1.0 | ) | pts
TRV,2024-01-01,2024-03-31,2024Q1,2024Q1,quarter,Business Insurance,underlying_combined_ratio,89.2,percent,reported,2025-04-16,True,True,trv_2025q1,https://investor.travelers.com/newsroom/press-releases/news-details/2025/Travelers-Reports-First-Quarter-Net-Income-of-395-Million-and-Core-Income-of-443-Million/default.aspx,table[3]/row[17] (zero based); Underlying combined ratio,sources/trv_2025q1_tables.json,,Underlying combined ratio | 88.2 | % | 89.2 | % | (1.0 | ) | pts
TRV,2025-01-01,2025-03-31,2025Q1,2025Q1,quarter,Bond & Specialty Insurance,underwriting_gain,170.0,USD million,reported,2025-04-16,True,True,trv_2025q1,https://investor.travelers.com/newsroom/press-releases/news-details/2025/Travelers-Reports-First-Quarter-Net-Income-of-395-Million-and-Core-Income-of-443-Million/default.aspx,table[4]/row[3] (zero based); Underwriting gain:,sources/trv_2025q1_tables.json,,Underwriting gain: | $ | 170 | $ | 144 | $ | 26
TRV,2024-01-01,2024-03-31,2024Q1,2024Q1,quarter,Bond & Specialty Insurance,underwriting_gain,144.0,USD million,reported,2025-04-16,True,True,trv_2025q1,https://investor.travelers.com/newsroom/press-releases/news-details/2025/Travelers-Reports-First-Quarter-Net-Income-of-395-Million-and-Core-Income-of-443-Million/default.aspx,table[4]/row[3] (zero based); Underwriting gain:,sources/trv_2025q1_tables.json,,Underwriting gain: | $ | 170 | $ | 144 | $ | 26
TRV,2025-01-01,2025-03-31,2025Q1,2025Q1,quarter,Bond & Specialty Insurance,favorable_prior_year_development,67.0,USD million,reported,2025-04-16,True,True,trv_2025q1,https://investor.travelers.com/newsroom/press-releases/news-details/2025/Travelers-Reports-First-Quarter-Net-Income-of-395-Million-and-Core-Income-of-443-Million/default.aspx,table[4]/row[5] (zero based); Net favorable prior year reserve development,sources/trv_2025q1_tables.json,,Net favorable prior year reserve development | 67 | 24 | 43
TRV,2024-01-01,2024-03-31,2024Q1,2024Q1,quarter,Bond & Specialty Insurance,favorable_prior_year_development,24.0,USD million,reported,2025-04-16,True,True,trv_2025q1,https://investor.travelers.com/newsroom/press-releases/news-details/2025/Travelers-Reports-First-Quarter-Net-Income-of-395-Million-and-Core-Income-of-443-Million/default.aspx,table[4]/row[5] (zero based); Net favorable prior year reserve development,sources/trv_2025q1_tables.json,,Net favorable prior year reserve development | 67 | 24 | 43
TRV,2025-01-01,2025-03-31,2025Q1,2025Q1,quarter,Bond & Specialty Insurance,catastrophe_losses_signed,-19.0,USD million,reported,2025-04-16,True,True,trv_2025q1,https://investor.travelers.com/newsroom/press-releases/news-details/2025/Travelers-Reports-First-Quarter-Net-Income-of-395-Million-and-Core-Income-of-443-Million/default.aspx,"table[4]/row[6] (zero based); Catastrophes, net of reinsurance",sources/trv_2025q1_tables.json,,"Catastrophes, net of reinsurance | (19 | ) | (5 | ) | (14 | )"
TRV,2024-01-01,2024-03-31,2024Q1,2024Q1,quarter,Bond & Specialty Insurance,catastrophe_losses_signed,-5.0,USD million,reported,2025-04-16,True,True,trv_2025q1,https://investor.travelers.com/newsroom/press-releases/news-details/2025/Travelers-Reports-First-Quarter-Net-Income-of-395-Million-and-Core-Income-of-443-Million/default.aspx,"table[4]/row[6] (zero based); Catastrophes, net of reinsurance",sources/trv_2025q1_tables.json,,"Catastrophes, net of reinsurance | (19 | ) | (5 | ) | (14 | )"
TRV,2025-01-01,2025-03-31,2025Q1,2025Q1,quarter,Bond & Specialty Insurance,investment_income_pretax,102.0,USD million,reported,2025-04-16,True,True,trv_2025q1,https://investor.travelers.com/newsroom/press-releases/news-details/2025/Travelers-Reports-First-Quarter-Net-Income-of-395-Million-and-Core-Income-of-443-Million/default.aspx,table[4]/row[7] (zero based); Net investment income,sources/trv_2025q1_tables.json,,Net investment income | 102 | 90 | 12
TRV,2024-01-01,2024-03-31,2024Q1,2024Q1,quarter,Bond & Specialty Insurance,investment_income_pretax,90.0,USD million,reported,2025-04-16,True,True,trv_2025q1,https://investor.travelers.com/newsroom/press-releases/news-details/2025/Travelers-Reports-First-Quarter-Net-Income-of-395-Million-and-Core-Income-of-443-Million/default.aspx,table[4]/row[7] (zero based); Net investment income,sources/trv_2025q1_tables.json,,Net investment income | 102 | 90 | 12
TRV,2025-01-01,2025-03-31,2025Q1,2025Q1,quarter,Bond & Specialty Insurance,segment_pretax_income,277.0,USD million,reported,2025-04-16,True,True,trv_2025q1,https://investor.travelers.com/newsroom/press-releases/news-details/2025/Travelers-Reports-First-Quarter-Net-Income-of-395-Million-and-Core-Income-of-443-Million/default.aspx,table[4]/row[9] (zero based); Segment income before income taxes,sources/trv_2025q1_tables.json,,Segment income before income taxes | 277 | 240 | 37
TRV,2024-01-01,2024-03-31,2024Q1,2024Q1,quarter,Bond & Specialty Insurance,segment_pretax_income,240.0,USD million,reported,2025-04-16,True,True,trv_2025q1,https://investor.travelers.com/newsroom/press-releases/news-details/2025/Travelers-Reports-First-Quarter-Net-Income-of-395-Million-and-Core-Income-of-443-Million/default.aspx,table[4]/row[9] (zero based); Segment income before income taxes,sources/trv_2025q1_tables.json,,Segment income before income taxes | 277 | 240 | 37
TRV,2025-01-01,2025-03-31,2025Q1,2025Q1,quarter,Bond & Specialty Insurance,segment_income_tax,57.0,USD million,reported,2025-04-16,True,True,trv_2025q1,https://investor.travelers.com/newsroom/press-releases/news-details/2025/Travelers-Reports-First-Quarter-Net-Income-of-395-Million-and-Core-Income-of-443-Million/default.aspx,table[4]/row[10] (zero based); Income tax expense,sources/trv_2025q1_tables.json,,Income tax expense | 57 | 45 | 12
TRV,2024-01-01,2024-03-31,2024Q1,2024Q1,quarter,Bond & Specialty Insurance,segment_income_tax,45.0,USD million,reported,2025-04-16,True,True,trv_2025q1,https://investor.travelers.com/newsroom/press-releases/news-details/2025/Travelers-Reports-First-Quarter-Net-Income-of-395-Million-and-Core-Income-of-443-Million/default.aspx,table[4]/row[10] (zero based); Income tax expense,sources/trv_2025q1_tables.json,,Income tax expense | 57 | 45 | 12
TRV,2025-01-01,2025-03-31,2025Q1,2025Q1,quarter,Bond & Specialty Insurance,segment_income_aftertax,220.0,USD million,reported,2025-04-16,True,True,trv_2025q1,https://investor.travelers.com/newsroom/press-releases/news-details/2025/Travelers-Reports-First-Quarter-Net-Income-of-395-Million-and-Core-Income-of-443-Million/default.aspx,table[4]/row[11] (zero based); Segment income,sources/trv_2025q1_tables.json,,Segment income | $ | 220 | $ | 195 | $ | 25
TRV,2024-01-01,2024-03-31,2024Q1,2024Q1,quarter,Bond & Specialty Insurance,segment_income_aftertax,195.0,USD million,reported,2025-04-16,True,True,trv_2025q1,https://investor.travelers.com/newsroom/press-releases/news-details/2025/Travelers-Reports-First-Quarter-Net-Income-of-395-Million-and-Core-Income-of-443-Million/default.aspx,table[4]/row[11] (zero based); Segment income,sources/trv_2025q1_tables.json,,Segment income | $ | 220 | $ | 195 | $ | 25
TRV,2025-01-01,2025-03-31,2025Q1,2025Q1,quarter,Bond & Specialty Insurance,combined_ratio,82.5,percent,reported,2025-04-16,True,True,trv_2025q1,https://investor.travelers.com/newsroom/press-releases/news-details/2025/Travelers-Reports-First-Quarter-Net-Income-of-395-Million-and-Core-Income-of-443-Million/default.aspx,table[4]/row[13] (zero based); Combined ratio,sources/trv_2025q1_tables.json,,Combined ratio | 82.5 | % | 84.5 | % | (2.0 | ) | pts
TRV,2024-01-01,2024-03-31,2024Q1,2024Q1,quarter,Bond & Specialty Insurance,combined_ratio,84.5,percent,reported,2025-04-16,True,True,trv_2025q1,https://investor.travelers.com/newsroom/press-releases/news-details/2025/Travelers-Reports-First-Quarter-Net-Income-of-395-Million-and-Core-Income-of-443-Million/default.aspx,table[4]/row[13] (zero based); Combined ratio,sources/trv_2025q1_tables.json,,Combined ratio | 82.5 | % | 84.5 | % | (2.0 | ) | pts
TRV,2025-01-01,2025-03-31,2025Q1,2025Q1,quarter,Bond & Specialty Insurance,underlying_combined_ratio,87.3,percent,reported,2025-04-16,True,True,trv_2025q1,https://investor.travelers.com/newsroom/press-releases/news-details/2025/Travelers-Reports-First-Quarter-Net-Income-of-395-Million-and-Core-Income-of-443-Million/default.aspx,table[4]/row[17] (zero based); Underlying combined ratio,sources/trv_2025q1_tables.json,,Underlying combined ratio | 87.3 | % | 86.5 | % | 0.8 | pts
TRV,2024-01-01,2024-03-31,2024Q1,2024Q1,quarter,Bond & Specialty Insurance,underlying_combined_ratio,86.5,percent,reported,2025-04-16,True,True,trv_2025q1,https://investor.travelers.com/newsroom/press-releases/news-details/2025/Travelers-Reports-First-Quarter-Net-Income-of-395-Million-and-Core-Income-of-443-Million/default.aspx,table[4]/row[17] (zero based); Underlying combined ratio,sources/trv_2025q1_tables.json,,Underlying combined ratio | 87.3 | % | 86.5 | % | 0.8 | pts
TRV,2025-01-01,2025-03-31,2025Q1,2025Q1,quarter,Personal Insurance,underwriting_gain,-670.0,USD million,reported,2025-04-16,True,True,trv_2025q1,https://investor.travelers.com/newsroom/press-releases/news-details/2025/Travelers-Reports-First-Quarter-Net-Income-of-395-Million-and-Core-Income-of-443-Million/default.aspx,table[5]/row[3] (zero based); Underwriting gain (loss):,sources/trv_2025q1_tables.json,,Underwriting gain (loss): | $ | (670 | ) | $ | 99 | $ | (769 | )
TRV,2024-01-01,2024-03-31,2024Q1,2024Q1,quarter,Personal Insurance,underwriting_gain,99.0,USD million,reported,2025-04-16,True,True,trv_2025q1,https://investor.travelers.com/newsroom/press-releases/news-details/2025/Travelers-Reports-First-Quarter-Net-Income-of-395-Million-and-Core-Income-of-443-Million/default.aspx,table[5]/row[3] (zero based); Underwriting gain (loss):,sources/trv_2025q1_tables.json,,Underwriting gain (loss): | $ | (670 | ) | $ | 99 | $ | (769 | )
TRV,2025-01-01,2025-03-31,2025Q1,2025Q1,quarter,Personal Insurance,favorable_prior_year_development,237.0,USD million,reported,2025-04-16,True,True,trv_2025q1,https://investor.travelers.com/newsroom/press-releases/news-details/2025/Travelers-Reports-First-Quarter-Net-Income-of-395-Million-and-Core-Income-of-443-Million/default.aspx,table[5]/row[5] (zero based); Net favorable prior year reserve development,sources/trv_2025q1_tables.json,,Net favorable prior year reserve development | 237 | 67 | 170
TRV,2024-01-01,2024-03-31,2024Q1,2024Q1,quarter,Personal Insurance,favorable_prior_year_development,67.0,USD million,reported,2025-04-16,True,True,trv_2025q1,https://investor.travelers.com/newsroom/press-releases/news-details/2025/Travelers-Reports-First-Quarter-Net-Income-of-395-Million-and-Core-Income-of-443-Million/default.aspx,table[5]/row[5] (zero based); Net favorable prior year reserve development,sources/trv_2025q1_tables.json,,Net favorable prior year reserve development | 237 | 67 | 170
TRV,2025-01-01,2025-03-31,2025Q1,2025Q1,quarter,Personal Insurance,catastrophe_losses_signed,-1738.0,USD million,reported,2025-04-16,True,True,trv_2025q1,https://investor.travelers.com/newsroom/press-releases/news-details/2025/Travelers-Reports-First-Quarter-Net-Income-of-395-Million-and-Core-Income-of-443-Million/default.aspx,"table[5]/row[6] (zero based); Catastrophes, net of reinsurance",sources/trv_2025q1_tables.json,,"Catastrophes, net of reinsurance | (1,738 | ) | (498 | ) | (1,240 | )"
TRV,2024-01-01,2024-03-31,2024Q1,2024Q1,quarter,Personal Insurance,catastrophe_losses_signed,-498.0,USD million,reported,2025-04-16,True,True,trv_2025q1,https://investor.travelers.com/newsroom/press-releases/news-details/2025/Travelers-Reports-First-Quarter-Net-Income-of-395-Million-and-Core-Income-of-443-Million/default.aspx,"table[5]/row[6] (zero based); Catastrophes, net of reinsurance",sources/trv_2025q1_tables.json,,"Catastrophes, net of reinsurance | (1,738 | ) | (498 | ) | (1,240 | )"
TRV,2025-01-01,2025-03-31,2025Q1,2025Q1,quarter,Personal Insurance,investment_income_pretax,172.0,USD million,reported,2025-04-16,True,True,trv_2025q1,https://investor.travelers.com/newsroom/press-releases/news-details/2025/Travelers-Reports-First-Quarter-Net-Income-of-395-Million-and-Core-Income-of-443-Million/default.aspx,table[5]/row[7] (zero based); Net investment income,sources/trv_2025q1_tables.json,,Net investment income | 172 | 147 | 25
TRV,2024-01-01,2024-03-31,2024Q1,2024Q1,quarter,Personal Insurance,investment_income_pretax,147.0,USD million,reported,2025-04-16,True,True,trv_2025q1,https://investor.travelers.com/newsroom/press-releases/news-details/2025/Travelers-Reports-First-Quarter-Net-Income-of-395-Million-and-Core-Income-of-443-Million/default.aspx,table[5]/row[7] (zero based); Net investment income,sources/trv_2025q1_tables.json,,Net investment income | 172 | 147 | 25
TRV,2025-01-01,2025-03-31,2025Q1,2025Q1,quarter,Personal Insurance,segment_income_aftertax,-374.0,USD million,reported,2025-04-16,True,True,trv_2025q1,https://investor.travelers.com/newsroom/press-releases/news-details/2025/Travelers-Reports-First-Quarter-Net-Income-of-395-Million-and-Core-Income-of-443-Million/default.aspx,table[5]/row[11] (zero based); Segment income (loss),sources/trv_2025q1_tables.json,,Segment income (loss) | $ | (374 | ) | $ | 220 | $ | (594 | )
TRV,2024-01-01,2024-03-31,2024Q1,2024Q1,quarter,Personal Insurance,segment_income_aftertax,220.0,USD million,reported,2025-04-16,True,True,trv_2025q1,https://investor.travelers.com/newsroom/press-releases/news-details/2025/Travelers-Reports-First-Quarter-Net-Income-of-395-Million-and-Core-Income-of-443-Million/default.aspx,table[5]/row[11] (zero based); Segment income (loss),sources/trv_2025q1_tables.json,,Segment income (loss) | $ | (374 | ) | $ | 220 | $ | (594 | )
TRV,2025-01-01,2025-03-31,2025Q1,2025Q1,quarter,Personal Insurance,combined_ratio,115.2,percent,reported,2025-04-16,True,True,trv_2025q1,https://investor.travelers.com/newsroom/press-releases/news-details/2025/Travelers-Reports-First-Quarter-Net-Income-of-395-Million-and-Core-Income-of-443-Million/default.aspx,table[5]/row[13] (zero based); Combined ratio,sources/trv_2025q1_tables.json,,Combined ratio | 115.2 | % | 96.9 | % | 18.3 | pts
TRV,2024-01-01,2024-03-31,2024Q1,2024Q1,quarter,Personal Insurance,combined_ratio,96.9,percent,reported,2025-04-16,True,True,trv_2025q1,https://investor.travelers.com/newsroom/press-releases/news-details/2025/Travelers-Reports-First-Quarter-Net-Income-of-395-Million-and-Core-Income-of-443-Million/default.aspx,table[5]/row[13] (zero based); Combined ratio,sources/trv_2025q1_tables.json,,Combined ratio | 115.2 | % | 96.9 | % | 18.3 | pts
TRV,2025-01-01,2025-03-31,2025Q1,2025Q1,quarter,Personal Insurance,underlying_combined_ratio,79.9,percent,reported,2025-04-16,True,True,trv_2025q1,https://investor.travelers.com/newsroom/press-releases/news-details/2025/Travelers-Reports-First-Quarter-Net-Income-of-395-Million-and-Core-Income-of-443-Million/default.aspx,table[5]/row[17] (zero based); Underlying combined ratio,sources/trv_2025q1_tables.json,,Underlying combined ratio | 79.9 | % | 86.1 | % | (6.2 | ) | pts
TRV,2024-01-01,2024-03-31,2024Q1,2024Q1,quarter,Personal Insurance,underlying_combined_ratio,86.1,percent,reported,2025-04-16,True,True,trv_2025q1,https://investor.travelers.com/newsroom/press-releases/news-details/2025/Travelers-Reports-First-Quarter-Net-Income-of-395-Million-and-Core-Income-of-443-Million/default.aspx,table[5]/row[17] (zero based); Underlying combined ratio,sources/trv_2025q1_tables.json,,Underlying combined ratio | 79.9 | % | 86.1 | % | (6.2 | ) | pts
TRV,2025-01-01,2025-03-31,2025Q1,2025Q1,quarter,Consolidated,claims_expenses,8006.0,USD million,reported,2025-04-16,True,True,trv_2025q1,https://investor.travelers.com/newsroom/press-releases/news-details/2025/Travelers-Reports-First-Quarter-Net-Income-of-395-Million-and-Core-Income-of-443-Million/default.aspx,table[18]/row[4] (zero based); Claims and claim adjustment expenses,sources/trv_2025q1_tables.json,,"Claims and claim adjustment expenses | $ | 8,006 | $ | 6,656"
TRV,2024-01-01,2024-03-31,2024Q1,2024Q1,quarter,Consolidated,claims_expenses,6656.0,USD million,reported,2025-04-16,True,True,trv_2025q1,https://investor.travelers.com/newsroom/press-releases/news-details/2025/Travelers-Reports-First-Quarter-Net-Income-of-395-Million-and-Core-Income-of-443-Million/default.aspx,table[18]/row[4] (zero based); Claims and claim adjustment expenses,sources/trv_2025q1_tables.json,,"Claims and claim adjustment expenses | $ | 8,006 | $ | 6,656"
TRV,2025-01-01,2025-03-31,2025Q1,2025Q1,quarter,Consolidated,policyholder_dividends,13.0,USD million,reported,2025-04-16,True,True,trv_2025q1,https://investor.travelers.com/newsroom/press-releases/news-details/2025/Travelers-Reports-First-Quarter-Net-Income-of-395-Million-and-Core-Income-of-443-Million/default.aspx,table[18]/row[6] (zero based); Policyholder dividends,sources/trv_2025q1_tables.json,,Policyholder dividends | 13 | 12
TRV,2024-01-01,2024-03-31,2024Q1,2024Q1,quarter,Consolidated,policyholder_dividends,12.0,USD million,reported,2025-04-16,True,True,trv_2025q1,https://investor.travelers.com/newsroom/press-releases/news-details/2025/Travelers-Reports-First-Quarter-Net-Income-of-395-Million-and-Core-Income-of-443-Million/default.aspx,table[18]/row[6] (zero based); Policyholder dividends,sources/trv_2025q1_tables.json,,Policyholder dividends | 13 | 12
TRV,2025-01-01,2025-03-31,2025Q1,2025Q1,quarter,Consolidated,loss_allocated_fee_income,45.0,USD million,reported,2025-04-16,True,True,trv_2025q1,https://investor.travelers.com/newsroom/press-releases/news-details/2025/Travelers-Reports-First-Quarter-Net-Income-of-395-Million-and-Core-Income-of-443-Million/default.aspx,table[18]/row[7] (zero based); Allocated fee income,sources/trv_2025q1_tables.json,,Allocated fee income | 45 | 39
TRV,2024-01-01,2024-03-31,2024Q1,2024Q1,quarter,Consolidated,loss_allocated_fee_income,39.0,USD million,reported,2025-04-16,True,True,trv_2025q1,https://investor.travelers.com/newsroom/press-releases/news-details/2025/Travelers-Reports-First-Quarter-Net-Income-of-395-Million-and-Core-Income-of-443-Million/default.aspx,table[18]/row[7] (zero based); Allocated fee income,sources/trv_2025q1_tables.json,,Allocated fee income | 45 | 39
TRV,2025-01-01,2025-03-31,2025Q1,2025Q1,quarter,Consolidated,loss_ratio_numerator,7948.0,USD million,reported,2025-04-16,True,True,trv_2025q1,https://investor.travelers.com/newsroom/press-releases/news-details/2025/Travelers-Reports-First-Quarter-Net-Income-of-395-Million-and-Core-Income-of-443-Million/default.aspx,table[18]/row[8] (zero based); Loss ratio numerator,sources/trv_2025q1_tables.json,,"Loss ratio numerator | $ | 7,948 | $ | 6,605"
TRV,2024-01-01,2024-03-31,2024Q1,2024Q1,quarter,Consolidated,loss_ratio_numerator,6605.0,USD million,reported,2025-04-16,True,True,trv_2025q1,https://investor.travelers.com/newsroom/press-releases/news-details/2025/Travelers-Reports-First-Quarter-Net-Income-of-395-Million-and-Core-Income-of-443-Million/default.aspx,table[18]/row[8] (zero based); Loss ratio numerator,sources/trv_2025q1_tables.json,,"Loss ratio numerator | $ | 7,948 | $ | 6,605"
TRV,2025-01-01,2025-03-31,2025Q1,2025Q1,quarter,Consolidated,deferred_acquisition_amortization,1778.0,USD million,reported,2025-04-16,True,True,trv_2025q1,https://investor.travelers.com/newsroom/press-releases/news-details/2025/Travelers-Reports-First-Quarter-Net-Income-of-395-Million-and-Core-Income-of-443-Million/default.aspx,table[18]/row[10] (zero based); Amortization of deferred acquisition costs,sources/trv_2025q1_tables.json,,"Amortization of deferred acquisition costs | $ | 1,778 | $ | 1,698"
TRV,2024-01-01,2024-03-31,2024Q1,2024Q1,quarter,Consolidated,deferred_acquisition_amortization,1698.0,USD million,reported,2025-04-16,True,True,trv_2025q1,https://investor.travelers.com/newsroom/press-releases/news-details/2025/Travelers-Reports-First-Quarter-Net-Income-of-395-Million-and-Core-Income-of-443-Million/default.aspx,table[18]/row[10] (zero based); Amortization of deferred acquisition costs,sources/trv_2025q1_tables.json,,"Amortization of deferred acquisition costs | $ | 1,778 | $ | 1,698"
TRV,2025-01-01,2025-03-31,2025Q1,2025Q1,quarter,Consolidated,general_admin_expenses,1459.0,USD million,reported,2025-04-16,True,True,trv_2025q1,https://investor.travelers.com/newsroom/press-releases/news-details/2025/Travelers-Reports-First-Quarter-Net-Income-of-395-Million-and-Core-Income-of-443-Million/default.aspx,table[18]/row[11] (zero based); General and administrative expenses (G&A),sources/trv_2025q1_tables.json,,"General and administrative expenses (G&A) | 1,459 | 1,406"
TRV,2024-01-01,2024-03-31,2024Q1,2024Q1,quarter,Consolidated,general_admin_expenses,1406.0,USD million,reported,2025-04-16,True,True,trv_2025q1,https://investor.travelers.com/newsroom/press-releases/news-details/2025/Travelers-Reports-First-Quarter-Net-Income-of-395-Million-and-Core-Income-of-443-Million/default.aspx,table[18]/row[11] (zero based); General and administrative expenses (G&A),sources/trv_2025q1_tables.json,,"General and administrative expenses (G&A) | 1,459 | 1,406"
TRV,2025-01-01,2025-03-31,2025Q1,2025Q1,quarter,Consolidated,noninsurance_general_admin,109.0,USD million,reported,2025-04-16,True,True,trv_2025q1,https://investor.travelers.com/newsroom/press-releases/news-details/2025/Travelers-Reports-First-Quarter-Net-Income-of-395-Million-and-Core-Income-of-443-Million/default.aspx,table[18]/row[13] (zero based); Non-insurance G&A,sources/trv_2025q1_tables.json,,Non-insurance G&A | 109 | 102
TRV,2024-01-01,2024-03-31,2024Q1,2024Q1,quarter,Consolidated,noninsurance_general_admin,102.0,USD million,reported,2025-04-16,True,True,trv_2025q1,https://investor.travelers.com/newsroom/press-releases/news-details/2025/Travelers-Reports-First-Quarter-Net-Income-of-395-Million-and-Core-Income-of-443-Million/default.aspx,table[18]/row[13] (zero based); Non-insurance G&A,sources/trv_2025q1_tables.json,,Non-insurance G&A | 109 | 102
TRV,2025-01-01,2025-03-31,2025Q1,2025Q1,quarter,Consolidated,expense_allocated_fee_income,74.0,USD million,reported,2025-04-16,True,True,trv_2025q1,https://investor.travelers.com/newsroom/press-releases/news-details/2025/Travelers-Reports-First-Quarter-Net-Income-of-395-Million-and-Core-Income-of-443-Million/default.aspx,table[18]/row[14] (zero based); Allocated fee income,sources/trv_2025q1_tables.json,,Allocated fee income | 74 | 70
TRV,2024-01-01,2024-03-31,2024Q1,2024Q1,quarter,Consolidated,expense_allocated_fee_income,70.0,USD million,reported,2025-04-16,True,True,trv_2025q1,https://investor.travelers.com/newsroom/press-releases/news-details/2025/Travelers-Reports-First-Quarter-Net-Income-of-395-Million-and-Core-Income-of-443-Million/default.aspx,table[18]/row[14] (zero based); Allocated fee income,sources/trv_2025q1_tables.json,,Allocated fee income | 74 | 70
TRV,2025-01-01,2025-03-31,2025Q1,2025Q1,quarter,Consolidated,billing_policy_fees,28.0,USD million,reported,2025-04-16,True,True,trv_2025q1,https://investor.travelers.com/newsroom/press-releases/news-details/2025/Travelers-Reports-First-Quarter-Net-Income-of-395-Million-and-Core-Income-of-443-Million/default.aspx,table[18]/row[15] (zero based); Billing and policy fees and other,sources/trv_2025q1_tables.json,,Billing and policy fees and other | 28 | 30
TRV,2024-01-01,2024-03-31,2024Q1,2024Q1,quarter,Consolidated,billing_policy_fees,30.0,USD million,reported,2025-04-16,True,True,trv_2025q1,https://investor.travelers.com/newsroom/press-releases/news-details/2025/Travelers-Reports-First-Quarter-Net-Income-of-395-Million-and-Core-Income-of-443-Million/default.aspx,table[18]/row[15] (zero based); Billing and policy fees and other,sources/trv_2025q1_tables.json,,Billing and policy fees and other | 28 | 30
TRV,2025-01-01,2025-03-31,2025Q1,2025Q1,quarter,Consolidated,expense_ratio_numerator,3026.0,USD million,reported,2025-04-16,True,True,trv_2025q1,https://investor.travelers.com/newsroom/press-releases/news-details/2025/Travelers-Reports-First-Quarter-Net-Income-of-395-Million-and-Core-Income-of-443-Million/default.aspx,table[18]/row[16] (zero based); Expense ratio numerator,sources/trv_2025q1_tables.json,,"Expense ratio numerator | $ | 3,026 | $ | 2,902"
TRV,2024-01-01,2024-03-31,2024Q1,2024Q1,quarter,Consolidated,expense_ratio_numerator,2902.0,USD million,reported,2025-04-16,True,True,trv_2025q1,https://investor.travelers.com/newsroom/press-releases/news-details/2025/Travelers-Reports-First-Quarter-Net-Income-of-395-Million-and-Core-Income-of-443-Million/default.aspx,table[18]/row[16] (zero based); Expense ratio numerator,sources/trv_2025q1_tables.json,,"Expense ratio numerator | $ | 3,026 | $ | 2,902"
TRV,2025-01-01,2025-03-31,2025Q1,2025Q1,quarter,Consolidated,net_earned_premiums,10710.0,USD million,reported,2025-04-16,True,True,trv_2025q1,https://investor.travelers.com/newsroom/press-releases/news-details/2025/Travelers-Reports-First-Quarter-Net-Income-of-395-Million-and-Core-Income-of-443-Million/default.aspx,table[18]/row[17] (zero based); Earned premium,sources/trv_2025q1_tables.json,,"Earned premium | $ | 10,710 | $ | 10,126"
TRV,2024-01-01,2024-03-31,2024Q1,2024Q1,quarter,Consolidated,net_earned_premiums,10126.0,USD million,reported,2025-04-16,True,True,trv_2025q1,https://investor.travelers.com/newsroom/press-releases/news-details/2025/Travelers-Reports-First-Quarter-Net-Income-of-395-Million-and-Core-Income-of-443-Million/default.aspx,table[18]/row[17] (zero based); Earned premium,sources/trv_2025q1_tables.json,,"Earned premium | $ | 10,710 | $ | 10,126"
TRV,2025-01-01,2025-03-31,2025Q1,2025Q1,quarter,Consolidated,loss_ratio,74.2,percent,reported,2025-04-16,True,True,trv_2025q1,https://investor.travelers.com/newsroom/press-releases/news-details/2025/Travelers-Reports-First-Quarter-Net-Income-of-395-Million-and-Core-Income-of-443-Million/default.aspx,table[18]/row[19] (zero based); Loss and loss adjustment expense ratio,sources/trv_2025q1_tables.json,,Loss and loss adjustment expense ratio | 74.2 | % | 65.2 | %
TRV,2024-01-01,2024-03-31,2024Q1,2024Q1,quarter,Consolidated,loss_ratio,65.2,percent,reported,2025-04-16,True,True,trv_2025q1,https://investor.travelers.com/newsroom/press-releases/news-details/2025/Travelers-Reports-First-Quarter-Net-Income-of-395-Million-and-Core-Income-of-443-Million/default.aspx,table[18]/row[19] (zero based); Loss and loss adjustment expense ratio,sources/trv_2025q1_tables.json,,Loss and loss adjustment expense ratio | 74.2 | % | 65.2 | %
TRV,2025-01-01,2025-03-31,2025Q1,2025Q1,quarter,Consolidated,expense_ratio,28.3,percent,reported,2025-04-16,True,True,trv_2025q1,https://investor.travelers.com/newsroom/press-releases/news-details/2025/Travelers-Reports-First-Quarter-Net-Income-of-395-Million-and-Core-Income-of-443-Million/default.aspx,table[18]/row[20] (zero based); Underwriting expense ratio,sources/trv_2025q1_tables.json,,Underwriting expense ratio | 28.3 | % | 28.7 | %
TRV,2024-01-01,2024-03-31,2024Q1,2024Q1,quarter,Consolidated,expense_ratio,28.7,percent,reported,2025-04-16,True,True,trv_2025q1,https://investor.travelers.com/newsroom/press-releases/news-details/2025/Travelers-Reports-First-Quarter-Net-Income-of-395-Million-and-Core-Income-of-443-Million/default.aspx,table[18]/row[20] (zero based); Underwriting expense ratio,sources/trv_2025q1_tables.json,,Underwriting expense ratio | 28.3 | % | 28.7 | %
TRV,,2025-03-31,2025Q1,2025Q1,instant,Consolidated,total_debt,8033.0,USD million,reported,2025-04-16,True,True,trv_2025q1,https://investor.travelers.com/newsroom/press-releases/news-details/2025/Travelers-Reports-First-Quarter-Net-Income-of-395-Million-and-Core-Income-of-443-Million/default.aspx,table[20]/row[2] (zero based); Debt,sources/trv_2025q1_tables.json,,"Debt | $ | 8,033 | $ | 8,033"
TRV,,2024-12-31,2024Q4,2024Q4,instant,Consolidated,total_debt,8033.0,USD million,reported,2025-04-16,True,True,trv_2025q1,https://investor.travelers.com/newsroom/press-releases/news-details/2025/Travelers-Reports-First-Quarter-Net-Income-of-395-Million-and-Core-Income-of-443-Million/default.aspx,table[20]/row[2] (zero based); Debt,sources/trv_2025q1_tables.json,,"Debt | $ | 8,033 | $ | 8,033"
TRV,,2025-03-31,2025Q1,2025Q1,instant,Consolidated,equity,28191.0,USD million,reported,2025-04-16,True,True,trv_2025q1,https://investor.travelers.com/newsroom/press-releases/news-details/2025/Travelers-Reports-First-Quarter-Net-Income-of-395-Million-and-Core-Income-of-443-Million/default.aspx,table[20]/row[3] (zero based); Shareholders’ equity,sources/trv_2025q1_tables.json,,"Shareholders’ equity | 28,191 | 27,864"
TRV,,2024-12-31,2024Q4,2024Q4,instant,Consolidated,equity,27864.0,USD million,reported,2025-04-16,True,True,trv_2025q1,https://investor.travelers.com/newsroom/press-releases/news-details/2025/Travelers-Reports-First-Quarter-Net-Income-of-395-Million-and-Core-Income-of-443-Million/default.aspx,table[20]/row[3] (zero based); Shareholders’ equity,sources/trv_2025q1_tables.json,,"Shareholders’ equity | 28,191 | 27,864"
PG,2025-01-01,2025-03-31,2025Q1,FY2025Q3,quarter,Beauty,volume_growth,0.0,percent,reported,2025-04-24,True,True,pg_2025q3,https://www.pginvestor.com/news/news-details/2025/PG-Announces-Fiscal-Year-2025-Third-Quarter-Results/default.aspx,table[1]/row[2] (zero based); Beauty,sources/pg_2025q3_tables.json,Approximate contribution/growth percentages as reported; not unit counts or absolute prices.,Beauty | —% | (3)% | 3% | (2)% | —% | (2)% | 1% | 2%
PG,2025-01-01,2025-03-31,2025Q1,FY2025Q3,quarter,Beauty,fx_sales_impact,-3.0,percent,reported,2025-04-24,True,True,pg_2025q3,https://www.pginvestor.com/news/news-details/2025/PG-Announces-Fiscal-Year-2025-Third-Quarter-Results/default.aspx,table[1]/row[2] (zero based); Beauty,sources/pg_2025q3_tables.json,Approximate contribution/growth percentages as reported; not unit counts or absolute prices.,Beauty | —% | (3)% | 3% | (2)% | —% | (2)% | 1% | 2%
PG,2025-01-01,2025-03-31,2025Q1,FY2025Q3,quarter,Beauty,price_sales_impact,3.0,percent,reported,2025-04-24,True,True,pg_2025q3,https://www.pginvestor.com/news/news-details/2025/PG-Announces-Fiscal-Year-2025-Third-Quarter-Results/default.aspx,table[1]/row[2] (zero based); Beauty,sources/pg_2025q3_tables.json,Approximate contribution/growth percentages as reported; not unit counts or absolute prices.,Beauty | —% | (3)% | 3% | (2)% | —% | (2)% | 1% | 2%
PG,2025-01-01,2025-03-31,2025Q1,FY2025Q3,quarter,Beauty,mix_sales_impact,-2.0,percent,reported,2025-04-24,True,True,pg_2025q3,https://www.pginvestor.com/news/news-details/2025/PG-Announces-Fiscal-Year-2025-Third-Quarter-Results/default.aspx,table[1]/row[2] (zero based); Beauty,sources/pg_2025q3_tables.json,Approximate contribution/growth percentages as reported; not unit counts or absolute prices.,Beauty | —% | (3)% | 3% | (2)% | —% | (2)% | 1% | 2%
PG,2025-01-01,2025-03-31,2025Q1,FY2025Q3,quarter,Beauty,other_sales_impact,0.0,percent,reported,2025-04-24,True,True,pg_2025q3,https://www.pginvestor.com/news/news-details/2025/PG-Announces-Fiscal-Year-2025-Third-Quarter-Results/default.aspx,table[1]/row[2] (zero based); Beauty,sources/pg_2025q3_tables.json,Approximate contribution/growth percentages as reported; not unit counts or absolute prices.,Beauty | —% | (3)% | 3% | (2)% | —% | (2)% | 1% | 2%
PG,2025-01-01,2025-03-31,2025Q1,FY2025Q3,quarter,Beauty,sales_growth,-2.0,percent,reported,2025-04-24,True,True,pg_2025q3,https://www.pginvestor.com/news/news-details/2025/PG-Announces-Fiscal-Year-2025-Third-Quarter-Results/default.aspx,table[1]/row[2] (zero based); Beauty,sources/pg_2025q3_tables.json,Approximate contribution/growth percentages as reported; not unit counts or absolute prices.,Beauty | —% | (3)% | 3% | (2)% | —% | (2)% | 1% | 2%
PG,2025-01-01,2025-03-31,2025Q1,FY2025Q3,quarter,Beauty,organic_volume_growth,1.0,percent,reported,2025-04-24,True,True,pg_2025q3,https://www.pginvestor.com/news/news-details/2025/PG-Announces-Fiscal-Year-2025-Third-Quarter-Results/default.aspx,table[1]/row[2] (zero based); Beauty,sources/pg_2025q3_tables.json,Approximate contribution/growth percentages as reported; not unit counts or absolute prices.,Beauty | —% | (3)% | 3% | (2)% | —% | (2)% | 1% | 2%
PG,2025-01-01,2025-03-31,2025Q1,FY2025Q3,quarter,Beauty,organic_sales_growth,2.0,percent,reported,2025-04-24,True,True,pg_2025q3,https://www.pginvestor.com/news/news-details/2025/PG-Announces-Fiscal-Year-2025-Third-Quarter-Results/default.aspx,table[1]/row[2] (zero based); Beauty,sources/pg_2025q3_tables.json,Approximate contribution/growth percentages as reported; not unit counts or absolute prices.,Beauty | —% | (3)% | 3% | (2)% | —% | (2)% | 1% | 2%
PG,2025-01-01,2025-03-31,2025Q1,FY2025Q3,quarter,Grooming,volume_growth,1.0,percent,reported,2025-04-24,True,True,pg_2025q3,https://www.pginvestor.com/news/news-details/2025/PG-Announces-Fiscal-Year-2025-Third-Quarter-Results/default.aspx,table[1]/row[3] (zero based); Grooming,sources/pg_2025q3_tables.json,Approximate contribution/growth percentages as reported; not unit counts or absolute prices.,Grooming | 1% | (4)% | 2% | —% | (1)% | (2)% | 1% | 3%
PG,2025-01-01,2025-03-31,2025Q1,FY2025Q3,quarter,Grooming,fx_sales_impact,-4.0,percent,reported,2025-04-24,True,True,pg_2025q3,https://www.pginvestor.com/news/news-details/2025/PG-Announces-Fiscal-Year-2025-Third-Quarter-Results/default.aspx,table[1]/row[3] (zero based); Grooming,sources/pg_2025q3_tables.json,Approximate contribution/growth percentages as reported; not unit counts or absolute prices.,Grooming | 1% | (4)% | 2% | —% | (1)% | (2)% | 1% | 3%
PG,2025-01-01,2025-03-31,2025Q1,FY2025Q3,quarter,Grooming,price_sales_impact,2.0,percent,reported,2025-04-24,True,True,pg_2025q3,https://www.pginvestor.com/news/news-details/2025/PG-Announces-Fiscal-Year-2025-Third-Quarter-Results/default.aspx,table[1]/row[3] (zero based); Grooming,sources/pg_2025q3_tables.json,Approximate contribution/growth percentages as reported; not unit counts or absolute prices.,Grooming | 1% | (4)% | 2% | —% | (1)% | (2)% | 1% | 3%
PG,2025-01-01,2025-03-31,2025Q1,FY2025Q3,quarter,Grooming,mix_sales_impact,0.0,percent,reported,2025-04-24,True,True,pg_2025q3,https://www.pginvestor.com/news/news-details/2025/PG-Announces-Fiscal-Year-2025-Third-Quarter-Results/default.aspx,table[1]/row[3] (zero based); Grooming,sources/pg_2025q3_tables.json,Approximate contribution/growth percentages as reported; not unit counts or absolute prices.,Grooming | 1% | (4)% | 2% | —% | (1)% | (2)% | 1% | 3%
PG,2025-01-01,2025-03-31,2025Q1,FY2025Q3,quarter,Grooming,other_sales_impact,-1.0,percent,reported,2025-04-24,True,True,pg_2025q3,https://www.pginvestor.com/news/news-details/2025/PG-Announces-Fiscal-Year-2025-Third-Quarter-Results/default.aspx,table[1]/row[3] (zero based); Grooming,sources/pg_2025q3_tables.json,Approximate contribution/growth percentages as reported; not unit counts or absolute prices.,Grooming | 1% | (4)% | 2% | —% | (1)% | (2)% | 1% | 3%
PG,2025-01-01,2025-03-31,2025Q1,FY2025Q3,quarter,Grooming,sales_growth,-2.0,percent,reported,2025-04-24,True,True,pg_2025q3,https://www.pginvestor.com/news/news-details/2025/PG-Announces-Fiscal-Year-2025-Third-Quarter-Results/default.aspx,table[1]/row[3] (zero based); Grooming,sources/pg_2025q3_tables.json,Approximate contribution/growth percentages as reported; not unit counts or absolute prices.,Grooming | 1% | (4)% | 2% | —% | (1)% | (2)% | 1% | 3%
PG,2025-01-01,2025-03-31,2025Q1,FY2025Q3,quarter,Grooming,organic_volume_growth,1.0,percent,reported,2025-04-24,True,True,pg_2025q3,https://www.pginvestor.com/news/news-details/2025/PG-Announces-Fiscal-Year-2025-Third-Quarter-Results/default.aspx,table[1]/row[3] (zero based); Grooming,sources/pg_2025q3_tables.json,Approximate contribution/growth percentages as reported; not unit counts or absolute prices.,Grooming | 1% | (4)% | 2% | —% | (1)% | (2)% | 1% | 3%
PG,2025-01-01,2025-03-31,2025Q1,FY2025Q3,quarter,Grooming,organic_sales_growth,3.0,percent,reported,2025-04-24,True,True,pg_2025q3,https://www.pginvestor.com/news/news-details/2025/PG-Announces-Fiscal-Year-2025-Third-Quarter-Results/default.aspx,table[1]/row[3] (zero based); Grooming,sources/pg_2025q3_tables.json,Approximate contribution/growth percentages as reported; not unit counts or absolute prices.,Grooming | 1% | (4)% | 2% | —% | (1)% | (2)% | 1% | 3%
PG,2025-01-01,2025-03-31,2025Q1,FY2025Q3,quarter,Health Care,volume_growth,-1.0,percent,reported,2025-04-24,True,True,pg_2025q3,https://www.pginvestor.com/news/news-details/2025/PG-Announces-Fiscal-Year-2025-Third-Quarter-Results/default.aspx,table[1]/row[4] (zero based); Health Care,sources/pg_2025q3_tables.json,Approximate contribution/growth percentages as reported; not unit counts or absolute prices.,Health Care | (1)% | (3)% | 1% | 3% | —% | —% | (1)% | 4%
PG,2025-01-01,2025-03-31,2025Q1,FY2025Q3,quarter,Health Care,fx_sales_impact,-3.0,percent,reported,2025-04-24,True,True,pg_2025q3,https://www.pginvestor.com/news/news-details/2025/PG-Announces-Fiscal-Year-2025-Third-Quarter-Results/default.aspx,table[1]/row[4] (zero based); Health Care,sources/pg_2025q3_tables.json,Approximate contribution/growth percentages as reported; not unit counts or absolute prices.,Health Care | (1)% | (3)% | 1% | 3% | —% | —% | (1)% | 4%
PG,2025-01-01,2025-03-31,2025Q1,FY2025Q3,quarter,Health Care,price_sales_impact,1.0,percent,reported,2025-04-24,True,True,pg_2025q3,https://www.pginvestor.com/news/news-details/2025/PG-Announces-Fiscal-Year-2025-Third-Quarter-Results/default.aspx,table[1]/row[4] (zero based); Health Care,sources/pg_2025q3_tables.json,Approximate contribution/growth percentages as reported; not unit counts or absolute prices.,Health Care | (1)% | (3)% | 1% | 3% | —% | —% | (1)% | 4%
PG,2025-01-01,2025-03-31,2025Q1,FY2025Q3,quarter,Health Care,mix_sales_impact,3.0,percent,reported,2025-04-24,True,True,pg_2025q3,https://www.pginvestor.com/news/news-details/2025/PG-Announces-Fiscal-Year-2025-Third-Quarter-Results/default.aspx,table[1]/row[4] (zero based); Health Care,sources/pg_2025q3_tables.json,Approximate contribution/growth percentages as reported; not unit counts or absolute prices.,Health Care | (1)% | (3)% | 1% | 3% | —% | —% | (1)% | 4%
PG,2025-01-01,2025-03-31,2025Q1,FY2025Q3,quarter,Health Care,other_sales_impact,0.0,percent,reported,2025-04-24,True,True,pg_2025q3,https://www.pginvestor.com/news/news-details/2025/PG-Announces-Fiscal-Year-2025-Third-Quarter-Results/default.aspx,table[1]/row[4] (zero based); Health Care,sources/pg_2025q3_tables.json,Approximate contribution/growth percentages as reported; not unit counts or absolute prices.,Health Care | (1)% | (3)% | 1% | 3% | —% | —% | (1)% | 4%
PG,2025-01-01,2025-03-31,2025Q1,FY2025Q3,quarter,Health Care,sales_growth,0.0,percent,reported,2025-04-24,True,True,pg_2025q3,https://www.pginvestor.com/news/news-details/2025/PG-Announces-Fiscal-Year-2025-Third-Quarter-Results/default.aspx,table[1]/row[4] (zero based); Health Care,sources/pg_2025q3_tables.json,Approximate contribution/growth percentages as reported; not unit counts or absolute prices.,Health Care | (1)% | (3)% | 1% | 3% | —% | —% | (1)% | 4%
PG,2025-01-01,2025-03-31,2025Q1,FY2025Q3,quarter,Health Care,organic_volume_growth,-1.0,percent,reported,2025-04-24,True,True,pg_2025q3,https://www.pginvestor.com/news/news-details/2025/PG-Announces-Fiscal-Year-2025-Third-Quarter-Results/default.aspx,table[1]/row[4] (zero based); Health Care,sources/pg_2025q3_tables.json,Approximate contribution/growth percentages as reported; not unit counts or absolute prices.,Health Care | (1)% | (3)% | 1% | 3% | —% | —% | (1)% | 4%
PG,2025-01-01,2025-03-31,2025Q1,FY2025Q3,quarter,Health Care,organic_sales_growth,4.0,percent,reported,2025-04-24,True,True,pg_2025q3,https://www.pginvestor.com/news/news-details/2025/PG-Announces-Fiscal-Year-2025-Third-Quarter-Results/default.aspx,table[1]/row[4] (zero based); Health Care,sources/pg_2025q3_tables.json,Approximate contribution/growth percentages as reported; not unit counts or absolute prices.,Health Care | (1)% | (3)% | 1% | 3% | —% | —% | (1)% | 4%
PG,2025-01-01,2025-03-31,2025Q1,FY2025Q3,quarter,Fabric & Home Care,volume_growth,-1.0,percent,reported,2025-04-24,True,True,pg_2025q3,https://www.pginvestor.com/news/news-details/2025/PG-Announces-Fiscal-Year-2025-Third-Quarter-Results/default.aspx,table[1]/row[5] (zero based); Fabric & Home Care,sources/pg_2025q3_tables.json,Approximate contribution/growth percentages as reported; not unit counts or absolute prices.,Fabric & Home Care | (1)% | (2)% | —% | —% | —% | (3)% | —% | —%
PG,2025-01-01,2025-03-31,2025Q1,FY2025Q3,quarter,Fabric & Home Care,fx_sales_impact,-2.0,percent,reported,2025-04-24,True,True,pg_2025q3,https://www.pginvestor.com/news/news-details/2025/PG-Announces-Fiscal-Year-2025-Third-Quarter-Results/default.aspx,table[1]/row[5] (zero based); Fabric & Home Care,sources/pg_2025q3_tables.json,Approximate contribution/growth percentages as reported; not unit counts or absolute prices.,Fabric & Home Care | (1)% | (2)% | —% | —% | —% | (3)% | —% | —%
PG,2025-01-01,2025-03-31,2025Q1,FY2025Q3,quarter,Fabric & Home Care,price_sales_impact,0.0,percent,reported,2025-04-24,True,True,pg_2025q3,https://www.pginvestor.com/news/news-details/2025/PG-Announces-Fiscal-Year-2025-Third-Quarter-Results/default.aspx,table[1]/row[5] (zero based); Fabric & Home Care,sources/pg_2025q3_tables.json,Approximate contribution/growth percentages as reported; not unit counts or absolute prices.,Fabric & Home Care | (1)% | (2)% | —% | —% | —% | (3)% | —% | —%
PG,2025-01-01,2025-03-31,2025Q1,FY2025Q3,quarter,Fabric & Home Care,mix_sales_impact,0.0,percent,reported,2025-04-24,True,True,pg_2025q3,https://www.pginvestor.com/news/news-details/2025/PG-Announces-Fiscal-Year-2025-Third-Quarter-Results/default.aspx,table[1]/row[5] (zero based); Fabric & Home Care,sources/pg_2025q3_tables.json,Approximate contribution/growth percentages as reported; not unit counts or absolute prices.,Fabric & Home Care | (1)% | (2)% | —% | —% | —% | (3)% | —% | —%
PG,2025-01-01,2025-03-31,2025Q1,FY2025Q3,quarter,Fabric & Home Care,other_sales_impact,0.0,percent,reported,2025-04-24,True,True,pg_2025q3,https://www.pginvestor.com/news/news-details/2025/PG-Announces-Fiscal-Year-2025-Third-Quarter-Results/default.aspx,table[1]/row[5] (zero based); Fabric & Home Care,sources/pg_2025q3_tables.json,Approximate contribution/growth percentages as reported; not unit counts or absolute prices.,Fabric & Home Care | (1)% | (2)% | —% | —% | —% | (3)% | —% | —%
PG,2025-01-01,2025-03-31,2025Q1,FY2025Q3,quarter,Fabric & Home Care,sales_growth,-3.0,percent,reported,2025-04-24,True,True,pg_2025q3,https://www.pginvestor.com/news/news-details/2025/PG-Announces-Fiscal-Year-2025-Third-Quarter-Results/default.aspx,table[1]/row[5] (zero based); Fabric & Home Care,sources/pg_2025q3_tables.json,Approximate contribution/growth percentages as reported; not unit counts or absolute prices.,Fabric & Home Care | (1)% | (2)% | —% | —% | —% | (3)% | —% | —%
PG,2025-01-01,2025-03-31,2025Q1,FY2025Q3,quarter,Fabric & Home Care,organic_volume_growth,0.0,percent,reported,2025-04-24,True,True,pg_2025q3,https://www.pginvestor.com/news/news-details/2025/PG-Announces-Fiscal-Year-2025-Third-Quarter-Results/default.aspx,table[1]/row[5] (zero based); Fabric & Home Care,sources/pg_2025q3_tables.json,Approximate contribution/growth percentages as reported; not unit counts or absolute prices.,Fabric & Home Care | (1)% | (2)% | —% | —% | —% | (3)% | —% | —%
PG,2025-01-01,2025-03-31,2025Q1,FY2025Q3,quarter,Fabric & Home Care,organic_sales_growth,0.0,percent,reported,2025-04-24,True,True,pg_2025q3,https://www.pginvestor.com/news/news-details/2025/PG-Announces-Fiscal-Year-2025-Third-Quarter-Results/default.aspx,table[1]/row[5] (zero based); Fabric & Home Care,sources/pg_2025q3_tables.json,Approximate contribution/growth percentages as reported; not unit counts or absolute prices.,Fabric & Home Care | (1)% | (2)% | —% | —% | —% | (3)% | —% | —%
PG,2025-01-01,2025-03-31,2025Q1,FY2025Q3,quarter,"Baby, Feminine & Family Care",volume_growth,-2.0,percent,reported,2025-04-24,True,True,pg_2025q3,https://www.pginvestor.com/news/news-details/2025/PG-Announces-Fiscal-Year-2025-Third-Quarter-Results/default.aspx,"table[1]/row[6] (zero based); Baby, Feminine & Family Care",sources/pg_2025q3_tables.json,Approximate contribution/growth percentages as reported; not unit counts or absolute prices.,"Baby, Feminine & Family Care | (2)% | (2)% | —% | 1% | (1)% | (4)% | (2)% | (1)%"
PG,2025-01-01,2025-03-31,2025Q1,FY2025Q3,quarter,"Baby, Feminine & Family Care",fx_sales_impact,-2.0,percent,reported,2025-04-24,True,True,pg_2025q3,https://www.pginvestor.com/news/news-details/2025/PG-Announces-Fiscal-Year-2025-Third-Quarter-Results/default.aspx,"table[1]/row[6] (zero based); Baby, Feminine & Family Care",sources/pg_2025q3_tables.json,Approximate contribution/growth percentages as reported; not unit counts or absolute prices.,"Baby, Feminine & Family Care | (2)% | (2)% | —% | 1% | (1)% | (4)% | (2)% | (1)%"
PG,2025-01-01,2025-03-31,2025Q1,FY2025Q3,quarter,"Baby, Feminine & Family Care",price_sales_impact,0.0,percent,reported,2025-04-24,True,True,pg_2025q3,https://www.pginvestor.com/news/news-details/2025/PG-Announces-Fiscal-Year-2025-Third-Quarter-Results/default.aspx,"table[1]/row[6] (zero based); Baby, Feminine & Family Care",sources/pg_2025q3_tables.json,Approximate contribution/growth percentages as reported; not unit counts or absolute prices.,"Baby, Feminine & Family Care | (2)% | (2)% | —% | 1% | (1)% | (4)% | (2)% | (1)%"
PG,2025-01-01,2025-03-31,2025Q1,FY2025Q3,quarter,"Baby, Feminine & Family Care",mix_sales_impact,1.0,percent,reported,2025-04-24,True,True,pg_2025q3,https://www.pginvestor.com/news/news-details/2025/PG-Announces-Fiscal-Year-2025-Third-Quarter-Results/default.aspx,"table[1]/row[6] (zero based); Baby, Feminine & Family Care",sources/pg_2025q3_tables.json,Approximate contribution/growth percentages as reported; not unit counts or absolute prices.,"Baby, Feminine & Family Care | (2)% | (2)% | —% | 1% | (1)% | (4)% | (2)% | (1)%"
PG,2025-01-01,2025-03-31,2025Q1,FY2025Q3,quarter,"Baby, Feminine & Family Care",other_sales_impact,-1.0,percent,reported,2025-04-24,True,True,pg_2025q3,https://www.pginvestor.com/news/news-details/2025/PG-Announces-Fiscal-Year-2025-Third-Quarter-Results/default.aspx,"table[1]/row[6] (zero based); Baby, Feminine & Family Care",sources/pg_2025q3_tables.json,Approximate contribution/growth percentages as reported; not unit counts or absolute prices.,"Baby, Feminine & Family Care | (2)% | (2)% | —% | 1% | (1)% | (4)% | (2)% | (1)%"
PG,2025-01-01,2025-03-31,2025Q1,FY2025Q3,quarter,"Baby, Feminine & Family Care",sales_growth,-4.0,percent,reported,2025-04-24,True,True,pg_2025q3,https://www.pginvestor.com/news/news-details/2025/PG-Announces-Fiscal-Year-2025-Third-Quarter-Results/default.aspx,"table[1]/row[6] (zero based); Baby, Feminine & Family Care",sources/pg_2025q3_tables.json,Approximate contribution/growth percentages as reported; not unit counts or absolute prices.,"Baby, Feminine & Family Care | (2)% | (2)% | —% | 1% | (1)% | (4)% | (2)% | (1)%"
PG,2025-01-01,2025-03-31,2025Q1,FY2025Q3,quarter,"Baby, Feminine & Family Care",organic_volume_growth,-2.0,percent,reported,2025-04-24,True,True,pg_2025q3,https://www.pginvestor.com/news/news-details/2025/PG-Announces-Fiscal-Year-2025-Third-Quarter-Results/default.aspx,"table[1]/row[6] (zero based); Baby, Feminine & Family Care",sources/pg_2025q3_tables.json,Approximate contribution/growth percentages as reported; not unit counts or absolute prices.,"Baby, Feminine & Family Care | (2)% | (2)% | —% | 1% | (1)% | (4)% | (2)% | (1)%"
PG,2025-01-01,2025-03-31,2025Q1,FY2025Q3,quarter,"Baby, Feminine & Family Care",organic_sales_growth,-1.0,percent,reported,2025-04-24,True,True,pg_2025q3,https://www.pginvestor.com/news/news-details/2025/PG-Announces-Fiscal-Year-2025-Third-Quarter-Results/default.aspx,"table[1]/row[6] (zero based); Baby, Feminine & Family Care",sources/pg_2025q3_tables.json,Approximate contribution/growth percentages as reported; not unit counts or absolute prices.,"Baby, Feminine & Family Care | (2)% | (2)% | —% | 1% | (1)% | (4)% | (2)% | (1)%"
PG,2025-01-01,2025-03-31,2025Q1,FY2025Q3,quarter,Consolidated,volume_growth,-1.0,percent,reported,2025-04-24,True,True,pg_2025q3,https://www.pginvestor.com/news/news-details/2025/PG-Announces-Fiscal-Year-2025-Third-Quarter-Results/default.aspx,table[1]/row[7] (zero based); Total P&G,sources/pg_2025q3_tables.json,Approximate contribution/growth percentages as reported; not unit counts or absolute prices.,Total P&G | (1)% | (2)% | 1% | —% | —% | (2)% | —% | 1%
PG,2025-01-01,2025-03-31,2025Q1,FY2025Q3,quarter,Consolidated,fx_sales_impact,-2.0,percent,reported,2025-04-24,True,True,pg_2025q3,https://www.pginvestor.com/news/news-details/2025/PG-Announces-Fiscal-Year-2025-Third-Quarter-Results/default.aspx,table[1]/row[7] (zero based); Total P&G,sources/pg_2025q3_tables.json,Approximate contribution/growth percentages as reported; not unit counts or absolute prices.,Total P&G | (1)% | (2)% | 1% | —% | —% | (2)% | —% | 1%
PG,2025-01-01,2025-03-31,2025Q1,FY2025Q3,quarter,Consolidated,price_sales_impact,1.0,percent,reported,2025-04-24,True,True,pg_2025q3,https://www.pginvestor.com/news/news-details/2025/PG-Announces-Fiscal-Year-2025-Third-Quarter-Results/default.aspx,table[1]/row[7] (zero based); Total P&G,sources/pg_2025q3_tables.json,Approximate contribution/growth percentages as reported; not unit counts or absolute prices.,Total P&G | (1)% | (2)% | 1% | —% | —% | (2)% | —% | 1%
PG,2025-01-01,2025-03-31,2025Q1,FY2025Q3,quarter,Consolidated,mix_sales_impact,0.0,percent,reported,2025-04-24,True,True,pg_2025q3,https://www.pginvestor.com/news/news-details/2025/PG-Announces-Fiscal-Year-2025-Third-Quarter-Results/default.aspx,table[1]/row[7] (zero based); Total P&G,sources/pg_2025q3_tables.json,Approximate contribution/growth percentages as reported; not unit counts or absolute prices.,Total P&G | (1)% | (2)% | 1% | —% | —% | (2)% | —% | 1%
PG,2025-01-01,2025-03-31,2025Q1,FY2025Q3,quarter,Consolidated,other_sales_impact,0.0,percent,reported,2025-04-24,True,True,pg_2025q3,https://www.pginvestor.com/news/news-details/2025/PG-Announces-Fiscal-Year-2025-Third-Quarter-Results/default.aspx,table[1]/row[7] (zero based); Total P&G,sources/pg_2025q3_tables.json,Approximate contribution/growth percentages as reported; not unit counts or absolute prices.,Total P&G | (1)% | (2)% | 1% | —% | —% | (2)% | —% | 1%
PG,2025-01-01,2025-03-31,2025Q1,FY2025Q3,quarter,Consolidated,sales_growth,-2.0,percent,reported,2025-04-24,True,True,pg_2025q3,https://www.pginvestor.com/news/news-details/2025/PG-Announces-Fiscal-Year-2025-Third-Quarter-Results/default.aspx,table[1]/row[7] (zero based); Total P&G,sources/pg_2025q3_tables.json,Approximate contribution/growth percentages as reported; not unit counts or absolute prices.,Total P&G | (1)% | (2)% | 1% | —% | —% | (2)% | —% | 1%
PG,2025-01-01,2025-03-31,2025Q1,FY2025Q3,quarter,Consolidated,organic_volume_growth,0.0,percent,reported,2025-04-24,True,True,pg_2025q3,https://www.pginvestor.com/news/news-details/2025/PG-Announces-Fiscal-Year-2025-Third-Quarter-Results/default.aspx,table[1]/row[7] (zero based); Total P&G,sources/pg_2025q3_tables.json,Approximate contribution/growth percentages as reported; not unit counts or absolute prices.,Total P&G | (1)% | (2)% | 1% | —% | —% | (2)% | —% | 1%
PG,2025-01-01,2025-03-31,2025Q1,FY2025Q3,quarter,Consolidated,organic_sales_growth,1.0,percent,reported,2025-04-24,True,True,pg_2025q3,https://www.pginvestor.com/news/news-details/2025/PG-Announces-Fiscal-Year-2025-Third-Quarter-Results/default.aspx,table[1]/row[7] (zero based); Total P&G,sources/pg_2025q3_tables.json,Approximate contribution/growth percentages as reported; not unit counts or absolute prices.,Total P&G | (1)% | (2)% | 1% | —% | —% | (2)% | —% | 1%
PG,2025-01-01,2025-03-31,2025Q1,FY2025Q3,quarter,Consolidated,net_sales,19776.0,USD million,reported,2025-04-24,True,True,pg_2025q3,https://www.pginvestor.com/news/news-details/2025/PG-Announces-Fiscal-Year-2025-Third-Quarter-Results/default.aspx,table[2]/row[5] (zero based); NET SALES,sources/pg_2025q3_tables.json,,"NET SALES | $ | 19,776 | $ | 20,195 | (2)%"
PG,2024-01-01,2024-03-31,2024Q1,FY2024Q3,quarter,Consolidated,net_sales,20195.0,USD million,reported,2025-04-24,True,True,pg_2025q3,https://www.pginvestor.com/news/news-details/2025/PG-Announces-Fiscal-Year-2025-Third-Quarter-Results/default.aspx,table[2]/row[5] (zero based); NET SALES,sources/pg_2025q3_tables.json,,"NET SALES | $ | 19,776 | $ | 20,195 | (2)%"
PG,2025-01-01,2025-03-31,2025Q1,FY2025Q3,quarter,Consolidated,cost_of_products_sold,9694.0,USD million,reported,2025-04-24,True,True,pg_2025q3,https://www.pginvestor.com/news/news-details/2025/PG-Announces-Fiscal-Year-2025-Third-Quarter-Results/default.aspx,table[2]/row[6] (zero based); Cost of products sold,sources/pg_2025q3_tables.json,,"Cost of products sold | 9,694 | 9,855 | (2)%"
PG,2024-01-01,2024-03-31,2024Q1,FY2024Q3,quarter,Consolidated,cost_of_products_sold,9855.0,USD million,reported,2025-04-24,True,True,pg_2025q3,https://www.pginvestor.com/news/news-details/2025/PG-Announces-Fiscal-Year-2025-Third-Quarter-Results/default.aspx,table[2]/row[6] (zero based); Cost of products sold,sources/pg_2025q3_tables.json,,"Cost of products sold | 9,694 | 9,855 | (2)%"
PG,2025-01-01,2025-03-31,2025Q1,FY2025Q3,quarter,Consolidated,gross_profit,10081.0,USD million,reported,2025-04-24,True,True,pg_2025q3,https://www.pginvestor.com/news/news-details/2025/PG-Announces-Fiscal-Year-2025-Third-Quarter-Results/default.aspx,table[2]/row[7] (zero based); GROSS PROFIT,sources/pg_2025q3_tables.json,,"GROSS PROFIT | 10,081 | 10,340 | (3)%"
PG,2024-01-01,2024-03-31,2024Q1,FY2024Q3,quarter,Consolidated,gross_profit,10340.0,USD million,reported,2025-04-24,True,True,pg_2025q3,https://www.pginvestor.com/news/news-details/2025/PG-Announces-Fiscal-Year-2025-Third-Quarter-Results/default.aspx,table[2]/row[7] (zero based); GROSS PROFIT,sources/pg_2025q3_tables.json,,"GROSS PROFIT | 10,081 | 10,340 | (3)%"
PG,2025-01-01,2025-03-31,2025Q1,FY2025Q3,quarter,Consolidated,sga,5524.0,USD million,reported,2025-04-24,True,True,pg_2025q3,https://www.pginvestor.com/news/news-details/2025/PG-Announces-Fiscal-Year-2025-Third-Quarter-Results/default.aspx,"table[2]/row[8] (zero based); Selling, general and administrative expense",sources/pg_2025q3_tables.json,,"Selling, general and administrative expense | 5,524 | 5,880 | (6)%"
PG,2024-01-01,2024-03-31,2024Q1,FY2024Q3,quarter,Consolidated,sga,5880.0,USD million,reported,2025-04-24,True,True,pg_2025q3,https://www.pginvestor.com/news/news-details/2025/PG-Announces-Fiscal-Year-2025-Third-Quarter-Results/default.aspx,"table[2]/row[8] (zero based); Selling, general and administrative expense",sources/pg_2025q3_tables.json,,"Selling, general and administrative expense | 5,524 | 5,880 | (6)%"
PG,2025-01-01,2025-03-31,2025Q1,FY2025Q3,quarter,Consolidated,operating_income,4558.0,USD million,reported,2025-04-24,True,True,pg_2025q3,https://www.pginvestor.com/news/news-details/2025/PG-Announces-Fiscal-Year-2025-Third-Quarter-Results/default.aspx,table[2]/row[9] (zero based); OPERATING INCOME,sources/pg_2025q3_tables.json,,"OPERATING INCOME | 4,558 | 4,460 | 2%"
PG,2024-01-01,2024-03-31,2024Q1,FY2024Q3,quarter,Consolidated,operating_income,4460.0,USD million,reported,2025-04-24,True,True,pg_2025q3,https://www.pginvestor.com/news/news-details/2025/PG-Announces-Fiscal-Year-2025-Third-Quarter-Results/default.aspx,table[2]/row[9] (zero based); OPERATING INCOME,sources/pg_2025q3_tables.json,,"OPERATING INCOME | 4,558 | 4,460 | 2%"
PG,2025-01-01,2025-03-31,2025Q1,FY2025Q3,quarter,Consolidated,interest_expense_signed,-217.0,USD million,reported,2025-04-24,True,True,pg_2025q3,https://www.pginvestor.com/news/news-details/2025/PG-Announces-Fiscal-Year-2025-Third-Quarter-Results/default.aspx,table[2]/row[10] (zero based); Interest expense,sources/pg_2025q3_tables.json,,Interest expense | (217 | ) | (233 | ) | (7)%
PG,2024-01-01,2024-03-31,2024Q1,FY2024Q3,quarter,Consolidated,interest_expense_signed,-233.0,USD million,reported,2025-04-24,True,True,pg_2025q3,https://www.pginvestor.com/news/news-details/2025/PG-Announces-Fiscal-Year-2025-Third-Quarter-Results/default.aspx,table[2]/row[10] (zero based); Interest expense,sources/pg_2025q3_tables.json,,Interest expense | (217 | ) | (233 | ) | (7)%
PG,2025-01-01,2025-03-31,2025Q1,FY2025Q3,quarter,Consolidated,interest_income,111.0,USD million,reported,2025-04-24,True,True,pg_2025q3,https://www.pginvestor.com/news/news-details/2025/PG-Announces-Fiscal-Year-2025-Third-Quarter-Results/default.aspx,table[2]/row[11] (zero based); Interest income,sources/pg_2025q3_tables.json,,Interest income | 111 | 104 | 7%
PG,2024-01-01,2024-03-31,2024Q1,FY2024Q3,quarter,Consolidated,interest_income,104.0,USD million,reported,2025-04-24,True,True,pg_2025q3,https://www.pginvestor.com/news/news-details/2025/PG-Announces-Fiscal-Year-2025-Third-Quarter-Results/default.aspx,table[2]/row[11] (zero based); Interest income,sources/pg_2025q3_tables.json,,Interest income | 111 | 104 | 7%
PG,2025-01-01,2025-03-31,2025Q1,FY2025Q3,quarter,Consolidated,other_income,210.0,USD million,reported,2025-04-24,True,True,pg_2025q3,https://www.pginvestor.com/news/news-details/2025/PG-Announces-Fiscal-Year-2025-Third-Quarter-Results/default.aspx,"table[2]/row[12] (zero based); Other operating income, net",sources/pg_2025q3_tables.json,,"Other operating income, net | 210 | 260 | (19)%"
PG,2024-01-01,2024-03-31,2024Q1,FY2024Q3,quarter,Consolidated,other_income,260.0,USD million,reported,2025-04-24,True,True,pg_2025q3,https://www.pginvestor.com/news/news-details/2025/PG-Announces-Fiscal-Year-2025-Third-Quarter-Results/default.aspx,"table[2]/row[12] (zero based); Other operating income, net",sources/pg_2025q3_tables.json,,"Other operating income, net | 210 | 260 | (19)%"
PG,2025-01-01,2025-03-31,2025Q1,FY2025Q3,quarter,Consolidated,pretax_income,4661.0,USD million,reported,2025-04-24,True,True,pg_2025q3,https://www.pginvestor.com/news/news-details/2025/PG-Announces-Fiscal-Year-2025-Third-Quarter-Results/default.aspx,table[2]/row[13] (zero based); EARNINGS BEFORE INCOME TAXES,sources/pg_2025q3_tables.json,,"EARNINGS BEFORE INCOME TAXES | 4,661 | 4,592 | 2%"
PG,2024-01-01,2024-03-31,2024Q1,FY2024Q3,quarter,Consolidated,pretax_income,4592.0,USD million,reported,2025-04-24,True,True,pg_2025q3,https://www.pginvestor.com/news/news-details/2025/PG-Announces-Fiscal-Year-2025-Third-Quarter-Results/default.aspx,table[2]/row[13] (zero based); EARNINGS BEFORE INCOME TAXES,sources/pg_2025q3_tables.json,,"EARNINGS BEFORE INCOME TAXES | 4,661 | 4,592 | 2%"
PG,2025-01-01,2025-03-31,2025Q1,FY2025Q3,quarter,Consolidated,income_taxes,868.0,USD million,reported,2025-04-24,True,True,pg_2025q3,https://www.pginvestor.com/news/news-details/2025/PG-Announces-Fiscal-Year-2025-Third-Quarter-Results/default.aspx,table[2]/row[14] (zero based); Income taxes,sources/pg_2025q3_tables.json,,Income taxes | 868 | 812 | 7%
PG,2024-01-01,2024-03-31,2024Q1,FY2024Q3,quarter,Consolidated,income_taxes,812.0,USD million,reported,2025-04-24,True,True,pg_2025q3,https://www.pginvestor.com/news/news-details/2025/PG-Announces-Fiscal-Year-2025-Third-Quarter-Results/default.aspx,table[2]/row[14] (zero based); Income taxes,sources/pg_2025q3_tables.json,,Income taxes | 868 | 812 | 7%
PG,2025-01-01,2025-03-31,2025Q1,FY2025Q3,quarter,Consolidated,net_income,3793.0,USD million,reported,2025-04-24,True,True,pg_2025q3,https://www.pginvestor.com/news/news-details/2025/PG-Announces-Fiscal-Year-2025-Third-Quarter-Results/default.aspx,table[2]/row[15] (zero based); NET EARNINGS,sources/pg_2025q3_tables.json,,"NET EARNINGS | 3,793 | 3,781 | —%"
PG,2024-01-01,2024-03-31,2024Q1,FY2024Q3,quarter,Consolidated,net_income,3781.0,USD million,reported,2025-04-24,True,True,pg_2025q3,https://www.pginvestor.com/news/news-details/2025/PG-Announces-Fiscal-Year-2025-Third-Quarter-Results/default.aspx,table[2]/row[15] (zero based); NET EARNINGS,sources/pg_2025q3_tables.json,,"NET EARNINGS | 3,793 | 3,781 | —%"
PG,2025-01-01,2025-03-31,2025Q1,FY2025Q3,quarter,Consolidated,noncontrolling_income,23.0,USD million,reported,2025-04-24,True,True,pg_2025q3,https://www.pginvestor.com/news/news-details/2025/PG-Announces-Fiscal-Year-2025-Third-Quarter-Results/default.aspx,table[2]/row[16] (zero based); Less: Net earnings attributable to noncontrolling interests,sources/pg_2025q3_tables.json,,Less: Net earnings attributable to noncontrolling interests | 23 | 27 | (15)%
PG,2024-01-01,2024-03-31,2024Q1,FY2024Q3,quarter,Consolidated,noncontrolling_income,27.0,USD million,reported,2025-04-24,True,True,pg_2025q3,https://www.pginvestor.com/news/news-details/2025/PG-Announces-Fiscal-Year-2025-Third-Quarter-Results/default.aspx,table[2]/row[16] (zero based); Less: Net earnings attributable to noncontrolling interests,sources/pg_2025q3_tables.json,,Less: Net earnings attributable to noncontrolling interests | 23 | 27 | (15)%
PG,2025-01-01,2025-03-31,2025Q1,FY2025Q3,quarter,Consolidated,net_income_attributable,3769.0,USD million,reported,2025-04-24,True,True,pg_2025q3,https://www.pginvestor.com/news/news-details/2025/PG-Announces-Fiscal-Year-2025-Third-Quarter-Results/default.aspx,table[2]/row[17] (zero based); NET EARNINGS ATTRIBUTABLE TO PROCTER & GAMBLE,sources/pg_2025q3_tables.json,,"NET EARNINGS ATTRIBUTABLE TO PROCTER & GAMBLE | $ | 3,769 | $ | 3,754 | —%"
PG,2024-01-01,2024-03-31,2024Q1,FY2024Q3,quarter,Consolidated,net_income_attributable,3754.0,USD million,reported,2025-04-24,True,True,pg_2025q3,https://www.pginvestor.com/news/news-details/2025/PG-Announces-Fiscal-Year-2025-Third-Quarter-Results/default.aspx,table[2]/row[17] (zero based); NET EARNINGS ATTRIBUTABLE TO PROCTER & GAMBLE,sources/pg_2025q3_tables.json,,"NET EARNINGS ATTRIBUTABLE TO PROCTER & GAMBLE | $ | 3,769 | $ | 3,754 | —%"
PG,2025-01-01,2025-03-31,2025Q1,FY2025Q3,quarter,Consolidated,effective_tax_rate,18.6,percent,reported,2025-04-24,True,True,pg_2025q3,https://www.pginvestor.com/news/news-details/2025/PG-Announces-Fiscal-Year-2025-Third-Quarter-Results/default.aspx,table[2]/row[19] (zero based); EFFECTIVE TAX RATE,sources/pg_2025q3_tables.json,,EFFECTIVE TAX RATE | 18.6 | % | 17.7 | %
PG,2024-01-01,2024-03-31,2024Q1,FY2024Q3,quarter,Consolidated,effective_tax_rate,17.7,percent,reported,2025-04-24,True,True,pg_2025q3,https://www.pginvestor.com/news/news-details/2025/PG-Announces-Fiscal-Year-2025-Third-Quarter-Results/default.aspx,table[2]/row[19] (zero based); EFFECTIVE TAX RATE,sources/pg_2025q3_tables.json,,EFFECTIVE TAX RATE | 18.6 | % | 17.7 | %
PG,2025-01-01,2025-03-31,2025Q1,FY2025Q3,quarter,Consolidated,diluted_eps,1.54,USD/share,reported,2025-04-24,True,True,pg_2025q3,https://www.pginvestor.com/news/news-details/2025/PG-Announces-Fiscal-Year-2025-Third-Quarter-Results/default.aspx,table[2]/row[23] (zero based); Diluted,sources/pg_2025q3_tables.json,,Diluted | $ | 1.54 | $ | 1.52 | 1%
PG,2024-01-01,2024-03-31,2024Q1,FY2024Q3,quarter,Consolidated,diluted_eps,1.52,USD/share,reported,2025-04-24,True,True,pg_2025q3,https://www.pginvestor.com/news/news-details/2025/PG-Announces-Fiscal-Year-2025-Third-Quarter-Results/default.aspx,table[2]/row[23] (zero based); Diluted,sources/pg_2025q3_tables.json,,Diluted | $ | 1.54 | $ | 1.52 | 1%
PG,2025-01-01,2025-03-31,2025Q1,FY2025Q3,quarter,Consolidated,diluted_shares,2449.8,million shares,reported,2025-04-24,True,True,pg_2025q3,https://www.pginvestor.com/news/news-details/2025/PG-Announces-Fiscal-Year-2025-Third-Quarter-Results/default.aspx,table[2]/row[26] (zero based); DILUTED WEIGHTED AVERAGE COMMON SHARES OUTSTANDING,sources/pg_2025q3_tables.json,,"DILUTED WEIGHTED AVERAGE COMMON SHARES OUTSTANDING | 2,449.8 | 2,472.0"
PG,2024-01-01,2024-03-31,2024Q1,FY2024Q3,quarter,Consolidated,diluted_shares,2472.0,million shares,reported,2025-04-24,True,True,pg_2025q3,https://www.pginvestor.com/news/news-details/2025/PG-Announces-Fiscal-Year-2025-Third-Quarter-Results/default.aspx,table[2]/row[26] (zero based); DILUTED WEIGHTED AVERAGE COMMON SHARES OUTSTANDING,sources/pg_2025q3_tables.json,,"DILUTED WEIGHTED AVERAGE COMMON SHARES OUTSTANDING | 2,449.8 | 2,472.0"
PG,2025-01-01,2025-03-31,2025Q1,FY2025Q3,quarter,Beauty,net_sales,3490.0,USD million,reported,2025-04-24,True,True,pg_2025q3,https://www.pginvestor.com/news/news-details/2025/PG-Announces-Fiscal-Year-2025-Third-Quarter-Results/default.aspx,table[3]/row[4] (zero based); Beauty,sources/pg_2025q3_tables.json,,"Beauty | $ | 3,490 | (2)% | $ | 684 | (9)% | $ | 539 | (8)%"
PG,2025-01-01,2025-03-31,2025Q1,FY2025Q3,quarter,Beauty,pretax_income,684.0,USD million,reported,2025-04-24,True,True,pg_2025q3,https://www.pginvestor.com/news/news-details/2025/PG-Announces-Fiscal-Year-2025-Third-Quarter-Results/default.aspx,table[3]/row[4] (zero based); Beauty,sources/pg_2025q3_tables.json,,"Beauty | $ | 3,490 | (2)% | $ | 684 | (9)% | $ | 539 | (8)%"
PG,2025-01-01,2025-03-31,2025Q1,FY2025Q3,quarter,Beauty,net_income,539.0,USD million,reported,2025-04-24,True,True,pg_2025q3,https://www.pginvestor.com/news/news-details/2025/PG-Announces-Fiscal-Year-2025-Third-Quarter-Results/default.aspx,table[3]/row[4] (zero based); Beauty,sources/pg_2025q3_tables.json,,"Beauty | $ | 3,490 | (2)% | $ | 684 | (9)% | $ | 539 | (8)%"
PG,2025-01-01,2025-03-31,2025Q1,FY2025Q3,quarter,Grooming,net_sales,1505.0,USD million,reported,2025-04-24,True,True,pg_2025q3,https://www.pginvestor.com/news/news-details/2025/PG-Announces-Fiscal-Year-2025-Third-Quarter-Results/default.aspx,table[3]/row[5] (zero based); Grooming,sources/pg_2025q3_tables.json,,"Grooming | 1,505 | (2)% | 404 | 7% | 321 | 6%"
PG,2025-01-01,2025-03-31,2025Q1,FY2025Q3,quarter,Grooming,pretax_income,404.0,USD million,reported,2025-04-24,True,True,pg_2025q3,https://www.pginvestor.com/news/news-details/2025/PG-Announces-Fiscal-Year-2025-Third-Quarter-Results/default.aspx,table[3]/row[5] (zero based); Grooming,sources/pg_2025q3_tables.json,,"Grooming | 1,505 | (2)% | 404 | 7% | 321 | 6%"
PG,2025-01-01,2025-03-31,2025Q1,FY2025Q3,quarter,Grooming,net_income,321.0,USD million,reported,2025-04-24,True,True,pg_2025q3,https://www.pginvestor.com/news/news-details/2025/PG-Announces-Fiscal-Year-2025-Third-Quarter-Results/default.aspx,table[3]/row[5] (zero based); Grooming,sources/pg_2025q3_tables.json,,"Grooming | 1,505 | (2)% | 404 | 7% | 321 | 6%"
PG,2025-01-01,2025-03-31,2025Q1,FY2025Q3,quarter,Health Care,net_sales,2880.0,USD million,reported,2025-04-24,True,True,pg_2025q3,https://www.pginvestor.com/news/news-details/2025/PG-Announces-Fiscal-Year-2025-Third-Quarter-Results/default.aspx,table[3]/row[6] (zero based); Health Care,sources/pg_2025q3_tables.json,,"Health Care | 2,880 | —% | 734 | 7% | 569 | 8%"
PG,2025-01-01,2025-03-31,2025Q1,FY2025Q3,quarter,Health Care,pretax_income,734.0,USD million,reported,2025-04-24,True,True,pg_2025q3,https://www.pginvestor.com/news/news-details/2025/PG-Announces-Fiscal-Year-2025-Third-Quarter-Results/default.aspx,table[3]/row[6] (zero based); Health Care,sources/pg_2025q3_tables.json,,"Health Care | 2,880 | —% | 734 | 7% | 569 | 8%"
PG,2025-01-01,2025-03-31,2025Q1,FY2025Q3,quarter,Health Care,net_income,569.0,USD million,reported,2025-04-24,True,True,pg_2025q3,https://www.pginvestor.com/news/news-details/2025/PG-Announces-Fiscal-Year-2025-Third-Quarter-Results/default.aspx,table[3]/row[6] (zero based); Health Care,sources/pg_2025q3_tables.json,,"Health Care | 2,880 | —% | 734 | 7% | 569 | 8%"
PG,2025-01-01,2025-03-31,2025Q1,FY2025Q3,quarter,Fabric & Home Care,net_sales,6948.0,USD million,reported,2025-04-24,True,True,pg_2025q3,https://www.pginvestor.com/news/news-details/2025/PG-Announces-Fiscal-Year-2025-Third-Quarter-Results/default.aspx,table[3]/row[7] (zero based); Fabric & Home Care,sources/pg_2025q3_tables.json,,"Fabric & Home Care | 6,948 | (3)% | 1,642 | (3)% | 1,285 | (1)%"
PG,2025-01-01,2025-03-31,2025Q1,FY2025Q3,quarter,Fabric & Home Care,pretax_income,1642.0,USD million,reported,2025-04-24,True,True,pg_2025q3,https://www.pginvestor.com/news/news-details/2025/PG-Announces-Fiscal-Year-2025-Third-Quarter-Results/default.aspx,table[3]/row[7] (zero based); Fabric & Home Care,sources/pg_2025q3_tables.json,,"Fabric & Home Care | 6,948 | (3)% | 1,642 | (3)% | 1,285 | (1)%"
PG,2025-01-01,2025-03-31,2025Q1,FY2025Q3,quarter,Fabric & Home Care,net_income,1285.0,USD million,reported,2025-04-24,True,True,pg_2025q3,https://www.pginvestor.com/news/news-details/2025/PG-Announces-Fiscal-Year-2025-Third-Quarter-Results/default.aspx,table[3]/row[7] (zero based); Fabric & Home Care,sources/pg_2025q3_tables.json,,"Fabric & Home Care | 6,948 | (3)% | 1,642 | (3)% | 1,285 | (1)%"
PG,2025-01-01,2025-03-31,2025Q1,FY2025Q3,quarter,"Baby, Feminine & Family Care",net_sales,4755.0,USD million,reported,2025-04-24,True,True,pg_2025q3,https://www.pginvestor.com/news/news-details/2025/PG-Announces-Fiscal-Year-2025-Third-Quarter-Results/default.aspx,"table[3]/row[8] (zero based); Baby, Feminine & Family Care",sources/pg_2025q3_tables.json,,"Baby, Feminine & Family Care | 4,755 | (4)% | 1,150 | (11)% | 880 | (12)%"
PG,2025-01-01,2025-03-31,2025Q1,FY2025Q3,quarter,"Baby, Feminine & Family Care",pretax_income,1150.0,USD million,reported,2025-04-24,True,True,pg_2025q3,https://www.pginvestor.com/news/news-details/2025/PG-Announces-Fiscal-Year-2025-Third-Quarter-Results/default.aspx,"table[3]/row[8] (zero based); Baby, Feminine & Family Care",sources/pg_2025q3_tables.json,,"Baby, Feminine & Family Care | 4,755 | (4)% | 1,150 | (11)% | 880 | (12)%"
PG,2025-01-01,2025-03-31,2025Q1,FY2025Q3,quarter,"Baby, Feminine & Family Care",net_income,880.0,USD million,reported,2025-04-24,True,True,pg_2025q3,https://www.pginvestor.com/news/news-details/2025/PG-Announces-Fiscal-Year-2025-Third-Quarter-Results/default.aspx,"table[3]/row[8] (zero based); Baby, Feminine & Family Care",sources/pg_2025q3_tables.json,,"Baby, Feminine & Family Care | 4,755 | (4)% | 1,150 | (11)% | 880 | (12)%"
PG,2025-01-01,2025-03-31,2025Q1,FY2025Q3,quarter,Corporate,net_sales,198.0,USD million,reported,2025-04-24,True,True,pg_2025q3,https://www.pginvestor.com/news/news-details/2025/PG-Announces-Fiscal-Year-2025-Third-Quarter-Results/default.aspx,table[3]/row[9] (zero based); Corporate,sources/pg_2025q3_tables.json,,Corporate | 198 | N/A | 48 | N/A | 200 | N/A
PG,2025-01-01,2025-03-31,2025Q1,FY2025Q3,quarter,Corporate,pretax_income,48.0,USD million,reported,2025-04-24,True,True,pg_2025q3,https://www.pginvestor.com/news/news-details/2025/PG-Announces-Fiscal-Year-2025-Third-Quarter-Results/default.aspx,table[3]/row[9] (zero based); Corporate,sources/pg_2025q3_tables.json,,Corporate | 198 | N/A | 48 | N/A | 200 | N/A
PG,2025-01-01,2025-03-31,2025Q1,FY2025Q3,quarter,Corporate,net_income,200.0,USD million,reported,2025-04-24,True,True,pg_2025q3,https://www.pginvestor.com/news/news-details/2025/PG-Announces-Fiscal-Year-2025-Third-Quarter-Results/default.aspx,table[3]/row[9] (zero based); Corporate,sources/pg_2025q3_tables.json,,Corporate | 198 | N/A | 48 | N/A | 200 | N/A
PG,2024-07-01,2025-03-31,2025Q1,FY2025Q3,fiscal_ytd,Consolidated,operating_cash_flow,12832.0,USD million,reported,2025-04-24,True,True,pg_2025q3,https://www.pginvestor.com/news/news-details/2025/PG-Announces-Fiscal-Year-2025-Third-Quarter-Results/default.aspx,table[5]/row[17] (zero based); TOTAL OPERATING ACTIVITIES,sources/pg_2025q3_tables.json,,"TOTAL OPERATING ACTIVITIES | 12,832 | 14,092"
PG,2023-07-01,2024-03-31,2024Q1,FY2024Q3,fiscal_ytd,Consolidated,operating_cash_flow,14092.0,USD million,reported,2025-04-24,True,True,pg_2025q3,https://www.pginvestor.com/news/news-details/2025/PG-Announces-Fiscal-Year-2025-Third-Quarter-Results/default.aspx,table[5]/row[17] (zero based); TOTAL OPERATING ACTIVITIES,sources/pg_2025q3_tables.json,,"TOTAL OPERATING ACTIVITIES | 12,832 | 14,092"
PG,2024-07-01,2025-03-31,2025Q1,FY2025Q3,fiscal_ytd,Consolidated,capital_expenditures_signed,-2777.0,USD million,reported,2025-04-24,True,True,pg_2025q3,https://www.pginvestor.com/news/news-details/2025/PG-Announces-Fiscal-Year-2025-Third-Quarter-Results/default.aspx,table[5]/row[19] (zero based); Capital expenditures,sources/pg_2025q3_tables.json,,"Capital expenditures | (2,777 | ) | (2,539 | )"
PG,2023-07-01,2024-03-31,2024Q1,FY2024Q3,fiscal_ytd,Consolidated,capital_expenditures_signed,-2539.0,USD million,reported,2025-04-24,True,True,pg_2025q3,https://www.pginvestor.com/news/news-details/2025/PG-Announces-Fiscal-Year-2025-Third-Quarter-Results/default.aspx,table[5]/row[19] (zero based); Capital expenditures,sources/pg_2025q3_tables.json,,"Capital expenditures | (2,777 | ) | (2,539 | )"
PG,,2025-03-31,2025Q1,FY2025Q3,instant,Consolidated,cash_equivalents,9116.0,USD million,reported,2025-04-24,True,True,pg_2025q3,https://www.pginvestor.com/news/news-details/2025/PG-Announces-Fiscal-Year-2025-Third-Quarter-Results/default.aspx,table[6]/row[3] (zero based); Cash and cash equivalents,sources/pg_2025q3_tables.json,,"Cash and cash equivalents | $ | 9,116 | $ | 9,482"
PG,,2024-06-30,2024Q2,FY2024Q4,instant,Consolidated,cash_equivalents,9482.0,USD million,reported,2025-04-24,True,True,pg_2025q3,https://www.pginvestor.com/news/news-details/2025/PG-Announces-Fiscal-Year-2025-Third-Quarter-Results/default.aspx,table[6]/row[3] (zero based); Cash and cash equivalents,sources/pg_2025q3_tables.json,,"Cash and cash equivalents | $ | 9,116 | $ | 9,482"
PG,,2025-03-31,2025Q1,FY2025Q3,instant,Consolidated,total_assets,122984.0,USD million,reported,2025-04-24,True,True,pg_2025q3,https://www.pginvestor.com/news/news-details/2025/PG-Announces-Fiscal-Year-2025-Third-Quarter-Results/default.aspx,table[6]/row[12] (zero based); TOTAL ASSETS,sources/pg_2025q3_tables.json,,"TOTAL ASSETS | $ | 122,984 | $ | 122,370"
PG,,2024-06-30,2024Q2,FY2024Q4,instant,Consolidated,total_assets,122370.0,USD million,reported,2025-04-24,True,True,pg_2025q3,https://www.pginvestor.com/news/news-details/2025/PG-Announces-Fiscal-Year-2025-Third-Quarter-Results/default.aspx,table[6]/row[12] (zero based); TOTAL ASSETS,sources/pg_2025q3_tables.json,,"TOTAL ASSETS | $ | 122,984 | $ | 122,370"
PG,,2025-03-31,2025Q1,FY2025Q3,instant,Consolidated,current_debt,9889.0,USD million,reported,2025-04-24,True,True,pg_2025q3,https://www.pginvestor.com/news/news-details/2025/PG-Announces-Fiscal-Year-2025-Third-Quarter-Results/default.aspx,table[6]/row[16] (zero based); Debt due within one year,sources/pg_2025q3_tables.json,,"Debt due within one year | 9,889 | 7,191"
PG,,2024-06-30,2024Q2,FY2024Q4,instant,Consolidated,current_debt,7191.0,USD million,reported,2025-04-24,True,True,pg_2025q3,https://www.pginvestor.com/news/news-details/2025/PG-Announces-Fiscal-Year-2025-Third-Quarter-Results/default.aspx,table[6]/row[16] (zero based); Debt due within one year,sources/pg_2025q3_tables.json,,"Debt due within one year | 9,889 | 7,191"
PG,,2025-03-31,2025Q1,FY2025Q3,instant,Consolidated,long_term_debt,24252.0,USD million,reported,2025-04-24,True,True,pg_2025q3,https://www.pginvestor.com/news/news-details/2025/PG-Announces-Fiscal-Year-2025-Third-Quarter-Results/default.aspx,table[6]/row[18] (zero based); Long-term debt,sources/pg_2025q3_tables.json,,"Long-term debt | 24,252 | 25,269"
PG,,2024-06-30,2024Q2,FY2024Q4,instant,Consolidated,long_term_debt,25269.0,USD million,reported,2025-04-24,True,True,pg_2025q3,https://www.pginvestor.com/news/news-details/2025/PG-Announces-Fiscal-Year-2025-Third-Quarter-Results/default.aspx,table[6]/row[18] (zero based); Long-term debt,sources/pg_2025q3_tables.json,,"Long-term debt | 24,252 | 25,269"
PG,,2025-03-31,2025Q1,FY2025Q3,instant,Consolidated,equity,52545.0,USD million,reported,2025-04-24,True,True,pg_2025q3,https://www.pginvestor.com/news/news-details/2025/PG-Announces-Fiscal-Year-2025-Third-Quarter-Results/default.aspx,table[6]/row[22] (zero based); TOTAL SHAREHOLDERS' EQUITY,sources/pg_2025q3_tables.json,,"TOTAL SHAREHOLDERS' EQUITY | 52,545 | 50,559"
PG,,2024-06-30,2024Q2,FY2024Q4,instant,Consolidated,equity,50559.0,USD million,reported,2025-04-24,True,True,pg_2025q3,https://www.pginvestor.com/news/news-details/2025/PG-Announces-Fiscal-Year-2025-Third-Quarter-Results/default.aspx,table[6]/row[22] (zero based); TOTAL SHAREHOLDERS' EQUITY,sources/pg_2025q3_tables.json,,"TOTAL SHAREHOLDERS' EQUITY | 52,545 | 50,559"
PG,2025-01-01,2025-03-31,2025Q1,FY2025Q3,quarter,Consolidated,operating_cash_flow,3705.0,USD million,reported,2025-04-24,True,True,pg_2025q3,https://www.pginvestor.com/news/news-details/2025/PG-Announces-Fiscal-Year-2025-Third-Quarter-Results/default.aspx,table[12]/row[2] (zero based); Operating Cash Flow,sources/pg_2025q3_tables.json,,"$3,705 | $(859) | $2,846"
PG,2025-01-01,2025-03-31,2025Q1,FY2025Q3,quarter,Consolidated,capital_expenditures_signed,-859.0,USD million,reported,2025-04-24,True,True,pg_2025q3,https://www.pginvestor.com/news/news-details/2025/PG-Announces-Fiscal-Year-2025-Third-Quarter-Results/default.aspx,table[12]/row[2] (zero based); Capital Spending,sources/pg_2025q3_tables.json,,"$3,705 | $(859) | $2,846"
TRV,2025-04-01,2025-06-30,2025Q2,2025Q2,quarter,Consolidated,net_written_premiums,11543.0,USD million,reported,2025-07-17,True,True,trv_2025q2,https://investor.travelers.com/newsroom/press-releases/news-details/2025/Travelers-Reports-Excellent-Second-Quarter-and-Year-to-Date-Results/default.aspx,table[0]/row[3] (zero based); Net written premiums,sources/trv_2025q2_tables.json,,"Net written premiums | $ | 11,543 | $ | 11,115 | 4 | % | $ | 22,058 | $ | 21,297 | 4 | %"
TRV,2024-04-01,2024-06-30,2024Q2,2024Q2,quarter,Consolidated,net_written_premiums,11115.0,USD million,reported,2025-07-17,True,True,trv_2025q2,https://investor.travelers.com/newsroom/press-releases/news-details/2025/Travelers-Reports-Excellent-Second-Quarter-and-Year-to-Date-Results/default.aspx,table[0]/row[3] (zero based); Net written premiums,sources/trv_2025q2_tables.json,,"Net written premiums | $ | 11,543 | $ | 11,115 | 4 | % | $ | 22,058 | $ | 21,297 | 4 | %"
TRV,2025-04-01,2025-06-30,2025Q2,2025Q2,quarter,Consolidated,total_revenues,12116.0,USD million,reported,2025-07-17,True,True,trv_2025q2,https://investor.travelers.com/newsroom/press-releases/news-details/2025/Travelers-Reports-Excellent-Second-Quarter-and-Year-to-Date-Results/default.aspx,table[0]/row[5] (zero based); Total revenues,sources/trv_2025q2_tables.json,,"Total revenues | $ | 12,116 | $ | 11,283 | 7 | $ | 23,926 | $ | 22,511 | 6"
TRV,2024-04-01,2024-06-30,2024Q2,2024Q2,quarter,Consolidated,total_revenues,11283.0,USD million,reported,2025-07-17,True,True,trv_2025q2,https://investor.travelers.com/newsroom/press-releases/news-details/2025/Travelers-Reports-Excellent-Second-Quarter-and-Year-to-Date-Results/default.aspx,table[0]/row[5] (zero based); Total revenues,sources/trv_2025q2_tables.json,,"Total revenues | $ | 12,116 | $ | 11,283 | 7 | $ | 23,926 | $ | 22,511 | 6"
TRV,2025-04-01,2025-06-30,2025Q2,2025Q2,quarter,Consolidated,net_income,1509.0,USD million,reported,2025-07-17,True,True,trv_2025q2,https://investor.travelers.com/newsroom/press-releases/news-details/2025/Travelers-Reports-Excellent-Second-Quarter-and-Year-to-Date-Results/default.aspx,table[0]/row[6] (zero based); Net income,sources/trv_2025q2_tables.json,,"Net income | $ | 1,509 | $ | 534 | 183 | $ | 1,904 | $ | 1,657 | 15"
TRV,2024-04-01,2024-06-30,2024Q2,2024Q2,quarter,Consolidated,net_income,534.0,USD million,reported,2025-07-17,True,True,trv_2025q2,https://investor.travelers.com/newsroom/press-releases/news-details/2025/Travelers-Reports-Excellent-Second-Quarter-and-Year-to-Date-Results/default.aspx,table[0]/row[6] (zero based); Net income,sources/trv_2025q2_tables.json,,"Net income | $ | 1,509 | $ | 534 | 183 | $ | 1,904 | $ | 1,657 | 15"
TRV,2025-04-01,2025-06-30,2025Q2,2025Q2,quarter,Consolidated,core_income,1504.0,USD million,reported,2025-07-17,True,True,trv_2025q2,https://investor.travelers.com/newsroom/press-releases/news-details/2025/Travelers-Reports-Excellent-Second-Quarter-and-Year-to-Date-Results/default.aspx,table[0]/row[8] (zero based); Core income,sources/trv_2025q2_tables.json,,"Core income | $ | 1,504 | $ | 585 | 157 | $ | 1,947 | $ | 1,681 | 16"
TRV,2024-04-01,2024-06-30,2024Q2,2024Q2,quarter,Consolidated,core_income,585.0,USD million,reported,2025-07-17,True,True,trv_2025q2,https://investor.travelers.com/newsroom/press-releases/news-details/2025/Travelers-Reports-Excellent-Second-Quarter-and-Year-to-Date-Results/default.aspx,table[0]/row[8] (zero based); Core income,sources/trv_2025q2_tables.json,,"Core income | $ | 1,504 | $ | 585 | 157 | $ | 1,947 | $ | 1,681 | 16"
TRV,2025-04-01,2025-06-30,2025Q2,2025Q2,quarter,Consolidated,diluted_shares,229.3,million shares,reported,2025-07-17,True,True,trv_2025q2,https://investor.travelers.com/newsroom/press-releases/news-details/2025/Travelers-Reports-Excellent-Second-Quarter-and-Year-to-Date-Results/default.aspx,table[0]/row[10] (zero based); Diluted weighted average shares outstanding,sources/trv_2025q2_tables.json,,Diluted weighted average shares outstanding | 229.3 | 231.5 | (1 | ) | 229.7 | 231.8 | (1 | )
TRV,2024-04-01,2024-06-30,2024Q2,2024Q2,quarter,Consolidated,diluted_shares,231.5,million shares,reported,2025-07-17,True,True,trv_2025q2,https://investor.travelers.com/newsroom/press-releases/news-details/2025/Travelers-Reports-Excellent-Second-Quarter-and-Year-to-Date-Results/default.aspx,table[0]/row[10] (zero based); Diluted weighted average shares outstanding,sources/trv_2025q2_tables.json,,Diluted weighted average shares outstanding | 229.3 | 231.5 | (1 | ) | 229.7 | 231.8 | (1 | )
TRV,2025-04-01,2025-06-30,2025Q2,2025Q2,quarter,Consolidated,combined_ratio,90.3,percent,reported,2025-07-17,True,True,trv_2025q2,https://investor.travelers.com/newsroom/press-releases/news-details/2025/Travelers-Reports-Excellent-Second-Quarter-and-Year-to-Date-Results/default.aspx,table[0]/row[11] (zero based); Combined ratio,sources/trv_2025q2_tables.json,,Combined ratio | 90.3 | % | 100.2 | % | (9.9 | ) | pts | 96.3 | % | 97.1 | % | (0.8 | ) | pts
TRV,2024-04-01,2024-06-30,2024Q2,2024Q2,quarter,Consolidated,combined_ratio,100.2,percent,reported,2025-07-17,True,True,trv_2025q2,https://investor.travelers.com/newsroom/press-releases/news-details/2025/Travelers-Reports-Excellent-Second-Quarter-and-Year-to-Date-Results/default.aspx,table[0]/row[11] (zero based); Combined ratio,sources/trv_2025q2_tables.json,,Combined ratio | 90.3 | % | 100.2 | % | (9.9 | ) | pts | 96.3 | % | 97.1 | % | (0.8 | ) | pts
TRV,2025-04-01,2025-06-30,2025Q2,2025Q2,quarter,Consolidated,underlying_combined_ratio,84.7,percent,reported,2025-07-17,True,True,trv_2025q2,https://investor.travelers.com/newsroom/press-releases/news-details/2025/Travelers-Reports-Excellent-Second-Quarter-and-Year-to-Date-Results/default.aspx,table[0]/row[12] (zero based); Underlying combined ratio,sources/trv_2025q2_tables.json,,Underlying combined ratio | 84.7 | % | 87.7 | % | (3.0 | ) | pts | 84.7 | % | 87.7 | % | (3.0 | ) | pts
TRV,2024-04-01,2024-06-30,2024Q2,2024Q2,quarter,Consolidated,underlying_combined_ratio,87.7,percent,reported,2025-07-17,True,True,trv_2025q2,https://investor.travelers.com/newsroom/press-releases/news-details/2025/Travelers-Reports-Excellent-Second-Quarter-and-Year-to-Date-Results/default.aspx,table[0]/row[12] (zero based); Underlying combined ratio,sources/trv_2025q2_tables.json,,Underlying combined ratio | 84.7 | % | 87.7 | % | (3.0 | ) | pts | 84.7 | % | 87.7 | % | (3.0 | ) | pts
TRV,2025-04-01,2025-06-30,2025Q2,2025Q2,quarter,Consolidated,underwriting_gain,1022.0,USD million,reported,2025-07-17,True,True,trv_2025q2,https://investor.travelers.com/newsroom/press-releases/news-details/2025/Travelers-Reports-Excellent-Second-Quarter-and-Year-to-Date-Results/default.aspx,table[2]/row[3] (zero based); Underwriting gain (loss):,sources/trv_2025q2_tables.json,,"Underwriting gain (loss): | $ | 1,022 | $ | (65 | ) | $ | 1,087 | $ | 717 | $ | 512 | $ | 205"
TRV,2024-04-01,2024-06-30,2024Q2,2024Q2,quarter,Consolidated,underwriting_gain,-65.0,USD million,reported,2025-07-17,True,True,trv_2025q2,https://investor.travelers.com/newsroom/press-releases/news-details/2025/Travelers-Reports-Excellent-Second-Quarter-and-Year-to-Date-Results/default.aspx,table[2]/row[3] (zero based); Underwriting gain (loss):,sources/trv_2025q2_tables.json,,"Underwriting gain (loss): | $ | 1,022 | $ | (65 | ) | $ | 1,087 | $ | 717 | $ | 512 | $ | 205"
TRV,2025-04-01,2025-06-30,2025Q2,2025Q2,quarter,Consolidated,favorable_prior_year_development,315.0,USD million,reported,2025-07-17,True,True,trv_2025q2,https://investor.travelers.com/newsroom/press-releases/news-details/2025/Travelers-Reports-Excellent-Second-Quarter-and-Year-to-Date-Results/default.aspx,table[2]/row[5] (zero based); Net favorable prior year reserve development,sources/trv_2025q2_tables.json,,Net favorable prior year reserve development | 315 | 230 | 85 | 693 | 321 | 372
TRV,2024-04-01,2024-06-30,2024Q2,2024Q2,quarter,Consolidated,favorable_prior_year_development,230.0,USD million,reported,2025-07-17,True,True,trv_2025q2,https://investor.travelers.com/newsroom/press-releases/news-details/2025/Travelers-Reports-Excellent-Second-Quarter-and-Year-to-Date-Results/default.aspx,table[2]/row[5] (zero based); Net favorable prior year reserve development,sources/trv_2025q2_tables.json,,Net favorable prior year reserve development | 315 | 230 | 85 | 693 | 321 | 372
TRV,2025-04-01,2025-06-30,2025Q2,2025Q2,quarter,Consolidated,catastrophe_losses_signed,-927.0,USD million,reported,2025-07-17,True,True,trv_2025q2,https://investor.travelers.com/newsroom/press-releases/news-details/2025/Travelers-Reports-Excellent-Second-Quarter-and-Year-to-Date-Results/default.aspx,"table[2]/row[6] (zero based); Catastrophes, net of reinsurance",sources/trv_2025q2_tables.json,,"Catastrophes, net of reinsurance | (927 | ) | (1,509 | ) | 582 | (3,193 | ) | (2,221 | ) | (972 | )"
TRV,2024-04-01,2024-06-30,2024Q2,2024Q2,quarter,Consolidated,catastrophe_losses_signed,-1509.0,USD million,reported,2025-07-17,True,True,trv_2025q2,https://investor.travelers.com/newsroom/press-releases/news-details/2025/Travelers-Reports-Excellent-Second-Quarter-and-Year-to-Date-Results/default.aspx,"table[2]/row[6] (zero based); Catastrophes, net of reinsurance",sources/trv_2025q2_tables.json,,"Catastrophes, net of reinsurance | (927 | ) | (1,509 | ) | 582 | (3,193 | ) | (2,221 | ) | (972 | )"
TRV,2025-04-01,2025-06-30,2025Q2,2025Q2,quarter,Consolidated,investment_income_pretax,942.0,USD million,reported,2025-07-17,True,True,trv_2025q2,https://investor.travelers.com/newsroom/press-releases/news-details/2025/Travelers-Reports-Excellent-Second-Quarter-and-Year-to-Date-Results/default.aspx,table[2]/row[7] (zero based); Net investment income,sources/trv_2025q2_tables.json,,"Net investment income | 942 | 885 | 57 | 1,872 | 1,731 | 141"
TRV,2024-04-01,2024-06-30,2024Q2,2024Q2,quarter,Consolidated,investment_income_pretax,885.0,USD million,reported,2025-07-17,True,True,trv_2025q2,https://investor.travelers.com/newsroom/press-releases/news-details/2025/Travelers-Reports-Excellent-Second-Quarter-and-Year-to-Date-Results/default.aspx,table[2]/row[7] (zero based); Net investment income,sources/trv_2025q2_tables.json,,"Net investment income | 942 | 885 | 57 | 1,872 | 1,731 | 141"
TRV,2025-04-01,2025-06-30,2025Q2,2025Q2,quarter,Consolidated,other_income_including_interest,-89.0,USD million,reported,2025-07-17,True,True,trv_2025q2,https://investor.travelers.com/newsroom/press-releases/news-details/2025/Travelers-Reports-Excellent-Second-Quarter-and-Year-to-Date-Results/default.aspx,"table[2]/row[8] (zero based); Other income (expense), including interest expense",sources/trv_2025q2_tables.json,,"Other income (expense), including interest expense | (89 | ) | (99 | ) | 10 | (185 | ) | (187 | ) | 2"
TRV,2024-04-01,2024-06-30,2024Q2,2024Q2,quarter,Consolidated,other_income_including_interest,-99.0,USD million,reported,2025-07-17,True,True,trv_2025q2,https://investor.travelers.com/newsroom/press-releases/news-details/2025/Travelers-Reports-Excellent-Second-Quarter-and-Year-to-Date-Results/default.aspx,"table[2]/row[8] (zero based); Other income (expense), including interest expense",sources/trv_2025q2_tables.json,,"Other income (expense), including interest expense | (89 | ) | (99 | ) | 10 | (185 | ) | (187 | ) | 2"
TRV,2025-04-01,2025-06-30,2025Q2,2025Q2,quarter,Consolidated,core_pretax_income,1875.0,USD million,reported,2025-07-17,True,True,trv_2025q2,https://investor.travelers.com/newsroom/press-releases/news-details/2025/Travelers-Reports-Excellent-Second-Quarter-and-Year-to-Date-Results/default.aspx,table[2]/row[9] (zero based); Core income before income taxes,sources/trv_2025q2_tables.json,,"Core income before income taxes | 1,875 | 721 | 1,154 | 2,404 | 2,056 | 348"
TRV,2024-04-01,2024-06-30,2024Q2,2024Q2,quarter,Consolidated,core_pretax_income,721.0,USD million,reported,2025-07-17,True,True,trv_2025q2,https://investor.travelers.com/newsroom/press-releases/news-details/2025/Travelers-Reports-Excellent-Second-Quarter-and-Year-to-Date-Results/default.aspx,table[2]/row[9] (zero based); Core income before income taxes,sources/trv_2025q2_tables.json,,"Core income before income taxes | 1,875 | 721 | 1,154 | 2,404 | 2,056 | 348"
TRV,2025-04-01,2025-06-30,2025Q2,2025Q2,quarter,Consolidated,core_income_tax,371.0,USD million,reported,2025-07-17,True,True,trv_2025q2,https://investor.travelers.com/newsroom/press-releases/news-details/2025/Travelers-Reports-Excellent-Second-Quarter-and-Year-to-Date-Results/default.aspx,table[2]/row[10] (zero based); Income tax expense,sources/trv_2025q2_tables.json,,Income tax expense | 371 | 136 | 235 | 457 | 375 | 82
TRV,2024-04-01,2024-06-30,2024Q2,2024Q2,quarter,Consolidated,core_income_tax,136.0,USD million,reported,2025-07-17,True,True,trv_2025q2,https://investor.travelers.com/newsroom/press-releases/news-details/2025/Travelers-Reports-Excellent-Second-Quarter-and-Year-to-Date-Results/default.aspx,table[2]/row[10] (zero based); Income tax expense,sources/trv_2025q2_tables.json,,Income tax expense | 371 | 136 | 235 | 457 | 375 | 82
TRV,2025-04-01,2025-06-30,2025Q2,2025Q2,quarter,Consolidated,realized_gains_aftertax,5.0,USD million,reported,2025-07-17,True,True,trv_2025q2,https://investor.travelers.com/newsroom/press-releases/news-details/2025/Travelers-Reports-Excellent-Second-Quarter-and-Year-to-Date-Results/default.aspx,table[2]/row[12] (zero based); Net realized investment gains (losses) after income taxes,sources/trv_2025q2_tables.json,,Net realized investment gains (losses) after income taxes | 5 | (51 | ) | 56 | (43 | ) | (24 | ) | (19 | )
TRV,2024-04-01,2024-06-30,2024Q2,2024Q2,quarter,Consolidated,realized_gains_aftertax,-51.0,USD million,reported,2025-07-17,True,True,trv_2025q2,https://investor.travelers.com/newsroom/press-releases/news-details/2025/Travelers-Reports-Excellent-Second-Quarter-and-Year-to-Date-Results/default.aspx,table[2]/row[12] (zero based); Net realized investment gains (losses) after income taxes,sources/trv_2025q2_tables.json,,Net realized investment gains (losses) after income taxes | 5 | (51 | ) | 56 | (43 | ) | (24 | ) | (19 | )
TRV,2025-04-01,2025-06-30,2025Q2,2025Q2,quarter,Business Insurance,net_written_premiums,5792.0,USD million,reported,2025-07-17,True,True,trv_2025q2,https://investor.travelers.com/newsroom/press-releases/news-details/2025/Travelers-Reports-Excellent-Second-Quarter-and-Year-to-Date-Results/default.aspx,table[2]/row[22] (zero based); Business Insurance,sources/trv_2025q2_tables.json,,"Business Insurance | $ | 5,792 | $ | 5,539 | 5 | % | $ | 11,490 | $ | 11,135 | 3 | %"
TRV,2024-04-01,2024-06-30,2024Q2,2024Q2,quarter,Business Insurance,net_written_premiums,5539.0,USD million,reported,2025-07-17,True,True,trv_2025q2,https://investor.travelers.com/newsroom/press-releases/news-details/2025/Travelers-Reports-Excellent-Second-Quarter-and-Year-to-Date-Results/default.aspx,table[2]/row[22] (zero based); Business Insurance,sources/trv_2025q2_tables.json,,"Business Insurance | $ | 5,792 | $ | 5,539 | 5 | % | $ | 11,490 | $ | 11,135 | 3 | %"
TRV,2025-04-01,2025-06-30,2025Q2,2025Q2,quarter,Bond & Specialty Insurance,net_written_premiums,1085.0,USD million,reported,2025-07-17,True,True,trv_2025q2,https://investor.travelers.com/newsroom/press-releases/news-details/2025/Travelers-Reports-Excellent-Second-Quarter-and-Year-to-Date-Results/default.aspx,table[2]/row[23] (zero based); Bond & Specialty Insurance,sources/trv_2025q2_tables.json,,"Bond & Specialty Insurance | 1,085 | 1,040 | 4 | 2,084 | 1,983 | 5"
TRV,2024-04-01,2024-06-30,2024Q2,2024Q2,quarter,Bond & Specialty Insurance,net_written_premiums,1040.0,USD million,reported,2025-07-17,True,True,trv_2025q2,https://investor.travelers.com/newsroom/press-releases/news-details/2025/Travelers-Reports-Excellent-Second-Quarter-and-Year-to-Date-Results/default.aspx,table[2]/row[23] (zero based); Bond & Specialty Insurance,sources/trv_2025q2_tables.json,,"Bond & Specialty Insurance | 1,085 | 1,040 | 4 | 2,084 | 1,983 | 5"
TRV,2025-04-01,2025-06-30,2025Q2,2025Q2,quarter,Personal Insurance,net_written_premiums,4666.0,USD million,reported,2025-07-17,True,True,trv_2025q2,https://investor.travelers.com/newsroom/press-releases/news-details/2025/Travelers-Reports-Excellent-Second-Quarter-and-Year-to-Date-Results/default.aspx,table[2]/row[24] (zero based); Personal Insurance,sources/trv_2025q2_tables.json,,"Personal Insurance | 4,666 | 4,536 | 3 | 8,484 | 8,179 | 4"
TRV,2024-04-01,2024-06-30,2024Q2,2024Q2,quarter,Personal Insurance,net_written_premiums,4536.0,USD million,reported,2025-07-17,True,True,trv_2025q2,https://investor.travelers.com/newsroom/press-releases/news-details/2025/Travelers-Reports-Excellent-Second-Quarter-and-Year-to-Date-Results/default.aspx,table[2]/row[24] (zero based); Personal Insurance,sources/trv_2025q2_tables.json,,"Personal Insurance | 4,666 | 4,536 | 3 | 8,484 | 8,179 | 4"
TRV,2025-04-01,2025-06-30,2025Q2,2025Q2,quarter,Business Insurance,underwriting_gain,346.0,USD million,reported,2025-07-17,True,True,trv_2025q2,https://investor.travelers.com/newsroom/press-releases/news-details/2025/Travelers-Reports-Excellent-Second-Quarter-and-Year-to-Date-Results/default.aspx,table[3]/row[3] (zero based); Underwriting gain:,sources/trv_2025q2_tables.json,,Underwriting gain: | $ | 346 | $ | 193 | $ | 153 | $ | 541 | $ | 527 | $ | 14
TRV,2024-04-01,2024-06-30,2024Q2,2024Q2,quarter,Business Insurance,underwriting_gain,193.0,USD million,reported,2025-07-17,True,True,trv_2025q2,https://investor.travelers.com/newsroom/press-releases/news-details/2025/Travelers-Reports-Excellent-Second-Quarter-and-Year-to-Date-Results/default.aspx,table[3]/row[3] (zero based); Underwriting gain:,sources/trv_2025q2_tables.json,,Underwriting gain: | $ | 346 | $ | 193 | $ | 153 | $ | 541 | $ | 527 | $ | 14
TRV,2025-04-01,2025-06-30,2025Q2,2025Q2,quarter,Business Insurance,favorable_prior_year_development,79.0,USD million,reported,2025-07-17,True,True,trv_2025q2,https://investor.travelers.com/newsroom/press-releases/news-details/2025/Travelers-Reports-Excellent-Second-Quarter-and-Year-to-Date-Results/default.aspx,table[3]/row[5] (zero based); Net favorable prior year reserve development,sources/trv_2025q2_tables.json,,Net favorable prior year reserve development | 79 | 34 | 45 | 153 | 34 | 119
TRV,2024-04-01,2024-06-30,2024Q2,2024Q2,quarter,Business Insurance,favorable_prior_year_development,34.0,USD million,reported,2025-07-17,True,True,trv_2025q2,https://investor.travelers.com/newsroom/press-releases/news-details/2025/Travelers-Reports-Excellent-Second-Quarter-and-Year-to-Date-Results/default.aspx,table[3]/row[5] (zero based); Net favorable prior year reserve development,sources/trv_2025q2_tables.json,,Net favorable prior year reserve development | 79 | 34 | 45 | 153 | 34 | 119
TRV,2025-04-01,2025-06-30,2025Q2,2025Q2,quarter,Business Insurance,catastrophe_losses_signed,-368.0,USD million,reported,2025-07-17,True,True,trv_2025q2,https://investor.travelers.com/newsroom/press-releases/news-details/2025/Travelers-Reports-Excellent-Second-Quarter-and-Year-to-Date-Results/default.aspx,"table[3]/row[6] (zero based); Catastrophes, net of reinsurance",sources/trv_2025q2_tables.json,,"Catastrophes, net of reinsurance | (368 | ) | (389 | ) | 21 | (877 | ) | (598 | ) | (279 | )"
TRV,2024-04-01,2024-06-30,2024Q2,2024Q2,quarter,Business Insurance,catastrophe_losses_signed,-389.0,USD million,reported,2025-07-17,True,True,trv_2025q2,https://investor.travelers.com/newsroom/press-releases/news-details/2025/Travelers-Reports-Excellent-Second-Quarter-and-Year-to-Date-Results/default.aspx,"table[3]/row[6] (zero based); Catastrophes, net of reinsurance",sources/trv_2025q2_tables.json,,"Catastrophes, net of reinsurance | (368 | ) | (389 | ) | 21 | (877 | ) | (598 | ) | (279 | )"
TRV,2025-04-01,2025-06-30,2025Q2,2025Q2,quarter,Business Insurance,investment_income_pretax,662.0,USD million,reported,2025-07-17,True,True,trv_2025q2,https://investor.travelers.com/newsroom/press-releases/news-details/2025/Travelers-Reports-Excellent-Second-Quarter-and-Year-to-Date-Results/default.aspx,table[3]/row[7] (zero based); Net investment income,sources/trv_2025q2_tables.json,,"Net investment income | 662 | 632 | 30 | 1,318 | 1,241 | 77"
TRV,2024-04-01,2024-06-30,2024Q2,2024Q2,quarter,Business Insurance,investment_income_pretax,632.0,USD million,reported,2025-07-17,True,True,trv_2025q2,https://investor.travelers.com/newsroom/press-releases/news-details/2025/Travelers-Reports-Excellent-Second-Quarter-and-Year-to-Date-Results/default.aspx,table[3]/row[7] (zero based); Net investment income,sources/trv_2025q2_tables.json,,"Net investment income | 662 | 632 | 30 | 1,318 | 1,241 | 77"
TRV,2025-04-01,2025-06-30,2025Q2,2025Q2,quarter,Business Insurance,segment_other_income,2.0,USD million,reported,2025-07-17,True,True,trv_2025q2,https://investor.travelers.com/newsroom/press-releases/news-details/2025/Travelers-Reports-Excellent-Second-Quarter-and-Year-to-Date-Results/default.aspx,table[3]/row[8] (zero based); Other income (expense),sources/trv_2025q2_tables.json,,Other income (expense) | 2 | (10 | ) | 12 | (7 | ) | (19 | ) | 12
TRV,2024-04-01,2024-06-30,2024Q2,2024Q2,quarter,Business Insurance,segment_other_income,-10.0,USD million,reported,2025-07-17,True,True,trv_2025q2,https://investor.travelers.com/newsroom/press-releases/news-details/2025/Travelers-Reports-Excellent-Second-Quarter-and-Year-to-Date-Results/default.aspx,table[3]/row[8] (zero based); Other income (expense),sources/trv_2025q2_tables.json,,Other income (expense) | 2 | (10 | ) | 12 | (7 | ) | (19 | ) | 12
TRV,2025-04-01,2025-06-30,2025Q2,2025Q2,quarter,Business Insurance,segment_pretax_income,1010.0,USD million,reported,2025-07-17,True,True,trv_2025q2,https://investor.travelers.com/newsroom/press-releases/news-details/2025/Travelers-Reports-Excellent-Second-Quarter-and-Year-to-Date-Results/default.aspx,table[3]/row[9] (zero based); Segment income before income taxes,sources/trv_2025q2_tables.json,,"Segment income before income taxes | 1,010 | 815 | 195 | 1,852 | 1,749 | 103"
TRV,2024-04-01,2024-06-30,2024Q2,2024Q2,quarter,Business Insurance,segment_pretax_income,815.0,USD million,reported,2025-07-17,True,True,trv_2025q2,https://investor.travelers.com/newsroom/press-releases/news-details/2025/Travelers-Reports-Excellent-Second-Quarter-and-Year-to-Date-Results/default.aspx,table[3]/row[9] (zero based); Segment income before income taxes,sources/trv_2025q2_tables.json,,"Segment income before income taxes | 1,010 | 815 | 195 | 1,852 | 1,749 | 103"
TRV,2025-04-01,2025-06-30,2025Q2,2025Q2,quarter,Business Insurance,segment_income_tax,197.0,USD million,reported,2025-07-17,True,True,trv_2025q2,https://investor.travelers.com/newsroom/press-releases/news-details/2025/Travelers-Reports-Excellent-Second-Quarter-and-Year-to-Date-Results/default.aspx,table[3]/row[10] (zero based); Income tax expense,sources/trv_2025q2_tables.json,,Income tax expense | 197 | 159 | 38 | 356 | 329 | 27
TRV,2024-04-01,2024-06-30,2024Q2,2024Q2,quarter,Business Insurance,segment_income_tax,159.0,USD million,reported,2025-07-17,True,True,trv_2025q2,https://investor.travelers.com/newsroom/press-releases/news-details/2025/Travelers-Reports-Excellent-Second-Quarter-and-Year-to-Date-Results/default.aspx,table[3]/row[10] (zero based); Income tax expense,sources/trv_2025q2_tables.json,,Income tax expense | 197 | 159 | 38 | 356 | 329 | 27
TRV,2025-04-01,2025-06-30,2025Q2,2025Q2,quarter,Business Insurance,segment_income_aftertax,813.0,USD million,reported,2025-07-17,True,True,trv_2025q2,https://investor.travelers.com/newsroom/press-releases/news-details/2025/Travelers-Reports-Excellent-Second-Quarter-and-Year-to-Date-Results/default.aspx,table[3]/row[11] (zero based); Segment income,sources/trv_2025q2_tables.json,,"Segment income | $ | 813 | $ | 656 | $ | 157 | $ | 1,496 | $ | 1,420 | $ | 76"
TRV,2024-04-01,2024-06-30,2024Q2,2024Q2,quarter,Business Insurance,segment_income_aftertax,656.0,USD million,reported,2025-07-17,True,True,trv_2025q2,https://investor.travelers.com/newsroom/press-releases/news-details/2025/Travelers-Reports-Excellent-Second-Quarter-and-Year-to-Date-Results/default.aspx,table[3]/row[11] (zero based); Segment income,sources/trv_2025q2_tables.json,,"Segment income | $ | 813 | $ | 656 | $ | 157 | $ | 1,496 | $ | 1,420 | $ | 76"
TRV,2025-04-01,2025-06-30,2025Q2,2025Q2,quarter,Business Insurance,combined_ratio,93.6,percent,reported,2025-07-17,True,True,trv_2025q2,https://investor.travelers.com/newsroom/press-releases/news-details/2025/Travelers-Reports-Excellent-Second-Quarter-and-Year-to-Date-Results/default.aspx,table[3]/row[13] (zero based); Combined ratio,sources/trv_2025q2_tables.json,,Combined ratio | 93.6 | % | 96.1 | % | (2.5 | ) | pts | 94.9 | % | 94.7 | % | 0.2 | pts
TRV,2024-04-01,2024-06-30,2024Q2,2024Q2,quarter,Business Insurance,combined_ratio,96.1,percent,reported,2025-07-17,True,True,trv_2025q2,https://investor.travelers.com/newsroom/press-releases/news-details/2025/Travelers-Reports-Excellent-Second-Quarter-and-Year-to-Date-Results/default.aspx,table[3]/row[13] (zero based); Combined ratio,sources/trv_2025q2_tables.json,,Combined ratio | 93.6 | % | 96.1 | % | (2.5 | ) | pts | 94.9 | % | 94.7 | % | 0.2 | pts
TRV,2025-04-01,2025-06-30,2025Q2,2025Q2,quarter,Business Insurance,underlying_combined_ratio,88.3,percent,reported,2025-07-17,True,True,trv_2025q2,https://investor.travelers.com/newsroom/press-releases/news-details/2025/Travelers-Reports-Excellent-Second-Quarter-and-Year-to-Date-Results/default.aspx,table[3]/row[17] (zero based); Underlying combined ratio,sources/trv_2025q2_tables.json,,Underlying combined ratio | 88.3 | % | 89.2 | % | (0.9 | ) | pts | 88.3 | % | 89.2 | % | (0.9 | ) | pts
TRV,2024-04-01,2024-06-30,2024Q2,2024Q2,quarter,Business Insurance,underlying_combined_ratio,89.2,percent,reported,2025-07-17,True,True,trv_2025q2,https://investor.travelers.com/newsroom/press-releases/news-details/2025/Travelers-Reports-Excellent-Second-Quarter-and-Year-to-Date-Results/default.aspx,table[3]/row[17] (zero based); Underlying combined ratio,sources/trv_2025q2_tables.json,,Underlying combined ratio | 88.3 | % | 89.2 | % | (0.9 | ) | pts | 88.3 | % | 89.2 | % | (0.9 | ) | pts
TRV,2025-04-01,2025-06-30,2025Q2,2025Q2,quarter,Bond & Specialty Insurance,underwriting_gain,196.0,USD million,reported,2025-07-17,True,True,trv_2025q2,https://investor.travelers.com/newsroom/press-releases/news-details/2025/Travelers-Reports-Excellent-Second-Quarter-and-Year-to-Date-Results/default.aspx,table[4]/row[3] (zero based); Underwriting gain:,sources/trv_2025q2_tables.json,,Underwriting gain: | $ | 196 | $ | 115 | $ | 81 | $ | 366 | $ | 259 | $ | 107
TRV,2024-04-01,2024-06-30,2024Q2,2024Q2,quarter,Bond & Specialty Insurance,underwriting_gain,115.0,USD million,reported,2025-07-17,True,True,trv_2025q2,https://investor.travelers.com/newsroom/press-releases/news-details/2025/Travelers-Reports-Excellent-Second-Quarter-and-Year-to-Date-Results/default.aspx,table[4]/row[3] (zero based); Underwriting gain:,sources/trv_2025q2_tables.json,,Underwriting gain: | $ | 196 | $ | 115 | $ | 81 | $ | 366 | $ | 259 | $ | 107
TRV,2025-04-01,2025-06-30,2025Q2,2025Q2,quarter,Bond & Specialty Insurance,favorable_prior_year_development,81.0,USD million,reported,2025-07-17,True,True,trv_2025q2,https://investor.travelers.com/newsroom/press-releases/news-details/2025/Travelers-Reports-Excellent-Second-Quarter-and-Year-to-Date-Results/default.aspx,table[4]/row[5] (zero based); Net favorable prior year reserve development,sources/trv_2025q2_tables.json,,Net favorable prior year reserve development | 81 | 24 | 57 | 148 | 48 | 100
TRV,2024-04-01,2024-06-30,2024Q2,2024Q2,quarter,Bond & Specialty Insurance,favorable_prior_year_development,24.0,USD million,reported,2025-07-17,True,True,trv_2025q2,https://investor.travelers.com/newsroom/press-releases/news-details/2025/Travelers-Reports-Excellent-Second-Quarter-and-Year-to-Date-Results/default.aspx,table[4]/row[5] (zero based); Net favorable prior year reserve development,sources/trv_2025q2_tables.json,,Net favorable prior year reserve development | 81 | 24 | 57 | 148 | 48 | 100
TRV,2025-04-01,2025-06-30,2025Q2,2025Q2,quarter,Bond & Specialty Insurance,catastrophe_losses_signed,-5.0,USD million,reported,2025-07-17,True,True,trv_2025q2,https://investor.travelers.com/newsroom/press-releases/news-details/2025/Travelers-Reports-Excellent-Second-Quarter-and-Year-to-Date-Results/default.aspx,"table[4]/row[6] (zero based); Catastrophes, net of reinsurance",sources/trv_2025q2_tables.json,,"Catastrophes, net of reinsurance | (5 | ) | (40 | ) | 35 | (24 | ) | (45 | ) | 21"
TRV,2024-04-01,2024-06-30,2024Q2,2024Q2,quarter,Bond & Specialty Insurance,catastrophe_losses_signed,-40.0,USD million,reported,2025-07-17,True,True,trv_2025q2,https://investor.travelers.com/newsroom/press-releases/news-details/2025/Travelers-Reports-Excellent-Second-Quarter-and-Year-to-Date-Results/default.aspx,"table[4]/row[6] (zero based); Catastrophes, net of reinsurance",sources/trv_2025q2_tables.json,,"Catastrophes, net of reinsurance | (5 | ) | (40 | ) | 35 | (24 | ) | (45 | ) | 21"
TRV,2025-04-01,2025-06-30,2025Q2,2025Q2,quarter,Bond & Specialty Insurance,investment_income_pretax,107.0,USD million,reported,2025-07-17,True,True,trv_2025q2,https://investor.travelers.com/newsroom/press-releases/news-details/2025/Travelers-Reports-Excellent-Second-Quarter-and-Year-to-Date-Results/default.aspx,table[4]/row[7] (zero based); Net investment income,sources/trv_2025q2_tables.json,,Net investment income | 107 | 94 | 13 | 209 | 184 | 25
TRV,2024-04-01,2024-06-30,2024Q2,2024Q2,quarter,Bond & Specialty Insurance,investment_income_pretax,94.0,USD million,reported,2025-07-17,True,True,trv_2025q2,https://investor.travelers.com/newsroom/press-releases/news-details/2025/Travelers-Reports-Excellent-Second-Quarter-and-Year-to-Date-Results/default.aspx,table[4]/row[7] (zero based); Net investment income,sources/trv_2025q2_tables.json,,Net investment income | 107 | 94 | 13 | 209 | 184 | 25
TRV,2025-04-01,2025-06-30,2025Q2,2025Q2,quarter,Bond & Specialty Insurance,segment_pretax_income,306.0,USD million,reported,2025-07-17,True,True,trv_2025q2,https://investor.travelers.com/newsroom/press-releases/news-details/2025/Travelers-Reports-Excellent-Second-Quarter-and-Year-to-Date-Results/default.aspx,table[4]/row[9] (zero based); Segment income before income taxes,sources/trv_2025q2_tables.json,,Segment income before income taxes | 306 | 214 | 92 | 583 | 454 | 129
TRV,2024-04-01,2024-06-30,2024Q2,2024Q2,quarter,Bond & Specialty Insurance,segment_pretax_income,214.0,USD million,reported,2025-07-17,True,True,trv_2025q2,https://investor.travelers.com/newsroom/press-releases/news-details/2025/Travelers-Reports-Excellent-Second-Quarter-and-Year-to-Date-Results/default.aspx,table[4]/row[9] (zero based); Segment income before income taxes,sources/trv_2025q2_tables.json,,Segment income before income taxes | 306 | 214 | 92 | 583 | 454 | 129
TRV,2025-04-01,2025-06-30,2025Q2,2025Q2,quarter,Bond & Specialty Insurance,segment_income_tax,62.0,USD million,reported,2025-07-17,True,True,trv_2025q2,https://investor.travelers.com/newsroom/press-releases/news-details/2025/Travelers-Reports-Excellent-Second-Quarter-and-Year-to-Date-Results/default.aspx,table[4]/row[10] (zero based); Income tax expense,sources/trv_2025q2_tables.json,,Income tax expense | 62 | 44 | 18 | 119 | 89 | 30
TRV,2024-04-01,2024-06-30,2024Q2,2024Q2,quarter,Bond & Specialty Insurance,segment_income_tax,44.0,USD million,reported,2025-07-17,True,True,trv_2025q2,https://investor.travelers.com/newsroom/press-releases/news-details/2025/Travelers-Reports-Excellent-Second-Quarter-and-Year-to-Date-Results/default.aspx,table[4]/row[10] (zero based); Income tax expense,sources/trv_2025q2_tables.json,,Income tax expense | 62 | 44 | 18 | 119 | 89 | 30
TRV,2025-04-01,2025-06-30,2025Q2,2025Q2,quarter,Bond & Specialty Insurance,segment_income_aftertax,244.0,USD million,reported,2025-07-17,True,True,trv_2025q2,https://investor.travelers.com/newsroom/press-releases/news-details/2025/Travelers-Reports-Excellent-Second-Quarter-and-Year-to-Date-Results/default.aspx,table[4]/row[11] (zero based); Segment income,sources/trv_2025q2_tables.json,,Segment income | $ | 244 | $ | 170 | $ | 74 | $ | 464 | $ | 365 | $ | 99
TRV,2024-04-01,2024-06-30,2024Q2,2024Q2,quarter,Bond & Specialty Insurance,segment_income_aftertax,170.0,USD million,reported,2025-07-17,True,True,trv_2025q2,https://investor.travelers.com/newsroom/press-releases/news-details/2025/Travelers-Reports-Excellent-Second-Quarter-and-Year-to-Date-Results/default.aspx,table[4]/row[11] (zero based); Segment income,sources/trv_2025q2_tables.json,,Segment income | $ | 244 | $ | 170 | $ | 74 | $ | 464 | $ | 365 | $ | 99
TRV,2025-04-01,2025-06-30,2025Q2,2025Q2,quarter,Bond & Specialty Insurance,combined_ratio,80.3,percent,reported,2025-07-17,True,True,trv_2025q2,https://investor.travelers.com/newsroom/press-releases/news-details/2025/Travelers-Reports-Excellent-Second-Quarter-and-Year-to-Date-Results/default.aspx,table[4]/row[13] (zero based); Combined ratio,sources/trv_2025q2_tables.json,,Combined ratio | 80.3 | % | 87.7 | % | (7.4 | ) | pts | 81.4 | % | 86.1 | % | (4.7 | ) | pts
TRV,2024-04-01,2024-06-30,2024Q2,2024Q2,quarter,Bond & Specialty Insurance,combined_ratio,87.7,percent,reported,2025-07-17,True,True,trv_2025q2,https://investor.travelers.com/newsroom/press-releases/news-details/2025/Travelers-Reports-Excellent-Second-Quarter-and-Year-to-Date-Results/default.aspx,table[4]/row[13] (zero based); Combined ratio,sources/trv_2025q2_tables.json,,Combined ratio | 80.3 | % | 87.7 | % | (7.4 | ) | pts | 81.4 | % | 86.1 | % | (4.7 | ) | pts
TRV,2025-04-01,2025-06-30,2025Q2,2025Q2,quarter,Bond & Specialty Insurance,underlying_combined_ratio,87.8,percent,reported,2025-07-17,True,True,trv_2025q2,https://investor.travelers.com/newsroom/press-releases/news-details/2025/Travelers-Reports-Excellent-Second-Quarter-and-Year-to-Date-Results/default.aspx,table[4]/row[17] (zero based); Underlying combined ratio,sources/trv_2025q2_tables.json,,Underlying combined ratio | 87.8 | % | 86.1 | % | 1.7 | pts | 87.5 | % | 86.3 | % | 1.2 | pts
TRV,2024-04-01,2024-06-30,2024Q2,2024Q2,quarter,Bond & Specialty Insurance,underlying_combined_ratio,86.1,percent,reported,2025-07-17,True,True,trv_2025q2,https://investor.travelers.com/newsroom/press-releases/news-details/2025/Travelers-Reports-Excellent-Second-Quarter-and-Year-to-Date-Results/default.aspx,table[4]/row[17] (zero based); Underlying combined ratio,sources/trv_2025q2_tables.json,,Underlying combined ratio | 87.8 | % | 86.1 | % | 1.7 | pts | 87.5 | % | 86.3 | % | 1.2 | pts
TRV,2025-04-01,2025-06-30,2025Q2,2025Q2,quarter,Personal Insurance,underwriting_gain,480.0,USD million,reported,2025-07-17,True,True,trv_2025q2,https://investor.travelers.com/newsroom/press-releases/news-details/2025/Travelers-Reports-Excellent-Second-Quarter-and-Year-to-Date-Results/default.aspx,table[5]/row[3] (zero based); Underwriting gain (loss):,sources/trv_2025q2_tables.json,,Underwriting gain (loss): | $ | 480 | $ | (373 | ) | $ | 853 | $ | (190 | ) | $ | (274 | ) | $ | 84
TRV,2024-04-01,2024-06-30,2024Q2,2024Q2,quarter,Personal Insurance,underwriting_gain,-373.0,USD million,reported,2025-07-17,True,True,trv_2025q2,https://investor.travelers.com/newsroom/press-releases/news-details/2025/Travelers-Reports-Excellent-Second-Quarter-and-Year-to-Date-Results/default.aspx,table[5]/row[3] (zero based); Underwriting gain (loss):,sources/trv_2025q2_tables.json,,Underwriting gain (loss): | $ | 480 | $ | (373 | ) | $ | 853 | $ | (190 | ) | $ | (274 | ) | $ | 84
TRV,2025-04-01,2025-06-30,2025Q2,2025Q2,quarter,Personal Insurance,favorable_prior_year_development,155.0,USD million,reported,2025-07-17,True,True,trv_2025q2,https://investor.travelers.com/newsroom/press-releases/news-details/2025/Travelers-Reports-Excellent-Second-Quarter-and-Year-to-Date-Results/default.aspx,table[5]/row[5] (zero based); Net favorable prior year reserve development,sources/trv_2025q2_tables.json,,Net favorable prior year reserve development | 155 | 172 | (17 | ) | 392 | 239 | 153
TRV,2024-04-01,2024-06-30,2024Q2,2024Q2,quarter,Personal Insurance,favorable_prior_year_development,172.0,USD million,reported,2025-07-17,True,True,trv_2025q2,https://investor.travelers.com/newsroom/press-releases/news-details/2025/Travelers-Reports-Excellent-Second-Quarter-and-Year-to-Date-Results/default.aspx,table[5]/row[5] (zero based); Net favorable prior year reserve development,sources/trv_2025q2_tables.json,,Net favorable prior year reserve development | 155 | 172 | (17 | ) | 392 | 239 | 153
TRV,2025-04-01,2025-06-30,2025Q2,2025Q2,quarter,Personal Insurance,catastrophe_losses_signed,-554.0,USD million,reported,2025-07-17,True,True,trv_2025q2,https://investor.travelers.com/newsroom/press-releases/news-details/2025/Travelers-Reports-Excellent-Second-Quarter-and-Year-to-Date-Results/default.aspx,"table[5]/row[6] (zero based); Catastrophes, net of reinsurance",sources/trv_2025q2_tables.json,,"Catastrophes, net of reinsurance | (554 | ) | (1,080 | ) | 526 | (2,292 | ) | (1,578 | ) | (714 | )"
TRV,2024-04-01,2024-06-30,2024Q2,2024Q2,quarter,Personal Insurance,catastrophe_losses_signed,-1080.0,USD million,reported,2025-07-17,True,True,trv_2025q2,https://investor.travelers.com/newsroom/press-releases/news-details/2025/Travelers-Reports-Excellent-Second-Quarter-and-Year-to-Date-Results/default.aspx,"table[5]/row[6] (zero based); Catastrophes, net of reinsurance",sources/trv_2025q2_tables.json,,"Catastrophes, net of reinsurance | (554 | ) | (1,080 | ) | 526 | (2,292 | ) | (1,578 | ) | (714 | )"
TRV,2025-04-01,2025-06-30,2025Q2,2025Q2,quarter,Personal Insurance,investment_income_pretax,173.0,USD million,reported,2025-07-17,True,True,trv_2025q2,https://investor.travelers.com/newsroom/press-releases/news-details/2025/Travelers-Reports-Excellent-Second-Quarter-and-Year-to-Date-Results/default.aspx,table[5]/row[7] (zero based); Net investment income,sources/trv_2025q2_tables.json,,Net investment income | 173 | 159 | 14 | 345 | 306 | 39
TRV,2024-04-01,2024-06-30,2024Q2,2024Q2,quarter,Personal Insurance,investment_income_pretax,159.0,USD million,reported,2025-07-17,True,True,trv_2025q2,https://investor.travelers.com/newsroom/press-releases/news-details/2025/Travelers-Reports-Excellent-Second-Quarter-and-Year-to-Date-Results/default.aspx,table[5]/row[7] (zero based); Net investment income,sources/trv_2025q2_tables.json,,Net investment income | 173 | 159 | 14 | 345 | 306 | 39
TRV,2025-04-01,2025-06-30,2025Q2,2025Q2,quarter,Personal Insurance,segment_income_aftertax,534.0,USD million,reported,2025-07-17,True,True,trv_2025q2,https://investor.travelers.com/newsroom/press-releases/news-details/2025/Travelers-Reports-Excellent-Second-Quarter-and-Year-to-Date-Results/default.aspx,table[5]/row[11] (zero based); Segment income (loss),sources/trv_2025q2_tables.json,,Segment income (loss) | $ | 534 | $ | (153 | ) | $ | 687 | $ | 160 | $ | 67 | $ | 93
TRV,2024-04-01,2024-06-30,2024Q2,2024Q2,quarter,Personal Insurance,segment_income_aftertax,-153.0,USD million,reported,2025-07-17,True,True,trv_2025q2,https://investor.travelers.com/newsroom/press-releases/news-details/2025/Travelers-Reports-Excellent-Second-Quarter-and-Year-to-Date-Results/default.aspx,table[5]/row[11] (zero based); Segment income (loss),sources/trv_2025q2_tables.json,,Segment income (loss) | $ | 534 | $ | (153 | ) | $ | 687 | $ | 160 | $ | 67 | $ | 93
TRV,2025-04-01,2025-06-30,2025Q2,2025Q2,quarter,Personal Insurance,combined_ratio,88.4,percent,reported,2025-07-17,True,True,trv_2025q2,https://investor.travelers.com/newsroom/press-releases/news-details/2025/Travelers-Reports-Excellent-Second-Quarter-and-Year-to-Date-Results/default.aspx,table[5]/row[13] (zero based); Combined ratio,sources/trv_2025q2_tables.json,,Combined ratio | 88.4 | % | 108.5 | % | (20.1 | ) | pts | 101.7 | % | 102.8 | % | (1.1 | ) | pts
TRV,2024-04-01,2024-06-30,2024Q2,2024Q2,quarter,Personal Insurance,combined_ratio,108.5,percent,reported,2025-07-17,True,True,trv_2025q2,https://investor.travelers.com/newsroom/press-releases/news-details/2025/Travelers-Reports-Excellent-Second-Quarter-and-Year-to-Date-Results/default.aspx,table[5]/row[13] (zero based); Combined ratio,sources/trv_2025q2_tables.json,,Combined ratio | 88.4 | % | 108.5 | % | (20.1 | ) | pts | 101.7 | % | 102.8 | % | (1.1 | ) | pts
TRV,2025-04-01,2025-06-30,2025Q2,2025Q2,quarter,Personal Insurance,underlying_combined_ratio,79.3,percent,reported,2025-07-17,True,True,trv_2025q2,https://investor.travelers.com/newsroom/press-releases/news-details/2025/Travelers-Reports-Excellent-Second-Quarter-and-Year-to-Date-Results/default.aspx,table[5]/row[17] (zero based); Underlying combined ratio,sources/trv_2025q2_tables.json,,Underlying combined ratio | 79.3 | % | 86.3 | % | (7.0 | ) | pts | 79.6 | % | 86.2 | % | (6.6 | ) | pts
TRV,2024-04-01,2024-06-30,2024Q2,2024Q2,quarter,Personal Insurance,underlying_combined_ratio,86.3,percent,reported,2025-07-17,True,True,trv_2025q2,https://investor.travelers.com/newsroom/press-releases/news-details/2025/Travelers-Reports-Excellent-Second-Quarter-and-Year-to-Date-Results/default.aspx,table[5]/row[17] (zero based); Underlying combined ratio,sources/trv_2025q2_tables.json,,Underlying combined ratio | 79.3 | % | 86.3 | % | (7.0 | ) | pts | 79.6 | % | 86.2 | % | (6.6 | ) | pts
TRV,2025-04-01,2025-06-30,2025Q2,2025Q2,quarter,Consolidated,claims_expenses,6789.0,USD million,reported,2025-07-17,True,True,trv_2025q2,https://investor.travelers.com/newsroom/press-releases/news-details/2025/Travelers-Reports-Excellent-Second-Quarter-and-Year-to-Date-Results/default.aspx,table[18]/row[4] (zero based); Claims and claim adjustment expenses,sources/trv_2025q2_tables.json,,"Claims and claim adjustment expenses | $ | 6,789 | $ | 7,373 | $ | 14,795 | $ | 14,029"
TRV,2024-04-01,2024-06-30,2024Q2,2024Q2,quarter,Consolidated,claims_expenses,7373.0,USD million,reported,2025-07-17,True,True,trv_2025q2,https://investor.travelers.com/newsroom/press-releases/news-details/2025/Travelers-Reports-Excellent-Second-Quarter-and-Year-to-Date-Results/default.aspx,table[18]/row[4] (zero based); Claims and claim adjustment expenses,sources/trv_2025q2_tables.json,,"Claims and claim adjustment expenses | $ | 6,789 | $ | 7,373 | $ | 14,795 | $ | 14,029"
TRV,2025-04-01,2025-06-30,2025Q2,2025Q2,quarter,Consolidated,policyholder_dividends,10.0,USD million,reported,2025-07-17,True,True,trv_2025q2,https://investor.travelers.com/newsroom/press-releases/news-details/2025/Travelers-Reports-Excellent-Second-Quarter-and-Year-to-Date-Results/default.aspx,table[18]/row[6] (zero based); Policyholder dividends,sources/trv_2025q2_tables.json,,Policyholder dividends | 10 | 12 | 23 | 24
TRV,2024-04-01,2024-06-30,2024Q2,2024Q2,quarter,Consolidated,policyholder_dividends,12.0,USD million,reported,2025-07-17,True,True,trv_2025q2,https://investor.travelers.com/newsroom/press-releases/news-details/2025/Travelers-Reports-Excellent-Second-Quarter-and-Year-to-Date-Results/default.aspx,table[18]/row[6] (zero based); Policyholder dividends,sources/trv_2025q2_tables.json,,Policyholder dividends | 10 | 12 | 23 | 24
TRV,2025-04-01,2025-06-30,2025Q2,2025Q2,quarter,Consolidated,loss_allocated_fee_income,45.0,USD million,reported,2025-07-17,True,True,trv_2025q2,https://investor.travelers.com/newsroom/press-releases/news-details/2025/Travelers-Reports-Excellent-Second-Quarter-and-Year-to-Date-Results/default.aspx,table[18]/row[7] (zero based); Allocated fee income,sources/trv_2025q2_tables.json,,Allocated fee income | 45 | 42 | 90 | 81
TRV,2024-04-01,2024-06-30,2024Q2,2024Q2,quarter,Consolidated,loss_allocated_fee_income,42.0,USD million,reported,2025-07-17,True,True,trv_2025q2,https://investor.travelers.com/newsroom/press-releases/news-details/2025/Travelers-Reports-Excellent-Second-Quarter-and-Year-to-Date-Results/default.aspx,table[18]/row[7] (zero based); Allocated fee income,sources/trv_2025q2_tables.json,,Allocated fee income | 45 | 42 | 90 | 81
TRV,2025-04-01,2025-06-30,2025Q2,2025Q2,quarter,Consolidated,loss_ratio_numerator,6734.0,USD million,reported,2025-07-17,True,True,trv_2025q2,https://investor.travelers.com/newsroom/press-releases/news-details/2025/Travelers-Reports-Excellent-Second-Quarter-and-Year-to-Date-Results/default.aspx,table[18]/row[8] (zero based); Loss ratio numerator,sources/trv_2025q2_tables.json,,"Loss ratio numerator | $ | 6,734 | $ | 7,319 | $ | 14,682 | $ | 13,924"
TRV,2024-04-01,2024-06-30,2024Q2,2024Q2,quarter,Consolidated,loss_ratio_numerator,7319.0,USD million,reported,2025-07-17,True,True,trv_2025q2,https://investor.travelers.com/newsroom/press-releases/news-details/2025/Travelers-Reports-Excellent-Second-Quarter-and-Year-to-Date-Results/default.aspx,table[18]/row[8] (zero based); Loss ratio numerator,sources/trv_2025q2_tables.json,,"Loss ratio numerator | $ | 6,734 | $ | 7,319 | $ | 14,682 | $ | 13,924"
TRV,2025-04-01,2025-06-30,2025Q2,2025Q2,quarter,Consolidated,deferred_acquisition_amortization,1802.0,USD million,reported,2025-07-17,True,True,trv_2025q2,https://investor.travelers.com/newsroom/press-releases/news-details/2025/Travelers-Reports-Excellent-Second-Quarter-and-Year-to-Date-Results/default.aspx,table[18]/row[10] (zero based); Amortization of deferred acquisition costs,sources/trv_2025q2_tables.json,,"Amortization of deferred acquisition costs | $ | 1,802 | $ | 1,678 | $ | 3,580 | $ | 3,376"
TRV,2024-04-01,2024-06-30,2024Q2,2024Q2,quarter,Consolidated,deferred_acquisition_amortization,1678.0,USD million,reported,2025-07-17,True,True,trv_2025q2,https://investor.travelers.com/newsroom/press-releases/news-details/2025/Travelers-Reports-Excellent-Second-Quarter-and-Year-to-Date-Results/default.aspx,table[18]/row[10] (zero based); Amortization of deferred acquisition costs,sources/trv_2025q2_tables.json,,"Amortization of deferred acquisition costs | $ | 1,802 | $ | 1,678 | $ | 3,580 | $ | 3,376"
TRV,2025-04-01,2025-06-30,2025Q2,2025Q2,quarter,Consolidated,general_admin_expenses,1545.0,USD million,reported,2025-07-17,True,True,trv_2025q2,https://investor.travelers.com/newsroom/press-releases/news-details/2025/Travelers-Reports-Excellent-Second-Quarter-and-Year-to-Date-Results/default.aspx,table[18]/row[11] (zero based); General and administrative expenses (G&A),sources/trv_2025q2_tables.json,,"General and administrative expenses (G&A) | 1,545 | 1,478 | 3,004 | 2,884"
TRV,2024-04-01,2024-06-30,2024Q2,2024Q2,quarter,Consolidated,general_admin_expenses,1478.0,USD million,reported,2025-07-17,True,True,trv_2025q2,https://investor.travelers.com/newsroom/press-releases/news-details/2025/Travelers-Reports-Excellent-Second-Quarter-and-Year-to-Date-Results/default.aspx,table[18]/row[11] (zero based); General and administrative expenses (G&A),sources/trv_2025q2_tables.json,,"General and administrative expenses (G&A) | 1,545 | 1,478 | 3,004 | 2,884"
TRV,2025-04-01,2025-06-30,2025Q2,2025Q2,quarter,Consolidated,noninsurance_general_admin,113.0,USD million,reported,2025-07-17,True,True,trv_2025q2,https://investor.travelers.com/newsroom/press-releases/news-details/2025/Travelers-Reports-Excellent-Second-Quarter-and-Year-to-Date-Results/default.aspx,table[18]/row[13] (zero based); Non-insurance G&A,sources/trv_2025q2_tables.json,,Non-insurance G&A | 113 | 106 | 222 | 208
TRV,2024-04-01,2024-06-30,2024Q2,2024Q2,quarter,Consolidated,noninsurance_general_admin,106.0,USD million,reported,2025-07-17,True,True,trv_2025q2,https://investor.travelers.com/newsroom/press-releases/news-details/2025/Travelers-Reports-Excellent-Second-Quarter-and-Year-to-Date-Results/default.aspx,table[18]/row[13] (zero based); Non-insurance G&A,sources/trv_2025q2_tables.json,,Non-insurance G&A | 113 | 106 | 222 | 208
TRV,2025-04-01,2025-06-30,2025Q2,2025Q2,quarter,Consolidated,expense_allocated_fee_income,79.0,USD million,reported,2025-07-17,True,True,trv_2025q2,https://investor.travelers.com/newsroom/press-releases/news-details/2025/Travelers-Reports-Excellent-Second-Quarter-and-Year-to-Date-Results/default.aspx,table[18]/row[14] (zero based); Allocated fee income,sources/trv_2025q2_tables.json,,Allocated fee income | 79 | 73 | 153 | 143
TRV,2024-04-01,2024-06-30,2024Q2,2024Q2,quarter,Consolidated,expense_allocated_fee_income,73.0,USD million,reported,2025-07-17,True,True,trv_2025q2,https://investor.travelers.com/newsroom/press-releases/news-details/2025/Travelers-Reports-Excellent-Second-Quarter-and-Year-to-Date-Results/default.aspx,table[18]/row[14] (zero based); Allocated fee income,sources/trv_2025q2_tables.json,,Allocated fee income | 79 | 73 | 153 | 143
TRV,2025-04-01,2025-06-30,2025Q2,2025Q2,quarter,Consolidated,billing_policy_fees,29.0,USD million,reported,2025-07-17,True,True,trv_2025q2,https://investor.travelers.com/newsroom/press-releases/news-details/2025/Travelers-Reports-Excellent-Second-Quarter-and-Year-to-Date-Results/default.aspx,table[18]/row[15] (zero based); Billing and policy fees and other,sources/trv_2025q2_tables.json,,Billing and policy fees and other | 29 | 30 | 57 | 60
TRV,2024-04-01,2024-06-30,2024Q2,2024Q2,quarter,Consolidated,billing_policy_fees,30.0,USD million,reported,2025-07-17,True,True,trv_2025q2,https://investor.travelers.com/newsroom/press-releases/news-details/2025/Travelers-Reports-Excellent-Second-Quarter-and-Year-to-Date-Results/default.aspx,table[18]/row[15] (zero based); Billing and policy fees and other,sources/trv_2025q2_tables.json,,Billing and policy fees and other | 29 | 30 | 57 | 60
TRV,2025-04-01,2025-06-30,2025Q2,2025Q2,quarter,Consolidated,expense_ratio_numerator,3126.0,USD million,reported,2025-07-17,True,True,trv_2025q2,https://investor.travelers.com/newsroom/press-releases/news-details/2025/Travelers-Reports-Excellent-Second-Quarter-and-Year-to-Date-Results/default.aspx,table[18]/row[16] (zero based); Expense ratio numerator,sources/trv_2025q2_tables.json,,"Expense ratio numerator | $ | 3,126 | $ | 2,947 | $ | 6,152 | $ | 5,849"
TRV,2024-04-01,2024-06-30,2024Q2,2024Q2,quarter,Consolidated,expense_ratio_numerator,2947.0,USD million,reported,2025-07-17,True,True,trv_2025q2,https://investor.travelers.com/newsroom/press-releases/news-details/2025/Travelers-Reports-Excellent-Second-Quarter-and-Year-to-Date-Results/default.aspx,table[18]/row[16] (zero based); Expense ratio numerator,sources/trv_2025q2_tables.json,,"Expense ratio numerator | $ | 3,126 | $ | 2,947 | $ | 6,152 | $ | 5,849"
TRV,2025-04-01,2025-06-30,2025Q2,2025Q2,quarter,Consolidated,net_earned_premiums,10921.0,USD million,reported,2025-07-17,True,True,trv_2025q2,https://investor.travelers.com/newsroom/press-releases/news-details/2025/Travelers-Reports-Excellent-Second-Quarter-and-Year-to-Date-Results/default.aspx,table[18]/row[17] (zero based); Earned premium,sources/trv_2025q2_tables.json,,"Earned premium | $ | 10,921 | $ | 10,243 | $ | 21,631 | $ | 20,369"
TRV,2024-04-01,2024-06-30,2024Q2,2024Q2,quarter,Consolidated,net_earned_premiums,10243.0,USD million,reported,2025-07-17,True,True,trv_2025q2,https://investor.travelers.com/newsroom/press-releases/news-details/2025/Travelers-Reports-Excellent-Second-Quarter-and-Year-to-Date-Results/default.aspx,table[18]/row[17] (zero based); Earned premium,sources/trv_2025q2_tables.json,,"Earned premium | $ | 10,921 | $ | 10,243 | $ | 21,631 | $ | 20,369"
TRV,2025-04-01,2025-06-30,2025Q2,2025Q2,quarter,Consolidated,loss_ratio,61.7,percent,reported,2025-07-17,True,True,trv_2025q2,https://investor.travelers.com/newsroom/press-releases/news-details/2025/Travelers-Reports-Excellent-Second-Quarter-and-Year-to-Date-Results/default.aspx,table[18]/row[19] (zero based); Loss and loss adjustment expense ratio,sources/trv_2025q2_tables.json,,Loss and loss adjustment expense ratio | 61.7 | % | 71.4 | % | 67.9 | % | 68.4 | %
TRV,2024-04-01,2024-06-30,2024Q2,2024Q2,quarter,Consolidated,loss_ratio,71.4,percent,reported,2025-07-17,True,True,trv_2025q2,https://investor.travelers.com/newsroom/press-releases/news-details/2025/Travelers-Reports-Excellent-Second-Quarter-and-Year-to-Date-Results/default.aspx,table[18]/row[19] (zero based); Loss and loss adjustment expense ratio,sources/trv_2025q2_tables.json,,Loss and loss adjustment expense ratio | 61.7 | % | 71.4 | % | 67.9 | % | 68.4 | %
TRV,2025-04-01,2025-06-30,2025Q2,2025Q2,quarter,Consolidated,expense_ratio,28.6,percent,reported,2025-07-17,True,True,trv_2025q2,https://investor.travelers.com/newsroom/press-releases/news-details/2025/Travelers-Reports-Excellent-Second-Quarter-and-Year-to-Date-Results/default.aspx,table[18]/row[20] (zero based); Underwriting expense ratio,sources/trv_2025q2_tables.json,,Underwriting expense ratio | 28.6 | % | 28.8 | % | 28.4 | % | 28.7 | %
TRV,2024-04-01,2024-06-30,2024Q2,2024Q2,quarter,Consolidated,expense_ratio,28.8,percent,reported,2025-07-17,True,True,trv_2025q2,https://investor.travelers.com/newsroom/press-releases/news-details/2025/Travelers-Reports-Excellent-Second-Quarter-and-Year-to-Date-Results/default.aspx,table[18]/row[20] (zero based); Underwriting expense ratio,sources/trv_2025q2_tables.json,,Underwriting expense ratio | 28.6 | % | 28.8 | % | 28.4 | % | 28.7 | %
TRV,,2025-06-30,2025Q2,2025Q2,instant,Consolidated,total_debt,8034.0,USD million,reported,2025-07-17,True,True,trv_2025q2,https://investor.travelers.com/newsroom/press-releases/news-details/2025/Travelers-Reports-Excellent-Second-Quarter-and-Year-to-Date-Results/default.aspx,table[20]/row[2] (zero based); Debt,sources/trv_2025q2_tables.json,,"Debt | $ | 8,034 | $ | 8,033"
TRV,,2025-06-30,2025Q2,2025Q2,instant,Consolidated,equity,29518.0,USD million,reported,2025-07-17,True,True,trv_2025q2,https://investor.travelers.com/newsroom/press-releases/news-details/2025/Travelers-Reports-Excellent-Second-Quarter-and-Year-to-Date-Results/default.aspx,table[20]/row[3] (zero based); Shareholders’ equity,sources/trv_2025q2_tables.json,,"Shareholders’ equity | 29,518 | 27,864"
PG,2025-04-01,2025-06-30,2025Q2,FY2025Q4,quarter,Beauty,volume_growth,1.0,percent,reported,2025-07-29,True,True,pg_2025q4,https://www.pginvestor.com/news/news-details/2025/PG-Announces-Fourth-Quarter-and-Fiscal-Year-2025-Results/default.aspx,table[1]/row[2] (zero based); Beauty,sources/pg_2025q4_tables.json,Approximate contribution/growth percentages as reported; not unit counts or absolute prices.,Beauty | 1% | (1)% | 1% | (1)% | —% | —% | 1% | 1%
PG,2025-04-01,2025-06-30,2025Q2,FY2025Q4,quarter,Beauty,fx_sales_impact,-1.0,percent,reported,2025-07-29,True,True,pg_2025q4,https://www.pginvestor.com/news/news-details/2025/PG-Announces-Fourth-Quarter-and-Fiscal-Year-2025-Results/default.aspx,table[1]/row[2] (zero based); Beauty,sources/pg_2025q4_tables.json,Approximate contribution/growth percentages as reported; not unit counts or absolute prices.,Beauty | 1% | (1)% | 1% | (1)% | —% | —% | 1% | 1%
PG,2025-04-01,2025-06-30,2025Q2,FY2025Q4,quarter,Beauty,price_sales_impact,1.0,percent,reported,2025-07-29,True,True,pg_2025q4,https://www.pginvestor.com/news/news-details/2025/PG-Announces-Fourth-Quarter-and-Fiscal-Year-2025-Results/default.aspx,table[1]/row[2] (zero based); Beauty,sources/pg_2025q4_tables.json,Approximate contribution/growth percentages as reported; not unit counts or absolute prices.,Beauty | 1% | (1)% | 1% | (1)% | —% | —% | 1% | 1%
PG,2025-04-01,2025-06-30,2025Q2,FY2025Q4,quarter,Beauty,mix_sales_impact,-1.0,percent,reported,2025-07-29,True,True,pg_2025q4,https://www.pginvestor.com/news/news-details/2025/PG-Announces-Fourth-Quarter-and-Fiscal-Year-2025-Results/default.aspx,table[1]/row[2] (zero based); Beauty,sources/pg_2025q4_tables.json,Approximate contribution/growth percentages as reported; not unit counts or absolute prices.,Beauty | 1% | (1)% | 1% | (1)% | —% | —% | 1% | 1%
PG,2025-04-01,2025-06-30,2025Q2,FY2025Q4,quarter,Beauty,other_sales_impact,0.0,percent,reported,2025-07-29,True,True,pg_2025q4,https://www.pginvestor.com/news/news-details/2025/PG-Announces-Fourth-Quarter-and-Fiscal-Year-2025-Results/default.aspx,table[1]/row[2] (zero based); Beauty,sources/pg_2025q4_tables.json,Approximate contribution/growth percentages as reported; not unit counts or absolute prices.,Beauty | 1% | (1)% | 1% | (1)% | —% | —% | 1% | 1%
PG,2025-04-01,2025-06-30,2025Q2,FY2025Q4,quarter,Beauty,sales_growth,0.0,percent,reported,2025-07-29,True,True,pg_2025q4,https://www.pginvestor.com/news/news-details/2025/PG-Announces-Fourth-Quarter-and-Fiscal-Year-2025-Results/default.aspx,table[1]/row[2] (zero based); Beauty,sources/pg_2025q4_tables.json,Approximate contribution/growth percentages as reported; not unit counts or absolute prices.,Beauty | 1% | (1)% | 1% | (1)% | —% | —% | 1% | 1%
PG,2025-04-01,2025-06-30,2025Q2,FY2025Q4,quarter,Beauty,organic_volume_growth,1.0,percent,reported,2025-07-29,True,True,pg_2025q4,https://www.pginvestor.com/news/news-details/2025/PG-Announces-Fourth-Quarter-and-Fiscal-Year-2025-Results/default.aspx,table[1]/row[2] (zero based); Beauty,sources/pg_2025q4_tables.json,Approximate contribution/growth percentages as reported; not unit counts or absolute prices.,Beauty | 1% | (1)% | 1% | (1)% | —% | —% | 1% | 1%
PG,2025-04-01,2025-06-30,2025Q2,FY2025Q4,quarter,Beauty,organic_sales_growth,1.0,percent,reported,2025-07-29,True,True,pg_2025q4,https://www.pginvestor.com/news/news-details/2025/PG-Announces-Fourth-Quarter-and-Fiscal-Year-2025-Results/default.aspx,table[1]/row[2] (zero based); Beauty,sources/pg_2025q4_tables.json,Approximate contribution/growth percentages as reported; not unit counts or absolute prices.,Beauty | 1% | (1)% | 1% | (1)% | —% | —% | 1% | 1%
PG,2025-04-01,2025-06-30,2025Q2,FY2025Q4,quarter,Grooming,volume_growth,0.0,percent,reported,2025-07-29,True,True,pg_2025q4,https://www.pginvestor.com/news/news-details/2025/PG-Announces-Fourth-Quarter-and-Fiscal-Year-2025-Results/default.aspx,table[1]/row[3] (zero based); Grooming,sources/pg_2025q4_tables.json,Approximate contribution/growth percentages as reported; not unit counts or absolute prices.,Grooming | —% | —% | 4% | (1)% | (1)% | 2% | (1)% | 1%
PG,2025-04-01,2025-06-30,2025Q2,FY2025Q4,quarter,Grooming,fx_sales_impact,0.0,percent,reported,2025-07-29,True,True,pg_2025q4,https://www.pginvestor.com/news/news-details/2025/PG-Announces-Fourth-Quarter-and-Fiscal-Year-2025-Results/default.aspx,table[1]/row[3] (zero based); Grooming,sources/pg_2025q4_tables.json,Approximate contribution/growth percentages as reported; not unit counts or absolute prices.,Grooming | —% | —% | 4% | (1)% | (1)% | 2% | (1)% | 1%
PG,2025-04-01,2025-06-30,2025Q2,FY2025Q4,quarter,Grooming,price_sales_impact,4.0,percent,reported,2025-07-29,True,True,pg_2025q4,https://www.pginvestor.com/news/news-details/2025/PG-Announces-Fourth-Quarter-and-Fiscal-Year-2025-Results/default.aspx,table[1]/row[3] (zero based); Grooming,sources/pg_2025q4_tables.json,Approximate contribution/growth percentages as reported; not unit counts or absolute prices.,Grooming | —% | —% | 4% | (1)% | (1)% | 2% | (1)% | 1%
PG,2025-04-01,2025-06-30,2025Q2,FY2025Q4,quarter,Grooming,mix_sales_impact,-1.0,percent,reported,2025-07-29,True,True,pg_2025q4,https://www.pginvestor.com/news/news-details/2025/PG-Announces-Fourth-Quarter-and-Fiscal-Year-2025-Results/default.aspx,table[1]/row[3] (zero based); Grooming,sources/pg_2025q4_tables.json,Approximate contribution/growth percentages as reported; not unit counts or absolute prices.,Grooming | —% | —% | 4% | (1)% | (1)% | 2% | (1)% | 1%
PG,2025-04-01,2025-06-30,2025Q2,FY2025Q4,quarter,Grooming,other_sales_impact,-1.0,percent,reported,2025-07-29,True,True,pg_2025q4,https://www.pginvestor.com/news/news-details/2025/PG-Announces-Fourth-Quarter-and-Fiscal-Year-2025-Results/default.aspx,table[1]/row[3] (zero based); Grooming,sources/pg_2025q4_tables.json,Approximate contribution/growth percentages as reported; not unit counts or absolute prices.,Grooming | —% | —% | 4% | (1)% | (1)% | 2% | (1)% | 1%
PG,2025-04-01,2025-06-30,2025Q2,FY2025Q4,quarter,Grooming,sales_growth,2.0,percent,reported,2025-07-29,True,True,pg_2025q4,https://www.pginvestor.com/news/news-details/2025/PG-Announces-Fourth-Quarter-and-Fiscal-Year-2025-Results/default.aspx,table[1]/row[3] (zero based); Grooming,sources/pg_2025q4_tables.json,Approximate contribution/growth percentages as reported; not unit counts or absolute prices.,Grooming | —% | —% | 4% | (1)% | (1)% | 2% | (1)% | 1%
PG,2025-04-01,2025-06-30,2025Q2,FY2025Q4,quarter,Grooming,organic_volume_growth,-1.0,percent,reported,2025-07-29,True,True,pg_2025q4,https://www.pginvestor.com/news/news-details/2025/PG-Announces-Fourth-Quarter-and-Fiscal-Year-2025-Results/default.aspx,table[1]/row[3] (zero based); Grooming,sources/pg_2025q4_tables.json,Approximate contribution/growth percentages as reported; not unit counts or absolute prices.,Grooming | —% | —% | 4% | (1)% | (1)% | 2% | (1)% | 1%
PG,2025-04-01,2025-06-30,2025Q2,FY2025Q4,quarter,Grooming,organic_sales_growth,1.0,percent,reported,2025-07-29,True,True,pg_2025q4,https://www.pginvestor.com/news/news-details/2025/PG-Announces-Fourth-Quarter-and-Fiscal-Year-2025-Results/default.aspx,table[1]/row[3] (zero based); Grooming,sources/pg_2025q4_tables.json,Approximate contribution/growth percentages as reported; not unit counts or absolute prices.,Grooming | —% | —% | 4% | (1)% | (1)% | 2% | (1)% | 1%
PG,2025-04-01,2025-06-30,2025Q2,FY2025Q4,quarter,Health Care,volume_growth,-2.0,percent,reported,2025-07-29,True,True,pg_2025q4,https://www.pginvestor.com/news/news-details/2025/PG-Announces-Fourth-Quarter-and-Fiscal-Year-2025-Results/default.aspx,table[1]/row[4] (zero based); Health Care,sources/pg_2025q4_tables.json,Approximate contribution/growth percentages as reported; not unit counts or absolute prices.,Health Care | (2)% | —% | 1% | 3% | —% | 2% | (2)% | 2%
PG,2025-04-01,2025-06-30,2025Q2,FY2025Q4,quarter,Health Care,fx_sales_impact,0.0,percent,reported,2025-07-29,True,True,pg_2025q4,https://www.pginvestor.com/news/news-details/2025/PG-Announces-Fourth-Quarter-and-Fiscal-Year-2025-Results/default.aspx,table[1]/row[4] (zero based); Health Care,sources/pg_2025q4_tables.json,Approximate contribution/growth percentages as reported; not unit counts or absolute prices.,Health Care | (2)% | —% | 1% | 3% | —% | 2% | (2)% | 2%
PG,2025-04-01,2025-06-30,2025Q2,FY2025Q4,quarter,Health Care,price_sales_impact,1.0,percent,reported,2025-07-29,True,True,pg_2025q4,https://www.pginvestor.com/news/news-details/2025/PG-Announces-Fourth-Quarter-and-Fiscal-Year-2025-Results/default.aspx,table[1]/row[4] (zero based); Health Care,sources/pg_2025q4_tables.json,Approximate contribution/growth percentages as reported; not unit counts or absolute prices.,Health Care | (2)% | —% | 1% | 3% | —% | 2% | (2)% | 2%
PG,2025-04-01,2025-06-30,2025Q2,FY2025Q4,quarter,Health Care,mix_sales_impact,3.0,percent,reported,2025-07-29,True,True,pg_2025q4,https://www.pginvestor.com/news/news-details/2025/PG-Announces-Fourth-Quarter-and-Fiscal-Year-2025-Results/default.aspx,table[1]/row[4] (zero based); Health Care,sources/pg_2025q4_tables.json,Approximate contribution/growth percentages as reported; not unit counts or absolute prices.,Health Care | (2)% | —% | 1% | 3% | —% | 2% | (2)% | 2%
PG,2025-04-01,2025-06-30,2025Q2,FY2025Q4,quarter,Health Care,other_sales_impact,0.0,percent,reported,2025-07-29,True,True,pg_2025q4,https://www.pginvestor.com/news/news-details/2025/PG-Announces-Fourth-Quarter-and-Fiscal-Year-2025-Results/default.aspx,table[1]/row[4] (zero based); Health Care,sources/pg_2025q4_tables.json,Approximate contribution/growth percentages as reported; not unit counts or absolute prices.,Health Care | (2)% | —% | 1% | 3% | —% | 2% | (2)% | 2%
PG,2025-04-01,2025-06-30,2025Q2,FY2025Q4,quarter,Health Care,sales_growth,2.0,percent,reported,2025-07-29,True,True,pg_2025q4,https://www.pginvestor.com/news/news-details/2025/PG-Announces-Fourth-Quarter-and-Fiscal-Year-2025-Results/default.aspx,table[1]/row[4] (zero based); Health Care,sources/pg_2025q4_tables.json,Approximate contribution/growth percentages as reported; not unit counts or absolute prices.,Health Care | (2)% | —% | 1% | 3% | —% | 2% | (2)% | 2%
PG,2025-04-01,2025-06-30,2025Q2,FY2025Q4,quarter,Health Care,organic_volume_growth,-2.0,percent,reported,2025-07-29,True,True,pg_2025q4,https://www.pginvestor.com/news/news-details/2025/PG-Announces-Fourth-Quarter-and-Fiscal-Year-2025-Results/default.aspx,table[1]/row[4] (zero based); Health Care,sources/pg_2025q4_tables.json,Approximate contribution/growth percentages as reported; not unit counts or absolute prices.,Health Care | (2)% | —% | 1% | 3% | —% | 2% | (2)% | 2%
PG,2025-04-01,2025-06-30,2025Q2,FY2025Q4,quarter,Health Care,organic_sales_growth,2.0,percent,reported,2025-07-29,True,True,pg_2025q4,https://www.pginvestor.com/news/news-details/2025/PG-Announces-Fourth-Quarter-and-Fiscal-Year-2025-Results/default.aspx,table[1]/row[4] (zero based); Health Care,sources/pg_2025q4_tables.json,Approximate contribution/growth percentages as reported; not unit counts or absolute prices.,Health Care | (2)% | —% | 1% | 3% | —% | 2% | (2)% | 2%
PG,2025-04-01,2025-06-30,2025Q2,FY2025Q4,quarter,Fabric & Home Care,volume_growth,0.0,percent,reported,2025-07-29,True,True,pg_2025q4,https://www.pginvestor.com/news/news-details/2025/PG-Announces-Fourth-Quarter-and-Fiscal-Year-2025-Results/default.aspx,table[1]/row[5] (zero based); Fabric & Home Care,sources/pg_2025q4_tables.json,Approximate contribution/growth percentages as reported; not unit counts or absolute prices.,Fabric & Home Care | —% | 1% | 1% | —% | —% | 2% | —% | 1%
PG,2025-04-01,2025-06-30,2025Q2,FY2025Q4,quarter,Fabric & Home Care,fx_sales_impact,1.0,percent,reported,2025-07-29,True,True,pg_2025q4,https://www.pginvestor.com/news/news-details/2025/PG-Announces-Fourth-Quarter-and-Fiscal-Year-2025-Results/default.aspx,table[1]/row[5] (zero based); Fabric & Home Care,sources/pg_2025q4_tables.json,Approximate contribution/growth percentages as reported; not unit counts or absolute prices.,Fabric & Home Care | —% | 1% | 1% | —% | —% | 2% | —% | 1%
PG,2025-04-01,2025-06-30,2025Q2,FY2025Q4,quarter,Fabric & Home Care,price_sales_impact,1.0,percent,reported,2025-07-29,True,True,pg_2025q4,https://www.pginvestor.com/news/news-details/2025/PG-Announces-Fourth-Quarter-and-Fiscal-Year-2025-Results/default.aspx,table[1]/row[5] (zero based); Fabric & Home Care,sources/pg_2025q4_tables.json,Approximate contribution/growth percentages as reported; not unit counts or absolute prices.,Fabric & Home Care | —% | 1% | 1% | —% | —% | 2% | —% | 1%
PG,2025-04-01,2025-06-30,2025Q2,FY2025Q4,quarter,Fabric & Home Care,mix_sales_impact,0.0,percent,reported,2025-07-29,True,True,pg_2025q4,https://www.pginvestor.com/news/news-details/2025/PG-Announces-Fourth-Quarter-and-Fiscal-Year-2025-Results/default.aspx,table[1]/row[5] (zero based); Fabric & Home Care,sources/pg_2025q4_tables.json,Approximate contribution/growth percentages as reported; not unit counts or absolute prices.,Fabric & Home Care | —% | 1% | 1% | —% | —% | 2% | —% | 1%
PG,2025-04-01,2025-06-30,2025Q2,FY2025Q4,quarter,Fabric & Home Care,other_sales_impact,0.0,percent,reported,2025-07-29,True,True,pg_2025q4,https://www.pginvestor.com/news/news-details/2025/PG-Announces-Fourth-Quarter-and-Fiscal-Year-2025-Results/default.aspx,table[1]/row[5] (zero based); Fabric & Home Care,sources/pg_2025q4_tables.json,Approximate contribution/growth percentages as reported; not unit counts or absolute prices.,Fabric & Home Care | —% | 1% | 1% | —% | —% | 2% | —% | 1%
PG,2025-04-01,2025-06-30,2025Q2,FY2025Q4,quarter,Fabric & Home Care,sales_growth,2.0,percent,reported,2025-07-29,True,True,pg_2025q4,https://www.pginvestor.com/news/news-details/2025/PG-Announces-Fourth-Quarter-and-Fiscal-Year-2025-Results/default.aspx,table[1]/row[5] (zero based); Fabric & Home Care,sources/pg_2025q4_tables.json,Approximate contribution/growth percentages as reported; not unit counts or absolute prices.,Fabric & Home Care | —% | 1% | 1% | —% | —% | 2% | —% | 1%
PG,2025-04-01,2025-06-30,2025Q2,FY2025Q4,quarter,Fabric & Home Care,organic_volume_growth,0.0,percent,reported,2025-07-29,True,True,pg_2025q4,https://www.pginvestor.com/news/news-details/2025/PG-Announces-Fourth-Quarter-and-Fiscal-Year-2025-Results/default.aspx,table[1]/row[5] (zero based); Fabric & Home Care,sources/pg_2025q4_tables.json,Approximate contribution/growth percentages as reported; not unit counts or absolute prices.,Fabric & Home Care | —% | 1% | 1% | —% | —% | 2% | —% | 1%
PG,2025-04-01,2025-06-30,2025Q2,FY2025Q4,quarter,Fabric & Home Care,organic_sales_growth,1.0,percent,reported,2025-07-29,True,True,pg_2025q4,https://www.pginvestor.com/news/news-details/2025/PG-Announces-Fourth-Quarter-and-Fiscal-Year-2025-Results/default.aspx,table[1]/row[5] (zero based); Fabric & Home Care,sources/pg_2025q4_tables.json,Approximate contribution/growth percentages as reported; not unit counts or absolute prices.,Fabric & Home Care | —% | 1% | 1% | —% | —% | 2% | —% | 1%
PG,2025-04-01,2025-06-30,2025Q2,FY2025Q4,quarter,"Baby, Feminine & Family Care",volume_growth,0.0,percent,reported,2025-07-29,True,True,pg_2025q4,https://www.pginvestor.com/news/news-details/2025/PG-Announces-Fourth-Quarter-and-Fiscal-Year-2025-Results/default.aspx,"table[1]/row[6] (zero based); Baby, Feminine & Family Care",sources/pg_2025q4_tables.json,Approximate contribution/growth percentages as reported; not unit counts or absolute prices.,"Baby, Feminine & Family Care | —% | 1% | 1% | —% | —% | 2% | —% | 1%"
PG,2025-04-01,2025-06-30,2025Q2,FY2025Q4,quarter,"Baby, Feminine & Family Care",fx_sales_impact,1.0,percent,reported,2025-07-29,True,True,pg_2025q4,https://www.pginvestor.com/news/news-details/2025/PG-Announces-Fourth-Quarter-and-Fiscal-Year-2025-Results/default.aspx,"table[1]/row[6] (zero based); Baby, Feminine & Family Care",sources/pg_2025q4_tables.json,Approximate contribution/growth percentages as reported; not unit counts or absolute prices.,"Baby, Feminine & Family Care | —% | 1% | 1% | —% | —% | 2% | —% | 1%"
PG,2025-04-01,2025-06-30,2025Q2,FY2025Q4,quarter,"Baby, Feminine & Family Care",price_sales_impact,1.0,percent,reported,2025-07-29,True,True,pg_2025q4,https://www.pginvestor.com/news/news-details/2025/PG-Announces-Fourth-Quarter-and-Fiscal-Year-2025-Results/default.aspx,"table[1]/row[6] (zero based); Baby, Feminine & Family Care",sources/pg_2025q4_tables.json,Approximate contribution/growth percentages as reported; not unit counts or absolute prices.,"Baby, Feminine & Family Care | —% | 1% | 1% | —% | —% | 2% | —% | 1%"
PG,2025-04-01,2025-06-30,2025Q2,FY2025Q4,quarter,"Baby, Feminine & Family Care",mix_sales_impact,0.0,percent,reported,2025-07-29,True,True,pg_2025q4,https://www.pginvestor.com/news/news-details/2025/PG-Announces-Fourth-Quarter-and-Fiscal-Year-2025-Results/default.aspx,"table[1]/row[6] (zero based); Baby, Feminine & Family Care",sources/pg_2025q4_tables.json,Approximate contribution/growth percentages as reported; not unit counts or absolute prices.,"Baby, Feminine & Family Care | —% | 1% | 1% | —% | —% | 2% | —% | 1%"
PG,2025-04-01,2025-06-30,2025Q2,FY2025Q4,quarter,"Baby, Feminine & Family Care",other_sales_impact,0.0,percent,reported,2025-07-29,True,True,pg_2025q4,https://www.pginvestor.com/news/news-details/2025/PG-Announces-Fourth-Quarter-and-Fiscal-Year-2025-Results/default.aspx,"table[1]/row[6] (zero based); Baby, Feminine & Family Care",sources/pg_2025q4_tables.json,Approximate contribution/growth percentages as reported; not unit counts or absolute prices.,"Baby, Feminine & Family Care | —% | 1% | 1% | —% | —% | 2% | —% | 1%"
PG,2025-04-01,2025-06-30,2025Q2,FY2025Q4,quarter,"Baby, Feminine & Family Care",sales_growth,2.0,percent,reported,2025-07-29,True,True,pg_2025q4,https://www.pginvestor.com/news/news-details/2025/PG-Announces-Fourth-Quarter-and-Fiscal-Year-2025-Results/default.aspx,"table[1]/row[6] (zero based); Baby, Feminine & Family Care",sources/pg_2025q4_tables.json,Approximate contribution/growth percentages as reported; not unit counts or absolute prices.,"Baby, Feminine & Family Care | —% | 1% | 1% | —% | —% | 2% | —% | 1%"
PG,2025-04-01,2025-06-30,2025Q2,FY2025Q4,quarter,"Baby, Feminine & Family Care",organic_volume_growth,0.0,percent,reported,2025-07-29,True,True,pg_2025q4,https://www.pginvestor.com/news/news-details/2025/PG-Announces-Fourth-Quarter-and-Fiscal-Year-2025-Results/default.aspx,"table[1]/row[6] (zero based); Baby, Feminine & Family Care",sources/pg_2025q4_tables.json,Approximate contribution/growth percentages as reported; not unit counts or absolute prices.,"Baby, Feminine & Family Care | —% | 1% | 1% | —% | —% | 2% | —% | 1%"
PG,2025-04-01,2025-06-30,2025Q2,FY2025Q4,quarter,"Baby, Feminine & Family Care",organic_sales_growth,1.0,percent,reported,2025-07-29,True,True,pg_2025q4,https://www.pginvestor.com/news/news-details/2025/PG-Announces-Fourth-Quarter-and-Fiscal-Year-2025-Results/default.aspx,"table[1]/row[6] (zero based); Baby, Feminine & Family Care",sources/pg_2025q4_tables.json,Approximate contribution/growth percentages as reported; not unit counts or absolute prices.,"Baby, Feminine & Family Care | —% | 1% | 1% | —% | —% | 2% | —% | 1%"
PG,2025-04-01,2025-06-30,2025Q2,FY2025Q4,quarter,Consolidated,volume_growth,0.0,percent,reported,2025-07-29,True,True,pg_2025q4,https://www.pginvestor.com/news/news-details/2025/PG-Announces-Fourth-Quarter-and-Fiscal-Year-2025-Results/default.aspx,table[1]/row[7] (zero based); Total P&G,sources/pg_2025q4_tables.json,Approximate contribution/growth percentages as reported; not unit counts or absolute prices.,Total P&G | —% | —% | 1% | 1% | —% | 2% | —% | 2%
PG,2025-04-01,2025-06-30,2025Q2,FY2025Q4,quarter,Consolidated,fx_sales_impact,0.0,percent,reported,2025-07-29,True,True,pg_2025q4,https://www.pginvestor.com/news/news-details/2025/PG-Announces-Fourth-Quarter-and-Fiscal-Year-2025-Results/default.aspx,table[1]/row[7] (zero based); Total P&G,sources/pg_2025q4_tables.json,Approximate contribution/growth percentages as reported; not unit counts or absolute prices.,Total P&G | —% | —% | 1% | 1% | —% | 2% | —% | 2%
PG,2025-04-01,2025-06-30,2025Q2,FY2025Q4,quarter,Consolidated,price_sales_impact,1.0,percent,reported,2025-07-29,True,True,pg_2025q4,https://www.pginvestor.com/news/news-details/2025/PG-Announces-Fourth-Quarter-and-Fiscal-Year-2025-Results/default.aspx,table[1]/row[7] (zero based); Total P&G,sources/pg_2025q4_tables.json,Approximate contribution/growth percentages as reported; not unit counts or absolute prices.,Total P&G | —% | —% | 1% | 1% | —% | 2% | —% | 2%
PG,2025-04-01,2025-06-30,2025Q2,FY2025Q4,quarter,Consolidated,mix_sales_impact,1.0,percent,reported,2025-07-29,True,True,pg_2025q4,https://www.pginvestor.com/news/news-details/2025/PG-Announces-Fourth-Quarter-and-Fiscal-Year-2025-Results/default.aspx,table[1]/row[7] (zero based); Total P&G,sources/pg_2025q4_tables.json,Approximate contribution/growth percentages as reported; not unit counts or absolute prices.,Total P&G | —% | —% | 1% | 1% | —% | 2% | —% | 2%
PG,2025-04-01,2025-06-30,2025Q2,FY2025Q4,quarter,Consolidated,other_sales_impact,0.0,percent,reported,2025-07-29,True,True,pg_2025q4,https://www.pginvestor.com/news/news-details/2025/PG-Announces-Fourth-Quarter-and-Fiscal-Year-2025-Results/default.aspx,table[1]/row[7] (zero based); Total P&G,sources/pg_2025q4_tables.json,Approximate contribution/growth percentages as reported; not unit counts or absolute prices.,Total P&G | —% | —% | 1% | 1% | —% | 2% | —% | 2%
PG,2025-04-01,2025-06-30,2025Q2,FY2025Q4,quarter,Consolidated,sales_growth,2.0,percent,reported,2025-07-29,True,True,pg_2025q4,https://www.pginvestor.com/news/news-details/2025/PG-Announces-Fourth-Quarter-and-Fiscal-Year-2025-Results/default.aspx,table[1]/row[7] (zero based); Total P&G,sources/pg_2025q4_tables.json,Approximate contribution/growth percentages as reported; not unit counts or absolute prices.,Total P&G | —% | —% | 1% | 1% | —% | 2% | —% | 2%
PG,2025-04-01,2025-06-30,2025Q2,FY2025Q4,quarter,Consolidated,organic_volume_growth,0.0,percent,reported,2025-07-29,True,True,pg_2025q4,https://www.pginvestor.com/news/news-details/2025/PG-Announces-Fourth-Quarter-and-Fiscal-Year-2025-Results/default.aspx,table[1]/row[7] (zero based); Total P&G,sources/pg_2025q4_tables.json,Approximate contribution/growth percentages as reported; not unit counts or absolute prices.,Total P&G | —% | —% | 1% | 1% | —% | 2% | —% | 2%
PG,2025-04-01,2025-06-30,2025Q2,FY2025Q4,quarter,Consolidated,organic_sales_growth,2.0,percent,reported,2025-07-29,True,True,pg_2025q4,https://www.pginvestor.com/news/news-details/2025/PG-Announces-Fourth-Quarter-and-Fiscal-Year-2025-Results/default.aspx,table[1]/row[7] (zero based); Total P&G,sources/pg_2025q4_tables.json,Approximate contribution/growth percentages as reported; not unit counts or absolute prices.,Total P&G | —% | —% | 1% | 1% | —% | 2% | —% | 2%
PG,2025-04-01,2025-06-30,2025Q2,FY2025Q4,quarter,Consolidated,net_sales,20889.0,USD million,reported,2025-07-29,True,True,pg_2025q4,https://www.pginvestor.com/news/news-details/2025/PG-Announces-Fourth-Quarter-and-Fiscal-Year-2025-Results/default.aspx,table[2]/row[3] (zero based); NET SALES,sources/pg_2025q4_tables.json,,"NET SALES | $ | 20,889 | $ | 20,532 | 2% | $ | 84,284 | $ | 84,039 | —%"
PG,2024-04-01,2024-06-30,2024Q2,FY2024Q4,quarter,Consolidated,net_sales,20532.0,USD million,reported,2025-07-29,True,True,pg_2025q4,https://www.pginvestor.com/news/news-details/2025/PG-Announces-Fourth-Quarter-and-Fiscal-Year-2025-Results/default.aspx,table[2]/row[3] (zero based); NET SALES,sources/pg_2025q4_tables.json,,"NET SALES | $ | 20,889 | $ | 20,532 | 2% | $ | 84,284 | $ | 84,039 | —%"
PG,2025-04-01,2025-06-30,2025Q2,FY2025Q4,quarter,Consolidated,cost_of_products_sold,10631.0,USD million,reported,2025-07-29,True,True,pg_2025q4,https://www.pginvestor.com/news/news-details/2025/PG-Announces-Fourth-Quarter-and-Fiscal-Year-2025-Results/default.aspx,table[2]/row[4] (zero based); Cost of products sold,sources/pg_2025q4_tables.json,,"Cost of products sold | 10,631 | 10,348 | 3% | 41,164 | 40,848 | 1%"
PG,2024-04-01,2024-06-30,2024Q2,FY2024Q4,quarter,Consolidated,cost_of_products_sold,10348.0,USD million,reported,2025-07-29,True,True,pg_2025q4,https://www.pginvestor.com/news/news-details/2025/PG-Announces-Fourth-Quarter-and-Fiscal-Year-2025-Results/default.aspx,table[2]/row[4] (zero based); Cost of products sold,sources/pg_2025q4_tables.json,,"Cost of products sold | 10,631 | 10,348 | 3% | 41,164 | 40,848 | 1%"
PG,2025-04-01,2025-06-30,2025Q2,FY2025Q4,quarter,Consolidated,gross_profit,10258.0,USD million,reported,2025-07-29,True,True,pg_2025q4,https://www.pginvestor.com/news/news-details/2025/PG-Announces-Fourth-Quarter-and-Fiscal-Year-2025-Results/default.aspx,table[2]/row[5] (zero based); GROSS PROFIT,sources/pg_2025q4_tables.json,,"GROSS PROFIT | 10,258 | 10,183 | 1% | 43,120 | 43,191 | —%"
PG,2024-04-01,2024-06-30,2024Q2,FY2024Q4,quarter,Consolidated,gross_profit,10183.0,USD million,reported,2025-07-29,True,True,pg_2025q4,https://www.pginvestor.com/news/news-details/2025/PG-Announces-Fourth-Quarter-and-Fiscal-Year-2025-Results/default.aspx,table[2]/row[5] (zero based); GROSS PROFIT,sources/pg_2025q4_tables.json,,"GROSS PROFIT | 10,258 | 10,183 | 1% | 43,120 | 43,191 | —%"
PG,2025-04-01,2025-06-30,2025Q2,FY2025Q4,quarter,Consolidated,sga,5903.0,USD million,reported,2025-07-29,True,True,pg_2025q4,https://www.pginvestor.com/news/news-details/2025/PG-Announces-Fourth-Quarter-and-Fiscal-Year-2025-Results/default.aspx,"table[2]/row[6] (zero based); Selling, general and administrative expense",sources/pg_2025q4_tables.json,,"Selling, general and administrative expense | 5,903 | 6,299 | (6)% | 22,669 | 23,305 | (3)%"
PG,2024-04-01,2024-06-30,2024Q2,FY2024Q4,quarter,Consolidated,sga,6299.0,USD million,reported,2025-07-29,True,True,pg_2025q4,https://www.pginvestor.com/news/news-details/2025/PG-Announces-Fourth-Quarter-and-Fiscal-Year-2025-Results/default.aspx,"table[2]/row[6] (zero based); Selling, general and administrative expense",sources/pg_2025q4_tables.json,,"Selling, general and administrative expense | 5,903 | 6,299 | (6)% | 22,669 | 23,305 | (3)%"
PG,2025-04-01,2025-06-30,2025Q2,FY2025Q4,quarter,Consolidated,operating_income,4355.0,USD million,reported,2025-07-29,True,True,pg_2025q4,https://www.pginvestor.com/news/news-details/2025/PG-Announces-Fourth-Quarter-and-Fiscal-Year-2025-Results/default.aspx,table[2]/row[8] (zero based); OPERATING INCOME,sources/pg_2025q4_tables.json,,"OPERATING INCOME | 4,355 | 3,884 | 12% | 20,451 | 18,545 | 10%"
PG,2024-04-01,2024-06-30,2024Q2,FY2024Q4,quarter,Consolidated,operating_income,3884.0,USD million,reported,2025-07-29,True,True,pg_2025q4,https://www.pginvestor.com/news/news-details/2025/PG-Announces-Fourth-Quarter-and-Fiscal-Year-2025-Results/default.aspx,table[2]/row[8] (zero based); OPERATING INCOME,sources/pg_2025q4_tables.json,,"OPERATING INCOME | 4,355 | 3,884 | 12% | 20,451 | 18,545 | 10%"
PG,2025-04-01,2025-06-30,2025Q2,FY2025Q4,quarter,Consolidated,interest_expense_signed,-212.0,USD million,reported,2025-07-29,True,True,pg_2025q4,https://www.pginvestor.com/news/news-details/2025/PG-Announces-Fourth-Quarter-and-Fiscal-Year-2025-Results/default.aspx,table[2]/row[9] (zero based); Interest expense,sources/pg_2025q4_tables.json,,Interest expense | (212 | ) | (220 | ) | (4)% | (907 | ) | (925 | ) | (2)%
PG,2024-04-01,2024-06-30,2024Q2,FY2024Q4,quarter,Consolidated,interest_expense_signed,-220.0,USD million,reported,2025-07-29,True,True,pg_2025q4,https://www.pginvestor.com/news/news-details/2025/PG-Announces-Fourth-Quarter-and-Fiscal-Year-2025-Results/default.aspx,table[2]/row[9] (zero based); Interest expense,sources/pg_2025q4_tables.json,,Interest expense | (212 | ) | (220 | ) | (4)% | (907 | ) | (925 | ) | (2)%
PG,2025-04-01,2025-06-30,2025Q2,FY2025Q4,quarter,Consolidated,interest_income,104.0,USD million,reported,2025-07-29,True,True,pg_2025q4,https://www.pginvestor.com/news/news-details/2025/PG-Announces-Fourth-Quarter-and-Fiscal-Year-2025-Results/default.aspx,table[2]/row[10] (zero based); Interest income,sources/pg_2025q4_tables.json,,Interest income | 104 | 107 | (3)% | 469 | 473 | (1)%
PG,2024-04-01,2024-06-30,2024Q2,FY2024Q4,quarter,Consolidated,interest_income,107.0,USD million,reported,2025-07-29,True,True,pg_2025q4,https://www.pginvestor.com/news/news-details/2025/PG-Announces-Fourth-Quarter-and-Fiscal-Year-2025-Results/default.aspx,table[2]/row[10] (zero based); Interest income,sources/pg_2025q4_tables.json,,Interest income | 104 | 107 | (3)% | 469 | 473 | (1)%
PG,2025-04-01,2025-06-30,2025Q2,FY2025Q4,quarter,Consolidated,other_income,274.0,USD million,reported,2025-07-29,True,True,pg_2025q4,https://www.pginvestor.com/news/news-details/2025/PG-Announces-Fourth-Quarter-and-Fiscal-Year-2025-Results/default.aspx,"table[2]/row[11] (zero based); Other non-operating income, net",sources/pg_2025q4_tables.json,,"Other non-operating income, net | 274 | 98 | 180% | 154 | 668 | (77)%"
PG,2024-04-01,2024-06-30,2024Q2,FY2024Q4,quarter,Consolidated,other_income,98.0,USD million,reported,2025-07-29,True,True,pg_2025q4,https://www.pginvestor.com/news/news-details/2025/PG-Announces-Fourth-Quarter-and-Fiscal-Year-2025-Results/default.aspx,"table[2]/row[11] (zero based); Other non-operating income, net",sources/pg_2025q4_tables.json,,"Other non-operating income, net | 274 | 98 | 180% | 154 | 668 | (77)%"
PG,2025-04-01,2025-06-30,2025Q2,FY2025Q4,quarter,Consolidated,pretax_income,4521.0,USD million,reported,2025-07-29,True,True,pg_2025q4,https://www.pginvestor.com/news/news-details/2025/PG-Announces-Fourth-Quarter-and-Fiscal-Year-2025-Results/default.aspx,table[2]/row[12] (zero based); EARNINGS BEFORE INCOME TAXES,sources/pg_2025q4_tables.json,,"EARNINGS BEFORE INCOME TAXES | 4,521 | 3,870 | 17% | 20,167 | 18,761 | 7%"
PG,2024-04-01,2024-06-30,2024Q2,FY2024Q4,quarter,Consolidated,pretax_income,3870.0,USD million,reported,2025-07-29,True,True,pg_2025q4,https://www.pginvestor.com/news/news-details/2025/PG-Announces-Fourth-Quarter-and-Fiscal-Year-2025-Results/default.aspx,table[2]/row[12] (zero based); EARNINGS BEFORE INCOME TAXES,sources/pg_2025q4_tables.json,,"EARNINGS BEFORE INCOME TAXES | 4,521 | 3,870 | 17% | 20,167 | 18,761 | 7%"
PG,2025-04-01,2025-06-30,2025Q2,FY2025Q4,quarter,Consolidated,income_taxes,895.0,USD million,reported,2025-07-29,True,True,pg_2025q4,https://www.pginvestor.com/news/news-details/2025/PG-Announces-Fourth-Quarter-and-Fiscal-Year-2025-Results/default.aspx,table[2]/row[13] (zero based); Income taxes,sources/pg_2025q4_tables.json,,"Income taxes | 895 | 726 | 23% | 4,102 | 3,787 | 8%"
PG,2024-04-01,2024-06-30,2024Q2,FY2024Q4,quarter,Consolidated,income_taxes,726.0,USD million,reported,2025-07-29,True,True,pg_2025q4,https://www.pginvestor.com/news/news-details/2025/PG-Announces-Fourth-Quarter-and-Fiscal-Year-2025-Results/default.aspx,table[2]/row[13] (zero based); Income taxes,sources/pg_2025q4_tables.json,,"Income taxes | 895 | 726 | 23% | 4,102 | 3,787 | 8%"
PG,2025-04-01,2025-06-30,2025Q2,FY2025Q4,quarter,Consolidated,net_income,3626.0,USD million,reported,2025-07-29,True,True,pg_2025q4,https://www.pginvestor.com/news/news-details/2025/PG-Announces-Fourth-Quarter-and-Fiscal-Year-2025-Results/default.aspx,table[2]/row[14] (zero based); NET EARNINGS,sources/pg_2025q4_tables.json,,"NET EARNINGS | 3,626 | 3,144 | 15% | 16,065 | 14,974 | 7%"
PG,2024-04-01,2024-06-30,2024Q2,FY2024Q4,quarter,Consolidated,net_income,3144.0,USD million,reported,2025-07-29,True,True,pg_2025q4,https://www.pginvestor.com/news/news-details/2025/PG-Announces-Fourth-Quarter-and-Fiscal-Year-2025-Results/default.aspx,table[2]/row[14] (zero based); NET EARNINGS,sources/pg_2025q4_tables.json,,"NET EARNINGS | 3,626 | 3,144 | 15% | 16,065 | 14,974 | 7%"
PG,2025-04-01,2025-06-30,2025Q2,FY2025Q4,quarter,Consolidated,noncontrolling_income,11.0,USD million,reported,2025-07-29,True,True,pg_2025q4,https://www.pginvestor.com/news/news-details/2025/PG-Announces-Fourth-Quarter-and-Fiscal-Year-2025-Results/default.aspx,table[2]/row[15] (zero based); Less: Net earnings/(loss) attributable to non controlling interests,sources/pg_2025q4_tables.json,,Less: Net earnings/(loss) attributable to non controlling interests | 11 | 7 | 57% | 91 | 95 | (4)%
PG,2024-04-01,2024-06-30,2024Q2,FY2024Q4,quarter,Consolidated,noncontrolling_income,7.0,USD million,reported,2025-07-29,True,True,pg_2025q4,https://www.pginvestor.com/news/news-details/2025/PG-Announces-Fourth-Quarter-and-Fiscal-Year-2025-Results/default.aspx,table[2]/row[15] (zero based); Less: Net earnings/(loss) attributable to non controlling interests,sources/pg_2025q4_tables.json,,Less: Net earnings/(loss) attributable to non controlling interests | 11 | 7 | 57% | 91 | 95 | (4)%
PG,2025-04-01,2025-06-30,2025Q2,FY2025Q4,quarter,Consolidated,net_income_attributable,3615.0,USD million,reported,2025-07-29,True,True,pg_2025q4,https://www.pginvestor.com/news/news-details/2025/PG-Announces-Fourth-Quarter-and-Fiscal-Year-2025-Results/default.aspx,table[2]/row[16] (zero based); NET EARNINGS ATTRIBUTABLE TO PROCTER & GAMBLE,sources/pg_2025q4_tables.json,,"NET EARNINGS ATTRIBUTABLE TO PROCTER & GAMBLE | $ | 3,615 | $ | 3,137 | 15% | $ | 15,974 | $ | 14,879 | 7%"
PG,2024-04-01,2024-06-30,2024Q2,FY2024Q4,quarter,Consolidated,net_income_attributable,3137.0,USD million,reported,2025-07-29,True,True,pg_2025q4,https://www.pginvestor.com/news/news-details/2025/PG-Announces-Fourth-Quarter-and-Fiscal-Year-2025-Results/default.aspx,table[2]/row[16] (zero based); NET EARNINGS ATTRIBUTABLE TO PROCTER & GAMBLE,sources/pg_2025q4_tables.json,,"NET EARNINGS ATTRIBUTABLE TO PROCTER & GAMBLE | $ | 3,615 | $ | 3,137 | 15% | $ | 15,974 | $ | 14,879 | 7%"
PG,2025-04-01,2025-06-30,2025Q2,FY2025Q4,quarter,Consolidated,effective_tax_rate,19.8,percent,reported,2025-07-29,True,True,pg_2025q4,https://www.pginvestor.com/news/news-details/2025/PG-Announces-Fourth-Quarter-and-Fiscal-Year-2025-Results/default.aspx,table[2]/row[18] (zero based); EFFECTIVE TAX RATE,sources/pg_2025q4_tables.json,,EFFECTIVE TAX RATE | 19.8 | % | 18.8 | % | 20.3 | % | 20.2 | %
PG,2024-04-01,2024-06-30,2024Q2,FY2024Q4,quarter,Consolidated,effective_tax_rate,18.8,percent,reported,2025-07-29,True,True,pg_2025q4,https://www.pginvestor.com/news/news-details/2025/PG-Announces-Fourth-Quarter-and-Fiscal-Year-2025-Results/default.aspx,table[2]/row[18] (zero based); EFFECTIVE TAX RATE,sources/pg_2025q4_tables.json,,EFFECTIVE TAX RATE | 19.8 | % | 18.8 | % | 20.3 | % | 20.2 | %
PG,2025-04-01,2025-06-30,2025Q2,FY2025Q4,quarter,Consolidated,diluted_eps,1.48,USD/share,reported,2025-07-29,True,True,pg_2025q4,https://www.pginvestor.com/news/news-details/2025/PG-Announces-Fourth-Quarter-and-Fiscal-Year-2025-Results/default.aspx,table[2]/row[22] (zero based); Diluted,sources/pg_2025q4_tables.json,,Diluted | $ | 1.48 | $ | 1.27 | 17% | $ | 6.51 | $ | 6.02 | 8%
PG,2024-04-01,2024-06-30,2024Q2,FY2024Q4,quarter,Consolidated,diluted_eps,1.27,USD/share,reported,2025-07-29,True,True,pg_2025q4,https://www.pginvestor.com/news/news-details/2025/PG-Announces-Fourth-Quarter-and-Fiscal-Year-2025-Results/default.aspx,table[2]/row[22] (zero based); Diluted,sources/pg_2025q4_tables.json,,Diluted | $ | 1.48 | $ | 1.27 | 17% | $ | 6.51 | $ | 6.02 | 8%
PG,2025-04-01,2025-06-30,2025Q2,FY2025Q4,quarter,Consolidated,diluted_shares,2443.8,million shares,reported,2025-07-29,True,True,pg_2025q4,https://www.pginvestor.com/news/news-details/2025/PG-Announces-Fourth-Quarter-and-Fiscal-Year-2025-Results/default.aspx,table[2]/row[25] (zero based); Diluted Weighted Average Common Shares Outstanding,sources/pg_2025q4_tables.json,,"Diluted Weighted Average Common Shares Outstanding | 2,443.8 | 2,472.2 | 2,454.4 | 2,471.9"
PG,2024-04-01,2024-06-30,2024Q2,FY2024Q4,quarter,Consolidated,diluted_shares,2472.2,million shares,reported,2025-07-29,True,True,pg_2025q4,https://www.pginvestor.com/news/news-details/2025/PG-Announces-Fourth-Quarter-and-Fiscal-Year-2025-Results/default.aspx,table[2]/row[25] (zero based); Diluted Weighted Average Common Shares Outstanding,sources/pg_2025q4_tables.json,,"Diluted Weighted Average Common Shares Outstanding | 2,443.8 | 2,472.2 | 2,454.4 | 2,471.9"
PG,2025-04-01,2025-06-30,2025Q2,FY2025Q4,quarter,Beauty,net_sales,3733.0,USD million,reported,2025-07-29,True,True,pg_2025q4,https://www.pginvestor.com/news/news-details/2025/PG-Announces-Fourth-Quarter-and-Fiscal-Year-2025-Results/default.aspx,table[3]/row[3] (zero based); Beauty,sources/pg_2025q4_tables.json,,"Beauty | $3,733 | —% | $708 | 3% | $557 | 4%"
PG,2025-04-01,2025-06-30,2025Q2,FY2025Q4,quarter,Beauty,pretax_income,708.0,USD million,reported,2025-07-29,True,True,pg_2025q4,https://www.pginvestor.com/news/news-details/2025/PG-Announces-Fourth-Quarter-and-Fiscal-Year-2025-Results/default.aspx,table[3]/row[3] (zero based); Beauty,sources/pg_2025q4_tables.json,,"Beauty | $3,733 | —% | $708 | 3% | $557 | 4%"
PG,2025-04-01,2025-06-30,2025Q2,FY2025Q4,quarter,Beauty,net_income,557.0,USD million,reported,2025-07-29,True,True,pg_2025q4,https://www.pginvestor.com/news/news-details/2025/PG-Announces-Fourth-Quarter-and-Fiscal-Year-2025-Results/default.aspx,table[3]/row[3] (zero based); Beauty,sources/pg_2025q4_tables.json,,"Beauty | $3,733 | —% | $708 | 3% | $557 | 4%"
PG,2025-04-01,2025-06-30,2025Q2,FY2025Q4,quarter,Grooming,net_sales,1683.0,USD million,reported,2025-07-29,True,True,pg_2025q4,https://www.pginvestor.com/news/news-details/2025/PG-Announces-Fourth-Quarter-and-Fiscal-Year-2025-Results/default.aspx,table[3]/row[4] (zero based); Grooming,sources/pg_2025q4_tables.json,,"Grooming | 1,683 | 2% | 458 | 16% | 371 | 19%"
PG,2025-04-01,2025-06-30,2025Q2,FY2025Q4,quarter,Grooming,pretax_income,458.0,USD million,reported,2025-07-29,True,True,pg_2025q4,https://www.pginvestor.com/news/news-details/2025/PG-Announces-Fourth-Quarter-and-Fiscal-Year-2025-Results/default.aspx,table[3]/row[4] (zero based); Grooming,sources/pg_2025q4_tables.json,,"Grooming | 1,683 | 2% | 458 | 16% | 371 | 19%"
PG,2025-04-01,2025-06-30,2025Q2,FY2025Q4,quarter,Grooming,net_income,371.0,USD million,reported,2025-07-29,True,True,pg_2025q4,https://www.pginvestor.com/news/news-details/2025/PG-Announces-Fourth-Quarter-and-Fiscal-Year-2025-Results/default.aspx,table[3]/row[4] (zero based); Grooming,sources/pg_2025q4_tables.json,,"Grooming | 1,683 | 2% | 458 | 16% | 371 | 19%"
PG,2025-04-01,2025-06-30,2025Q2,FY2025Q4,quarter,Health Care,net_sales,2722.0,USD million,reported,2025-07-29,True,True,pg_2025q4,https://www.pginvestor.com/news/news-details/2025/PG-Announces-Fourth-Quarter-and-Fiscal-Year-2025-Results/default.aspx,table[3]/row[5] (zero based); Health Care,sources/pg_2025q4_tables.json,,"Health Care | 2,722 | 2% | 487 | 12% | 372 | 14%"
PG,2025-04-01,2025-06-30,2025Q2,FY2025Q4,quarter,Health Care,pretax_income,487.0,USD million,reported,2025-07-29,True,True,pg_2025q4,https://www.pginvestor.com/news/news-details/2025/PG-Announces-Fourth-Quarter-and-Fiscal-Year-2025-Results/default.aspx,table[3]/row[5] (zero based); Health Care,sources/pg_2025q4_tables.json,,"Health Care | 2,722 | 2% | 487 | 12% | 372 | 14%"
PG,2025-04-01,2025-06-30,2025Q2,FY2025Q4,quarter,Health Care,net_income,372.0,USD million,reported,2025-07-29,True,True,pg_2025q4,https://www.pginvestor.com/news/news-details/2025/PG-Announces-Fourth-Quarter-and-Fiscal-Year-2025-Results/default.aspx,table[3]/row[5] (zero based); Health Care,sources/pg_2025q4_tables.json,,"Health Care | 2,722 | 2% | 487 | 12% | 372 | 14%"
PG,2025-04-01,2025-06-30,2025Q2,FY2025Q4,quarter,Fabric & Home Care,net_sales,7385.0,USD million,reported,2025-07-29,True,True,pg_2025q4,https://www.pginvestor.com/news/news-details/2025/PG-Announces-Fourth-Quarter-and-Fiscal-Year-2025-Results/default.aspx,table[3]/row[6] (zero based); Fabric & Home Care,sources/pg_2025q4_tables.json,,"Fabric & Home Care | 7,385 | 2% | 1,751 | 10% | 1,375 | 11%"
PG,2025-04-01,2025-06-30,2025Q2,FY2025Q4,quarter,Fabric & Home Care,pretax_income,1751.0,USD million,reported,2025-07-29,True,True,pg_2025q4,https://www.pginvestor.com/news/news-details/2025/PG-Announces-Fourth-Quarter-and-Fiscal-Year-2025-Results/default.aspx,table[3]/row[6] (zero based); Fabric & Home Care,sources/pg_2025q4_tables.json,,"Fabric & Home Care | 7,385 | 2% | 1,751 | 10% | 1,375 | 11%"
PG,2025-04-01,2025-06-30,2025Q2,FY2025Q4,quarter,Fabric & Home Care,net_income,1375.0,USD million,reported,2025-07-29,True,True,pg_2025q4,https://www.pginvestor.com/news/news-details/2025/PG-Announces-Fourth-Quarter-and-Fiscal-Year-2025-Results/default.aspx,table[3]/row[6] (zero based); Fabric & Home Care,sources/pg_2025q4_tables.json,,"Fabric & Home Care | 7,385 | 2% | 1,751 | 10% | 1,375 | 11%"
PG,2025-04-01,2025-06-30,2025Q2,FY2025Q4,quarter,"Baby, Feminine & Family Care",net_sales,5093.0,USD million,reported,2025-07-29,True,True,pg_2025q4,https://www.pginvestor.com/news/news-details/2025/PG-Announces-Fourth-Quarter-and-Fiscal-Year-2025-Results/default.aspx,"table[3]/row[7] (zero based); Baby, Feminine & Family Care",sources/pg_2025q4_tables.json,,"Baby, Feminine & Family Care | 5,093 | 2% | 1,217 | 10% | 948 | 12%"
PG,2025-04-01,2025-06-30,2025Q2,FY2025Q4,quarter,"Baby, Feminine & Family Care",pretax_income,1217.0,USD million,reported,2025-07-29,True,True,pg_2025q4,https://www.pginvestor.com/news/news-details/2025/PG-Announces-Fourth-Quarter-and-Fiscal-Year-2025-Results/default.aspx,"table[3]/row[7] (zero based); Baby, Feminine & Family Care",sources/pg_2025q4_tables.json,,"Baby, Feminine & Family Care | 5,093 | 2% | 1,217 | 10% | 948 | 12%"
PG,2025-04-01,2025-06-30,2025Q2,FY2025Q4,quarter,"Baby, Feminine & Family Care",net_income,948.0,USD million,reported,2025-07-29,True,True,pg_2025q4,https://www.pginvestor.com/news/news-details/2025/PG-Announces-Fourth-Quarter-and-Fiscal-Year-2025-Results/default.aspx,"table[3]/row[7] (zero based); Baby, Feminine & Family Care",sources/pg_2025q4_tables.json,,"Baby, Feminine & Family Care | 5,093 | 2% | 1,217 | 10% | 948 | 12%"
PG,2025-04-01,2025-06-30,2025Q2,FY2025Q4,quarter,Corporate,net_sales,274.0,USD million,reported,2025-07-29,True,True,pg_2025q4,https://www.pginvestor.com/news/news-details/2025/PG-Announces-Fourth-Quarter-and-Fiscal-Year-2025-Results/default.aspx,table[3]/row[8] (zero based); Corporate,sources/pg_2025q4_tables.json,,Corporate | 274 | N/A | (100) | N/A | 4 | N/A
PG,2025-04-01,2025-06-30,2025Q2,FY2025Q4,quarter,Corporate,pretax_income,-100.0,USD million,reported,2025-07-29,True,True,pg_2025q4,https://www.pginvestor.com/news/news-details/2025/PG-Announces-Fourth-Quarter-and-Fiscal-Year-2025-Results/default.aspx,table[3]/row[8] (zero based); Corporate,sources/pg_2025q4_tables.json,,Corporate | 274 | N/A | (100) | N/A | 4 | N/A
PG,2025-04-01,2025-06-30,2025Q2,FY2025Q4,quarter,Corporate,net_income,4.0,USD million,reported,2025-07-29,True,True,pg_2025q4,https://www.pginvestor.com/news/news-details/2025/PG-Announces-Fourth-Quarter-and-Fiscal-Year-2025-Results/default.aspx,table[3]/row[8] (zero based); Corporate,sources/pg_2025q4_tables.json,,Corporate | 274 | N/A | (100) | N/A | 4 | N/A
PG,2024-07-01,2025-06-30,2025Q2,FY2025Q4,fiscal_ytd,Consolidated,operating_cash_flow,17817.0,USD million,reported,2025-07-29,True,True,pg_2025q4,https://www.pginvestor.com/news/news-details/2025/PG-Announces-Fourth-Quarter-and-Fiscal-Year-2025-Results/default.aspx,table[7]/row[15] (zero based); TOTAL OPERATING ACTIVITIES,sources/pg_2025q4_tables.json,,"TOTAL OPERATING ACTIVITIES | 17,817 | 19,846"
PG,2023-07-01,2024-06-30,2024Q2,FY2024Q4,fiscal_ytd,Consolidated,operating_cash_flow,19846.0,USD million,reported,2025-07-29,True,True,pg_2025q4,https://www.pginvestor.com/news/news-details/2025/PG-Announces-Fourth-Quarter-and-Fiscal-Year-2025-Results/default.aspx,table[7]/row[15] (zero based); TOTAL OPERATING ACTIVITIES,sources/pg_2025q4_tables.json,,"TOTAL OPERATING ACTIVITIES | 17,817 | 19,846"
PG,2024-07-01,2025-06-30,2025Q2,FY2025Q4,fiscal_ytd,Consolidated,capital_expenditures_signed,-3773.0,USD million,reported,2025-07-29,True,True,pg_2025q4,https://www.pginvestor.com/news/news-details/2025/PG-Announces-Fourth-Quarter-and-Fiscal-Year-2025-Results/default.aspx,table[7]/row[17] (zero based); Capital expenditures,sources/pg_2025q4_tables.json,,"Capital expenditures | (3,773 | ) | (3,322 | )"
PG,2023-07-01,2024-06-30,2024Q2,FY2024Q4,fiscal_ytd,Consolidated,capital_expenditures_signed,-3322.0,USD million,reported,2025-07-29,True,True,pg_2025q4,https://www.pginvestor.com/news/news-details/2025/PG-Announces-Fourth-Quarter-and-Fiscal-Year-2025-Results/default.aspx,table[7]/row[17] (zero based); Capital expenditures,sources/pg_2025q4_tables.json,,"Capital expenditures | (3,773 | ) | (3,322 | )"
PG,,2025-06-30,2025Q2,FY2025Q4,instant,Consolidated,cash_equivalents,9556.0,USD million,reported,2025-07-29,True,True,pg_2025q4,https://www.pginvestor.com/news/news-details/2025/PG-Announces-Fourth-Quarter-and-Fiscal-Year-2025-Results/default.aspx,table[8]/row[2] (zero based); Cash and cash equivalents,sources/pg_2025q4_tables.json,,"Cash and cash equivalents | $ | 9,556 | $ | 9,482"
PG,,2025-06-30,2025Q2,FY2025Q4,instant,Consolidated,total_assets,125231.0,USD million,reported,2025-07-29,True,True,pg_2025q4,https://www.pginvestor.com/news/news-details/2025/PG-Announces-Fourth-Quarter-and-Fiscal-Year-2025-Results/default.aspx,table[8]/row[11] (zero based); TOTAL ASSETS,sources/pg_2025q4_tables.json,,"TOTAL ASSETS | $ | 125,231 | $ | 122,370"
PG,,2025-06-30,2025Q2,FY2025Q4,instant,Consolidated,current_debt,9513.0,USD million,reported,2025-07-29,True,True,pg_2025q4,https://www.pginvestor.com/news/news-details/2025/PG-Announces-Fourth-Quarter-and-Fiscal-Year-2025-Results/default.aspx,table[8]/row[15] (zero based); Debt due within one year,sources/pg_2025q4_tables.json,,"Debt due within one year | 9,513 | 7,191"
PG,,2025-06-30,2025Q2,FY2025Q4,instant,Consolidated,equity,52284.0,USD million,reported,2025-07-29,True,True,pg_2025q4,https://www.pginvestor.com/news/news-details/2025/PG-Announces-Fourth-Quarter-and-Fiscal-Year-2025-Results/default.aspx,table[8]/row[21] (zero based); TOTAL SHAREHOLDERS' EQUITY,sources/pg_2025q4_tables.json,,"TOTAL SHAREHOLDERS' EQUITY | 52,284 | 50,559"
PG,2025-04-01,2025-06-30,2025Q2,FY2025Q4,quarter,Consolidated,operating_cash_flow,4985.0,USD million,reported,2025-07-29,True,True,pg_2025q4,https://www.pginvestor.com/news/news-details/2025/PG-Announces-Fourth-Quarter-and-Fiscal-Year-2025-Results/default.aspx,table[15]/row[2] (zero based); Operating Cash Flow,sources/pg_2025q4_tables.json,,"$4,985 | $(996) | $3,989"
PG,2025-04-01,2025-06-30,2025Q2,FY2025Q4,quarter,Consolidated,capital_expenditures_signed,-996.0,USD million,reported,2025-07-29,True,True,pg_2025q4,https://www.pginvestor.com/news/news-details/2025/PG-Announces-Fourth-Quarter-and-Fiscal-Year-2025-Results/default.aspx,table[15]/row[2] (zero based); Capital Spending,sources/pg_2025q4_tables.json,,"$4,985 | $(996) | $3,989"
PG,2024-04-01,2024-06-30,2024Q2,FY2024Q4,quarter,Consolidated,operating_cash_flow,5754.0,USD million,derived_quarter,2025-07-29,True,True,pg_2025q4,https://www.pginvestor.com/news/news-details/2025/PG-Announces-Fourth-Quarter-and-Fiscal-Year-2025-Results/default.aspx,table[7]/row[15] (zero based); TOTAL OPERATING ACTIVITIES,sources/pg_2025q4_tables.json,"Fiscal YTD less previous fiscal YTD: 19846.0 - 14092.0; component source pg_2025q3, table[5]/row[17] (zero based); TOTAL OPERATING ACTIVITIES","TOTAL OPERATING ACTIVITIES | 17,817 | 19,846 MINUS TOTAL OPERATING ACTIVITIES | 12,832 | 14,092"
PG,2024-04-01,2024-06-30,2024Q2,FY2024Q4,quarter,Consolidated,capital_expenditures_signed,-783.0,USD million,derived_quarter,2025-07-29,True,True,pg_2025q4,https://www.pginvestor.com/news/news-details/2025/PG-Announces-Fourth-Quarter-and-Fiscal-Year-2025-Results/default.aspx,table[7]/row[17] (zero based); Capital expenditures,sources/pg_2025q4_tables.json,"Fiscal YTD less previous fiscal YTD: -3322.0 - -2539.0; component source pg_2025q3, table[5]/row[19] (zero based); Capital expenditures","Capital expenditures | (3,773 | ) | (3,322 | ) MINUS Capital expenditures | (2,777 | ) | (2,539 | )"
TRV,2025-07-01,2025-09-30,2025Q3,2025Q3,quarter,Consolidated,net_written_premiums,11473.0,USD million,reported,2025-10-16,True,True,trv_2025q3,https://investor.travelers.com/newsroom/press-releases/news-details/2025/Travelers-Reports-Excellent-Third-Quarter-and-Year-to-Date-Results/default.aspx,table[0]/row[3] (zero based); Net written premiums,sources/trv_2025q3_tables.json,,"Net written premiums | $ | 11,473 | $ | 11,317 | 1 | % | $ | 33,531 | $ | 32,614 | 3 | %"
TRV,2024-07-01,2024-09-30,2024Q3,2024Q3,quarter,Consolidated,net_written_premiums,11317.0,USD million,reported,2025-10-16,True,True,trv_2025q3,https://investor.travelers.com/newsroom/press-releases/news-details/2025/Travelers-Reports-Excellent-Third-Quarter-and-Year-to-Date-Results/default.aspx,table[0]/row[3] (zero based); Net written premiums,sources/trv_2025q3_tables.json,,"Net written premiums | $ | 11,473 | $ | 11,317 | 1 | % | $ | 33,531 | $ | 32,614 | 3 | %"
TRV,2025-07-01,2025-09-30,2025Q3,2025Q3,quarter,Consolidated,total_revenues,12470.0,USD million,reported,2025-10-16,True,True,trv_2025q3,https://investor.travelers.com/newsroom/press-releases/news-details/2025/Travelers-Reports-Excellent-Third-Quarter-and-Year-to-Date-Results/default.aspx,table[0]/row[5] (zero based); Total revenues,sources/trv_2025q3_tables.json,,"Total revenues | $ | 12,470 | $ | 11,904 | 5 | $ | 36,396 | $ | 34,415 | 6"
TRV,2024-07-01,2024-09-30,2024Q3,2024Q3,quarter,Consolidated,total_revenues,11904.0,USD million,reported,2025-10-16,True,True,trv_2025q3,https://investor.travelers.com/newsroom/press-releases/news-details/2025/Travelers-Reports-Excellent-Third-Quarter-and-Year-to-Date-Results/default.aspx,table[0]/row[5] (zero based); Total revenues,sources/trv_2025q3_tables.json,,"Total revenues | $ | 12,470 | $ | 11,904 | 5 | $ | 36,396 | $ | 34,415 | 6"
TRV,2025-07-01,2025-09-30,2025Q3,2025Q3,quarter,Consolidated,net_income,1888.0,USD million,reported,2025-10-16,True,True,trv_2025q3,https://investor.travelers.com/newsroom/press-releases/news-details/2025/Travelers-Reports-Excellent-Third-Quarter-and-Year-to-Date-Results/default.aspx,table[0]/row[6] (zero based); Net income,sources/trv_2025q3_tables.json,,"Net income | $ | 1,888 | $ | 1,260 | 50 | $ | 3,792 | $ | 2,917 | 30"
TRV,2024-07-01,2024-09-30,2024Q3,2024Q3,quarter,Consolidated,net_income,1260.0,USD million,reported,2025-10-16,True,True,trv_2025q3,https://investor.travelers.com/newsroom/press-releases/news-details/2025/Travelers-Reports-Excellent-Third-Quarter-and-Year-to-Date-Results/default.aspx,table[0]/row[6] (zero based); Net income,sources/trv_2025q3_tables.json,,"Net income | $ | 1,888 | $ | 1,260 | 50 | $ | 3,792 | $ | 2,917 | 30"
TRV,2025-07-01,2025-09-30,2025Q3,2025Q3,quarter,Consolidated,core_income,1867.0,USD million,reported,2025-10-16,True,True,trv_2025q3,https://investor.travelers.com/newsroom/press-releases/news-details/2025/Travelers-Reports-Excellent-Third-Quarter-and-Year-to-Date-Results/default.aspx,table[0]/row[8] (zero based); Core income,sources/trv_2025q3_tables.json,,"Core income | $ | 1,867 | $ | 1,218 | 53 | $ | 3,814 | $ | 2,899 | 32"
TRV,2024-07-01,2024-09-30,2024Q3,2024Q3,quarter,Consolidated,core_income,1218.0,USD million,reported,2025-10-16,True,True,trv_2025q3,https://investor.travelers.com/newsroom/press-releases/news-details/2025/Travelers-Reports-Excellent-Third-Quarter-and-Year-to-Date-Results/default.aspx,table[0]/row[8] (zero based); Core income,sources/trv_2025q3_tables.json,,"Core income | $ | 1,867 | $ | 1,218 | 53 | $ | 3,814 | $ | 2,899 | 32"
TRV,2025-07-01,2025-09-30,2025Q3,2025Q3,quarter,Consolidated,diluted_shares,227.5,million shares,reported,2025-10-16,True,True,trv_2025q3,https://investor.travelers.com/newsroom/press-releases/news-details/2025/Travelers-Reports-Excellent-Third-Quarter-and-Year-to-Date-Results/default.aspx,table[0]/row[10] (zero based); Diluted weighted average shares outstanding,sources/trv_2025q3_tables.json,,Diluted weighted average shares outstanding | 227.5 | 230.6 | (1 | ) | 228.9 | 231.3 | (1 | )
TRV,2024-07-01,2024-09-30,2024Q3,2024Q3,quarter,Consolidated,diluted_shares,230.6,million shares,reported,2025-10-16,True,True,trv_2025q3,https://investor.travelers.com/newsroom/press-releases/news-details/2025/Travelers-Reports-Excellent-Third-Quarter-and-Year-to-Date-Results/default.aspx,table[0]/row[10] (zero based); Diluted weighted average shares outstanding,sources/trv_2025q3_tables.json,,Diluted weighted average shares outstanding | 227.5 | 230.6 | (1 | ) | 228.9 | 231.3 | (1 | )
TRV,2025-07-01,2025-09-30,2025Q3,2025Q3,quarter,Consolidated,combined_ratio,87.3,percent,reported,2025-10-16,True,True,trv_2025q3,https://investor.travelers.com/newsroom/press-releases/news-details/2025/Travelers-Reports-Excellent-Third-Quarter-and-Year-to-Date-Results/default.aspx,table[0]/row[11] (zero based); Combined ratio,sources/trv_2025q3_tables.json,,Combined ratio | 87.3 | % | 93.2 | % | (5.9 | ) | pts | 93.2 | % | 95.7 | % | (2.5 | ) | pts
TRV,2024-07-01,2024-09-30,2024Q3,2024Q3,quarter,Consolidated,combined_ratio,93.2,percent,reported,2025-10-16,True,True,trv_2025q3,https://investor.travelers.com/newsroom/press-releases/news-details/2025/Travelers-Reports-Excellent-Third-Quarter-and-Year-to-Date-Results/default.aspx,table[0]/row[11] (zero based); Combined ratio,sources/trv_2025q3_tables.json,,Combined ratio | 87.3 | % | 93.2 | % | (5.9 | ) | pts | 93.2 | % | 95.7 | % | (2.5 | ) | pts
TRV,2025-07-01,2025-09-30,2025Q3,2025Q3,quarter,Consolidated,underlying_combined_ratio,83.9,percent,reported,2025-10-16,True,True,trv_2025q3,https://investor.travelers.com/newsroom/press-releases/news-details/2025/Travelers-Reports-Excellent-Third-Quarter-and-Year-to-Date-Results/default.aspx,table[0]/row[12] (zero based); Underlying combined ratio,sources/trv_2025q3_tables.json,,Underlying combined ratio | 83.9 | % | 85.6 | % | (1.7 | ) | pts | 84.4 | % | 87.0 | % | (2.6 | ) | pts
TRV,2024-07-01,2024-09-30,2024Q3,2024Q3,quarter,Consolidated,underlying_combined_ratio,85.6,percent,reported,2025-10-16,True,True,trv_2025q3,https://investor.travelers.com/newsroom/press-releases/news-details/2025/Travelers-Reports-Excellent-Third-Quarter-and-Year-to-Date-Results/default.aspx,table[0]/row[12] (zero based); Underlying combined ratio,sources/trv_2025q3_tables.json,,Underlying combined ratio | 83.9 | % | 85.6 | % | (1.7 | ) | pts | 84.4 | % | 87.0 | % | (2.6 | ) | pts
TRV,2025-07-01,2025-09-30,2025Q3,2025Q3,quarter,Consolidated,underwriting_gain,1378.0,USD million,reported,2025-10-16,True,True,trv_2025q3,https://investor.travelers.com/newsroom/press-releases/news-details/2025/Travelers-Reports-Excellent-Third-Quarter-and-Year-to-Date-Results/default.aspx,table[2]/row[3] (zero based); Underwriting gain:,sources/trv_2025q3_tables.json,,"Underwriting gain: | $ | 1,378 | $ | 685 | $ | 693 | $ | 2,095 | $ | 1,197 | $ | 898"
TRV,2024-07-01,2024-09-30,2024Q3,2024Q3,quarter,Consolidated,underwriting_gain,685.0,USD million,reported,2025-10-16,True,True,trv_2025q3,https://investor.travelers.com/newsroom/press-releases/news-details/2025/Travelers-Reports-Excellent-Third-Quarter-and-Year-to-Date-Results/default.aspx,table[2]/row[3] (zero based); Underwriting gain:,sources/trv_2025q3_tables.json,,"Underwriting gain: | $ | 1,378 | $ | 685 | $ | 693 | $ | 2,095 | $ | 1,197 | $ | 898"
TRV,2025-07-01,2025-09-30,2025Q3,2025Q3,quarter,Consolidated,favorable_prior_year_development,22.0,USD million,reported,2025-10-16,True,True,trv_2025q3,https://investor.travelers.com/newsroom/press-releases/news-details/2025/Travelers-Reports-Excellent-Third-Quarter-and-Year-to-Date-Results/default.aspx,table[2]/row[5] (zero based); Net favorable prior year reserve development,sources/trv_2025q3_tables.json,,Net favorable prior year reserve development | 22 | 126 | (104 | ) | 715 | 447 | 268
TRV,2024-07-01,2024-09-30,2024Q3,2024Q3,quarter,Consolidated,favorable_prior_year_development,126.0,USD million,reported,2025-10-16,True,True,trv_2025q3,https://investor.travelers.com/newsroom/press-releases/news-details/2025/Travelers-Reports-Excellent-Third-Quarter-and-Year-to-Date-Results/default.aspx,table[2]/row[5] (zero based); Net favorable prior year reserve development,sources/trv_2025q3_tables.json,,Net favorable prior year reserve development | 22 | 126 | (104 | ) | 715 | 447 | 268
TRV,2025-07-01,2025-09-30,2025Q3,2025Q3,quarter,Consolidated,catastrophe_losses_signed,-402.0,USD million,reported,2025-10-16,True,True,trv_2025q3,https://investor.travelers.com/newsroom/press-releases/news-details/2025/Travelers-Reports-Excellent-Third-Quarter-and-Year-to-Date-Results/default.aspx,"table[2]/row[6] (zero based); Catastrophes, net of reinsurance",sources/trv_2025q3_tables.json,,"Catastrophes, net of reinsurance | (402 | ) | (939 | ) | 537 | (3,595 | ) | (3,160 | ) | (435 | )"
TRV,2024-07-01,2024-09-30,2024Q3,2024Q3,quarter,Consolidated,catastrophe_losses_signed,-939.0,USD million,reported,2025-10-16,True,True,trv_2025q3,https://investor.travelers.com/newsroom/press-releases/news-details/2025/Travelers-Reports-Excellent-Third-Quarter-and-Year-to-Date-Results/default.aspx,"table[2]/row[6] (zero based); Catastrophes, net of reinsurance",sources/trv_2025q3_tables.json,,"Catastrophes, net of reinsurance | (402 | ) | (939 | ) | 537 | (3,595 | ) | (3,160 | ) | (435 | )"
TRV,2025-07-01,2025-09-30,2025Q3,2025Q3,quarter,Consolidated,investment_income_pretax,1033.0,USD million,reported,2025-10-16,True,True,trv_2025q3,https://investor.travelers.com/newsroom/press-releases/news-details/2025/Travelers-Reports-Excellent-Third-Quarter-and-Year-to-Date-Results/default.aspx,table[2]/row[7] (zero based); Net investment income,sources/trv_2025q3_tables.json,,"Net investment income | 1,033 | 904 | 129 | 2,905 | 2,635 | 270"
TRV,2024-07-01,2024-09-30,2024Q3,2024Q3,quarter,Consolidated,investment_income_pretax,904.0,USD million,reported,2025-10-16,True,True,trv_2025q3,https://investor.travelers.com/newsroom/press-releases/news-details/2025/Travelers-Reports-Excellent-Third-Quarter-and-Year-to-Date-Results/default.aspx,table[2]/row[7] (zero based); Net investment income,sources/trv_2025q3_tables.json,,"Net investment income | 1,033 | 904 | 129 | 2,905 | 2,635 | 270"
TRV,2025-07-01,2025-09-30,2025Q3,2025Q3,quarter,Consolidated,other_income_including_interest,-94.0,USD million,reported,2025-10-16,True,True,trv_2025q3,https://investor.travelers.com/newsroom/press-releases/news-details/2025/Travelers-Reports-Excellent-Third-Quarter-and-Year-to-Date-Results/default.aspx,"table[2]/row[8] (zero based); Other income (expense), including interest expense",sources/trv_2025q3_tables.json,,"Other income (expense), including interest expense | (94 | ) | (84 | ) | (10 | ) | (279 | ) | (271 | ) | (8 | )"
TRV,2024-07-01,2024-09-30,2024Q3,2024Q3,quarter,Consolidated,other_income_including_interest,-84.0,USD million,reported,2025-10-16,True,True,trv_2025q3,https://investor.travelers.com/newsroom/press-releases/news-details/2025/Travelers-Reports-Excellent-Third-Quarter-and-Year-to-Date-Results/default.aspx,"table[2]/row[8] (zero based); Other income (expense), including interest expense",sources/trv_2025q3_tables.json,,"Other income (expense), including interest expense | (94 | ) | (84 | ) | (10 | ) | (279 | ) | (271 | ) | (8 | )"
TRV,2025-07-01,2025-09-30,2025Q3,2025Q3,quarter,Consolidated,core_pretax_income,2317.0,USD million,reported,2025-10-16,True,True,trv_2025q3,https://investor.travelers.com/newsroom/press-releases/news-details/2025/Travelers-Reports-Excellent-Third-Quarter-and-Year-to-Date-Results/default.aspx,table[2]/row[9] (zero based); Core income before income taxes,sources/trv_2025q3_tables.json,,"Core income before income taxes | 2,317 | 1,505 | 812 | 4,721 | 3,561 | 1,160"
TRV,2024-07-01,2024-09-30,2024Q3,2024Q3,quarter,Consolidated,core_pretax_income,1505.0,USD million,reported,2025-10-16,True,True,trv_2025q3,https://investor.travelers.com/newsroom/press-releases/news-details/2025/Travelers-Reports-Excellent-Third-Quarter-and-Year-to-Date-Results/default.aspx,table[2]/row[9] (zero based); Core income before income taxes,sources/trv_2025q3_tables.json,,"Core income before income taxes | 2,317 | 1,505 | 812 | 4,721 | 3,561 | 1,160"
TRV,2025-07-01,2025-09-30,2025Q3,2025Q3,quarter,Consolidated,core_income_tax,450.0,USD million,reported,2025-10-16,True,True,trv_2025q3,https://investor.travelers.com/newsroom/press-releases/news-details/2025/Travelers-Reports-Excellent-Third-Quarter-and-Year-to-Date-Results/default.aspx,table[2]/row[10] (zero based); Income tax expense,sources/trv_2025q3_tables.json,,Income tax expense | 450 | 287 | 163 | 907 | 662 | 245
TRV,2024-07-01,2024-09-30,2024Q3,2024Q3,quarter,Consolidated,core_income_tax,287.0,USD million,reported,2025-10-16,True,True,trv_2025q3,https://investor.travelers.com/newsroom/press-releases/news-details/2025/Travelers-Reports-Excellent-Third-Quarter-and-Year-to-Date-Results/default.aspx,table[2]/row[10] (zero based); Income tax expense,sources/trv_2025q3_tables.json,,Income tax expense | 450 | 287 | 163 | 907 | 662 | 245
TRV,2025-07-01,2025-09-30,2025Q3,2025Q3,quarter,Consolidated,realized_gains_aftertax,21.0,USD million,reported,2025-10-16,True,True,trv_2025q3,https://investor.travelers.com/newsroom/press-releases/news-details/2025/Travelers-Reports-Excellent-Third-Quarter-and-Year-to-Date-Results/default.aspx,table[2]/row[12] (zero based); Net realized investment gains (losses) after income taxes,sources/trv_2025q3_tables.json,,Net realized investment gains (losses) after income taxes | 21 | 42 | (21 | ) | (22 | ) | 18 | (40 | )
TRV,2024-07-01,2024-09-30,2024Q3,2024Q3,quarter,Consolidated,realized_gains_aftertax,42.0,USD million,reported,2025-10-16,True,True,trv_2025q3,https://investor.travelers.com/newsroom/press-releases/news-details/2025/Travelers-Reports-Excellent-Third-Quarter-and-Year-to-Date-Results/default.aspx,table[2]/row[12] (zero based); Net realized investment gains (losses) after income taxes,sources/trv_2025q3_tables.json,,Net realized investment gains (losses) after income taxes | 21 | 42 | (21 | ) | (22 | ) | 18 | (40 | )
TRV,2025-07-01,2025-09-30,2025Q3,2025Q3,quarter,Business Insurance,net_written_premiums,5675.0,USD million,reported,2025-10-16,True,True,trv_2025q3,https://investor.travelers.com/newsroom/press-releases/news-details/2025/Travelers-Reports-Excellent-Third-Quarter-and-Year-to-Date-Results/default.aspx,table[2]/row[22] (zero based); Business Insurance,sources/trv_2025q3_tables.json,,"Business Insurance | $ | 5,675 | $ | 5,517 | 3 | % | $ | 17,165 | $ | 16,652 | 3 | %"
TRV,2024-07-01,2024-09-30,2024Q3,2024Q3,quarter,Business Insurance,net_written_premiums,5517.0,USD million,reported,2025-10-16,True,True,trv_2025q3,https://investor.travelers.com/newsroom/press-releases/news-details/2025/Travelers-Reports-Excellent-Third-Quarter-and-Year-to-Date-Results/default.aspx,table[2]/row[22] (zero based); Business Insurance,sources/trv_2025q3_tables.json,,"Business Insurance | $ | 5,675 | $ | 5,517 | 3 | % | $ | 17,165 | $ | 16,652 | 3 | %"
TRV,2025-07-01,2025-09-30,2025Q3,2025Q3,quarter,Bond & Specialty Insurance,net_written_premiums,1080.0,USD million,reported,2025-10-16,True,True,trv_2025q3,https://investor.travelers.com/newsroom/press-releases/news-details/2025/Travelers-Reports-Excellent-Third-Quarter-and-Year-to-Date-Results/default.aspx,table[2]/row[23] (zero based); Bond & Specialty Insurance,sources/trv_2025q3_tables.json,,"Bond & Specialty Insurance | 1,080 | 1,072 | 1 | 3,164 | 3,055 | 4"
TRV,2024-07-01,2024-09-30,2024Q3,2024Q3,quarter,Bond & Specialty Insurance,net_written_premiums,1072.0,USD million,reported,2025-10-16,True,True,trv_2025q3,https://investor.travelers.com/newsroom/press-releases/news-details/2025/Travelers-Reports-Excellent-Third-Quarter-and-Year-to-Date-Results/default.aspx,table[2]/row[23] (zero based); Bond & Specialty Insurance,sources/trv_2025q3_tables.json,,"Bond & Specialty Insurance | 1,080 | 1,072 | 1 | 3,164 | 3,055 | 4"
TRV,2025-07-01,2025-09-30,2025Q3,2025Q3,quarter,Personal Insurance,net_written_premiums,4718.0,USD million,reported,2025-10-16,True,True,trv_2025q3,https://investor.travelers.com/newsroom/press-releases/news-details/2025/Travelers-Reports-Excellent-Third-Quarter-and-Year-to-Date-Results/default.aspx,table[2]/row[24] (zero based); Personal Insurance,sources/trv_2025q3_tables.json,,"Personal Insurance | 4,718 | 4,728 | — | 13,202 | 12,907 | 2"
TRV,2024-07-01,2024-09-30,2024Q3,2024Q3,quarter,Personal Insurance,net_written_premiums,4728.0,USD million,reported,2025-10-16,True,True,trv_2025q3,https://investor.travelers.com/newsroom/press-releases/news-details/2025/Travelers-Reports-Excellent-Third-Quarter-and-Year-to-Date-Results/default.aspx,table[2]/row[24] (zero based); Personal Insurance,sources/trv_2025q3_tables.json,,"Personal Insurance | 4,718 | 4,728 | — | 13,202 | 12,907 | 2"
TRV,2025-07-01,2025-09-30,2025Q3,2025Q3,quarter,Business Insurance,underwriting_gain,392.0,USD million,reported,2025-10-16,True,True,trv_2025q3,https://investor.travelers.com/newsroom/press-releases/news-details/2025/Travelers-Reports-Excellent-Third-Quarter-and-Year-to-Date-Results/default.aspx,table[3]/row[3] (zero based); Underwriting gain:,sources/trv_2025q3_tables.json,,Underwriting gain: | $ | 392 | $ | 219 | $ | 173 | $ | 933 | $ | 746 | $ | 187
TRV,2024-07-01,2024-09-30,2024Q3,2024Q3,quarter,Business Insurance,underwriting_gain,219.0,USD million,reported,2025-10-16,True,True,trv_2025q3,https://investor.travelers.com/newsroom/press-releases/news-details/2025/Travelers-Reports-Excellent-Third-Quarter-and-Year-to-Date-Results/default.aspx,table[3]/row[3] (zero based); Underwriting gain:,sources/trv_2025q3_tables.json,,Underwriting gain: | $ | 392 | $ | 219 | $ | 173 | $ | 933 | $ | 746 | $ | 187
TRV,2025-07-01,2025-09-30,2025Q3,2025Q3,quarter,Business Insurance,catastrophe_losses_signed,-139.0,USD million,reported,2025-10-16,True,True,trv_2025q3,https://investor.travelers.com/newsroom/press-releases/news-details/2025/Travelers-Reports-Excellent-Third-Quarter-and-Year-to-Date-Results/default.aspx,"table[3]/row[6] (zero based); Catastrophes, net of reinsurance",sources/trv_2025q3_tables.json,,"Catastrophes, net of reinsurance | (139 | ) | (340 | ) | 201 | (1,016 | ) | (938 | ) | (78 | )"
TRV,2024-07-01,2024-09-30,2024Q3,2024Q3,quarter,Business Insurance,catastrophe_losses_signed,-340.0,USD million,reported,2025-10-16,True,True,trv_2025q3,https://investor.travelers.com/newsroom/press-releases/news-details/2025/Travelers-Reports-Excellent-Third-Quarter-and-Year-to-Date-Results/default.aspx,"table[3]/row[6] (zero based); Catastrophes, net of reinsurance",sources/trv_2025q3_tables.json,,"Catastrophes, net of reinsurance | (139 | ) | (340 | ) | 201 | (1,016 | ) | (938 | ) | (78 | )"
TRV,2025-07-01,2025-09-30,2025Q3,2025Q3,quarter,Business Insurance,investment_income_pretax,727.0,USD million,reported,2025-10-16,True,True,trv_2025q3,https://investor.travelers.com/newsroom/press-releases/news-details/2025/Travelers-Reports-Excellent-Third-Quarter-and-Year-to-Date-Results/default.aspx,table[3]/row[7] (zero based); Net investment income,sources/trv_2025q3_tables.json,,"Net investment income | 727 | 642 | 85 | 2,045 | 1,883 | 162"
TRV,2024-07-01,2024-09-30,2024Q3,2024Q3,quarter,Business Insurance,investment_income_pretax,642.0,USD million,reported,2025-10-16,True,True,trv_2025q3,https://investor.travelers.com/newsroom/press-releases/news-details/2025/Travelers-Reports-Excellent-Third-Quarter-and-Year-to-Date-Results/default.aspx,table[3]/row[7] (zero based); Net investment income,sources/trv_2025q3_tables.json,,"Net investment income | 727 | 642 | 85 | 2,045 | 1,883 | 162"
TRV,2025-07-01,2025-09-30,2025Q3,2025Q3,quarter,Business Insurance,segment_other_income,-1.0,USD million,reported,2025-10-16,True,True,trv_2025q3,https://investor.travelers.com/newsroom/press-releases/news-details/2025/Travelers-Reports-Excellent-Third-Quarter-and-Year-to-Date-Results/default.aspx,table[3]/row[8] (zero based); Other income (expense),sources/trv_2025q3_tables.json,,Other income (expense) | (1 | ) | (1 | ) | — | (8 | ) | (20 | ) | 12
TRV,2024-07-01,2024-09-30,2024Q3,2024Q3,quarter,Business Insurance,segment_other_income,-1.0,USD million,reported,2025-10-16,True,True,trv_2025q3,https://investor.travelers.com/newsroom/press-releases/news-details/2025/Travelers-Reports-Excellent-Third-Quarter-and-Year-to-Date-Results/default.aspx,table[3]/row[8] (zero based); Other income (expense),sources/trv_2025q3_tables.json,,Other income (expense) | (1 | ) | (1 | ) | — | (8 | ) | (20 | ) | 12
TRV,2025-07-01,2025-09-30,2025Q3,2025Q3,quarter,Business Insurance,segment_pretax_income,1118.0,USD million,reported,2025-10-16,True,True,trv_2025q3,https://investor.travelers.com/newsroom/press-releases/news-details/2025/Travelers-Reports-Excellent-Third-Quarter-and-Year-to-Date-Results/default.aspx,table[3]/row[9] (zero based); Segment income before income taxes,sources/trv_2025q3_tables.json,,"Segment income before income taxes | 1,118 | 860 | 258 | 2,970 | 2,609 | 361"
TRV,2024-07-01,2024-09-30,2024Q3,2024Q3,quarter,Business Insurance,segment_pretax_income,860.0,USD million,reported,2025-10-16,True,True,trv_2025q3,https://investor.travelers.com/newsroom/press-releases/news-details/2025/Travelers-Reports-Excellent-Third-Quarter-and-Year-to-Date-Results/default.aspx,table[3]/row[9] (zero based); Segment income before income taxes,sources/trv_2025q3_tables.json,,"Segment income before income taxes | 1,118 | 860 | 258 | 2,970 | 2,609 | 361"
TRV,2025-07-01,2025-09-30,2025Q3,2025Q3,quarter,Business Insurance,segment_income_tax,211.0,USD million,reported,2025-10-16,True,True,trv_2025q3,https://investor.travelers.com/newsroom/press-releases/news-details/2025/Travelers-Reports-Excellent-Third-Quarter-and-Year-to-Date-Results/default.aspx,table[3]/row[10] (zero based); Income tax expense,sources/trv_2025q3_tables.json,,Income tax expense | 211 | 162 | 49 | 567 | 491 | 76
TRV,2024-07-01,2024-09-30,2024Q3,2024Q3,quarter,Business Insurance,segment_income_tax,162.0,USD million,reported,2025-10-16,True,True,trv_2025q3,https://investor.travelers.com/newsroom/press-releases/news-details/2025/Travelers-Reports-Excellent-Third-Quarter-and-Year-to-Date-Results/default.aspx,table[3]/row[10] (zero based); Income tax expense,sources/trv_2025q3_tables.json,,Income tax expense | 211 | 162 | 49 | 567 | 491 | 76
TRV,2025-07-01,2025-09-30,2025Q3,2025Q3,quarter,Business Insurance,segment_income_aftertax,907.0,USD million,reported,2025-10-16,True,True,trv_2025q3,https://investor.travelers.com/newsroom/press-releases/news-details/2025/Travelers-Reports-Excellent-Third-Quarter-and-Year-to-Date-Results/default.aspx,table[3]/row[11] (zero based); Segment income,sources/trv_2025q3_tables.json,,"Segment income | $ | 907 | $ | 698 | $ | 209 | $ | 2,403 | $ | 2,118 | $ | 285"
TRV,2024-07-01,2024-09-30,2024Q3,2024Q3,quarter,Business Insurance,segment_income_aftertax,698.0,USD million,reported,2025-10-16,True,True,trv_2025q3,https://investor.travelers.com/newsroom/press-releases/news-details/2025/Travelers-Reports-Excellent-Third-Quarter-and-Year-to-Date-Results/default.aspx,table[3]/row[11] (zero based); Segment income,sources/trv_2025q3_tables.json,,"Segment income | $ | 907 | $ | 698 | $ | 209 | $ | 2,403 | $ | 2,118 | $ | 285"
TRV,2025-07-01,2025-09-30,2025Q3,2025Q3,quarter,Business Insurance,combined_ratio,92.9,percent,reported,2025-10-16,True,True,trv_2025q3,https://investor.travelers.com/newsroom/press-releases/news-details/2025/Travelers-Reports-Excellent-Third-Quarter-and-Year-to-Date-Results/default.aspx,table[3]/row[13] (zero based); Combined ratio,sources/trv_2025q3_tables.json,,Combined ratio | 92.9 | % | 95.8 | % | (2.9 | ) | pts | 94.2 | % | 95.1 | % | (0.9 | ) | pts
TRV,2024-07-01,2024-09-30,2024Q3,2024Q3,quarter,Business Insurance,combined_ratio,95.8,percent,reported,2025-10-16,True,True,trv_2025q3,https://investor.travelers.com/newsroom/press-releases/news-details/2025/Travelers-Reports-Excellent-Third-Quarter-and-Year-to-Date-Results/default.aspx,table[3]/row[13] (zero based); Combined ratio,sources/trv_2025q3_tables.json,,Combined ratio | 92.9 | % | 95.8 | % | (2.9 | ) | pts | 94.2 | % | 95.1 | % | (0.9 | ) | pts
TRV,2025-07-01,2025-09-30,2025Q3,2025Q3,quarter,Business Insurance,underlying_combined_ratio,88.3,percent,reported,2025-10-16,True,True,trv_2025q3,https://investor.travelers.com/newsroom/press-releases/news-details/2025/Travelers-Reports-Excellent-Third-Quarter-and-Year-to-Date-Results/default.aspx,table[3]/row[17] (zero based); Underlying combined ratio,sources/trv_2025q3_tables.json,,Underlying combined ratio | 88.3 | % | 87.9 | % | 0.4 | pts | 88.3 | % | 88.8 | % | (0.5 | ) | pts
TRV,2024-07-01,2024-09-30,2024Q3,2024Q3,quarter,Business Insurance,underlying_combined_ratio,87.9,percent,reported,2025-10-16,True,True,trv_2025q3,https://investor.travelers.com/newsroom/press-releases/news-details/2025/Travelers-Reports-Excellent-Third-Quarter-and-Year-to-Date-Results/default.aspx,table[3]/row[17] (zero based); Underlying combined ratio,sources/trv_2025q3_tables.json,,Underlying combined ratio | 88.3 | % | 87.9 | % | 0.4 | pts | 88.3 | % | 88.8 | % | (0.5 | ) | pts
TRV,2025-07-01,2025-09-30,2025Q3,2025Q3,quarter,Bond & Specialty Insurance,underwriting_gain,188.0,USD million,reported,2025-10-16,True,True,trv_2025q3,https://investor.travelers.com/newsroom/press-releases/news-details/2025/Travelers-Reports-Excellent-Third-Quarter-and-Year-to-Date-Results/default.aspx,table[4]/row[3] (zero based); Underwriting gain:,sources/trv_2025q3_tables.json,,Underwriting gain: | $ | 188 | $ | 172 | $ | 16 | $ | 554 | $ | 431 | $ | 123
TRV,2024-07-01,2024-09-30,2024Q3,2024Q3,quarter,Bond & Specialty Insurance,underwriting_gain,172.0,USD million,reported,2025-10-16,True,True,trv_2025q3,https://investor.travelers.com/newsroom/press-releases/news-details/2025/Travelers-Reports-Excellent-Third-Quarter-and-Year-to-Date-Results/default.aspx,table[4]/row[3] (zero based); Underwriting gain:,sources/trv_2025q3_tables.json,,Underwriting gain: | $ | 188 | $ | 172 | $ | 16 | $ | 554 | $ | 431 | $ | 123
TRV,2025-07-01,2025-09-30,2025Q3,2025Q3,quarter,Bond & Specialty Insurance,favorable_prior_year_development,43.0,USD million,reported,2025-10-16,True,True,trv_2025q3,https://investor.travelers.com/newsroom/press-releases/news-details/2025/Travelers-Reports-Excellent-Third-Quarter-and-Year-to-Date-Results/default.aspx,table[4]/row[5] (zero based); Net favorable prior year reserve development,sources/trv_2025q3_tables.json,,Net favorable prior year reserve development | 43 | 36 | 7 | 191 | 84 | 107
TRV,2024-07-01,2024-09-30,2024Q3,2024Q3,quarter,Bond & Specialty Insurance,favorable_prior_year_development,36.0,USD million,reported,2025-10-16,True,True,trv_2025q3,https://investor.travelers.com/newsroom/press-releases/news-details/2025/Travelers-Reports-Excellent-Third-Quarter-and-Year-to-Date-Results/default.aspx,table[4]/row[5] (zero based); Net favorable prior year reserve development,sources/trv_2025q3_tables.json,,Net favorable prior year reserve development | 43 | 36 | 7 | 191 | 84 | 107
TRV,2025-07-01,2025-09-30,2025Q3,2025Q3,quarter,Bond & Specialty Insurance,catastrophe_losses_signed,0.0,USD million,reported,2025-10-16,True,True,trv_2025q3,https://investor.travelers.com/newsroom/press-releases/news-details/2025/Travelers-Reports-Excellent-Third-Quarter-and-Year-to-Date-Results/default.aspx,"table[4]/row[6] (zero based); Catastrophes, net of reinsurance",sources/trv_2025q3_tables.json,,"Catastrophes, net of reinsurance | — | (4 | ) | 4 | (24 | ) | (49 | ) | 25"
TRV,2024-07-01,2024-09-30,2024Q3,2024Q3,quarter,Bond & Specialty Insurance,catastrophe_losses_signed,-4.0,USD million,reported,2025-10-16,True,True,trv_2025q3,https://investor.travelers.com/newsroom/press-releases/news-details/2025/Travelers-Reports-Excellent-Third-Quarter-and-Year-to-Date-Results/default.aspx,"table[4]/row[6] (zero based); Catastrophes, net of reinsurance",sources/trv_2025q3_tables.json,,"Catastrophes, net of reinsurance | — | (4 | ) | 4 | (24 | ) | (49 | ) | 25"
TRV,2025-07-01,2025-09-30,2025Q3,2025Q3,quarter,Bond & Specialty Insurance,investment_income_pretax,116.0,USD million,reported,2025-10-16,True,True,trv_2025q3,https://investor.travelers.com/newsroom/press-releases/news-details/2025/Travelers-Reports-Excellent-Third-Quarter-and-Year-to-Date-Results/default.aspx,table[4]/row[7] (zero based); Net investment income,sources/trv_2025q3_tables.json,,Net investment income | 116 | 101 | 15 | 325 | 285 | 40
TRV,2024-07-01,2024-09-30,2024Q3,2024Q3,quarter,Bond & Specialty Insurance,investment_income_pretax,101.0,USD million,reported,2025-10-16,True,True,trv_2025q3,https://investor.travelers.com/newsroom/press-releases/news-details/2025/Travelers-Reports-Excellent-Third-Quarter-and-Year-to-Date-Results/default.aspx,table[4]/row[7] (zero based); Net investment income,sources/trv_2025q3_tables.json,,Net investment income | 116 | 101 | 15 | 325 | 285 | 40
TRV,2025-07-01,2025-09-30,2025Q3,2025Q3,quarter,Bond & Specialty Insurance,segment_pretax_income,311.0,USD million,reported,2025-10-16,True,True,trv_2025q3,https://investor.travelers.com/newsroom/press-releases/news-details/2025/Travelers-Reports-Excellent-Third-Quarter-and-Year-to-Date-Results/default.aspx,table[4]/row[9] (zero based); Segment income before income taxes,sources/trv_2025q3_tables.json,,Segment income before income taxes | 311 | 279 | 32 | 894 | 733 | 161
TRV,2024-07-01,2024-09-30,2024Q3,2024Q3,quarter,Bond & Specialty Insurance,segment_pretax_income,279.0,USD million,reported,2025-10-16,True,True,trv_2025q3,https://investor.travelers.com/newsroom/press-releases/news-details/2025/Travelers-Reports-Excellent-Third-Quarter-and-Year-to-Date-Results/default.aspx,table[4]/row[9] (zero based); Segment income before income taxes,sources/trv_2025q3_tables.json,,Segment income before income taxes | 311 | 279 | 32 | 894 | 733 | 161
TRV,2025-07-01,2025-09-30,2025Q3,2025Q3,quarter,Bond & Specialty Insurance,segment_income_tax,61.0,USD million,reported,2025-10-16,True,True,trv_2025q3,https://investor.travelers.com/newsroom/press-releases/news-details/2025/Travelers-Reports-Excellent-Third-Quarter-and-Year-to-Date-Results/default.aspx,table[4]/row[10] (zero based); Income tax expense,sources/trv_2025q3_tables.json,,Income tax expense | 61 | 57 | 4 | 180 | 146 | 34
TRV,2024-07-01,2024-09-30,2024Q3,2024Q3,quarter,Bond & Specialty Insurance,segment_income_tax,57.0,USD million,reported,2025-10-16,True,True,trv_2025q3,https://investor.travelers.com/newsroom/press-releases/news-details/2025/Travelers-Reports-Excellent-Third-Quarter-and-Year-to-Date-Results/default.aspx,table[4]/row[10] (zero based); Income tax expense,sources/trv_2025q3_tables.json,,Income tax expense | 61 | 57 | 4 | 180 | 146 | 34
TRV,2025-07-01,2025-09-30,2025Q3,2025Q3,quarter,Bond & Specialty Insurance,segment_income_aftertax,250.0,USD million,reported,2025-10-16,True,True,trv_2025q3,https://investor.travelers.com/newsroom/press-releases/news-details/2025/Travelers-Reports-Excellent-Third-Quarter-and-Year-to-Date-Results/default.aspx,table[4]/row[11] (zero based); Segment income,sources/trv_2025q3_tables.json,,Segment income | $ | 250 | $ | 222 | $ | 28 | $ | 714 | $ | 587 | $ | 127
TRV,2024-07-01,2024-09-30,2024Q3,2024Q3,quarter,Bond & Specialty Insurance,segment_income_aftertax,222.0,USD million,reported,2025-10-16,True,True,trv_2025q3,https://investor.travelers.com/newsroom/press-releases/news-details/2025/Travelers-Reports-Excellent-Third-Quarter-and-Year-to-Date-Results/default.aspx,table[4]/row[11] (zero based); Segment income,sources/trv_2025q3_tables.json,,Segment income | $ | 250 | $ | 222 | $ | 28 | $ | 714 | $ | 587 | $ | 127
TRV,2025-07-01,2025-09-30,2025Q3,2025Q3,quarter,Bond & Specialty Insurance,combined_ratio,81.6,percent,reported,2025-10-16,True,True,trv_2025q3,https://investor.travelers.com/newsroom/press-releases/news-details/2025/Travelers-Reports-Excellent-Third-Quarter-and-Year-to-Date-Results/default.aspx,table[4]/row[13] (zero based); Combined ratio,sources/trv_2025q3_tables.json,,Combined ratio | 81.6 | % | 82.5 | % | (0.9 | ) | pts | 81.5 | % | 84.9 | % | (3.4 | ) | pts
TRV,2024-07-01,2024-09-30,2024Q3,2024Q3,quarter,Bond & Specialty Insurance,combined_ratio,82.5,percent,reported,2025-10-16,True,True,trv_2025q3,https://investor.travelers.com/newsroom/press-releases/news-details/2025/Travelers-Reports-Excellent-Third-Quarter-and-Year-to-Date-Results/default.aspx,table[4]/row[13] (zero based); Combined ratio,sources/trv_2025q3_tables.json,,Combined ratio | 81.6 | % | 82.5 | % | (0.9 | ) | pts | 81.5 | % | 84.9 | % | (3.4 | ) | pts
TRV,2025-07-01,2025-09-30,2025Q3,2025Q3,quarter,Bond & Specialty Insurance,underlying_combined_ratio,85.8,percent,reported,2025-10-16,True,True,trv_2025q3,https://investor.travelers.com/newsroom/press-releases/news-details/2025/Travelers-Reports-Excellent-Third-Quarter-and-Year-to-Date-Results/default.aspx,table[4]/row[17] (zero based); Underlying combined ratio,sources/trv_2025q3_tables.json,,Underlying combined ratio | 85.8 | % | 85.6 | % | 0.2 | pts | 86.9 | % | 86.1 | % | 0.8 | pts
TRV,2024-07-01,2024-09-30,2024Q3,2024Q3,quarter,Bond & Specialty Insurance,underlying_combined_ratio,85.6,percent,reported,2025-10-16,True,True,trv_2025q3,https://investor.travelers.com/newsroom/press-releases/news-details/2025/Travelers-Reports-Excellent-Third-Quarter-and-Year-to-Date-Results/default.aspx,table[4]/row[17] (zero based); Underlying combined ratio,sources/trv_2025q3_tables.json,,Underlying combined ratio | 85.8 | % | 85.6 | % | 0.2 | pts | 86.9 | % | 86.1 | % | 0.8 | pts
TRV,2025-07-01,2025-09-30,2025Q3,2025Q3,quarter,Personal Insurance,underwriting_gain,798.0,USD million,reported,2025-10-16,True,True,trv_2025q3,https://investor.travelers.com/newsroom/press-releases/news-details/2025/Travelers-Reports-Excellent-Third-Quarter-and-Year-to-Date-Results/default.aspx,table[5]/row[3] (zero based); Underwriting gain:,sources/trv_2025q3_tables.json,,Underwriting gain: | $ | 798 | $ | 294 | $ | 504 | $ | 608 | $ | 20 | $ | 588
TRV,2024-07-01,2024-09-30,2024Q3,2024Q3,quarter,Personal Insurance,underwriting_gain,294.0,USD million,reported,2025-10-16,True,True,trv_2025q3,https://investor.travelers.com/newsroom/press-releases/news-details/2025/Travelers-Reports-Excellent-Third-Quarter-and-Year-to-Date-Results/default.aspx,table[5]/row[3] (zero based); Underwriting gain:,sources/trv_2025q3_tables.json,,Underwriting gain: | $ | 798 | $ | 294 | $ | 504 | $ | 608 | $ | 20 | $ | 588
TRV,2025-07-01,2025-09-30,2025Q3,2025Q3,quarter,Personal Insurance,favorable_prior_year_development,104.0,USD million,reported,2025-10-16,True,True,trv_2025q3,https://investor.travelers.com/newsroom/press-releases/news-details/2025/Travelers-Reports-Excellent-Third-Quarter-and-Year-to-Date-Results/default.aspx,table[5]/row[5] (zero based); Net favorable prior year reserve development,sources/trv_2025q3_tables.json,,Net favorable prior year reserve development | 104 | 181 | (77 | ) | 496 | 420 | 76
TRV,2024-07-01,2024-09-30,2024Q3,2024Q3,quarter,Personal Insurance,favorable_prior_year_development,181.0,USD million,reported,2025-10-16,True,True,trv_2025q3,https://investor.travelers.com/newsroom/press-releases/news-details/2025/Travelers-Reports-Excellent-Third-Quarter-and-Year-to-Date-Results/default.aspx,table[5]/row[5] (zero based); Net favorable prior year reserve development,sources/trv_2025q3_tables.json,,Net favorable prior year reserve development | 104 | 181 | (77 | ) | 496 | 420 | 76
TRV,2025-07-01,2025-09-30,2025Q3,2025Q3,quarter,Personal Insurance,catastrophe_losses_signed,-263.0,USD million,reported,2025-10-16,True,True,trv_2025q3,https://investor.travelers.com/newsroom/press-releases/news-details/2025/Travelers-Reports-Excellent-Third-Quarter-and-Year-to-Date-Results/default.aspx,"table[5]/row[6] (zero based); Catastrophes, net of reinsurance",sources/trv_2025q3_tables.json,,"Catastrophes, net of reinsurance | (263 | ) | (595 | ) | 332 | (2,555 | ) | (2,173 | ) | (382 | )"
TRV,2024-07-01,2024-09-30,2024Q3,2024Q3,quarter,Personal Insurance,catastrophe_losses_signed,-595.0,USD million,reported,2025-10-16,True,True,trv_2025q3,https://investor.travelers.com/newsroom/press-releases/news-details/2025/Travelers-Reports-Excellent-Third-Quarter-and-Year-to-Date-Results/default.aspx,"table[5]/row[6] (zero based); Catastrophes, net of reinsurance",sources/trv_2025q3_tables.json,,"Catastrophes, net of reinsurance | (263 | ) | (595 | ) | 332 | (2,555 | ) | (2,173 | ) | (382 | )"
TRV,2025-07-01,2025-09-30,2025Q3,2025Q3,quarter,Personal Insurance,investment_income_pretax,190.0,USD million,reported,2025-10-16,True,True,trv_2025q3,https://investor.travelers.com/newsroom/press-releases/news-details/2025/Travelers-Reports-Excellent-Third-Quarter-and-Year-to-Date-Results/default.aspx,table[5]/row[7] (zero based); Net investment income,sources/trv_2025q3_tables.json,,Net investment income | 190 | 161 | 29 | 535 | 467 | 68
TRV,2024-07-01,2024-09-30,2024Q3,2024Q3,quarter,Personal Insurance,investment_income_pretax,161.0,USD million,reported,2025-10-16,True,True,trv_2025q3,https://investor.travelers.com/newsroom/press-releases/news-details/2025/Travelers-Reports-Excellent-Third-Quarter-and-Year-to-Date-Results/default.aspx,table[5]/row[7] (zero based); Net investment income,sources/trv_2025q3_tables.json,,Net investment income | 190 | 161 | 29 | 535 | 467 | 68
TRV,2025-07-01,2025-09-30,2025Q3,2025Q3,quarter,Personal Insurance,segment_pretax_income,1012.0,USD million,reported,2025-10-16,True,True,trv_2025q3,https://investor.travelers.com/newsroom/press-releases/news-details/2025/Travelers-Reports-Excellent-Third-Quarter-and-Year-to-Date-Results/default.aspx,table[5]/row[9] (zero based); Segment income before income taxes,sources/trv_2025q3_tables.json,,"Segment income before income taxes | 1,012 | 475 | 537 | 1,202 | 544 | 658"
TRV,2024-07-01,2024-09-30,2024Q3,2024Q3,quarter,Personal Insurance,segment_pretax_income,475.0,USD million,reported,2025-10-16,True,True,trv_2025q3,https://investor.travelers.com/newsroom/press-releases/news-details/2025/Travelers-Reports-Excellent-Third-Quarter-and-Year-to-Date-Results/default.aspx,table[5]/row[9] (zero based); Segment income before income taxes,sources/trv_2025q3_tables.json,,"Segment income before income taxes | 1,012 | 475 | 537 | 1,202 | 544 | 658"
TRV,2025-07-01,2025-09-30,2025Q3,2025Q3,quarter,Personal Insurance,segment_income_tax,205.0,USD million,reported,2025-10-16,True,True,trv_2025q3,https://investor.travelers.com/newsroom/press-releases/news-details/2025/Travelers-Reports-Excellent-Third-Quarter-and-Year-to-Date-Results/default.aspx,table[5]/row[10] (zero based); Income tax expense,sources/trv_2025q3_tables.json,,Income tax expense | 205 | 91 | 114 | 235 | 93 | 142
TRV,2024-07-01,2024-09-30,2024Q3,2024Q3,quarter,Personal Insurance,segment_income_tax,91.0,USD million,reported,2025-10-16,True,True,trv_2025q3,https://investor.travelers.com/newsroom/press-releases/news-details/2025/Travelers-Reports-Excellent-Third-Quarter-and-Year-to-Date-Results/default.aspx,table[5]/row[10] (zero based); Income tax expense,sources/trv_2025q3_tables.json,,Income tax expense | 205 | 91 | 114 | 235 | 93 | 142
TRV,2025-07-01,2025-09-30,2025Q3,2025Q3,quarter,Personal Insurance,segment_income_aftertax,807.0,USD million,reported,2025-10-16,True,True,trv_2025q3,https://investor.travelers.com/newsroom/press-releases/news-details/2025/Travelers-Reports-Excellent-Third-Quarter-and-Year-to-Date-Results/default.aspx,table[5]/row[11] (zero based); Segment income,sources/trv_2025q3_tables.json,,Segment income | $ | 807 | $ | 384 | $ | 423 | $ | 967 | $ | 451 | $ | 516
TRV,2024-07-01,2024-09-30,2024Q3,2024Q3,quarter,Personal Insurance,segment_income_aftertax,384.0,USD million,reported,2025-10-16,True,True,trv_2025q3,https://investor.travelers.com/newsroom/press-releases/news-details/2025/Travelers-Reports-Excellent-Third-Quarter-and-Year-to-Date-Results/default.aspx,table[5]/row[11] (zero based); Segment income,sources/trv_2025q3_tables.json,,Segment income | $ | 807 | $ | 384 | $ | 423 | $ | 967 | $ | 451 | $ | 516
TRV,2025-07-01,2025-09-30,2025Q3,2025Q3,quarter,Personal Insurance,combined_ratio,81.3,percent,reported,2025-10-16,True,True,trv_2025q3,https://investor.travelers.com/newsroom/press-releases/news-details/2025/Travelers-Reports-Excellent-Third-Quarter-and-Year-to-Date-Results/default.aspx,table[5]/row[13] (zero based); Combined ratio,sources/trv_2025q3_tables.json,,Combined ratio | 81.3 | % | 92.5 | % | (11.2 | ) | pts | 94.8 | % | 99.2 | % | (4.4 | ) | pts
TRV,2024-07-01,2024-09-30,2024Q3,2024Q3,quarter,Personal Insurance,combined_ratio,92.5,percent,reported,2025-10-16,True,True,trv_2025q3,https://investor.travelers.com/newsroom/press-releases/news-details/2025/Travelers-Reports-Excellent-Third-Quarter-and-Year-to-Date-Results/default.aspx,table[5]/row[13] (zero based); Combined ratio,sources/trv_2025q3_tables.json,,Combined ratio | 81.3 | % | 92.5 | % | (11.2 | ) | pts | 94.8 | % | 99.2 | % | (4.4 | ) | pts
TRV,2025-07-01,2025-09-30,2025Q3,2025Q3,quarter,Personal Insurance,underlying_combined_ratio,77.7,percent,reported,2025-10-16,True,True,trv_2025q3,https://investor.travelers.com/newsroom/press-releases/news-details/2025/Travelers-Reports-Excellent-Third-Quarter-and-Year-to-Date-Results/default.aspx,table[5]/row[17] (zero based); Underlying combined ratio,sources/trv_2025q3_tables.json,,Underlying combined ratio | 77.7 | % | 82.7 | % | (5.0 | ) | pts | 78.9 | % | 85.0 | % | (6.1 | ) | pts
TRV,2024-07-01,2024-09-30,2024Q3,2024Q3,quarter,Personal Insurance,underlying_combined_ratio,82.7,percent,reported,2025-10-16,True,True,trv_2025q3,https://investor.travelers.com/newsroom/press-releases/news-details/2025/Travelers-Reports-Excellent-Third-Quarter-and-Year-to-Date-Results/default.aspx,table[5]/row[17] (zero based); Underlying combined ratio,sources/trv_2025q3_tables.json,,Underlying combined ratio | 77.7 | % | 82.7 | % | (5.0 | ) | pts | 78.9 | % | 85.0 | % | (6.1 | ) | pts
TRV,2025-07-01,2025-09-30,2025Q3,2025Q3,quarter,Consolidated,claims_expenses,6594.0,USD million,reported,2025-10-16,True,True,trv_2025q3,https://investor.travelers.com/newsroom/press-releases/news-details/2025/Travelers-Reports-Excellent-Third-Quarter-and-Year-to-Date-Results/default.aspx,table[18]/row[4] (zero based); Claims and claim adjustment expenses,sources/trv_2025q3_tables.json,,"Claims and claim adjustment expenses | $ | 6,594 | $ | 6,996 | $ | 21,389 | $ | 21,025"
TRV,2024-07-01,2024-09-30,2024Q3,2024Q3,quarter,Consolidated,claims_expenses,6996.0,USD million,reported,2025-10-16,True,True,trv_2025q3,https://investor.travelers.com/newsroom/press-releases/news-details/2025/Travelers-Reports-Excellent-Third-Quarter-and-Year-to-Date-Results/default.aspx,table[18]/row[4] (zero based); Claims and claim adjustment expenses,sources/trv_2025q3_tables.json,,"Claims and claim adjustment expenses | $ | 6,594 | $ | 6,996 | $ | 21,389 | $ | 21,025"
TRV,2025-07-01,2025-09-30,2025Q3,2025Q3,quarter,Consolidated,policyholder_dividends,12.0,USD million,reported,2025-10-16,True,True,trv_2025q3,https://investor.travelers.com/newsroom/press-releases/news-details/2025/Travelers-Reports-Excellent-Third-Quarter-and-Year-to-Date-Results/default.aspx,table[18]/row[6] (zero based); Policyholder dividends,sources/trv_2025q3_tables.json,,Policyholder dividends | 12 | 12 | 35 | 36
TRV,2024-07-01,2024-09-30,2024Q3,2024Q3,quarter,Consolidated,policyholder_dividends,12.0,USD million,reported,2025-10-16,True,True,trv_2025q3,https://investor.travelers.com/newsroom/press-releases/news-details/2025/Travelers-Reports-Excellent-Third-Quarter-and-Year-to-Date-Results/default.aspx,table[18]/row[6] (zero based); Policyholder dividends,sources/trv_2025q3_tables.json,,Policyholder dividends | 12 | 12 | 35 | 36
TRV,2025-07-01,2025-09-30,2025Q3,2025Q3,quarter,Consolidated,loss_allocated_fee_income,48.0,USD million,reported,2025-10-16,True,True,trv_2025q3,https://investor.travelers.com/newsroom/press-releases/news-details/2025/Travelers-Reports-Excellent-Third-Quarter-and-Year-to-Date-Results/default.aspx,table[18]/row[7] (zero based); Allocated fee income,sources/trv_2025q3_tables.json,,Allocated fee income | 48 | 44 | 138 | 125
TRV,2024-07-01,2024-09-30,2024Q3,2024Q3,quarter,Consolidated,loss_allocated_fee_income,44.0,USD million,reported,2025-10-16,True,True,trv_2025q3,https://investor.travelers.com/newsroom/press-releases/news-details/2025/Travelers-Reports-Excellent-Third-Quarter-and-Year-to-Date-Results/default.aspx,table[18]/row[7] (zero based); Allocated fee income,sources/trv_2025q3_tables.json,,Allocated fee income | 48 | 44 | 138 | 125
TRV,2025-07-01,2025-09-30,2025Q3,2025Q3,quarter,Consolidated,loss_ratio_numerator,6534.0,USD million,reported,2025-10-16,True,True,trv_2025q3,https://investor.travelers.com/newsroom/press-releases/news-details/2025/Travelers-Reports-Excellent-Third-Quarter-and-Year-to-Date-Results/default.aspx,table[18]/row[8] (zero based); Loss ratio numerator,sources/trv_2025q3_tables.json,,"Loss ratio numerator | $ | 6,534 | $ | 6,940 | $ | 21,216 | $ | 20,864"
TRV,2024-07-01,2024-09-30,2024Q3,2024Q3,quarter,Consolidated,loss_ratio_numerator,6940.0,USD million,reported,2025-10-16,True,True,trv_2025q3,https://investor.travelers.com/newsroom/press-releases/news-details/2025/Travelers-Reports-Excellent-Third-Quarter-and-Year-to-Date-Results/default.aspx,table[18]/row[8] (zero based); Loss ratio numerator,sources/trv_2025q3_tables.json,,"Loss ratio numerator | $ | 6,534 | $ | 6,940 | $ | 21,216 | $ | 20,864"
TRV,2025-07-01,2025-09-30,2025Q3,2025Q3,quarter,Consolidated,deferred_acquisition_amortization,1849.0,USD million,reported,2025-10-16,True,True,trv_2025q3,https://investor.travelers.com/newsroom/press-releases/news-details/2025/Travelers-Reports-Excellent-Third-Quarter-and-Year-to-Date-Results/default.aspx,table[18]/row[10] (zero based); Amortization of deferred acquisition costs,sources/trv_2025q3_tables.json,,"Amortization of deferred acquisition costs | $ | 1,849 | $ | 1,790 | $ | 5,429 | $ | 5,166"
TRV,2024-07-01,2024-09-30,2024Q3,2024Q3,quarter,Consolidated,deferred_acquisition_amortization,1790.0,USD million,reported,2025-10-16,True,True,trv_2025q3,https://investor.travelers.com/newsroom/press-releases/news-details/2025/Travelers-Reports-Excellent-Third-Quarter-and-Year-to-Date-Results/default.aspx,table[18]/row[10] (zero based); Amortization of deferred acquisition costs,sources/trv_2025q3_tables.json,,"Amortization of deferred acquisition costs | $ | 1,849 | $ | 1,790 | $ | 5,429 | $ | 5,166"
TRV,2025-07-01,2025-09-30,2025Q3,2025Q3,quarter,Consolidated,general_admin_expenses,1572.0,USD million,reported,2025-10-16,True,True,trv_2025q3,https://investor.travelers.com/newsroom/press-releases/news-details/2025/Travelers-Reports-Excellent-Third-Quarter-and-Year-to-Date-Results/default.aspx,table[18]/row[11] (zero based); General and administrative expenses (G&A),sources/trv_2025q3_tables.json,,"General and administrative expenses (G&A) | 1,572 | 1,460 | 4,576 | 4,344"
TRV,2024-07-01,2024-09-30,2024Q3,2024Q3,quarter,Consolidated,general_admin_expenses,1460.0,USD million,reported,2025-10-16,True,True,trv_2025q3,https://investor.travelers.com/newsroom/press-releases/news-details/2025/Travelers-Reports-Excellent-Third-Quarter-and-Year-to-Date-Results/default.aspx,table[18]/row[11] (zero based); General and administrative expenses (G&A),sources/trv_2025q3_tables.json,,"General and administrative expenses (G&A) | 1,572 | 1,460 | 4,576 | 4,344"
TRV,2025-07-01,2025-09-30,2025Q3,2025Q3,quarter,Consolidated,noninsurance_general_admin,131.0,USD million,reported,2025-10-16,True,True,trv_2025q3,https://investor.travelers.com/newsroom/press-releases/news-details/2025/Travelers-Reports-Excellent-Third-Quarter-and-Year-to-Date-Results/default.aspx,table[18]/row[13] (zero based); Non-insurance G&A,sources/trv_2025q3_tables.json,,Non-insurance G&A | 131 | 106 | 353 | 314
TRV,2024-07-01,2024-09-30,2024Q3,2024Q3,quarter,Consolidated,noninsurance_general_admin,106.0,USD million,reported,2025-10-16,True,True,trv_2025q3,https://investor.travelers.com/newsroom/press-releases/news-details/2025/Travelers-Reports-Excellent-Third-Quarter-and-Year-to-Date-Results/default.aspx,table[18]/row[13] (zero based); Non-insurance G&A,sources/trv_2025q3_tables.json,,Non-insurance G&A | 131 | 106 | 353 | 314
TRV,2025-07-01,2025-09-30,2025Q3,2025Q3,quarter,Consolidated,expense_allocated_fee_income,79.0,USD million,reported,2025-10-16,True,True,trv_2025q3,https://investor.travelers.com/newsroom/press-releases/news-details/2025/Travelers-Reports-Excellent-Third-Quarter-and-Year-to-Date-Results/default.aspx,table[18]/row[14] (zero based); Allocated fee income,sources/trv_2025q3_tables.json,,Allocated fee income | 79 | 77 | 232 | 220
TRV,2024-07-01,2024-09-30,2024Q3,2024Q3,quarter,Consolidated,expense_allocated_fee_income,77.0,USD million,reported,2025-10-16,True,True,trv_2025q3,https://investor.travelers.com/newsroom/press-releases/news-details/2025/Travelers-Reports-Excellent-Third-Quarter-and-Year-to-Date-Results/default.aspx,table[18]/row[14] (zero based); Allocated fee income,sources/trv_2025q3_tables.json,,Allocated fee income | 79 | 77 | 232 | 220
TRV,2025-07-01,2025-09-30,2025Q3,2025Q3,quarter,Consolidated,billing_policy_fees,28.0,USD million,reported,2025-10-16,True,True,trv_2025q3,https://investor.travelers.com/newsroom/press-releases/news-details/2025/Travelers-Reports-Excellent-Third-Quarter-and-Year-to-Date-Results/default.aspx,table[18]/row[15] (zero based); Billing and policy fees and other,sources/trv_2025q3_tables.json,,Billing and policy fees and other | 28 | 28 | 85 | 88
TRV,2024-07-01,2024-09-30,2024Q3,2024Q3,quarter,Consolidated,billing_policy_fees,28.0,USD million,reported,2025-10-16,True,True,trv_2025q3,https://investor.travelers.com/newsroom/press-releases/news-details/2025/Travelers-Reports-Excellent-Third-Quarter-and-Year-to-Date-Results/default.aspx,table[18]/row[15] (zero based); Billing and policy fees and other,sources/trv_2025q3_tables.json,,Billing and policy fees and other | 28 | 28 | 85 | 88
TRV,2025-07-01,2025-09-30,2025Q3,2025Q3,quarter,Consolidated,expense_ratio_numerator,3183.0,USD million,reported,2025-10-16,True,True,trv_2025q3,https://investor.travelers.com/newsroom/press-releases/news-details/2025/Travelers-Reports-Excellent-Third-Quarter-and-Year-to-Date-Results/default.aspx,table[18]/row[16] (zero based); Expense ratio numerator,sources/trv_2025q3_tables.json,,"Expense ratio numerator | $ | 3,183 | $ | 3,039 | $ | 9,335 | $ | 8,888"
TRV,2024-07-01,2024-09-30,2024Q3,2024Q3,quarter,Consolidated,expense_ratio_numerator,3039.0,USD million,reported,2025-10-16,True,True,trv_2025q3,https://investor.travelers.com/newsroom/press-releases/news-details/2025/Travelers-Reports-Excellent-Third-Quarter-and-Year-to-Date-Results/default.aspx,table[18]/row[16] (zero based); Expense ratio numerator,sources/trv_2025q3_tables.json,,"Expense ratio numerator | $ | 3,183 | $ | 3,039 | $ | 9,335 | $ | 8,888"
TRV,2025-07-01,2025-09-30,2025Q3,2025Q3,quarter,Consolidated,net_earned_premiums,11135.0,USD million,reported,2025-10-16,True,True,trv_2025q3,https://investor.travelers.com/newsroom/press-releases/news-details/2025/Travelers-Reports-Excellent-Third-Quarter-and-Year-to-Date-Results/default.aspx,table[18]/row[17] (zero based); Earned premium,sources/trv_2025q3_tables.json,,"Earned premium | $ | 11,135 | $ | 10,704 | $ | 32,766 | $ | 31,073"
TRV,2024-07-01,2024-09-30,2024Q3,2024Q3,quarter,Consolidated,net_earned_premiums,10704.0,USD million,reported,2025-10-16,True,True,trv_2025q3,https://investor.travelers.com/newsroom/press-releases/news-details/2025/Travelers-Reports-Excellent-Third-Quarter-and-Year-to-Date-Results/default.aspx,table[18]/row[17] (zero based); Earned premium,sources/trv_2025q3_tables.json,,"Earned premium | $ | 11,135 | $ | 10,704 | $ | 32,766 | $ | 31,073"
TRV,2025-07-01,2025-09-30,2025Q3,2025Q3,quarter,Consolidated,loss_ratio,58.7,percent,reported,2025-10-16,True,True,trv_2025q3,https://investor.travelers.com/newsroom/press-releases/news-details/2025/Travelers-Reports-Excellent-Third-Quarter-and-Year-to-Date-Results/default.aspx,table[18]/row[19] (zero based); Loss and loss adjustment expense ratio,sources/trv_2025q3_tables.json,,Loss and loss adjustment expense ratio | 58.7 | % | 64.8 | % | 64.7 | % | 67.1 | %
TRV,2024-07-01,2024-09-30,2024Q3,2024Q3,quarter,Consolidated,loss_ratio,64.8,percent,reported,2025-10-16,True,True,trv_2025q3,https://investor.travelers.com/newsroom/press-releases/news-details/2025/Travelers-Reports-Excellent-Third-Quarter-and-Year-to-Date-Results/default.aspx,table[18]/row[19] (zero based); Loss and loss adjustment expense ratio,sources/trv_2025q3_tables.json,,Loss and loss adjustment expense ratio | 58.7 | % | 64.8 | % | 64.7 | % | 67.1 | %
TRV,2025-07-01,2025-09-30,2025Q3,2025Q3,quarter,Consolidated,expense_ratio,28.6,percent,reported,2025-10-16,True,True,trv_2025q3,https://investor.travelers.com/newsroom/press-releases/news-details/2025/Travelers-Reports-Excellent-Third-Quarter-and-Year-to-Date-Results/default.aspx,table[18]/row[20] (zero based); Underwriting expense ratio,sources/trv_2025q3_tables.json,,Underwriting expense ratio | 28.6 | % | 28.4 | % | 28.5 | % | 28.6 | %
TRV,2024-07-01,2024-09-30,2024Q3,2024Q3,quarter,Consolidated,expense_ratio,28.4,percent,reported,2025-10-16,True,True,trv_2025q3,https://investor.travelers.com/newsroom/press-releases/news-details/2025/Travelers-Reports-Excellent-Third-Quarter-and-Year-to-Date-Results/default.aspx,table[18]/row[20] (zero based); Underwriting expense ratio,sources/trv_2025q3_tables.json,,Underwriting expense ratio | 28.6 | % | 28.4 | % | 28.5 | % | 28.6 | %
TRV,,2025-09-30,2025Q3,2025Q3,instant,Consolidated,total_debt,9267.0,USD million,reported,2025-10-16,True,True,trv_2025q3,https://investor.travelers.com/newsroom/press-releases/news-details/2025/Travelers-Reports-Excellent-Third-Quarter-and-Year-to-Date-Results/default.aspx,table[20]/row[2] (zero based); Debt,sources/trv_2025q3_tables.json,,"Debt | $ | 9,267 | $ | 8,033"
TRV,,2025-09-30,2025Q3,2025Q3,instant,Consolidated,equity,31609.0,USD million,reported,2025-10-16,True,True,trv_2025q3,https://investor.travelers.com/newsroom/press-releases/news-details/2025/Travelers-Reports-Excellent-Third-Quarter-and-Year-to-Date-Results/default.aspx,table[20]/row[3] (zero based); Shareholders’ equity,sources/trv_2025q3_tables.json,,"Shareholders’ equity | 31,609 | 27,864"
PG,2025-07-01,2025-09-30,2025Q3,FY2026Q1,quarter,Beauty,volume_growth,4.0,percent,reported,2025-10-24,True,True,pg_2026q1,https://www.pginvestor.com/news/news-details/2025/PG-Announces-Fiscal-Year-2026-First-Quarter-Results/default.aspx,table[1]/row[2] (zero based); Beauty,sources/pg_2026q1_tables.json,Approximate contribution/growth percentages as reported; not unit counts or absolute prices.,Beauty | 4% | 1% | 2% | (1)% | —% | 6% | 4% | 6%
PG,2025-07-01,2025-09-30,2025Q3,FY2026Q1,quarter,Beauty,fx_sales_impact,1.0,percent,reported,2025-10-24,True,True,pg_2026q1,https://www.pginvestor.com/news/news-details/2025/PG-Announces-Fiscal-Year-2026-First-Quarter-Results/default.aspx,table[1]/row[2] (zero based); Beauty,sources/pg_2026q1_tables.json,Approximate contribution/growth percentages as reported; not unit counts or absolute prices.,Beauty | 4% | 1% | 2% | (1)% | —% | 6% | 4% | 6%
PG,2025-07-01,2025-09-30,2025Q3,FY2026Q1,quarter,Beauty,price_sales_impact,2.0,percent,reported,2025-10-24,True,True,pg_2026q1,https://www.pginvestor.com/news/news-details/2025/PG-Announces-Fiscal-Year-2026-First-Quarter-Results/default.aspx,table[1]/row[2] (zero based); Beauty,sources/pg_2026q1_tables.json,Approximate contribution/growth percentages as reported; not unit counts or absolute prices.,Beauty | 4% | 1% | 2% | (1)% | —% | 6% | 4% | 6%
PG,2025-07-01,2025-09-30,2025Q3,FY2026Q1,quarter,Beauty,mix_sales_impact,-1.0,percent,reported,2025-10-24,True,True,pg_2026q1,https://www.pginvestor.com/news/news-details/2025/PG-Announces-Fiscal-Year-2026-First-Quarter-Results/default.aspx,table[1]/row[2] (zero based); Beauty,sources/pg_2026q1_tables.json,Approximate contribution/growth percentages as reported; not unit counts or absolute prices.,Beauty | 4% | 1% | 2% | (1)% | —% | 6% | 4% | 6%
PG,2025-07-01,2025-09-30,2025Q3,FY2026Q1,quarter,Beauty,other_sales_impact,0.0,percent,reported,2025-10-24,True,True,pg_2026q1,https://www.pginvestor.com/news/news-details/2025/PG-Announces-Fiscal-Year-2026-First-Quarter-Results/default.aspx,table[1]/row[2] (zero based); Beauty,sources/pg_2026q1_tables.json,Approximate contribution/growth percentages as reported; not unit counts or absolute prices.,Beauty | 4% | 1% | 2% | (1)% | —% | 6% | 4% | 6%
PG,2025-07-01,2025-09-30,2025Q3,FY2026Q1,quarter,Beauty,sales_growth,6.0,percent,reported,2025-10-24,True,True,pg_2026q1,https://www.pginvestor.com/news/news-details/2025/PG-Announces-Fiscal-Year-2026-First-Quarter-Results/default.aspx,table[1]/row[2] (zero based); Beauty,sources/pg_2026q1_tables.json,Approximate contribution/growth percentages as reported; not unit counts or absolute prices.,Beauty | 4% | 1% | 2% | (1)% | —% | 6% | 4% | 6%
PG,2025-07-01,2025-09-30,2025Q3,FY2026Q1,quarter,Beauty,organic_volume_growth,4.0,percent,reported,2025-10-24,True,True,pg_2026q1,https://www.pginvestor.com/news/news-details/2025/PG-Announces-Fiscal-Year-2026-First-Quarter-Results/default.aspx,table[1]/row[2] (zero based); Beauty,sources/pg_2026q1_tables.json,Approximate contribution/growth percentages as reported; not unit counts or absolute prices.,Beauty | 4% | 1% | 2% | (1)% | —% | 6% | 4% | 6%
PG,2025-07-01,2025-09-30,2025Q3,FY2026Q1,quarter,Beauty,organic_sales_growth,6.0,percent,reported,2025-10-24,True,True,pg_2026q1,https://www.pginvestor.com/news/news-details/2025/PG-Announces-Fiscal-Year-2026-First-Quarter-Results/default.aspx,table[1]/row[2] (zero based); Beauty,sources/pg_2026q1_tables.json,Approximate contribution/growth percentages as reported; not unit counts or absolute prices.,Beauty | 4% | 1% | 2% | (1)% | —% | 6% | 4% | 6%
PG,2025-07-01,2025-09-30,2025Q3,FY2026Q1,quarter,Grooming,volume_growth,1.0,percent,reported,2025-10-24,True,True,pg_2026q1,https://www.pginvestor.com/news/news-details/2025/PG-Announces-Fiscal-Year-2026-First-Quarter-Results/default.aspx,table[1]/row[3] (zero based); Grooming,sources/pg_2026q1_tables.json,Approximate contribution/growth percentages as reported; not unit counts or absolute prices.,Grooming | 1% | 2% | 4% | (2)% | —% | 5% | 1% | 3%
PG,2025-07-01,2025-09-30,2025Q3,FY2026Q1,quarter,Grooming,fx_sales_impact,2.0,percent,reported,2025-10-24,True,True,pg_2026q1,https://www.pginvestor.com/news/news-details/2025/PG-Announces-Fiscal-Year-2026-First-Quarter-Results/default.aspx,table[1]/row[3] (zero based); Grooming,sources/pg_2026q1_tables.json,Approximate contribution/growth percentages as reported; not unit counts or absolute prices.,Grooming | 1% | 2% | 4% | (2)% | —% | 5% | 1% | 3%
PG,2025-07-01,2025-09-30,2025Q3,FY2026Q1,quarter,Grooming,price_sales_impact,4.0,percent,reported,2025-10-24,True,True,pg_2026q1,https://www.pginvestor.com/news/news-details/2025/PG-Announces-Fiscal-Year-2026-First-Quarter-Results/default.aspx,table[1]/row[3] (zero based); Grooming,sources/pg_2026q1_tables.json,Approximate contribution/growth percentages as reported; not unit counts or absolute prices.,Grooming | 1% | 2% | 4% | (2)% | —% | 5% | 1% | 3%
PG,2025-07-01,2025-09-30,2025Q3,FY2026Q1,quarter,Grooming,mix_sales_impact,-2.0,percent,reported,2025-10-24,True,True,pg_2026q1,https://www.pginvestor.com/news/news-details/2025/PG-Announces-Fiscal-Year-2026-First-Quarter-Results/default.aspx,table[1]/row[3] (zero based); Grooming,sources/pg_2026q1_tables.json,Approximate contribution/growth percentages as reported; not unit counts or absolute prices.,Grooming | 1% | 2% | 4% | (2)% | —% | 5% | 1% | 3%
PG,2025-07-01,2025-09-30,2025Q3,FY2026Q1,quarter,Grooming,other_sales_impact,0.0,percent,reported,2025-10-24,True,True,pg_2026q1,https://www.pginvestor.com/news/news-details/2025/PG-Announces-Fiscal-Year-2026-First-Quarter-Results/default.aspx,table[1]/row[3] (zero based); Grooming,sources/pg_2026q1_tables.json,Approximate contribution/growth percentages as reported; not unit counts or absolute prices.,Grooming | 1% | 2% | 4% | (2)% | —% | 5% | 1% | 3%
PG,2025-07-01,2025-09-30,2025Q3,FY2026Q1,quarter,Grooming,sales_growth,5.0,percent,reported,2025-10-24,True,True,pg_2026q1,https://www.pginvestor.com/news/news-details/2025/PG-Announces-Fiscal-Year-2026-First-Quarter-Results/default.aspx,table[1]/row[3] (zero based); Grooming,sources/pg_2026q1_tables.json,Approximate contribution/growth percentages as reported; not unit counts or absolute prices.,Grooming | 1% | 2% | 4% | (2)% | —% | 5% | 1% | 3%
PG,2025-07-01,2025-09-30,2025Q3,FY2026Q1,quarter,Grooming,organic_volume_growth,1.0,percent,reported,2025-10-24,True,True,pg_2026q1,https://www.pginvestor.com/news/news-details/2025/PG-Announces-Fiscal-Year-2026-First-Quarter-Results/default.aspx,table[1]/row[3] (zero based); Grooming,sources/pg_2026q1_tables.json,Approximate contribution/growth percentages as reported; not unit counts or absolute prices.,Grooming | 1% | 2% | 4% | (2)% | —% | 5% | 1% | 3%
PG,2025-07-01,2025-09-30,2025Q3,FY2026Q1,quarter,Grooming,organic_sales_growth,3.0,percent,reported,2025-10-24,True,True,pg_2026q1,https://www.pginvestor.com/news/news-details/2025/PG-Announces-Fiscal-Year-2026-First-Quarter-Results/default.aspx,table[1]/row[3] (zero based); Grooming,sources/pg_2026q1_tables.json,Approximate contribution/growth percentages as reported; not unit counts or absolute prices.,Grooming | 1% | 2% | 4% | (2)% | —% | 5% | 1% | 3%
PG,2025-07-01,2025-09-30,2025Q3,FY2026Q1,quarter,Health Care,volume_growth,-2.0,percent,reported,2025-10-24,True,True,pg_2026q1,https://www.pginvestor.com/news/news-details/2025/PG-Announces-Fiscal-Year-2026-First-Quarter-Results/default.aspx,table[1]/row[4] (zero based); Health Care,sources/pg_2026q1_tables.json,Approximate contribution/growth percentages as reported; not unit counts or absolute prices.,Health Care | (2)% | 1% | 1% | 2% | —% | 2% | (2)% | 1%
PG,2025-07-01,2025-09-30,2025Q3,FY2026Q1,quarter,Health Care,fx_sales_impact,1.0,percent,reported,2025-10-24,True,True,pg_2026q1,https://www.pginvestor.com/news/news-details/2025/PG-Announces-Fiscal-Year-2026-First-Quarter-Results/default.aspx,table[1]/row[4] (zero based); Health Care,sources/pg_2026q1_tables.json,Approximate contribution/growth percentages as reported; not unit counts or absolute prices.,Health Care | (2)% | 1% | 1% | 2% | —% | 2% | (2)% | 1%
PG,2025-07-01,2025-09-30,2025Q3,FY2026Q1,quarter,Health Care,price_sales_impact,1.0,percent,reported,2025-10-24,True,True,pg_2026q1,https://www.pginvestor.com/news/news-details/2025/PG-Announces-Fiscal-Year-2026-First-Quarter-Results/default.aspx,table[1]/row[4] (zero based); Health Care,sources/pg_2026q1_tables.json,Approximate contribution/growth percentages as reported; not unit counts or absolute prices.,Health Care | (2)% | 1% | 1% | 2% | —% | 2% | (2)% | 1%
PG,2025-07-01,2025-09-30,2025Q3,FY2026Q1,quarter,Health Care,mix_sales_impact,2.0,percent,reported,2025-10-24,True,True,pg_2026q1,https://www.pginvestor.com/news/news-details/2025/PG-Announces-Fiscal-Year-2026-First-Quarter-Results/default.aspx,table[1]/row[4] (zero based); Health Care,sources/pg_2026q1_tables.json,Approximate contribution/growth percentages as reported; not unit counts or absolute prices.,Health Care | (2)% | 1% | 1% | 2% | —% | 2% | (2)% | 1%
PG,2025-07-01,2025-09-30,2025Q3,FY2026Q1,quarter,Health Care,other_sales_impact,0.0,percent,reported,2025-10-24,True,True,pg_2026q1,https://www.pginvestor.com/news/news-details/2025/PG-Announces-Fiscal-Year-2026-First-Quarter-Results/default.aspx,table[1]/row[4] (zero based); Health Care,sources/pg_2026q1_tables.json,Approximate contribution/growth percentages as reported; not unit counts or absolute prices.,Health Care | (2)% | 1% | 1% | 2% | —% | 2% | (2)% | 1%
PG,2025-07-01,2025-09-30,2025Q3,FY2026Q1,quarter,Health Care,sales_growth,2.0,percent,reported,2025-10-24,True,True,pg_2026q1,https://www.pginvestor.com/news/news-details/2025/PG-Announces-Fiscal-Year-2026-First-Quarter-Results/default.aspx,table[1]/row[4] (zero based); Health Care,sources/pg_2026q1_tables.json,Approximate contribution/growth percentages as reported; not unit counts or absolute prices.,Health Care | (2)% | 1% | 1% | 2% | —% | 2% | (2)% | 1%
PG,2025-07-01,2025-09-30,2025Q3,FY2026Q1,quarter,Health Care,organic_volume_growth,-2.0,percent,reported,2025-10-24,True,True,pg_2026q1,https://www.pginvestor.com/news/news-details/2025/PG-Announces-Fiscal-Year-2026-First-Quarter-Results/default.aspx,table[1]/row[4] (zero based); Health Care,sources/pg_2026q1_tables.json,Approximate contribution/growth percentages as reported; not unit counts or absolute prices.,Health Care | (2)% | 1% | 1% | 2% | —% | 2% | (2)% | 1%
PG,2025-07-01,2025-09-30,2025Q3,FY2026Q1,quarter,Health Care,organic_sales_growth,1.0,percent,reported,2025-10-24,True,True,pg_2026q1,https://www.pginvestor.com/news/news-details/2025/PG-Announces-Fiscal-Year-2026-First-Quarter-Results/default.aspx,table[1]/row[4] (zero based); Health Care,sources/pg_2026q1_tables.json,Approximate contribution/growth percentages as reported; not unit counts or absolute prices.,Health Care | (2)% | 1% | 1% | 2% | —% | 2% | (2)% | 1%
PG,2025-07-01,2025-09-30,2025Q3,FY2026Q1,quarter,Fabric & Home Care,volume_growth,-2.0,percent,reported,2025-10-24,True,True,pg_2026q1,https://www.pginvestor.com/news/news-details/2025/PG-Announces-Fiscal-Year-2026-First-Quarter-Results/default.aspx,table[1]/row[5] (zero based); Fabric & Home Care,sources/pg_2026q1_tables.json,Approximate contribution/growth percentages as reported; not unit counts or absolute prices.,Fabric & Home Care | (2)% | 2% | 1% | —% | —% | 1% | (2)% | —%
PG,2025-07-01,2025-09-30,2025Q3,FY2026Q1,quarter,Fabric & Home Care,fx_sales_impact,2.0,percent,reported,2025-10-24,True,True,pg_2026q1,https://www.pginvestor.com/news/news-details/2025/PG-Announces-Fiscal-Year-2026-First-Quarter-Results/default.aspx,table[1]/row[5] (zero based); Fabric & Home Care,sources/pg_2026q1_tables.json,Approximate contribution/growth percentages as reported; not unit counts or absolute prices.,Fabric & Home Care | (2)% | 2% | 1% | —% | —% | 1% | (2)% | —%
PG,2025-07-01,2025-09-30,2025Q3,FY2026Q1,quarter,Fabric & Home Care,price_sales_impact,1.0,percent,reported,2025-10-24,True,True,pg_2026q1,https://www.pginvestor.com/news/news-details/2025/PG-Announces-Fiscal-Year-2026-First-Quarter-Results/default.aspx,table[1]/row[5] (zero based); Fabric & Home Care,sources/pg_2026q1_tables.json,Approximate contribution/growth percentages as reported; not unit counts or absolute prices.,Fabric & Home Care | (2)% | 2% | 1% | —% | —% | 1% | (2)% | —%
PG,2025-07-01,2025-09-30,2025Q3,FY2026Q1,quarter,Fabric & Home Care,mix_sales_impact,0.0,percent,reported,2025-10-24,True,True,pg_2026q1,https://www.pginvestor.com/news/news-details/2025/PG-Announces-Fiscal-Year-2026-First-Quarter-Results/default.aspx,table[1]/row[5] (zero based); Fabric & Home Care,sources/pg_2026q1_tables.json,Approximate contribution/growth percentages as reported; not unit counts or absolute prices.,Fabric & Home Care | (2)% | 2% | 1% | —% | —% | 1% | (2)% | —%
PG,2025-07-01,2025-09-30,2025Q3,FY2026Q1,quarter,Fabric & Home Care,other_sales_impact,0.0,percent,reported,2025-10-24,True,True,pg_2026q1,https://www.pginvestor.com/news/news-details/2025/PG-Announces-Fiscal-Year-2026-First-Quarter-Results/default.aspx,table[1]/row[5] (zero based); Fabric & Home Care,sources/pg_2026q1_tables.json,Approximate contribution/growth percentages as reported; not unit counts or absolute prices.,Fabric & Home Care | (2)% | 2% | 1% | —% | —% | 1% | (2)% | —%
PG,2025-07-01,2025-09-30,2025Q3,FY2026Q1,quarter,Fabric & Home Care,sales_growth,1.0,percent,reported,2025-10-24,True,True,pg_2026q1,https://www.pginvestor.com/news/news-details/2025/PG-Announces-Fiscal-Year-2026-First-Quarter-Results/default.aspx,table[1]/row[5] (zero based); Fabric & Home Care,sources/pg_2026q1_tables.json,Approximate contribution/growth percentages as reported; not unit counts or absolute prices.,Fabric & Home Care | (2)% | 2% | 1% | —% | —% | 1% | (2)% | —%
PG,2025-07-01,2025-09-30,2025Q3,FY2026Q1,quarter,Fabric & Home Care,organic_volume_growth,-2.0,percent,reported,2025-10-24,True,True,pg_2026q1,https://www.pginvestor.com/news/news-details/2025/PG-Announces-Fiscal-Year-2026-First-Quarter-Results/default.aspx,table[1]/row[5] (zero based); Fabric & Home Care,sources/pg_2026q1_tables.json,Approximate contribution/growth percentages as reported; not unit counts or absolute prices.,Fabric & Home Care | (2)% | 2% | 1% | —% | —% | 1% | (2)% | —%
PG,2025-07-01,2025-09-30,2025Q3,FY2026Q1,quarter,Fabric & Home Care,organic_sales_growth,0.0,percent,reported,2025-10-24,True,True,pg_2026q1,https://www.pginvestor.com/news/news-details/2025/PG-Announces-Fiscal-Year-2026-First-Quarter-Results/default.aspx,table[1]/row[5] (zero based); Fabric & Home Care,sources/pg_2026q1_tables.json,Approximate contribution/growth percentages as reported; not unit counts or absolute prices.,Fabric & Home Care | (2)% | 2% | 1% | —% | —% | 1% | (2)% | —%
PG,2025-07-01,2025-09-30,2025Q3,FY2026Q1,quarter,"Baby, Feminine & Family Care",volume_growth,0.0,percent,reported,2025-10-24,True,True,pg_2026q1,https://www.pginvestor.com/news/news-details/2025/PG-Announces-Fiscal-Year-2026-First-Quarter-Results/default.aspx,"table[1]/row[6] (zero based); Baby, Feminine & Family Care",sources/pg_2026q1_tables.json,Approximate contribution/growth percentages as reported; not unit counts or absolute prices.,"Baby, Feminine & Family Care | —% | 1% | —% | —% | —% | 1% | —% | —%"
PG,2025-07-01,2025-09-30,2025Q3,FY2026Q1,quarter,"Baby, Feminine & Family Care",fx_sales_impact,1.0,percent,reported,2025-10-24,True,True,pg_2026q1,https://www.pginvestor.com/news/news-details/2025/PG-Announces-Fiscal-Year-2026-First-Quarter-Results/default.aspx,"table[1]/row[6] (zero based); Baby, Feminine & Family Care",sources/pg_2026q1_tables.json,Approximate contribution/growth percentages as reported; not unit counts or absolute prices.,"Baby, Feminine & Family Care | —% | 1% | —% | —% | —% | 1% | —% | —%"
PG,2025-07-01,2025-09-30,2025Q3,FY2026Q1,quarter,"Baby, Feminine & Family Care",price_sales_impact,0.0,percent,reported,2025-10-24,True,True,pg_2026q1,https://www.pginvestor.com/news/news-details/2025/PG-Announces-Fiscal-Year-2026-First-Quarter-Results/default.aspx,"table[1]/row[6] (zero based); Baby, Feminine & Family Care",sources/pg_2026q1_tables.json,Approximate contribution/growth percentages as reported; not unit counts or absolute prices.,"Baby, Feminine & Family Care | —% | 1% | —% | —% | —% | 1% | —% | —%"
PG,2025-07-01,2025-09-30,2025Q3,FY2026Q1,quarter,"Baby, Feminine & Family Care",mix_sales_impact,0.0,percent,reported,2025-10-24,True,True,pg_2026q1,https://www.pginvestor.com/news/news-details/2025/PG-Announces-Fiscal-Year-2026-First-Quarter-Results/default.aspx,"table[1]/row[6] (zero based); Baby, Feminine & Family Care",sources/pg_2026q1_tables.json,Approximate contribution/growth percentages as reported; not unit counts or absolute prices.,"Baby, Feminine & Family Care | —% | 1% | —% | —% | —% | 1% | —% | —%"
PG,2025-07-01,2025-09-30,2025Q3,FY2026Q1,quarter,"Baby, Feminine & Family Care",other_sales_impact,0.0,percent,reported,2025-10-24,True,True,pg_2026q1,https://www.pginvestor.com/news/news-details/2025/PG-Announces-Fiscal-Year-2026-First-Quarter-Results/default.aspx,"table[1]/row[6] (zero based); Baby, Feminine & Family Care",sources/pg_2026q1_tables.json,Approximate contribution/growth percentages as reported; not unit counts or absolute prices.,"Baby, Feminine & Family Care | —% | 1% | —% | —% | —% | 1% | —% | —%"
PG,2025-07-01,2025-09-30,2025Q3,FY2026Q1,quarter,"Baby, Feminine & Family Care",sales_growth,1.0,percent,reported,2025-10-24,True,True,pg_2026q1,https://www.pginvestor.com/news/news-details/2025/PG-Announces-Fiscal-Year-2026-First-Quarter-Results/default.aspx,"table[1]/row[6] (zero based); Baby, Feminine & Family Care",sources/pg_2026q1_tables.json,Approximate contribution/growth percentages as reported; not unit counts or absolute prices.,"Baby, Feminine & Family Care | —% | 1% | —% | —% | —% | 1% | —% | —%"
PG,2025-07-01,2025-09-30,2025Q3,FY2026Q1,quarter,"Baby, Feminine & Family Care",organic_volume_growth,0.0,percent,reported,2025-10-24,True,True,pg_2026q1,https://www.pginvestor.com/news/news-details/2025/PG-Announces-Fiscal-Year-2026-First-Quarter-Results/default.aspx,"table[1]/row[6] (zero based); Baby, Feminine & Family Care",sources/pg_2026q1_tables.json,Approximate contribution/growth percentages as reported; not unit counts or absolute prices.,"Baby, Feminine & Family Care | —% | 1% | —% | —% | —% | 1% | —% | —%"
PG,2025-07-01,2025-09-30,2025Q3,FY2026Q1,quarter,"Baby, Feminine & Family Care",organic_sales_growth,0.0,percent,reported,2025-10-24,True,True,pg_2026q1,https://www.pginvestor.com/news/news-details/2025/PG-Announces-Fiscal-Year-2026-First-Quarter-Results/default.aspx,"table[1]/row[6] (zero based); Baby, Feminine & Family Care",sources/pg_2026q1_tables.json,Approximate contribution/growth percentages as reported; not unit counts or absolute prices.,"Baby, Feminine & Family Care | —% | 1% | —% | —% | —% | 1% | —% | —%"
PG,2025-07-01,2025-09-30,2025Q3,FY2026Q1,quarter,Consolidated,volume_growth,0.0,percent,reported,2025-10-24,True,True,pg_2026q1,https://www.pginvestor.com/news/news-details/2025/PG-Announces-Fiscal-Year-2026-First-Quarter-Results/default.aspx,table[1]/row[7] (zero based); Total P&G,sources/pg_2026q1_tables.json,Approximate contribution/growth percentages as reported; not unit counts or absolute prices.,Total P&G | —% | 1% | 1% | 1% | —% | 3% | —% | 2%
PG,2025-07-01,2025-09-30,2025Q3,FY2026Q1,quarter,Consolidated,fx_sales_impact,1.0,percent,reported,2025-10-24,True,True,pg_2026q1,https://www.pginvestor.com/news/news-details/2025/PG-Announces-Fiscal-Year-2026-First-Quarter-Results/default.aspx,table[1]/row[7] (zero based); Total P&G,sources/pg_2026q1_tables.json,Approximate contribution/growth percentages as reported; not unit counts or absolute prices.,Total P&G | —% | 1% | 1% | 1% | —% | 3% | —% | 2%
PG,2025-07-01,2025-09-30,2025Q3,FY2026Q1,quarter,Consolidated,price_sales_impact,1.0,percent,reported,2025-10-24,True,True,pg_2026q1,https://www.pginvestor.com/news/news-details/2025/PG-Announces-Fiscal-Year-2026-First-Quarter-Results/default.aspx,table[1]/row[7] (zero based); Total P&G,sources/pg_2026q1_tables.json,Approximate contribution/growth percentages as reported; not unit counts or absolute prices.,Total P&G | —% | 1% | 1% | 1% | —% | 3% | —% | 2%
PG,2025-07-01,2025-09-30,2025Q3,FY2026Q1,quarter,Consolidated,mix_sales_impact,1.0,percent,reported,2025-10-24,True,True,pg_2026q1,https://www.pginvestor.com/news/news-details/2025/PG-Announces-Fiscal-Year-2026-First-Quarter-Results/default.aspx,table[1]/row[7] (zero based); Total P&G,sources/pg_2026q1_tables.json,Approximate contribution/growth percentages as reported; not unit counts or absolute prices.,Total P&G | —% | 1% | 1% | 1% | —% | 3% | —% | 2%
PG,2025-07-01,2025-09-30,2025Q3,FY2026Q1,quarter,Consolidated,other_sales_impact,0.0,percent,reported,2025-10-24,True,True,pg_2026q1,https://www.pginvestor.com/news/news-details/2025/PG-Announces-Fiscal-Year-2026-First-Quarter-Results/default.aspx,table[1]/row[7] (zero based); Total P&G,sources/pg_2026q1_tables.json,Approximate contribution/growth percentages as reported; not unit counts or absolute prices.,Total P&G | —% | 1% | 1% | 1% | —% | 3% | —% | 2%
PG,2025-07-01,2025-09-30,2025Q3,FY2026Q1,quarter,Consolidated,sales_growth,3.0,percent,reported,2025-10-24,True,True,pg_2026q1,https://www.pginvestor.com/news/news-details/2025/PG-Announces-Fiscal-Year-2026-First-Quarter-Results/default.aspx,table[1]/row[7] (zero based); Total P&G,sources/pg_2026q1_tables.json,Approximate contribution/growth percentages as reported; not unit counts or absolute prices.,Total P&G | —% | 1% | 1% | 1% | —% | 3% | —% | 2%
PG,2025-07-01,2025-09-30,2025Q3,FY2026Q1,quarter,Consolidated,organic_volume_growth,0.0,percent,reported,2025-10-24,True,True,pg_2026q1,https://www.pginvestor.com/news/news-details/2025/PG-Announces-Fiscal-Year-2026-First-Quarter-Results/default.aspx,table[1]/row[7] (zero based); Total P&G,sources/pg_2026q1_tables.json,Approximate contribution/growth percentages as reported; not unit counts or absolute prices.,Total P&G | —% | 1% | 1% | 1% | —% | 3% | —% | 2%
PG,2025-07-01,2025-09-30,2025Q3,FY2026Q1,quarter,Consolidated,organic_sales_growth,2.0,percent,reported,2025-10-24,True,True,pg_2026q1,https://www.pginvestor.com/news/news-details/2025/PG-Announces-Fiscal-Year-2026-First-Quarter-Results/default.aspx,table[1]/row[7] (zero based); Total P&G,sources/pg_2026q1_tables.json,Approximate contribution/growth percentages as reported; not unit counts or absolute prices.,Total P&G | —% | 1% | 1% | 1% | —% | 3% | —% | 2%
PG,2025-07-01,2025-09-30,2025Q3,FY2026Q1,quarter,Consolidated,net_sales,22386.0,USD million,reported,2025-10-24,True,True,pg_2026q1,https://www.pginvestor.com/news/news-details/2025/PG-Announces-Fiscal-Year-2026-First-Quarter-Results/default.aspx,table[2]/row[7] (zero based); NET SALES,sources/pg_2026q1_tables.json,,"NET SALES | $ | 22,386 | $ | 21,737 | 3%"
PG,2024-07-01,2024-09-30,2024Q3,FY2025Q1,quarter,Consolidated,net_sales,21737.0,USD million,reported,2025-10-24,True,True,pg_2026q1,https://www.pginvestor.com/news/news-details/2025/PG-Announces-Fiscal-Year-2026-First-Quarter-Results/default.aspx,table[2]/row[7] (zero based); NET SALES,sources/pg_2026q1_tables.json,,"NET SALES | $ | 22,386 | $ | 21,737 | 3%"
PG,2025-07-01,2025-09-30,2025Q3,FY2026Q1,quarter,Consolidated,cost_of_products_sold,10887.0,USD million,reported,2025-10-24,True,True,pg_2026q1,https://www.pginvestor.com/news/news-details/2025/PG-Announces-Fiscal-Year-2026-First-Quarter-Results/default.aspx,table[2]/row[8] (zero based); Cost of products sold,sources/pg_2026q1_tables.json,,"Cost of products sold | 10,887 | 10,421 | 4%"
PG,2024-07-01,2024-09-30,2024Q3,FY2025Q1,quarter,Consolidated,cost_of_products_sold,10421.0,USD million,reported,2025-10-24,True,True,pg_2026q1,https://www.pginvestor.com/news/news-details/2025/PG-Announces-Fiscal-Year-2026-First-Quarter-Results/default.aspx,table[2]/row[8] (zero based); Cost of products sold,sources/pg_2026q1_tables.json,,"Cost of products sold | 10,887 | 10,421 | 4%"
PG,2025-07-01,2025-09-30,2025Q3,FY2026Q1,quarter,Consolidated,gross_profit,11499.0,USD million,reported,2025-10-24,True,True,pg_2026q1,https://www.pginvestor.com/news/news-details/2025/PG-Announces-Fiscal-Year-2026-First-Quarter-Results/default.aspx,table[2]/row[9] (zero based); GROSS PROFIT,sources/pg_2026q1_tables.json,,"GROSS PROFIT | 11,499 | 11,316 | 2%"
PG,2024-07-01,2024-09-30,2024Q3,FY2025Q1,quarter,Consolidated,gross_profit,11316.0,USD million,reported,2025-10-24,True,True,pg_2026q1,https://www.pginvestor.com/news/news-details/2025/PG-Announces-Fiscal-Year-2026-First-Quarter-Results/default.aspx,table[2]/row[9] (zero based); GROSS PROFIT,sources/pg_2026q1_tables.json,,"GROSS PROFIT | 11,499 | 11,316 | 2%"
PG,2025-07-01,2025-09-30,2025Q3,FY2026Q1,quarter,Consolidated,sga,5643.0,USD million,reported,2025-10-24,True,True,pg_2026q1,https://www.pginvestor.com/news/news-details/2025/PG-Announces-Fiscal-Year-2026-First-Quarter-Results/default.aspx,"table[2]/row[10] (zero based); Selling, general and administrative expense",sources/pg_2026q1_tables.json,,"Selling, general and administrative expense | 5,643 | 5,519 | 2%"
PG,2024-07-01,2024-09-30,2024Q3,FY2025Q1,quarter,Consolidated,sga,5519.0,USD million,reported,2025-10-24,True,True,pg_2026q1,https://www.pginvestor.com/news/news-details/2025/PG-Announces-Fiscal-Year-2026-First-Quarter-Results/default.aspx,"table[2]/row[10] (zero based); Selling, general and administrative expense",sources/pg_2026q1_tables.json,,"Selling, general and administrative expense | 5,643 | 5,519 | 2%"
PG,2025-07-01,2025-09-30,2025Q3,FY2026Q1,quarter,Consolidated,operating_income,5856.0,USD million,reported,2025-10-24,True,True,pg_2026q1,https://www.pginvestor.com/news/news-details/2025/PG-Announces-Fiscal-Year-2026-First-Quarter-Results/default.aspx,table[2]/row[11] (zero based); OPERATING INCOME,sources/pg_2026q1_tables.json,,"OPERATING INCOME | 5,856 | 5,797 | 1%"
PG,2024-07-01,2024-09-30,2024Q3,FY2025Q1,quarter,Consolidated,operating_income,5797.0,USD million,reported,2025-10-24,True,True,pg_2026q1,https://www.pginvestor.com/news/news-details/2025/PG-Announces-Fiscal-Year-2026-First-Quarter-Results/default.aspx,table[2]/row[11] (zero based); OPERATING INCOME,sources/pg_2026q1_tables.json,,"OPERATING INCOME | 5,856 | 5,797 | 1%"
PG,2025-07-01,2025-09-30,2025Q3,FY2026Q1,quarter,Consolidated,interest_expense_signed,-197.0,USD million,reported,2025-10-24,True,True,pg_2026q1,https://www.pginvestor.com/news/news-details/2025/PG-Announces-Fiscal-Year-2026-First-Quarter-Results/default.aspx,table[2]/row[12] (zero based); Interest expense,sources/pg_2026q1_tables.json,,Interest expense | (197 | ) | (238 | ) | (17)%
PG,2024-07-01,2024-09-30,2024Q3,FY2025Q1,quarter,Consolidated,interest_expense_signed,-238.0,USD million,reported,2025-10-24,True,True,pg_2026q1,https://www.pginvestor.com/news/news-details/2025/PG-Announces-Fiscal-Year-2026-First-Quarter-Results/default.aspx,table[2]/row[12] (zero based); Interest expense,sources/pg_2026q1_tables.json,,Interest expense | (197 | ) | (238 | ) | (17)%
PG,2025-07-01,2025-09-30,2025Q3,FY2026Q1,quarter,Consolidated,interest_income,108.0,USD million,reported,2025-10-24,True,True,pg_2026q1,https://www.pginvestor.com/news/news-details/2025/PG-Announces-Fiscal-Year-2026-First-Quarter-Results/default.aspx,table[2]/row[13] (zero based); Interest income,sources/pg_2026q1_tables.json,,Interest income | 108 | 135 | (20)%
PG,2024-07-01,2024-09-30,2024Q3,FY2025Q1,quarter,Consolidated,interest_income,135.0,USD million,reported,2025-10-24,True,True,pg_2026q1,https://www.pginvestor.com/news/news-details/2025/PG-Announces-Fiscal-Year-2026-First-Quarter-Results/default.aspx,table[2]/row[13] (zero based); Interest income,sources/pg_2026q1_tables.json,,Interest income | 108 | 135 | (20)%
PG,2025-07-01,2025-09-30,2025Q3,FY2026Q1,quarter,Consolidated,other_income,268.0,USD million,reported,2025-10-24,True,True,pg_2026q1,https://www.pginvestor.com/news/news-details/2025/PG-Announces-Fiscal-Year-2026-First-Quarter-Results/default.aspx,"table[2]/row[14] (zero based); Other operating income/(expense), net",sources/pg_2026q1_tables.json,,"Other operating income/(expense), net | 268 | (554 | ) | (148)%"
PG,2024-07-01,2024-09-30,2024Q3,FY2025Q1,quarter,Consolidated,other_income,-554.0,USD million,reported,2025-10-24,True,True,pg_2026q1,https://www.pginvestor.com/news/news-details/2025/PG-Announces-Fiscal-Year-2026-First-Quarter-Results/default.aspx,"table[2]/row[14] (zero based); Other operating income/(expense), net",sources/pg_2026q1_tables.json,,"Other operating income/(expense), net | 268 | (554 | ) | (148)%"
PG,2025-07-01,2025-09-30,2025Q3,FY2026Q1,quarter,Consolidated,pretax_income,6034.0,USD million,reported,2025-10-24,True,True,pg_2026q1,https://www.pginvestor.com/news/news-details/2025/PG-Announces-Fiscal-Year-2026-First-Quarter-Results/default.aspx,table[2]/row[15] (zero based); EARNINGS BEFORE INCOME TAXES,sources/pg_2026q1_tables.json,,"EARNINGS BEFORE INCOME TAXES | 6,034 | 5,140 | 17%"
PG,2024-07-01,2024-09-30,2024Q3,FY2025Q1,quarter,Consolidated,pretax_income,5140.0,USD million,reported,2025-10-24,True,True,pg_2026q1,https://www.pginvestor.com/news/news-details/2025/PG-Announces-Fiscal-Year-2026-First-Quarter-Results/default.aspx,table[2]/row[15] (zero based); EARNINGS BEFORE INCOME TAXES,sources/pg_2026q1_tables.json,,"EARNINGS BEFORE INCOME TAXES | 6,034 | 5,140 | 17%"
PG,2025-07-01,2025-09-30,2025Q3,FY2026Q1,quarter,Consolidated,income_taxes,1253.0,USD million,reported,2025-10-24,True,True,pg_2026q1,https://www.pginvestor.com/news/news-details/2025/PG-Announces-Fiscal-Year-2026-First-Quarter-Results/default.aspx,table[2]/row[16] (zero based); Income taxes,sources/pg_2026q1_tables.json,,"Income taxes | 1,253 | 1,152 | 9%"
PG,2024-07-01,2024-09-30,2024Q3,FY2025Q1,quarter,Consolidated,income_taxes,1152.0,USD million,reported,2025-10-24,True,True,pg_2026q1,https://www.pginvestor.com/news/news-details/2025/PG-Announces-Fiscal-Year-2026-First-Quarter-Results/default.aspx,table[2]/row[16] (zero based); Income taxes,sources/pg_2026q1_tables.json,,"Income taxes | 1,253 | 1,152 | 9%"
PG,2025-07-01,2025-09-30,2025Q3,FY2026Q1,quarter,Consolidated,net_income,4781.0,USD million,reported,2025-10-24,True,True,pg_2026q1,https://www.pginvestor.com/news/news-details/2025/PG-Announces-Fiscal-Year-2026-First-Quarter-Results/default.aspx,table[2]/row[17] (zero based); NET EARNINGS,sources/pg_2026q1_tables.json,,"NET EARNINGS | 4,781 | 3,987 | 20%"
PG,2024-07-01,2024-09-30,2024Q3,FY2025Q1,quarter,Consolidated,net_income,3987.0,USD million,reported,2025-10-24,True,True,pg_2026q1,https://www.pginvestor.com/news/news-details/2025/PG-Announces-Fiscal-Year-2026-First-Quarter-Results/default.aspx,table[2]/row[17] (zero based); NET EARNINGS,sources/pg_2026q1_tables.json,,"NET EARNINGS | 4,781 | 3,987 | 20%"
PG,2025-07-01,2025-09-30,2025Q3,FY2026Q1,quarter,Consolidated,noncontrolling_income,31.0,USD million,reported,2025-10-24,True,True,pg_2026q1,https://www.pginvestor.com/news/news-details/2025/PG-Announces-Fiscal-Year-2026-First-Quarter-Results/default.aspx,table[2]/row[18] (zero based); Less: Net earnings attributable to noncontrolling interests,sources/pg_2026q1_tables.json,,Less: Net earnings attributable to noncontrolling interests | 31 | 28 | 11%
PG,2024-07-01,2024-09-30,2024Q3,FY2025Q1,quarter,Consolidated,noncontrolling_income,28.0,USD million,reported,2025-10-24,True,True,pg_2026q1,https://www.pginvestor.com/news/news-details/2025/PG-Announces-Fiscal-Year-2026-First-Quarter-Results/default.aspx,table[2]/row[18] (zero based); Less: Net earnings attributable to noncontrolling interests,sources/pg_2026q1_tables.json,,Less: Net earnings attributable to noncontrolling interests | 31 | 28 | 11%
PG,2025-07-01,2025-09-30,2025Q3,FY2026Q1,quarter,Consolidated,net_income_attributable,4750.0,USD million,reported,2025-10-24,True,True,pg_2026q1,https://www.pginvestor.com/news/news-details/2025/PG-Announces-Fiscal-Year-2026-First-Quarter-Results/default.aspx,table[2]/row[19] (zero based); NET EARNINGS ATTRIBUTABLE TO PROCTER & GAMBLE,sources/pg_2026q1_tables.json,,"NET EARNINGS ATTRIBUTABLE TO PROCTER & GAMBLE | $ | 4,750 | $ | 3,959 | 20%"
PG,2024-07-01,2024-09-30,2024Q3,FY2025Q1,quarter,Consolidated,net_income_attributable,3959.0,USD million,reported,2025-10-24,True,True,pg_2026q1,https://www.pginvestor.com/news/news-details/2025/PG-Announces-Fiscal-Year-2026-First-Quarter-Results/default.aspx,table[2]/row[19] (zero based); NET EARNINGS ATTRIBUTABLE TO PROCTER & GAMBLE,sources/pg_2026q1_tables.json,,"NET EARNINGS ATTRIBUTABLE TO PROCTER & GAMBLE | $ | 4,750 | $ | 3,959 | 20%"
PG,2025-07-01,2025-09-30,2025Q3,FY2026Q1,quarter,Consolidated,effective_tax_rate,20.8,percent,reported,2025-10-24,True,True,pg_2026q1,https://www.pginvestor.com/news/news-details/2025/PG-Announces-Fiscal-Year-2026-First-Quarter-Results/default.aspx,table[2]/row[21] (zero based); EFFECTIVE TAX RATE,sources/pg_2026q1_tables.json,,EFFECTIVE TAX RATE | 20.8 | % | 22.4 | %
PG,2024-07-01,2024-09-30,2024Q3,FY2025Q1,quarter,Consolidated,effective_tax_rate,22.4,percent,reported,2025-10-24,True,True,pg_2026q1,https://www.pginvestor.com/news/news-details/2025/PG-Announces-Fiscal-Year-2026-First-Quarter-Results/default.aspx,table[2]/row[21] (zero based); EFFECTIVE TAX RATE,sources/pg_2026q1_tables.json,,EFFECTIVE TAX RATE | 20.8 | % | 22.4 | %
PG,2025-07-01,2025-09-30,2025Q3,FY2026Q1,quarter,Consolidated,diluted_eps,1.95,USD/share,reported,2025-10-24,True,True,pg_2026q1,https://www.pginvestor.com/news/news-details/2025/PG-Announces-Fiscal-Year-2026-First-Quarter-Results/default.aspx,table[2]/row[25] (zero based); Diluted,sources/pg_2026q1_tables.json,,Diluted | $ | 1.95 | $ | 1.61 | 21%
PG,2024-07-01,2024-09-30,2024Q3,FY2025Q1,quarter,Consolidated,diluted_eps,1.61,USD/share,reported,2025-10-24,True,True,pg_2026q1,https://www.pginvestor.com/news/news-details/2025/PG-Announces-Fiscal-Year-2026-First-Quarter-Results/default.aspx,table[2]/row[25] (zero based); Diluted,sources/pg_2026q1_tables.json,,Diluted | $ | 1.95 | $ | 1.61 | 21%
PG,2025-07-01,2025-09-30,2025Q3,FY2026Q1,quarter,Consolidated,diluted_shares,2436.8,million shares,reported,2025-10-24,True,True,pg_2026q1,https://www.pginvestor.com/news/news-details/2025/PG-Announces-Fiscal-Year-2026-First-Quarter-Results/default.aspx,table[2]/row[28] (zero based); DILUTED WEIGHTED AVERAGE COMMON SHARES OUTSTANDING,sources/pg_2026q1_tables.json,,"DILUTED WEIGHTED AVERAGE COMMON SHARES OUTSTANDING | 2,436.8 | 2,466.0"
PG,2024-07-01,2024-09-30,2024Q3,FY2025Q1,quarter,Consolidated,diluted_shares,2466.0,million shares,reported,2025-10-24,True,True,pg_2026q1,https://www.pginvestor.com/news/news-details/2025/PG-Announces-Fiscal-Year-2026-First-Quarter-Results/default.aspx,table[2]/row[28] (zero based); DILUTED WEIGHTED AVERAGE COMMON SHARES OUTSTANDING,sources/pg_2026q1_tables.json,,"DILUTED WEIGHTED AVERAGE COMMON SHARES OUTSTANDING | 2,436.8 | 2,466.0"
PG,2025-07-01,2025-09-30,2025Q3,FY2026Q1,quarter,Beauty,net_sales,4143.0,USD million,reported,2025-10-24,True,True,pg_2026q1,https://www.pginvestor.com/news/news-details/2025/PG-Announces-Fiscal-Year-2026-First-Quarter-Results/default.aspx,table[3]/row[8] (zero based); Beauty,sources/pg_2026q1_tables.json,,"Beauty | $ | 4,143 | 6% | $ | 1,132 | 6% | $ | 879 | 5%"
PG,2025-07-01,2025-09-30,2025Q3,FY2026Q1,quarter,Beauty,pretax_income,1132.0,USD million,reported,2025-10-24,True,True,pg_2026q1,https://www.pginvestor.com/news/news-details/2025/PG-Announces-Fiscal-Year-2026-First-Quarter-Results/default.aspx,table[3]/row[8] (zero based); Beauty,sources/pg_2026q1_tables.json,,"Beauty | $ | 4,143 | 6% | $ | 1,132 | 6% | $ | 879 | 5%"
PG,2025-07-01,2025-09-30,2025Q3,FY2026Q1,quarter,Beauty,net_income,879.0,USD million,reported,2025-10-24,True,True,pg_2026q1,https://www.pginvestor.com/news/news-details/2025/PG-Announces-Fiscal-Year-2026-First-Quarter-Results/default.aspx,table[3]/row[8] (zero based); Beauty,sources/pg_2026q1_tables.json,,"Beauty | $ | 4,143 | 6% | $ | 1,132 | 6% | $ | 879 | 5%"
PG,2025-07-01,2025-09-30,2025Q3,FY2026Q1,quarter,Grooming,net_sales,1817.0,USD million,reported,2025-10-24,True,True,pg_2026q1,https://www.pginvestor.com/news/news-details/2025/PG-Announces-Fiscal-Year-2026-First-Quarter-Results/default.aspx,table[3]/row[9] (zero based); Grooming,sources/pg_2026q1_tables.json,,"Grooming | 1,817 | 5% | 585 | 12% | 463 | 9%"
PG,2025-07-01,2025-09-30,2025Q3,FY2026Q1,quarter,Grooming,pretax_income,585.0,USD million,reported,2025-10-24,True,True,pg_2026q1,https://www.pginvestor.com/news/news-details/2025/PG-Announces-Fiscal-Year-2026-First-Quarter-Results/default.aspx,table[3]/row[9] (zero based); Grooming,sources/pg_2026q1_tables.json,,"Grooming | 1,817 | 5% | 585 | 12% | 463 | 9%"
PG,2025-07-01,2025-09-30,2025Q3,FY2026Q1,quarter,Grooming,net_income,463.0,USD million,reported,2025-10-24,True,True,pg_2026q1,https://www.pginvestor.com/news/news-details/2025/PG-Announces-Fiscal-Year-2026-First-Quarter-Results/default.aspx,table[3]/row[9] (zero based); Grooming,sources/pg_2026q1_tables.json,,"Grooming | 1,817 | 5% | 585 | 12% | 463 | 9%"
PG,2025-07-01,2025-09-30,2025Q3,FY2026Q1,quarter,Health Care,net_sales,3220.0,USD million,reported,2025-10-24,True,True,pg_2026q1,https://www.pginvestor.com/news/news-details/2025/PG-Announces-Fiscal-Year-2026-First-Quarter-Results/default.aspx,table[3]/row[10] (zero based); Health Care,sources/pg_2026q1_tables.json,,"Health Care | 3,220 | 2% | 937 | (2)% | 718 | (3)%"
PG,2025-07-01,2025-09-30,2025Q3,FY2026Q1,quarter,Health Care,pretax_income,937.0,USD million,reported,2025-10-24,True,True,pg_2026q1,https://www.pginvestor.com/news/news-details/2025/PG-Announces-Fiscal-Year-2026-First-Quarter-Results/default.aspx,table[3]/row[10] (zero based); Health Care,sources/pg_2026q1_tables.json,,"Health Care | 3,220 | 2% | 937 | (2)% | 718 | (3)%"
PG,2025-07-01,2025-09-30,2025Q3,FY2026Q1,quarter,Health Care,net_income,718.0,USD million,reported,2025-10-24,True,True,pg_2026q1,https://www.pginvestor.com/news/news-details/2025/PG-Announces-Fiscal-Year-2026-First-Quarter-Results/default.aspx,table[3]/row[10] (zero based); Health Care,sources/pg_2026q1_tables.json,,"Health Care | 3,220 | 2% | 937 | (2)% | 718 | (3)%"
PG,2025-07-01,2025-09-30,2025Q3,FY2026Q1,quarter,Fabric & Home Care,net_sales,7793.0,USD million,reported,2025-10-24,True,True,pg_2026q1,https://www.pginvestor.com/news/news-details/2025/PG-Announces-Fiscal-Year-2026-First-Quarter-Results/default.aspx,table[3]/row[11] (zero based); Fabric & Home Care,sources/pg_2026q1_tables.json,,"Fabric & Home Care | 7,793 | 1% | 2,042 | (2)% | 1,579 | (3)%"
PG,2025-07-01,2025-09-30,2025Q3,FY2026Q1,quarter,Fabric & Home Care,pretax_income,2042.0,USD million,reported,2025-10-24,True,True,pg_2026q1,https://www.pginvestor.com/news/news-details/2025/PG-Announces-Fiscal-Year-2026-First-Quarter-Results/default.aspx,table[3]/row[11] (zero based); Fabric & Home Care,sources/pg_2026q1_tables.json,,"Fabric & Home Care | 7,793 | 1% | 2,042 | (2)% | 1,579 | (3)%"
PG,2025-07-01,2025-09-30,2025Q3,FY2026Q1,quarter,Fabric & Home Care,net_income,1579.0,USD million,reported,2025-10-24,True,True,pg_2026q1,https://www.pginvestor.com/news/news-details/2025/PG-Announces-Fiscal-Year-2026-First-Quarter-Results/default.aspx,table[3]/row[11] (zero based); Fabric & Home Care,sources/pg_2026q1_tables.json,,"Fabric & Home Care | 7,793 | 1% | 2,042 | (2)% | 1,579 | (3)%"
PG,2025-07-01,2025-09-30,2025Q3,FY2026Q1,quarter,"Baby, Feminine & Family Care",net_sales,5171.0,USD million,reported,2025-10-24,True,True,pg_2026q1,https://www.pginvestor.com/news/news-details/2025/PG-Announces-Fiscal-Year-2026-First-Quarter-Results/default.aspx,"table[3]/row[12] (zero based); Baby, Feminine & Family Care",sources/pg_2026q1_tables.json,,"Baby, Feminine & Family Care | 5,171 | 1% | 1,446 | 5% | 1,105 | 4%"
PG,2025-07-01,2025-09-30,2025Q3,FY2026Q1,quarter,"Baby, Feminine & Family Care",pretax_income,1446.0,USD million,reported,2025-10-24,True,True,pg_2026q1,https://www.pginvestor.com/news/news-details/2025/PG-Announces-Fiscal-Year-2026-First-Quarter-Results/default.aspx,"table[3]/row[12] (zero based); Baby, Feminine & Family Care",sources/pg_2026q1_tables.json,,"Baby, Feminine & Family Care | 5,171 | 1% | 1,446 | 5% | 1,105 | 4%"
PG,2025-07-01,2025-09-30,2025Q3,FY2026Q1,quarter,"Baby, Feminine & Family Care",net_income,1105.0,USD million,reported,2025-10-24,True,True,pg_2026q1,https://www.pginvestor.com/news/news-details/2025/PG-Announces-Fiscal-Year-2026-First-Quarter-Results/default.aspx,"table[3]/row[12] (zero based); Baby, Feminine & Family Care",sources/pg_2026q1_tables.json,,"Baby, Feminine & Family Care | 5,171 | 1% | 1,446 | 5% | 1,105 | 4%"
PG,2025-07-01,2025-09-30,2025Q3,FY2026Q1,quarter,Corporate,net_sales,242.0,USD million,reported,2025-10-24,True,True,pg_2026q1,https://www.pginvestor.com/news/news-details/2025/PG-Announces-Fiscal-Year-2026-First-Quarter-Results/default.aspx,table[3]/row[13] (zero based); Corporate,sources/pg_2026q1_tables.json,,Corporate | 242 | N/A | (108 | ) | N/A | 36 | N/A
PG,2025-07-01,2025-09-30,2025Q3,FY2026Q1,quarter,Corporate,pretax_income,-108.0,USD million,reported,2025-10-24,True,True,pg_2026q1,https://www.pginvestor.com/news/news-details/2025/PG-Announces-Fiscal-Year-2026-First-Quarter-Results/default.aspx,table[3]/row[13] (zero based); Corporate,sources/pg_2026q1_tables.json,,Corporate | 242 | N/A | (108 | ) | N/A | 36 | N/A
PG,2025-07-01,2025-09-30,2025Q3,FY2026Q1,quarter,Corporate,net_income,36.0,USD million,reported,2025-10-24,True,True,pg_2026q1,https://www.pginvestor.com/news/news-details/2025/PG-Announces-Fiscal-Year-2026-First-Quarter-Results/default.aspx,table[3]/row[13] (zero based); Corporate,sources/pg_2026q1_tables.json,,Corporate | 242 | N/A | (108 | ) | N/A | 36 | N/A
PG,2025-07-01,2025-09-30,2025Q3,FY2026Q1,quarter,Consolidated,operating_cash_flow,5408.0,USD million,reported,2025-10-24,True,True,pg_2026q1,https://www.pginvestor.com/news/news-details/2025/PG-Announces-Fiscal-Year-2026-First-Quarter-Results/default.aspx,table[5]/row[19] (zero based); TOTAL OPERATING ACTIVITIES,sources/pg_2026q1_tables.json,,"TOTAL OPERATING ACTIVITIES | 5,408 | 4,302"
PG,2024-07-01,2024-09-30,2024Q3,FY2025Q1,quarter,Consolidated,operating_cash_flow,4302.0,USD million,reported,2025-10-24,True,True,pg_2026q1,https://www.pginvestor.com/news/news-details/2025/PG-Announces-Fiscal-Year-2026-First-Quarter-Results/default.aspx,table[5]/row[19] (zero based); TOTAL OPERATING ACTIVITIES,sources/pg_2026q1_tables.json,,"TOTAL OPERATING ACTIVITIES | 5,408 | 4,302"
PG,2025-07-01,2025-09-30,2025Q3,FY2026Q1,quarter,Consolidated,capital_expenditures_signed,-1200.0,USD million,reported,2025-10-24,True,True,pg_2026q1,https://www.pginvestor.com/news/news-details/2025/PG-Announces-Fiscal-Year-2026-First-Quarter-Results/default.aspx,table[5]/row[21] (zero based); Capital expenditures,sources/pg_2026q1_tables.json,,"Capital expenditures | (1,200 | ) | (993 | )"
PG,2024-07-01,2024-09-30,2024Q3,FY2025Q1,quarter,Consolidated,capital_expenditures_signed,-993.0,USD million,reported,2025-10-24,True,True,pg_2026q1,https://www.pginvestor.com/news/news-details/2025/PG-Announces-Fiscal-Year-2026-First-Quarter-Results/default.aspx,table[5]/row[21] (zero based); Capital expenditures,sources/pg_2026q1_tables.json,,"Capital expenditures | (1,200 | ) | (993 | )"
PG,,2025-09-30,2025Q3,FY2026Q1,instant,Consolidated,cash_equivalents,11171.0,USD million,reported,2025-10-24,True,True,pg_2026q1,https://www.pginvestor.com/news/news-details/2025/PG-Announces-Fiscal-Year-2026-First-Quarter-Results/default.aspx,table[6]/row[7] (zero based); Cash and cash equivalents,sources/pg_2026q1_tables.json,,"Cash and cash equivalents | $ | 11,171 | $ | 9,556"
PG,,2025-09-30,2025Q3,FY2026Q1,instant,Consolidated,total_assets,127599.0,USD million,reported,2025-10-24,True,True,pg_2026q1,https://www.pginvestor.com/news/news-details/2025/PG-Announces-Fiscal-Year-2026-First-Quarter-Results/default.aspx,table[6]/row[16] (zero based); TOTAL ASSETS,sources/pg_2026q1_tables.json,,"TOTAL ASSETS | $ | 127,599 | $ | 125,231"
PG,,2025-09-30,2025Q3,FY2026Q1,instant,Consolidated,current_debt,11631.0,USD million,reported,2025-10-24,True,True,pg_2026q1,https://www.pginvestor.com/news/news-details/2025/PG-Announces-Fiscal-Year-2026-First-Quarter-Results/default.aspx,table[6]/row[20] (zero based); Debt due within one year,sources/pg_2026q1_tables.json,,"Debt due within one year | 11,631 | 9,513"
PG,,2025-09-30,2025Q3,FY2026Q1,instant,Consolidated,long_term_debt,24315.0,USD million,reported,2025-10-24,True,True,pg_2026q1,https://www.pginvestor.com/news/news-details/2025/PG-Announces-Fiscal-Year-2026-First-Quarter-Results/default.aspx,table[6]/row[22] (zero based); Long-term debt,sources/pg_2026q1_tables.json,,"Long-term debt | 24,315 | 24,995"
PG,,2025-06-30,2025Q2,FY2025Q4,instant,Consolidated,long_term_debt,24995.0,USD million,reported,2025-10-24,True,True,pg_2026q1,https://www.pginvestor.com/news/news-details/2025/PG-Announces-Fiscal-Year-2026-First-Quarter-Results/default.aspx,table[6]/row[22] (zero based); Long-term debt,sources/pg_2026q1_tables.json,,"Long-term debt | 24,315 | 24,995"
PG,,2025-09-30,2025Q3,FY2026Q1,instant,Consolidated,equity,53551.0,USD million,reported,2025-10-24,True,True,pg_2026q1,https://www.pginvestor.com/news/news-details/2025/PG-Announces-Fiscal-Year-2026-First-Quarter-Results/default.aspx,table[6]/row[26] (zero based); TOTAL SHAREHOLDERS' EQUITY,sources/pg_2026q1_tables.json,,"TOTAL SHAREHOLDERS' EQUITY | 53,551 | 52,284"
TRV,2025-10-01,2025-12-31,2025Q4,2025Q4,quarter,Consolidated,net_written_premiums,10856.0,USD million,reported,2026-01-21,True,True,trv_2025q4,https://investor.travelers.com/newsroom/press-releases/news-details/2026/Travelers-Reports-Excellent-Fourth-Quarter-and-Full-Year-Results/default.aspx,table[0]/row[3] (zero based); Net written premiums,sources/trv_2025q4_tables.json,,"Net written premiums | $ | 10,856 | $ | 10,742 | 1 | % | $ | 44,387 | $ | 43,356 | 2 | %"
TRV,2024-10-01,2024-12-31,2024Q4,2024Q4,quarter,Consolidated,net_written_premiums,10742.0,USD million,reported,2026-01-21,True,True,trv_2025q4,https://investor.travelers.com/newsroom/press-releases/news-details/2026/Travelers-Reports-Excellent-Fourth-Quarter-and-Full-Year-Results/default.aspx,table[0]/row[3] (zero based); Net written premiums,sources/trv_2025q4_tables.json,,"Net written premiums | $ | 10,856 | $ | 10,742 | 1 | % | $ | 44,387 | $ | 43,356 | 2 | %"
TRV,2025-10-01,2025-12-31,2025Q4,2025Q4,quarter,Consolidated,total_revenues,12432.0,USD million,reported,2026-01-21,True,True,trv_2025q4,https://investor.travelers.com/newsroom/press-releases/news-details/2026/Travelers-Reports-Excellent-Fourth-Quarter-and-Full-Year-Results/default.aspx,table[0]/row[5] (zero based); Total revenues,sources/trv_2025q4_tables.json,,"Total revenues | $ | 12,432 | $ | 12,008 | 4 | $ | 48,828 | $ | 46,423 | 5"
TRV,2024-10-01,2024-12-31,2024Q4,2024Q4,quarter,Consolidated,total_revenues,12008.0,USD million,reported,2026-01-21,True,True,trv_2025q4,https://investor.travelers.com/newsroom/press-releases/news-details/2026/Travelers-Reports-Excellent-Fourth-Quarter-and-Full-Year-Results/default.aspx,table[0]/row[5] (zero based); Total revenues,sources/trv_2025q4_tables.json,,"Total revenues | $ | 12,432 | $ | 12,008 | 4 | $ | 48,828 | $ | 46,423 | 5"
TRV,2025-10-01,2025-12-31,2025Q4,2025Q4,quarter,Consolidated,net_income,2496.0,USD million,reported,2026-01-21,True,True,trv_2025q4,https://investor.travelers.com/newsroom/press-releases/news-details/2026/Travelers-Reports-Excellent-Fourth-Quarter-and-Full-Year-Results/default.aspx,table[0]/row[6] (zero based); Net income,sources/trv_2025q4_tables.json,,"Net income | $ | 2,496 | $ | 2,082 | 20 | $ | 6,288 | $ | 4,999 | 26"
TRV,2024-10-01,2024-12-31,2024Q4,2024Q4,quarter,Consolidated,net_income,2082.0,USD million,reported,2026-01-21,True,True,trv_2025q4,https://investor.travelers.com/newsroom/press-releases/news-details/2026/Travelers-Reports-Excellent-Fourth-Quarter-and-Full-Year-Results/default.aspx,table[0]/row[6] (zero based); Net income,sources/trv_2025q4_tables.json,,"Net income | $ | 2,496 | $ | 2,082 | 20 | $ | 6,288 | $ | 4,999 | 26"
TRV,2025-10-01,2025-12-31,2025Q4,2025Q4,quarter,Consolidated,core_income,2511.0,USD million,reported,2026-01-21,True,True,trv_2025q4,https://investor.travelers.com/newsroom/press-releases/news-details/2026/Travelers-Reports-Excellent-Fourth-Quarter-and-Full-Year-Results/default.aspx,table[0]/row[8] (zero based); Core income,sources/trv_2025q4_tables.json,,"Core income | $ | 2,511 | $ | 2,126 | 18 | $ | 6,325 | $ | 5,025 | 26"
TRV,2024-10-01,2024-12-31,2024Q4,2024Q4,quarter,Consolidated,core_income,2126.0,USD million,reported,2026-01-21,True,True,trv_2025q4,https://investor.travelers.com/newsroom/press-releases/news-details/2026/Travelers-Reports-Excellent-Fourth-Quarter-and-Full-Year-Results/default.aspx,table[0]/row[8] (zero based); Core income,sources/trv_2025q4_tables.json,,"Core income | $ | 2,511 | $ | 2,126 | 18 | $ | 6,325 | $ | 5,025 | 26"
TRV,2025-10-01,2025-12-31,2025Q4,2025Q4,quarter,Consolidated,diluted_shares,224.0,million shares,reported,2026-01-21,True,True,trv_2025q4,https://investor.travelers.com/newsroom/press-releases/news-details/2026/Travelers-Reports-Excellent-Fourth-Quarter-and-Full-Year-Results/default.aspx,table[0]/row[10] (zero based); Diluted weighted average shares outstanding,sources/trv_2025q4_tables.json,,Diluted weighted average shares outstanding | 224.0 | 230.7 | (3 | ) | 227.6 | 231.1 | (2 | )
TRV,2024-10-01,2024-12-31,2024Q4,2024Q4,quarter,Consolidated,diluted_shares,230.7,million shares,reported,2026-01-21,True,True,trv_2025q4,https://investor.travelers.com/newsroom/press-releases/news-details/2026/Travelers-Reports-Excellent-Fourth-Quarter-and-Full-Year-Results/default.aspx,table[0]/row[10] (zero based); Diluted weighted average shares outstanding,sources/trv_2025q4_tables.json,,Diluted weighted average shares outstanding | 224.0 | 230.7 | (3 | ) | 227.6 | 231.1 | (2 | )
TRV,2025-10-01,2025-12-31,2025Q4,2025Q4,quarter,Consolidated,combined_ratio,80.2,percent,reported,2026-01-21,True,True,trv_2025q4,https://investor.travelers.com/newsroom/press-releases/news-details/2026/Travelers-Reports-Excellent-Fourth-Quarter-and-Full-Year-Results/default.aspx,table[0]/row[11] (zero based); Combined ratio,sources/trv_2025q4_tables.json,,Combined ratio | 80.2 | % | 83.2 | % | (3.0 | ) | pts | 89.9 | % | 92.5 | % | (2.6 | ) | pts
TRV,2024-10-01,2024-12-31,2024Q4,2024Q4,quarter,Consolidated,combined_ratio,83.2,percent,reported,2026-01-21,True,True,trv_2025q4,https://investor.travelers.com/newsroom/press-releases/news-details/2026/Travelers-Reports-Excellent-Fourth-Quarter-and-Full-Year-Results/default.aspx,table[0]/row[11] (zero based); Combined ratio,sources/trv_2025q4_tables.json,,Combined ratio | 80.2 | % | 83.2 | % | (3.0 | ) | pts | 89.9 | % | 92.5 | % | (2.6 | ) | pts
TRV,2025-10-01,2025-12-31,2025Q4,2025Q4,quarter,Consolidated,underlying_combined_ratio,82.2,percent,reported,2026-01-21,True,True,trv_2025q4,https://investor.travelers.com/newsroom/press-releases/news-details/2026/Travelers-Reports-Excellent-Fourth-Quarter-and-Full-Year-Results/default.aspx,table[0]/row[12] (zero based); Underlying combined ratio,sources/trv_2025q4_tables.json,,Underlying combined ratio | 82.2 | % | 84.0 | % | (1.8 | ) | pts | 83.9 | % | 86.2 | % | (2.3 | ) | pts
TRV,2024-10-01,2024-12-31,2024Q4,2024Q4,quarter,Consolidated,underlying_combined_ratio,84.0,percent,reported,2026-01-21,True,True,trv_2025q4,https://investor.travelers.com/newsroom/press-releases/news-details/2026/Travelers-Reports-Excellent-Fourth-Quarter-and-Full-Year-Results/default.aspx,table[0]/row[12] (zero based); Underlying combined ratio,sources/trv_2025q4_tables.json,,Underlying combined ratio | 82.2 | % | 84.0 | % | (1.8 | ) | pts | 83.9 | % | 86.2 | % | (2.3 | ) | pts
TRV,2025-10-01,2025-12-31,2025Q4,2025Q4,quarter,Consolidated,underwriting_gain,2170.0,USD million,reported,2026-01-21,True,True,trv_2025q4,https://investor.travelers.com/newsroom/press-releases/news-details/2026/Travelers-Reports-Excellent-Fourth-Quarter-and-Full-Year-Results/default.aspx,table[2]/row[3] (zero based); Underwriting gain:,sources/trv_2025q4_tables.json,,"Underwriting gain: | $ | 2,170 | $ | 1,787 | $ | 383 | $ | 4,265 | $ | 2,984 | $ | 1,281"
TRV,2024-10-01,2024-12-31,2024Q4,2024Q4,quarter,Consolidated,underwriting_gain,1787.0,USD million,reported,2026-01-21,True,True,trv_2025q4,https://investor.travelers.com/newsroom/press-releases/news-details/2026/Travelers-Reports-Excellent-Fourth-Quarter-and-Full-Year-Results/default.aspx,table[2]/row[3] (zero based); Underwriting gain:,sources/trv_2025q4_tables.json,,"Underwriting gain: | $ | 2,170 | $ | 1,787 | $ | 383 | $ | 4,265 | $ | 2,984 | $ | 1,281"
TRV,2025-10-01,2025-12-31,2025Q4,2025Q4,quarter,Consolidated,favorable_prior_year_development,321.0,USD million,reported,2026-01-21,True,True,trv_2025q4,https://investor.travelers.com/newsroom/press-releases/news-details/2026/Travelers-Reports-Excellent-Fourth-Quarter-and-Full-Year-Results/default.aspx,table[2]/row[5] (zero based); Net favorable prior year reserve development,sources/trv_2025q4_tables.json,,"Net favorable prior year reserve development | 321 | 262 | 59 | 1,036 | 709 | 327"
TRV,2024-10-01,2024-12-31,2024Q4,2024Q4,quarter,Consolidated,favorable_prior_year_development,262.0,USD million,reported,2026-01-21,True,True,trv_2025q4,https://investor.travelers.com/newsroom/press-releases/news-details/2026/Travelers-Reports-Excellent-Fourth-Quarter-and-Full-Year-Results/default.aspx,table[2]/row[5] (zero based); Net favorable prior year reserve development,sources/trv_2025q4_tables.json,,"Net favorable prior year reserve development | 321 | 262 | 59 | 1,036 | 709 | 327"
TRV,2025-10-01,2025-12-31,2025Q4,2025Q4,quarter,Consolidated,catastrophe_losses_signed,-95.0,USD million,reported,2026-01-21,True,True,trv_2025q4,https://investor.travelers.com/newsroom/press-releases/news-details/2026/Travelers-Reports-Excellent-Fourth-Quarter-and-Full-Year-Results/default.aspx,"table[2]/row[6] (zero based); Catastrophes, net of reinsurance",sources/trv_2025q4_tables.json,,"Catastrophes, net of reinsurance | (95 | ) | (175 | ) | 80 | (3,690 | ) | (3,335 | ) | (355 | )"
TRV,2024-10-01,2024-12-31,2024Q4,2024Q4,quarter,Consolidated,catastrophe_losses_signed,-175.0,USD million,reported,2026-01-21,True,True,trv_2025q4,https://investor.travelers.com/newsroom/press-releases/news-details/2026/Travelers-Reports-Excellent-Fourth-Quarter-and-Full-Year-Results/default.aspx,"table[2]/row[6] (zero based); Catastrophes, net of reinsurance",sources/trv_2025q4_tables.json,,"Catastrophes, net of reinsurance | (95 | ) | (175 | ) | 80 | (3,690 | ) | (3,335 | ) | (355 | )"
TRV,2025-10-01,2025-12-31,2025Q4,2025Q4,quarter,Consolidated,investment_income_pretax,1054.0,USD million,reported,2026-01-21,True,True,trv_2025q4,https://investor.travelers.com/newsroom/press-releases/news-details/2026/Travelers-Reports-Excellent-Fourth-Quarter-and-Full-Year-Results/default.aspx,table[2]/row[7] (zero based); Net investment income,sources/trv_2025q4_tables.json,,"Net investment income | 1,054 | 955 | 99 | 3,959 | 3,590 | 369"
TRV,2024-10-01,2024-12-31,2024Q4,2024Q4,quarter,Consolidated,investment_income_pretax,955.0,USD million,reported,2026-01-21,True,True,trv_2025q4,https://investor.travelers.com/newsroom/press-releases/news-details/2026/Travelers-Reports-Excellent-Fourth-Quarter-and-Full-Year-Results/default.aspx,table[2]/row[7] (zero based); Net investment income,sources/trv_2025q4_tables.json,,"Net investment income | 1,054 | 955 | 99 | 3,959 | 3,590 | 369"
TRV,2025-10-01,2025-12-31,2025Q4,2025Q4,quarter,Consolidated,other_income_including_interest,-101.0,USD million,reported,2026-01-21,True,True,trv_2025q4,https://investor.travelers.com/newsroom/press-releases/news-details/2026/Travelers-Reports-Excellent-Fourth-Quarter-and-Full-Year-Results/default.aspx,"table[2]/row[8] (zero based); Other income (expense), including interest expense",sources/trv_2025q4_tables.json,,"Other income (expense), including interest expense | (101 | ) | (93 | ) | (8 | ) | (380 | ) | (364 | ) | (16 | )"
TRV,2024-10-01,2024-12-31,2024Q4,2024Q4,quarter,Consolidated,other_income_including_interest,-93.0,USD million,reported,2026-01-21,True,True,trv_2025q4,https://investor.travelers.com/newsroom/press-releases/news-details/2026/Travelers-Reports-Excellent-Fourth-Quarter-and-Full-Year-Results/default.aspx,"table[2]/row[8] (zero based); Other income (expense), including interest expense",sources/trv_2025q4_tables.json,,"Other income (expense), including interest expense | (101 | ) | (93 | ) | (8 | ) | (380 | ) | (364 | ) | (16 | )"
TRV,2025-10-01,2025-12-31,2025Q4,2025Q4,quarter,Consolidated,core_pretax_income,3123.0,USD million,reported,2026-01-21,True,True,trv_2025q4,https://investor.travelers.com/newsroom/press-releases/news-details/2026/Travelers-Reports-Excellent-Fourth-Quarter-and-Full-Year-Results/default.aspx,table[2]/row[9] (zero based); Core income before income taxes,sources/trv_2025q4_tables.json,,"Core income before income taxes | 3,123 | 2,649 | 474 | 7,844 | 6,210 | 1,634"
TRV,2024-10-01,2024-12-31,2024Q4,2024Q4,quarter,Consolidated,core_pretax_income,2649.0,USD million,reported,2026-01-21,True,True,trv_2025q4,https://investor.travelers.com/newsroom/press-releases/news-details/2026/Travelers-Reports-Excellent-Fourth-Quarter-and-Full-Year-Results/default.aspx,table[2]/row[9] (zero based); Core income before income taxes,sources/trv_2025q4_tables.json,,"Core income before income taxes | 3,123 | 2,649 | 474 | 7,844 | 6,210 | 1,634"
TRV,2025-10-01,2025-12-31,2025Q4,2025Q4,quarter,Consolidated,core_income_tax,612.0,USD million,reported,2026-01-21,True,True,trv_2025q4,https://investor.travelers.com/newsroom/press-releases/news-details/2026/Travelers-Reports-Excellent-Fourth-Quarter-and-Full-Year-Results/default.aspx,table[2]/row[10] (zero based); Income tax expense,sources/trv_2025q4_tables.json,,"Income tax expense | 612 | 523 | 89 | 1,519 | 1,185 | 334"
TRV,2024-10-01,2024-12-31,2024Q4,2024Q4,quarter,Consolidated,core_income_tax,523.0,USD million,reported,2026-01-21,True,True,trv_2025q4,https://investor.travelers.com/newsroom/press-releases/news-details/2026/Travelers-Reports-Excellent-Fourth-Quarter-and-Full-Year-Results/default.aspx,table[2]/row[10] (zero based); Income tax expense,sources/trv_2025q4_tables.json,,"Income tax expense | 612 | 523 | 89 | 1,519 | 1,185 | 334"
TRV,2025-10-01,2025-12-31,2025Q4,2025Q4,quarter,Consolidated,realized_gains_aftertax,-15.0,USD million,reported,2026-01-21,True,True,trv_2025q4,https://investor.travelers.com/newsroom/press-releases/news-details/2026/Travelers-Reports-Excellent-Fourth-Quarter-and-Full-Year-Results/default.aspx,table[2]/row[12] (zero based); Net realized investment losses after income taxes,sources/trv_2025q4_tables.json,,Net realized investment losses after income taxes | (15 | ) | (44 | ) | 29 | (37 | ) | (26 | ) | (11 | )
TRV,2024-10-01,2024-12-31,2024Q4,2024Q4,quarter,Consolidated,realized_gains_aftertax,-44.0,USD million,reported,2026-01-21,True,True,trv_2025q4,https://investor.travelers.com/newsroom/press-releases/news-details/2026/Travelers-Reports-Excellent-Fourth-Quarter-and-Full-Year-Results/default.aspx,table[2]/row[12] (zero based); Net realized investment losses after income taxes,sources/trv_2025q4_tables.json,,Net realized investment losses after income taxes | (15 | ) | (44 | ) | 29 | (37 | ) | (26 | ) | (11 | )
TRV,2025-10-01,2025-12-31,2025Q4,2025Q4,quarter,Business Insurance,net_written_premiums,5514.0,USD million,reported,2026-01-21,True,True,trv_2025q4,https://investor.travelers.com/newsroom/press-releases/news-details/2026/Travelers-Reports-Excellent-Fourth-Quarter-and-Full-Year-Results/default.aspx,table[2]/row[22] (zero based); Business Insurance,sources/trv_2025q4_tables.json,,"Business Insurance | $ | 5,514 | $ | 5,426 | 2 | % | $ | 22,679 | $ | 22,078 | 3 | %"
TRV,2024-10-01,2024-12-31,2024Q4,2024Q4,quarter,Business Insurance,net_written_premiums,5426.0,USD million,reported,2026-01-21,True,True,trv_2025q4,https://investor.travelers.com/newsroom/press-releases/news-details/2026/Travelers-Reports-Excellent-Fourth-Quarter-and-Full-Year-Results/default.aspx,table[2]/row[22] (zero based); Business Insurance,sources/trv_2025q4_tables.json,,"Business Insurance | $ | 5,514 | $ | 5,426 | 2 | % | $ | 22,679 | $ | 22,078 | 3 | %"
TRV,2025-10-01,2025-12-31,2025Q4,2025Q4,quarter,Bond & Specialty Insurance,net_written_premiums,1098.0,USD million,reported,2026-01-21,True,True,trv_2025q4,https://investor.travelers.com/newsroom/press-releases/news-details/2026/Travelers-Reports-Excellent-Fourth-Quarter-and-Full-Year-Results/default.aspx,table[2]/row[23] (zero based); Bond & Specialty Insurance,sources/trv_2025q4_tables.json,,"Bond & Specialty Insurance | 1,098 | 1,054 | 4 | 4,262 | 4,109 | 4"
TRV,2024-10-01,2024-12-31,2024Q4,2024Q4,quarter,Bond & Specialty Insurance,net_written_premiums,1054.0,USD million,reported,2026-01-21,True,True,trv_2025q4,https://investor.travelers.com/newsroom/press-releases/news-details/2026/Travelers-Reports-Excellent-Fourth-Quarter-and-Full-Year-Results/default.aspx,table[2]/row[23] (zero based); Bond & Specialty Insurance,sources/trv_2025q4_tables.json,,"Bond & Specialty Insurance | 1,098 | 1,054 | 4 | 4,262 | 4,109 | 4"
TRV,2025-10-01,2025-12-31,2025Q4,2025Q4,quarter,Personal Insurance,net_written_premiums,4244.0,USD million,reported,2026-01-21,True,True,trv_2025q4,https://investor.travelers.com/newsroom/press-releases/news-details/2026/Travelers-Reports-Excellent-Fourth-Quarter-and-Full-Year-Results/default.aspx,table[2]/row[24] (zero based); Personal Insurance,sources/trv_2025q4_tables.json,,"Personal Insurance | 4,244 | 4,262 | — | 17,446 | 17,169 | 2"
TRV,2024-10-01,2024-12-31,2024Q4,2024Q4,quarter,Personal Insurance,net_written_premiums,4262.0,USD million,reported,2026-01-21,True,True,trv_2025q4,https://investor.travelers.com/newsroom/press-releases/news-details/2026/Travelers-Reports-Excellent-Fourth-Quarter-and-Full-Year-Results/default.aspx,table[2]/row[24] (zero based); Personal Insurance,sources/trv_2025q4_tables.json,,"Personal Insurance | 4,244 | 4,262 | — | 17,446 | 17,169 | 2"
TRV,2025-10-01,2025-12-31,2025Q4,2025Q4,quarter,Business Insurance,underwriting_gain,877.0,USD million,reported,2026-01-21,True,True,trv_2025q4,https://investor.travelers.com/newsroom/press-releases/news-details/2026/Travelers-Reports-Excellent-Fourth-Quarter-and-Full-Year-Results/default.aspx,table[3]/row[3] (zero based); Underwriting gain:,sources/trv_2025q4_tables.json,,"Underwriting gain: | $ | 877 | $ | 808 | $ | 69 | $ | 1,810 | $ | 1,554 | $ | 256"
TRV,2024-10-01,2024-12-31,2024Q4,2024Q4,quarter,Business Insurance,underwriting_gain,808.0,USD million,reported,2026-01-21,True,True,trv_2025q4,https://investor.travelers.com/newsroom/press-releases/news-details/2026/Travelers-Reports-Excellent-Fourth-Quarter-and-Full-Year-Results/default.aspx,table[3]/row[3] (zero based); Underwriting gain:,sources/trv_2025q4_tables.json,,"Underwriting gain: | $ | 877 | $ | 808 | $ | 69 | $ | 1,810 | $ | 1,554 | $ | 256"
TRV,2025-10-01,2025-12-31,2025Q4,2025Q4,quarter,Business Insurance,favorable_prior_year_development,205.0,USD million,reported,2026-01-21,True,True,trv_2025q4,https://investor.travelers.com/newsroom/press-releases/news-details/2026/Travelers-Reports-Excellent-Fourth-Quarter-and-Full-Year-Results/default.aspx,table[3]/row[5] (zero based); Net favorable prior year reserve development,sources/trv_2025q4_tables.json,,Net favorable prior year reserve development | 205 | 147 | 58 | 233 | 90 | 143
TRV,2024-10-01,2024-12-31,2024Q4,2024Q4,quarter,Business Insurance,favorable_prior_year_development,147.0,USD million,reported,2026-01-21,True,True,trv_2025q4,https://investor.travelers.com/newsroom/press-releases/news-details/2026/Travelers-Reports-Excellent-Fourth-Quarter-and-Full-Year-Results/default.aspx,table[3]/row[5] (zero based); Net favorable prior year reserve development,sources/trv_2025q4_tables.json,,Net favorable prior year reserve development | 205 | 147 | 58 | 233 | 90 | 143
TRV,2025-10-01,2025-12-31,2025Q4,2025Q4,quarter,Business Insurance,catastrophe_losses_signed,-57.0,USD million,reported,2026-01-21,True,True,trv_2025q4,https://investor.travelers.com/newsroom/press-releases/news-details/2026/Travelers-Reports-Excellent-Fourth-Quarter-and-Full-Year-Results/default.aspx,"table[3]/row[6] (zero based); Catastrophes, net of reinsurance",sources/trv_2025q4_tables.json,,"Catastrophes, net of reinsurance | (57 | ) | (94 | ) | 37 | (1,073 | ) | (1,032 | ) | (41 | )"
TRV,2024-10-01,2024-12-31,2024Q4,2024Q4,quarter,Business Insurance,catastrophe_losses_signed,-94.0,USD million,reported,2026-01-21,True,True,trv_2025q4,https://investor.travelers.com/newsroom/press-releases/news-details/2026/Travelers-Reports-Excellent-Fourth-Quarter-and-Full-Year-Results/default.aspx,"table[3]/row[6] (zero based); Catastrophes, net of reinsurance",sources/trv_2025q4_tables.json,,"Catastrophes, net of reinsurance | (57 | ) | (94 | ) | 37 | (1,073 | ) | (1,032 | ) | (41 | )"
TRV,2025-10-01,2025-12-31,2025Q4,2025Q4,quarter,Business Insurance,investment_income_pretax,737.0,USD million,reported,2026-01-21,True,True,trv_2025q4,https://investor.travelers.com/newsroom/press-releases/news-details/2026/Travelers-Reports-Excellent-Fourth-Quarter-and-Full-Year-Results/default.aspx,table[3]/row[7] (zero based); Net investment income,sources/trv_2025q4_tables.json,,"Net investment income | 737 | 677 | 60 | 2,782 | 2,560 | 222"
TRV,2024-10-01,2024-12-31,2024Q4,2024Q4,quarter,Business Insurance,investment_income_pretax,677.0,USD million,reported,2026-01-21,True,True,trv_2025q4,https://investor.travelers.com/newsroom/press-releases/news-details/2026/Travelers-Reports-Excellent-Fourth-Quarter-and-Full-Year-Results/default.aspx,table[3]/row[7] (zero based); Net investment income,sources/trv_2025q4_tables.json,,"Net investment income | 737 | 677 | 60 | 2,782 | 2,560 | 222"
TRV,2025-10-01,2025-12-31,2025Q4,2025Q4,quarter,Business Insurance,segment_other_income,2.0,USD million,reported,2026-01-21,True,True,trv_2025q4,https://investor.travelers.com/newsroom/press-releases/news-details/2026/Travelers-Reports-Excellent-Fourth-Quarter-and-Full-Year-Results/default.aspx,table[3]/row[8] (zero based); Other income (expense),sources/trv_2025q4_tables.json,,Other income (expense) | 2 | (7 | ) | 9 | (6 | ) | (27 | ) | 21
TRV,2024-10-01,2024-12-31,2024Q4,2024Q4,quarter,Business Insurance,segment_other_income,-7.0,USD million,reported,2026-01-21,True,True,trv_2025q4,https://investor.travelers.com/newsroom/press-releases/news-details/2026/Travelers-Reports-Excellent-Fourth-Quarter-and-Full-Year-Results/default.aspx,table[3]/row[8] (zero based); Other income (expense),sources/trv_2025q4_tables.json,,Other income (expense) | 2 | (7 | ) | 9 | (6 | ) | (27 | ) | 21
TRV,2025-10-01,2025-12-31,2025Q4,2025Q4,quarter,Business Insurance,segment_pretax_income,1616.0,USD million,reported,2026-01-21,True,True,trv_2025q4,https://investor.travelers.com/newsroom/press-releases/news-details/2026/Travelers-Reports-Excellent-Fourth-Quarter-and-Full-Year-Results/default.aspx,table[3]/row[9] (zero based); Segment income before income taxes,sources/trv_2025q4_tables.json,,"Segment income before income taxes | 1,616 | 1,478 | 138 | 4,586 | 4,087 | 499"
TRV,2024-10-01,2024-12-31,2024Q4,2024Q4,quarter,Business Insurance,segment_pretax_income,1478.0,USD million,reported,2026-01-21,True,True,trv_2025q4,https://investor.travelers.com/newsroom/press-releases/news-details/2026/Travelers-Reports-Excellent-Fourth-Quarter-and-Full-Year-Results/default.aspx,table[3]/row[9] (zero based); Segment income before income taxes,sources/trv_2025q4_tables.json,,"Segment income before income taxes | 1,616 | 1,478 | 138 | 4,586 | 4,087 | 499"
TRV,2025-10-01,2025-12-31,2025Q4,2025Q4,quarter,Business Insurance,segment_income_tax,324.0,USD million,reported,2026-01-21,True,True,trv_2025q4,https://investor.travelers.com/newsroom/press-releases/news-details/2026/Travelers-Reports-Excellent-Fourth-Quarter-and-Full-Year-Results/default.aspx,table[3]/row[10] (zero based); Income tax expense,sources/trv_2025q4_tables.json,,Income tax expense | 324 | 290 | 34 | 891 | 781 | 110
TRV,2024-10-01,2024-12-31,2024Q4,2024Q4,quarter,Business Insurance,segment_income_tax,290.0,USD million,reported,2026-01-21,True,True,trv_2025q4,https://investor.travelers.com/newsroom/press-releases/news-details/2026/Travelers-Reports-Excellent-Fourth-Quarter-and-Full-Year-Results/default.aspx,table[3]/row[10] (zero based); Income tax expense,sources/trv_2025q4_tables.json,,Income tax expense | 324 | 290 | 34 | 891 | 781 | 110
TRV,2025-10-01,2025-12-31,2025Q4,2025Q4,quarter,Business Insurance,segment_income_aftertax,1292.0,USD million,reported,2026-01-21,True,True,trv_2025q4,https://investor.travelers.com/newsroom/press-releases/news-details/2026/Travelers-Reports-Excellent-Fourth-Quarter-and-Full-Year-Results/default.aspx,table[3]/row[11] (zero based); Segment income,sources/trv_2025q4_tables.json,,"Segment income | $ | 1,292 | $ | 1,188 | $ | 104 | $ | 3,695 | $ | 3,306 | $ | 389"
TRV,2024-10-01,2024-12-31,2024Q4,2024Q4,quarter,Business Insurance,segment_income_aftertax,1188.0,USD million,reported,2026-01-21,True,True,trv_2025q4,https://investor.travelers.com/newsroom/press-releases/news-details/2026/Travelers-Reports-Excellent-Fourth-Quarter-and-Full-Year-Results/default.aspx,table[3]/row[11] (zero based); Segment income,sources/trv_2025q4_tables.json,,"Segment income | $ | 1,292 | $ | 1,188 | $ | 104 | $ | 3,695 | $ | 3,306 | $ | 389"
TRV,2025-10-01,2025-12-31,2025Q4,2025Q4,quarter,Business Insurance,combined_ratio,84.4,percent,reported,2026-01-21,True,True,trv_2025q4,https://investor.travelers.com/newsroom/press-releases/news-details/2026/Travelers-Reports-Excellent-Fourth-Quarter-and-Full-Year-Results/default.aspx,table[3]/row[13] (zero based); Combined ratio,sources/trv_2025q4_tables.json,,Combined ratio | 84.4 | % | 85.2 | % | (0.8 | ) | pts | 91.7 | % | 92.5 | % | (0.8 | ) | pts
TRV,2024-10-01,2024-12-31,2024Q4,2024Q4,quarter,Business Insurance,combined_ratio,85.2,percent,reported,2026-01-21,True,True,trv_2025q4,https://investor.travelers.com/newsroom/press-releases/news-details/2026/Travelers-Reports-Excellent-Fourth-Quarter-and-Full-Year-Results/default.aspx,table[3]/row[13] (zero based); Combined ratio,sources/trv_2025q4_tables.json,,Combined ratio | 84.4 | % | 85.2 | % | (0.8 | ) | pts | 91.7 | % | 92.5 | % | (0.8 | ) | pts
TRV,2025-10-01,2025-12-31,2025Q4,2025Q4,quarter,Business Insurance,underlying_combined_ratio,87.0,percent,reported,2026-01-21,True,True,trv_2025q4,https://investor.travelers.com/newsroom/press-releases/news-details/2026/Travelers-Reports-Excellent-Fourth-Quarter-and-Full-Year-Results/default.aspx,table[3]/row[17] (zero based); Underlying combined ratio,sources/trv_2025q4_tables.json,,Underlying combined ratio | 87.0 | % | 86.2 | % | 0.8 | pts | 88.0 | % | 88.1 | % | (0.1 | ) | pts
TRV,2024-10-01,2024-12-31,2024Q4,2024Q4,quarter,Business Insurance,underlying_combined_ratio,86.2,percent,reported,2026-01-21,True,True,trv_2025q4,https://investor.travelers.com/newsroom/press-releases/news-details/2026/Travelers-Reports-Excellent-Fourth-Quarter-and-Full-Year-Results/default.aspx,table[3]/row[17] (zero based); Underlying combined ratio,sources/trv_2025q4_tables.json,,Underlying combined ratio | 87.0 | % | 86.2 | % | 0.8 | pts | 88.0 | % | 88.1 | % | (0.1 | ) | pts
TRV,2025-10-01,2025-12-31,2025Q4,2025Q4,quarter,Bond & Specialty Insurance,underwriting_gain,174.0,USD million,reported,2026-01-21,True,True,trv_2025q4,https://investor.travelers.com/newsroom/press-releases/news-details/2026/Travelers-Reports-Excellent-Fourth-Quarter-and-Full-Year-Results/default.aspx,table[4]/row[3] (zero based); Underwriting gain:,sources/trv_2025q4_tables.json,,Underwriting gain: | $ | 174 | $ | 172 | $ | 2 | $ | 728 | $ | 603 | $ | 125
TRV,2024-10-01,2024-12-31,2024Q4,2024Q4,quarter,Bond & Specialty Insurance,underwriting_gain,172.0,USD million,reported,2026-01-21,True,True,trv_2025q4,https://investor.travelers.com/newsroom/press-releases/news-details/2026/Travelers-Reports-Excellent-Fourth-Quarter-and-Full-Year-Results/default.aspx,table[4]/row[3] (zero based); Underwriting gain:,sources/trv_2025q4_tables.json,,Underwriting gain: | $ | 174 | $ | 172 | $ | 2 | $ | 728 | $ | 603 | $ | 125
TRV,2025-10-01,2025-12-31,2025Q4,2025Q4,quarter,Bond & Specialty Insurance,favorable_prior_year_development,30.0,USD million,reported,2026-01-21,True,True,trv_2025q4,https://investor.travelers.com/newsroom/press-releases/news-details/2026/Travelers-Reports-Excellent-Fourth-Quarter-and-Full-Year-Results/default.aspx,table[4]/row[5] (zero based); Net favorable prior year reserve development,sources/trv_2025q4_tables.json,,Net favorable prior year reserve development | 30 | 45 | (15 | ) | 221 | 129 | 92
TRV,2024-10-01,2024-12-31,2024Q4,2024Q4,quarter,Bond & Specialty Insurance,favorable_prior_year_development,45.0,USD million,reported,2026-01-21,True,True,trv_2025q4,https://investor.travelers.com/newsroom/press-releases/news-details/2026/Travelers-Reports-Excellent-Fourth-Quarter-and-Full-Year-Results/default.aspx,table[4]/row[5] (zero based); Net favorable prior year reserve development,sources/trv_2025q4_tables.json,,Net favorable prior year reserve development | 30 | 45 | (15 | ) | 221 | 129 | 92
TRV,2025-10-01,2025-12-31,2025Q4,2025Q4,quarter,Bond & Specialty Insurance,catastrophe_losses_signed,-1.0,USD million,reported,2026-01-21,True,True,trv_2025q4,https://investor.travelers.com/newsroom/press-releases/news-details/2026/Travelers-Reports-Excellent-Fourth-Quarter-and-Full-Year-Results/default.aspx,"table[4]/row[6] (zero based); Catastrophes, net of reinsurance",sources/trv_2025q4_tables.json,,"Catastrophes, net of reinsurance | (1 | ) | (2 | ) | 1 | (25 | ) | (51 | ) | 26"
TRV,2024-10-01,2024-12-31,2024Q4,2024Q4,quarter,Bond & Specialty Insurance,catastrophe_losses_signed,-2.0,USD million,reported,2026-01-21,True,True,trv_2025q4,https://investor.travelers.com/newsroom/press-releases/news-details/2026/Travelers-Reports-Excellent-Fourth-Quarter-and-Full-Year-Results/default.aspx,"table[4]/row[6] (zero based); Catastrophes, net of reinsurance",sources/trv_2025q4_tables.json,,"Catastrophes, net of reinsurance | (1 | ) | (2 | ) | 1 | (25 | ) | (51 | ) | 26"
TRV,2025-10-01,2025-12-31,2025Q4,2025Q4,quarter,Bond & Specialty Insurance,investment_income_pretax,120.0,USD million,reported,2026-01-21,True,True,trv_2025q4,https://investor.travelers.com/newsroom/press-releases/news-details/2026/Travelers-Reports-Excellent-Fourth-Quarter-and-Full-Year-Results/default.aspx,table[4]/row[7] (zero based); Net investment income,sources/trv_2025q4_tables.json,,Net investment income | 120 | 105 | 15 | 445 | 390 | 55
TRV,2024-10-01,2024-12-31,2024Q4,2024Q4,quarter,Bond & Specialty Insurance,investment_income_pretax,105.0,USD million,reported,2026-01-21,True,True,trv_2025q4,https://investor.travelers.com/newsroom/press-releases/news-details/2026/Travelers-Reports-Excellent-Fourth-Quarter-and-Full-Year-Results/default.aspx,table[4]/row[7] (zero based); Net investment income,sources/trv_2025q4_tables.json,,Net investment income | 120 | 105 | 15 | 445 | 390 | 55
TRV,2025-10-01,2025-12-31,2025Q4,2025Q4,quarter,Bond & Specialty Insurance,segment_pretax_income,300.0,USD million,reported,2026-01-21,True,True,trv_2025q4,https://investor.travelers.com/newsroom/press-releases/news-details/2026/Travelers-Reports-Excellent-Fourth-Quarter-and-Full-Year-Results/default.aspx,table[4]/row[9] (zero based); Segment income before income taxes,sources/trv_2025q4_tables.json,,"Segment income before income taxes | 300 | 283 | 17 | 1,194 | 1,016 | 178"
TRV,2024-10-01,2024-12-31,2024Q4,2024Q4,quarter,Bond & Specialty Insurance,segment_pretax_income,283.0,USD million,reported,2026-01-21,True,True,trv_2025q4,https://investor.travelers.com/newsroom/press-releases/news-details/2026/Travelers-Reports-Excellent-Fourth-Quarter-and-Full-Year-Results/default.aspx,table[4]/row[9] (zero based); Segment income before income taxes,sources/trv_2025q4_tables.json,,"Segment income before income taxes | 300 | 283 | 17 | 1,194 | 1,016 | 178"
TRV,2025-10-01,2025-12-31,2025Q4,2025Q4,quarter,Bond & Specialty Insurance,segment_income_tax,64.0,USD million,reported,2026-01-21,True,True,trv_2025q4,https://investor.travelers.com/newsroom/press-releases/news-details/2026/Travelers-Reports-Excellent-Fourth-Quarter-and-Full-Year-Results/default.aspx,table[4]/row[10] (zero based); Income tax expense,sources/trv_2025q4_tables.json,,Income tax expense | 64 | 55 | 9 | 244 | 201 | 43
TRV,2024-10-01,2024-12-31,2024Q4,2024Q4,quarter,Bond & Specialty Insurance,segment_income_tax,55.0,USD million,reported,2026-01-21,True,True,trv_2025q4,https://investor.travelers.com/newsroom/press-releases/news-details/2026/Travelers-Reports-Excellent-Fourth-Quarter-and-Full-Year-Results/default.aspx,table[4]/row[10] (zero based); Income tax expense,sources/trv_2025q4_tables.json,,Income tax expense | 64 | 55 | 9 | 244 | 201 | 43
TRV,2025-10-01,2025-12-31,2025Q4,2025Q4,quarter,Bond & Specialty Insurance,segment_income_aftertax,236.0,USD million,reported,2026-01-21,True,True,trv_2025q4,https://investor.travelers.com/newsroom/press-releases/news-details/2026/Travelers-Reports-Excellent-Fourth-Quarter-and-Full-Year-Results/default.aspx,table[4]/row[11] (zero based); Segment income,sources/trv_2025q4_tables.json,,Segment income | $ | 236 | $ | 228 | $ | 8 | $ | 950 | $ | 815 | $ | 135
TRV,2024-10-01,2024-12-31,2024Q4,2024Q4,quarter,Bond & Specialty Insurance,segment_income_aftertax,228.0,USD million,reported,2026-01-21,True,True,trv_2025q4,https://investor.travelers.com/newsroom/press-releases/news-details/2026/Travelers-Reports-Excellent-Fourth-Quarter-and-Full-Year-Results/default.aspx,table[4]/row[11] (zero based); Segment income,sources/trv_2025q4_tables.json,,Segment income | $ | 236 | $ | 228 | $ | 8 | $ | 950 | $ | 815 | $ | 135
TRV,2025-10-01,2025-12-31,2025Q4,2025Q4,quarter,Bond & Specialty Insurance,combined_ratio,83.0,percent,reported,2026-01-21,True,True,trv_2025q4,https://investor.travelers.com/newsroom/press-releases/news-details/2026/Travelers-Reports-Excellent-Fourth-Quarter-and-Full-Year-Results/default.aspx,table[4]/row[13] (zero based); Combined ratio,sources/trv_2025q4_tables.json,,Combined ratio | 83.0 | % | 82.7 | % | 0.3 | pts | 81.9 | % | 84.3 | % | (2.4 | ) | pts
TRV,2024-10-01,2024-12-31,2024Q4,2024Q4,quarter,Bond & Specialty Insurance,combined_ratio,82.7,percent,reported,2026-01-21,True,True,trv_2025q4,https://investor.travelers.com/newsroom/press-releases/news-details/2026/Travelers-Reports-Excellent-Fourth-Quarter-and-Full-Year-Results/default.aspx,table[4]/row[13] (zero based); Combined ratio,sources/trv_2025q4_tables.json,,Combined ratio | 83.0 | % | 82.7 | % | 0.3 | pts | 81.9 | % | 84.3 | % | (2.4 | ) | pts
TRV,2025-10-01,2025-12-31,2025Q4,2025Q4,quarter,Bond & Specialty Insurance,underlying_combined_ratio,85.7,percent,reported,2026-01-21,True,True,trv_2025q4,https://investor.travelers.com/newsroom/press-releases/news-details/2026/Travelers-Reports-Excellent-Fourth-Quarter-and-Full-Year-Results/default.aspx,table[4]/row[17] (zero based); Underlying combined ratio,sources/trv_2025q4_tables.json,,Underlying combined ratio | 85.7 | % | 86.8 | % | (1.1 | ) | pts | 86.6 | % | 86.3 | % | 0.3 | pts
TRV,2024-10-01,2024-12-31,2024Q4,2024Q4,quarter,Bond & Specialty Insurance,underlying_combined_ratio,86.8,percent,reported,2026-01-21,True,True,trv_2025q4,https://investor.travelers.com/newsroom/press-releases/news-details/2026/Travelers-Reports-Excellent-Fourth-Quarter-and-Full-Year-Results/default.aspx,table[4]/row[17] (zero based); Underlying combined ratio,sources/trv_2025q4_tables.json,,Underlying combined ratio | 85.7 | % | 86.8 | % | (1.1 | ) | pts | 86.6 | % | 86.3 | % | 0.3 | pts
TRV,2025-10-01,2025-12-31,2025Q4,2025Q4,quarter,Personal Insurance,underwriting_gain,1119.0,USD million,reported,2026-01-21,True,True,trv_2025q4,https://investor.travelers.com/newsroom/press-releases/news-details/2026/Travelers-Reports-Excellent-Fourth-Quarter-and-Full-Year-Results/default.aspx,table[5]/row[3] (zero based); Underwriting gain:,sources/trv_2025q4_tables.json,,"Underwriting gain: | $ | 1,119 | $ | 807 | $ | 312 | $ | 1,727 | $ | 827 | $ | 900"
TRV,2024-10-01,2024-12-31,2024Q4,2024Q4,quarter,Personal Insurance,underwriting_gain,807.0,USD million,reported,2026-01-21,True,True,trv_2025q4,https://investor.travelers.com/newsroom/press-releases/news-details/2026/Travelers-Reports-Excellent-Fourth-Quarter-and-Full-Year-Results/default.aspx,table[5]/row[3] (zero based); Underwriting gain:,sources/trv_2025q4_tables.json,,"Underwriting gain: | $ | 1,119 | $ | 807 | $ | 312 | $ | 1,727 | $ | 827 | $ | 900"
TRV,2025-10-01,2025-12-31,2025Q4,2025Q4,quarter,Personal Insurance,favorable_prior_year_development,86.0,USD million,reported,2026-01-21,True,True,trv_2025q4,https://investor.travelers.com/newsroom/press-releases/news-details/2026/Travelers-Reports-Excellent-Fourth-Quarter-and-Full-Year-Results/default.aspx,table[5]/row[5] (zero based); Net favorable prior year reserve development,sources/trv_2025q4_tables.json,,Net favorable prior year reserve development | 86 | 70 | 16 | 582 | 490 | 92
TRV,2024-10-01,2024-12-31,2024Q4,2024Q4,quarter,Personal Insurance,favorable_prior_year_development,70.0,USD million,reported,2026-01-21,True,True,trv_2025q4,https://investor.travelers.com/newsroom/press-releases/news-details/2026/Travelers-Reports-Excellent-Fourth-Quarter-and-Full-Year-Results/default.aspx,table[5]/row[5] (zero based); Net favorable prior year reserve development,sources/trv_2025q4_tables.json,,Net favorable prior year reserve development | 86 | 70 | 16 | 582 | 490 | 92
TRV,2025-10-01,2025-12-31,2025Q4,2025Q4,quarter,Personal Insurance,catastrophe_losses_signed,-37.0,USD million,reported,2026-01-21,True,True,trv_2025q4,https://investor.travelers.com/newsroom/press-releases/news-details/2026/Travelers-Reports-Excellent-Fourth-Quarter-and-Full-Year-Results/default.aspx,"table[5]/row[6] (zero based); Catastrophes, net of reinsurance",sources/trv_2025q4_tables.json,,"Catastrophes, net of reinsurance | (37 | ) | (79 | ) | 42 | (2,592 | ) | (2,252 | ) | (340 | )"
TRV,2024-10-01,2024-12-31,2024Q4,2024Q4,quarter,Personal Insurance,catastrophe_losses_signed,-79.0,USD million,reported,2026-01-21,True,True,trv_2025q4,https://investor.travelers.com/newsroom/press-releases/news-details/2026/Travelers-Reports-Excellent-Fourth-Quarter-and-Full-Year-Results/default.aspx,"table[5]/row[6] (zero based); Catastrophes, net of reinsurance",sources/trv_2025q4_tables.json,,"Catastrophes, net of reinsurance | (37 | ) | (79 | ) | 42 | (2,592 | ) | (2,252 | ) | (340 | )"
TRV,2025-10-01,2025-12-31,2025Q4,2025Q4,quarter,Personal Insurance,investment_income_pretax,197.0,USD million,reported,2026-01-21,True,True,trv_2025q4,https://investor.travelers.com/newsroom/press-releases/news-details/2026/Travelers-Reports-Excellent-Fourth-Quarter-and-Full-Year-Results/default.aspx,table[5]/row[7] (zero based); Net investment income,sources/trv_2025q4_tables.json,,Net investment income | 197 | 173 | 24 | 732 | 640 | 92
TRV,2024-10-01,2024-12-31,2024Q4,2024Q4,quarter,Personal Insurance,investment_income_pretax,173.0,USD million,reported,2026-01-21,True,True,trv_2025q4,https://investor.travelers.com/newsroom/press-releases/news-details/2026/Travelers-Reports-Excellent-Fourth-Quarter-and-Full-Year-Results/default.aspx,table[5]/row[7] (zero based); Net investment income,sources/trv_2025q4_tables.json,,Net investment income | 197 | 173 | 24 | 732 | 640 | 92
TRV,2025-10-01,2025-12-31,2025Q4,2025Q4,quarter,Personal Insurance,segment_pretax_income,1336.0,USD million,reported,2026-01-21,True,True,trv_2025q4,https://investor.travelers.com/newsroom/press-releases/news-details/2026/Travelers-Reports-Excellent-Fourth-Quarter-and-Full-Year-Results/default.aspx,table[5]/row[9] (zero based); Segment income before income taxes,sources/trv_2025q4_tables.json,,"Segment income before income taxes | 1,336 | 999 | 337 | 2,538 | 1,543 | 995"
TRV,2024-10-01,2024-12-31,2024Q4,2024Q4,quarter,Personal Insurance,segment_pretax_income,999.0,USD million,reported,2026-01-21,True,True,trv_2025q4,https://investor.travelers.com/newsroom/press-releases/news-details/2026/Travelers-Reports-Excellent-Fourth-Quarter-and-Full-Year-Results/default.aspx,table[5]/row[9] (zero based); Segment income before income taxes,sources/trv_2025q4_tables.json,,"Segment income before income taxes | 1,336 | 999 | 337 | 2,538 | 1,543 | 995"
TRV,2025-10-01,2025-12-31,2025Q4,2025Q4,quarter,Personal Insurance,segment_income_tax,250.0,USD million,reported,2026-01-21,True,True,trv_2025q4,https://investor.travelers.com/newsroom/press-releases/news-details/2026/Travelers-Reports-Excellent-Fourth-Quarter-and-Full-Year-Results/default.aspx,table[5]/row[10] (zero based); Income tax expense,sources/trv_2025q4_tables.json,,Income tax expense | 250 | 201 | 49 | 485 | 294 | 191
TRV,2024-10-01,2024-12-31,2024Q4,2024Q4,quarter,Personal Insurance,segment_income_tax,201.0,USD million,reported,2026-01-21,True,True,trv_2025q4,https://investor.travelers.com/newsroom/press-releases/news-details/2026/Travelers-Reports-Excellent-Fourth-Quarter-and-Full-Year-Results/default.aspx,table[5]/row[10] (zero based); Income tax expense,sources/trv_2025q4_tables.json,,Income tax expense | 250 | 201 | 49 | 485 | 294 | 191
TRV,2025-10-01,2025-12-31,2025Q4,2025Q4,quarter,Personal Insurance,segment_income_aftertax,1086.0,USD million,reported,2026-01-21,True,True,trv_2025q4,https://investor.travelers.com/newsroom/press-releases/news-details/2026/Travelers-Reports-Excellent-Fourth-Quarter-and-Full-Year-Results/default.aspx,table[5]/row[11] (zero based); Segment income,sources/trv_2025q4_tables.json,,"Segment income | $ | 1,086 | $ | 798 | $ | 288 | $ | 2,053 | $ | 1,249 | $ | 804"
TRV,2024-10-01,2024-12-31,2024Q4,2024Q4,quarter,Personal Insurance,segment_income_aftertax,798.0,USD million,reported,2026-01-21,True,True,trv_2025q4,https://investor.travelers.com/newsroom/press-releases/news-details/2026/Travelers-Reports-Excellent-Fourth-Quarter-and-Full-Year-Results/default.aspx,table[5]/row[11] (zero based); Segment income,sources/trv_2025q4_tables.json,,"Segment income | $ | 1,086 | $ | 798 | $ | 288 | $ | 2,053 | $ | 1,249 | $ | 804"
TRV,2025-10-01,2025-12-31,2025Q4,2025Q4,quarter,Personal Insurance,combined_ratio,74.0,percent,reported,2026-01-21,True,True,trv_2025q4,https://investor.travelers.com/newsroom/press-releases/news-details/2026/Travelers-Reports-Excellent-Fourth-Quarter-and-Full-Year-Results/default.aspx,table[5]/row[13] (zero based); Combined ratio,sources/trv_2025q4_tables.json,,Combined ratio | 74.0 | % | 80.7 | % | (6.7 | ) | pts | 89.5 | % | 94.4 | % | (4.9 | ) | pts
TRV,2024-10-01,2024-12-31,2024Q4,2024Q4,quarter,Personal Insurance,combined_ratio,80.7,percent,reported,2026-01-21,True,True,trv_2025q4,https://investor.travelers.com/newsroom/press-releases/news-details/2026/Travelers-Reports-Excellent-Fourth-Quarter-and-Full-Year-Results/default.aspx,table[5]/row[13] (zero based); Combined ratio,sources/trv_2025q4_tables.json,,Combined ratio | 74.0 | % | 80.7 | % | (6.7 | ) | pts | 89.5 | % | 94.4 | % | (4.9 | ) | pts
TRV,2025-10-01,2025-12-31,2025Q4,2025Q4,quarter,Personal Insurance,underlying_combined_ratio,75.1,percent,reported,2026-01-21,True,True,trv_2025q4,https://investor.travelers.com/newsroom/press-releases/news-details/2026/Travelers-Reports-Excellent-Fourth-Quarter-and-Full-Year-Results/default.aspx,table[5]/row[17] (zero based); Underlying combined ratio,sources/trv_2025q4_tables.json,,Underlying combined ratio | 75.1 | % | 80.5 | % | (5.4 | ) | pts | 78.0 | % | 83.9 | % | (5.9 | ) | pts
TRV,2024-10-01,2024-12-31,2024Q4,2024Q4,quarter,Personal Insurance,underlying_combined_ratio,80.5,percent,reported,2026-01-21,True,True,trv_2025q4,https://investor.travelers.com/newsroom/press-releases/news-details/2026/Travelers-Reports-Excellent-Fourth-Quarter-and-Full-Year-Results/default.aspx,table[5]/row[17] (zero based); Underlying combined ratio,sources/trv_2025q4_tables.json,,Underlying combined ratio | 75.1 | % | 80.5 | % | (5.4 | ) | pts | 78.0 | % | 83.9 | % | (5.9 | ) | pts
TRV,2025-10-01,2025-12-31,2025Q4,2025Q4,quarter,Consolidated,claims_expenses,5832.0,USD million,reported,2026-01-21,True,True,trv_2025q4,https://investor.travelers.com/newsroom/press-releases/news-details/2026/Travelers-Reports-Excellent-Fourth-Quarter-and-Full-Year-Results/default.aspx,table[18]/row[4] (zero based); Claims and claim adjustment expenses,sources/trv_2025q4_tables.json,,"Claims and claim adjustment expenses | $ | 5,832 | $ | 6,034 | $ | 27,221 | $ | 27,059"
TRV,2024-10-01,2024-12-31,2024Q4,2024Q4,quarter,Consolidated,claims_expenses,6034.0,USD million,reported,2026-01-21,True,True,trv_2025q4,https://investor.travelers.com/newsroom/press-releases/news-details/2026/Travelers-Reports-Excellent-Fourth-Quarter-and-Full-Year-Results/default.aspx,table[18]/row[4] (zero based); Claims and claim adjustment expenses,sources/trv_2025q4_tables.json,,"Claims and claim adjustment expenses | $ | 5,832 | $ | 6,034 | $ | 27,221 | $ | 27,059"
TRV,2025-10-01,2025-12-31,2025Q4,2025Q4,quarter,Consolidated,policyholder_dividends,10.0,USD million,reported,2026-01-21,True,True,trv_2025q4,https://investor.travelers.com/newsroom/press-releases/news-details/2026/Travelers-Reports-Excellent-Fourth-Quarter-and-Full-Year-Results/default.aspx,table[18]/row[6] (zero based); Policyholder dividends,sources/trv_2025q4_tables.json,,Policyholder dividends | 10 | 11 | 45 | 47
TRV,2024-10-01,2024-12-31,2024Q4,2024Q4,quarter,Consolidated,policyholder_dividends,11.0,USD million,reported,2026-01-21,True,True,trv_2025q4,https://investor.travelers.com/newsroom/press-releases/news-details/2026/Travelers-Reports-Excellent-Fourth-Quarter-and-Full-Year-Results/default.aspx,table[18]/row[6] (zero based); Policyholder dividends,sources/trv_2025q4_tables.json,,Policyholder dividends | 10 | 11 | 45 | 47
TRV,2025-10-01,2025-12-31,2025Q4,2025Q4,quarter,Consolidated,loss_allocated_fee_income,48.0,USD million,reported,2026-01-21,True,True,trv_2025q4,https://investor.travelers.com/newsroom/press-releases/news-details/2026/Travelers-Reports-Excellent-Fourth-Quarter-and-Full-Year-Results/default.aspx,table[18]/row[7] (zero based); Allocated fee income,sources/trv_2025q4_tables.json,,Allocated fee income | 48 | 47 | 186 | 172
TRV,2024-10-01,2024-12-31,2024Q4,2024Q4,quarter,Consolidated,loss_allocated_fee_income,47.0,USD million,reported,2026-01-21,True,True,trv_2025q4,https://investor.travelers.com/newsroom/press-releases/news-details/2026/Travelers-Reports-Excellent-Fourth-Quarter-and-Full-Year-Results/default.aspx,table[18]/row[7] (zero based); Allocated fee income,sources/trv_2025q4_tables.json,,Allocated fee income | 48 | 47 | 186 | 172
TRV,2025-10-01,2025-12-31,2025Q4,2025Q4,quarter,Consolidated,loss_ratio_numerator,5774.0,USD million,reported,2026-01-21,True,True,trv_2025q4,https://investor.travelers.com/newsroom/press-releases/news-details/2026/Travelers-Reports-Excellent-Fourth-Quarter-and-Full-Year-Results/default.aspx,table[18]/row[8] (zero based); Loss ratio numerator,sources/trv_2025q4_tables.json,,"Loss ratio numerator | $ | 5,774 | $ | 5,976 | $ | 26,990 | $ | 26,840"
TRV,2024-10-01,2024-12-31,2024Q4,2024Q4,quarter,Consolidated,loss_ratio_numerator,5976.0,USD million,reported,2026-01-21,True,True,trv_2025q4,https://investor.travelers.com/newsroom/press-releases/news-details/2026/Travelers-Reports-Excellent-Fourth-Quarter-and-Full-Year-Results/default.aspx,table[18]/row[8] (zero based); Loss ratio numerator,sources/trv_2025q4_tables.json,,"Loss ratio numerator | $ | 5,774 | $ | 5,976 | $ | 26,990 | $ | 26,840"
TRV,2025-10-01,2025-12-31,2025Q4,2025Q4,quarter,Consolidated,deferred_acquisition_amortization,1837.0,USD million,reported,2026-01-21,True,True,trv_2025q4,https://investor.travelers.com/newsroom/press-releases/news-details/2026/Travelers-Reports-Excellent-Fourth-Quarter-and-Full-Year-Results/default.aspx,table[18]/row[10] (zero based); Amortization of deferred acquisition costs,sources/trv_2025q4_tables.json,,"Amortization of deferred acquisition costs | $ | 1,837 | $ | 1,807 | $ | 7,266 | $ | 6,973"
TRV,2024-10-01,2024-12-31,2024Q4,2024Q4,quarter,Consolidated,deferred_acquisition_amortization,1807.0,USD million,reported,2026-01-21,True,True,trv_2025q4,https://investor.travelers.com/newsroom/press-releases/news-details/2026/Travelers-Reports-Excellent-Fourth-Quarter-and-Full-Year-Results/default.aspx,table[18]/row[10] (zero based); Amortization of deferred acquisition costs,sources/trv_2025q4_tables.json,,"Amortization of deferred acquisition costs | $ | 1,837 | $ | 1,807 | $ | 7,266 | $ | 6,973"
TRV,2025-10-01,2025-12-31,2025Q4,2025Q4,quarter,Consolidated,general_admin_expenses,1544.0,USD million,reported,2026-01-21,True,True,trv_2025q4,https://investor.travelers.com/newsroom/press-releases/news-details/2026/Travelers-Reports-Excellent-Fourth-Quarter-and-Full-Year-Results/default.aspx,table[18]/row[11] (zero based); General and administrative expenses (G&A),sources/trv_2025q4_tables.json,,"General and administrative expenses (G&A) | 1,544 | 1,475 | 6,120 | 5,819"
TRV,2024-10-01,2024-12-31,2024Q4,2024Q4,quarter,Consolidated,general_admin_expenses,1475.0,USD million,reported,2026-01-21,True,True,trv_2025q4,https://investor.travelers.com/newsroom/press-releases/news-details/2026/Travelers-Reports-Excellent-Fourth-Quarter-and-Full-Year-Results/default.aspx,table[18]/row[11] (zero based); General and administrative expenses (G&A),sources/trv_2025q4_tables.json,,"General and administrative expenses (G&A) | 1,544 | 1,475 | 6,120 | 5,819"
TRV,2025-10-01,2025-12-31,2025Q4,2025Q4,quarter,Consolidated,noninsurance_general_admin,110.0,USD million,reported,2026-01-21,True,True,trv_2025q4,https://investor.travelers.com/newsroom/press-releases/news-details/2026/Travelers-Reports-Excellent-Fourth-Quarter-and-Full-Year-Results/default.aspx,table[18]/row[13] (zero based); Non-insurance G&A,sources/trv_2025q4_tables.json,,Non-insurance G&A | 110 | 107 | 463 | 421
TRV,2024-10-01,2024-12-31,2024Q4,2024Q4,quarter,Consolidated,noninsurance_general_admin,107.0,USD million,reported,2026-01-21,True,True,trv_2025q4,https://investor.travelers.com/newsroom/press-releases/news-details/2026/Travelers-Reports-Excellent-Fourth-Quarter-and-Full-Year-Results/default.aspx,table[18]/row[13] (zero based); Non-insurance G&A,sources/trv_2025q4_tables.json,,Non-insurance G&A | 110 | 107 | 463 | 421
TRV,2025-10-01,2025-12-31,2025Q4,2025Q4,quarter,Consolidated,expense_allocated_fee_income,77.0,USD million,reported,2026-01-21,True,True,trv_2025q4,https://investor.travelers.com/newsroom/press-releases/news-details/2026/Travelers-Reports-Excellent-Fourth-Quarter-and-Full-Year-Results/default.aspx,table[18]/row[14] (zero based); Allocated fee income,sources/trv_2025q4_tables.json,,Allocated fee income | 77 | 81 | 309 | 301
TRV,2024-10-01,2024-12-31,2024Q4,2024Q4,quarter,Consolidated,expense_allocated_fee_income,81.0,USD million,reported,2026-01-21,True,True,trv_2025q4,https://investor.travelers.com/newsroom/press-releases/news-details/2026/Travelers-Reports-Excellent-Fourth-Quarter-and-Full-Year-Results/default.aspx,table[18]/row[14] (zero based); Allocated fee income,sources/trv_2025q4_tables.json,,Allocated fee income | 77 | 81 | 309 | 301
TRV,2025-10-01,2025-12-31,2025Q4,2025Q4,quarter,Consolidated,billing_policy_fees,28.0,USD million,reported,2026-01-21,True,True,trv_2025q4,https://investor.travelers.com/newsroom/press-releases/news-details/2026/Travelers-Reports-Excellent-Fourth-Quarter-and-Full-Year-Results/default.aspx,table[18]/row[15] (zero based); Billing and policy fees and other,sources/trv_2025q4_tables.json,,Billing and policy fees and other | 28 | 28 | 113 | 116
TRV,2024-10-01,2024-12-31,2024Q4,2024Q4,quarter,Consolidated,billing_policy_fees,28.0,USD million,reported,2026-01-21,True,True,trv_2025q4,https://investor.travelers.com/newsroom/press-releases/news-details/2026/Travelers-Reports-Excellent-Fourth-Quarter-and-Full-Year-Results/default.aspx,table[18]/row[15] (zero based); Billing and policy fees and other,sources/trv_2025q4_tables.json,,Billing and policy fees and other | 28 | 28 | 113 | 116
TRV,2025-10-01,2025-12-31,2025Q4,2025Q4,quarter,Consolidated,expense_ratio_numerator,3166.0,USD million,reported,2026-01-21,True,True,trv_2025q4,https://investor.travelers.com/newsroom/press-releases/news-details/2026/Travelers-Reports-Excellent-Fourth-Quarter-and-Full-Year-Results/default.aspx,table[18]/row[16] (zero based); Expense ratio numerator,sources/trv_2025q4_tables.json,,"Expense ratio numerator | $ | 3,166 | $ | 3,066 | $ | 12,501 | $ | 11,954"
TRV,2024-10-01,2024-12-31,2024Q4,2024Q4,quarter,Consolidated,expense_ratio_numerator,3066.0,USD million,reported,2026-01-21,True,True,trv_2025q4,https://investor.travelers.com/newsroom/press-releases/news-details/2026/Travelers-Reports-Excellent-Fourth-Quarter-and-Full-Year-Results/default.aspx,table[18]/row[16] (zero based); Expense ratio numerator,sources/trv_2025q4_tables.json,,"Expense ratio numerator | $ | 3,166 | $ | 3,066 | $ | 12,501 | $ | 11,954"
TRV,2025-10-01,2025-12-31,2025Q4,2025Q4,quarter,Consolidated,net_earned_premiums,11148.0,USD million,reported,2026-01-21,True,True,trv_2025q4,https://investor.travelers.com/newsroom/press-releases/news-details/2026/Travelers-Reports-Excellent-Fourth-Quarter-and-Full-Year-Results/default.aspx,table[18]/row[17] (zero based); Earned premium,sources/trv_2025q4_tables.json,,"Earned premium | $ | 11,148 | $ | 10,868 | $ | 43,914 | $ | 41,941"
TRV,2024-10-01,2024-12-31,2024Q4,2024Q4,quarter,Consolidated,net_earned_premiums,10868.0,USD million,reported,2026-01-21,True,True,trv_2025q4,https://investor.travelers.com/newsroom/press-releases/news-details/2026/Travelers-Reports-Excellent-Fourth-Quarter-and-Full-Year-Results/default.aspx,table[18]/row[17] (zero based); Earned premium,sources/trv_2025q4_tables.json,,"Earned premium | $ | 11,148 | $ | 10,868 | $ | 43,914 | $ | 41,941"
TRV,2025-10-01,2025-12-31,2025Q4,2025Q4,quarter,Consolidated,loss_ratio,51.8,percent,reported,2026-01-21,True,True,trv_2025q4,https://investor.travelers.com/newsroom/press-releases/news-details/2026/Travelers-Reports-Excellent-Fourth-Quarter-and-Full-Year-Results/default.aspx,table[18]/row[19] (zero based); Loss and loss adjustment expense ratio,sources/trv_2025q4_tables.json,,Loss and loss adjustment expense ratio | 51.8 | % | 55.0 | % | 61.4 | % | 64.0 | %
TRV,2024-10-01,2024-12-31,2024Q4,2024Q4,quarter,Consolidated,loss_ratio,55.0,percent,reported,2026-01-21,True,True,trv_2025q4,https://investor.travelers.com/newsroom/press-releases/news-details/2026/Travelers-Reports-Excellent-Fourth-Quarter-and-Full-Year-Results/default.aspx,table[18]/row[19] (zero based); Loss and loss adjustment expense ratio,sources/trv_2025q4_tables.json,,Loss and loss adjustment expense ratio | 51.8 | % | 55.0 | % | 61.4 | % | 64.0 | %
TRV,2025-10-01,2025-12-31,2025Q4,2025Q4,quarter,Consolidated,expense_ratio,28.4,percent,reported,2026-01-21,True,True,trv_2025q4,https://investor.travelers.com/newsroom/press-releases/news-details/2026/Travelers-Reports-Excellent-Fourth-Quarter-and-Full-Year-Results/default.aspx,table[18]/row[20] (zero based); Underwriting expense ratio,sources/trv_2025q4_tables.json,,Underwriting expense ratio | 28.4 | % | 28.2 | % | 28.5 | % | 28.5 | %
TRV,2024-10-01,2024-12-31,2024Q4,2024Q4,quarter,Consolidated,expense_ratio,28.2,percent,reported,2026-01-21,True,True,trv_2025q4,https://investor.travelers.com/newsroom/press-releases/news-details/2026/Travelers-Reports-Excellent-Fourth-Quarter-and-Full-Year-Results/default.aspx,table[18]/row[20] (zero based); Underwriting expense ratio,sources/trv_2025q4_tables.json,,Underwriting expense ratio | 28.4 | % | 28.2 | % | 28.5 | % | 28.5 | %
TRV,,2025-12-31,2025Q4,2025Q4,instant,Consolidated,total_debt,9267.0,USD million,reported,2026-01-21,True,True,trv_2025q4,https://investor.travelers.com/newsroom/press-releases/news-details/2026/Travelers-Reports-Excellent-Fourth-Quarter-and-Full-Year-Results/default.aspx,table[20]/row[2] (zero based); Debt,sources/trv_2025q4_tables.json,,"Debt | $ | 9,267 | $ | 8,033"
TRV,,2025-12-31,2025Q4,2025Q4,instant,Consolidated,equity,32894.0,USD million,reported,2026-01-21,True,True,trv_2025q4,https://investor.travelers.com/newsroom/press-releases/news-details/2026/Travelers-Reports-Excellent-Fourth-Quarter-and-Full-Year-Results/default.aspx,table[20]/row[3] (zero based); Shareholders’ equity,sources/trv_2025q4_tables.json,,"Shareholders’ equity | 32,894 | 27,864"
TRV,2024-01-01,2024-03-31,2024Q1,2024Q1,quarter,Consolidated,operating_cash_flow,1458.0,USD million,reported,2026-01-21,True,True,trv_2025q4_supplement,https://www.sec.gov/Archives/edgar/data/86312/000008631226000008/a992finsupp123125.htm,Financial supplement p. 33; L1236,sources/trv_2025q4_supplement_web_extract.txt,Directly reported discrete-quarter values in financial supplement.,"L1236: Net cash provided by operating activities  |  | 1,458   |  |  | 1,677   |  |  | 3,875   |  |  | 2,064   |  |  | 1,360   |  |  | 2,334   |  |  | 4,227   |  |  | 2,685   |  |  |  |  |  |  |  |  |  |  | 9,074   |  |  | 10,606   |"
TRV,2024-04-01,2024-06-30,2024Q2,2024Q2,quarter,Consolidated,operating_cash_flow,1677.0,USD million,reported,2026-01-21,True,True,trv_2025q4_supplement,https://www.sec.gov/Archives/edgar/data/86312/000008631226000008/a992finsupp123125.htm,Financial supplement p. 33; L1236,sources/trv_2025q4_supplement_web_extract.txt,Directly reported discrete-quarter values in financial supplement.,"L1236: Net cash provided by operating activities  |  | 1,458   |  |  | 1,677   |  |  | 3,875   |  |  | 2,064   |  |  | 1,360   |  |  | 2,334   |  |  | 4,227   |  |  | 2,685   |  |  |  |  |  |  |  |  |  |  | 9,074   |  |  | 10,606   |"
TRV,2024-07-01,2024-09-30,2024Q3,2024Q3,quarter,Consolidated,operating_cash_flow,3875.0,USD million,reported,2026-01-21,True,True,trv_2025q4_supplement,https://www.sec.gov/Archives/edgar/data/86312/000008631226000008/a992finsupp123125.htm,Financial supplement p. 33; L1236,sources/trv_2025q4_supplement_web_extract.txt,Directly reported discrete-quarter values in financial supplement.,"L1236: Net cash provided by operating activities  |  | 1,458   |  |  | 1,677   |  |  | 3,875   |  |  | 2,064   |  |  | 1,360   |  |  | 2,334   |  |  | 4,227   |  |  | 2,685   |  |  |  |  |  |  |  |  |  |  | 9,074   |  |  | 10,606   |"
TRV,2024-10-01,2024-12-31,2024Q4,2024Q4,quarter,Consolidated,operating_cash_flow,2064.0,USD million,reported,2026-01-21,True,True,trv_2025q4_supplement,https://www.sec.gov/Archives/edgar/data/86312/000008631226000008/a992finsupp123125.htm,Financial supplement p. 33; L1236,sources/trv_2025q4_supplement_web_extract.txt,Directly reported discrete-quarter values in financial supplement.,"L1236: Net cash provided by operating activities  |  | 1,458   |  |  | 1,677   |  |  | 3,875   |  |  | 2,064   |  |  | 1,360   |  |  | 2,334   |  |  | 4,227   |  |  | 2,685   |  |  |  |  |  |  |  |  |  |  | 9,074   |  |  | 10,606   |"
TRV,2025-01-01,2025-03-31,2025Q1,2025Q1,quarter,Consolidated,operating_cash_flow,1360.0,USD million,reported,2026-01-21,True,True,trv_2025q4_supplement,https://www.sec.gov/Archives/edgar/data/86312/000008631226000008/a992finsupp123125.htm,Financial supplement p. 33; L1236,sources/trv_2025q4_supplement_web_extract.txt,Directly reported discrete-quarter values in financial supplement.,"L1236: Net cash provided by operating activities  |  | 1,458   |  |  | 1,677   |  |  | 3,875   |  |  | 2,064   |  |  | 1,360   |  |  | 2,334   |  |  | 4,227   |  |  | 2,685   |  |  |  |  |  |  |  |  |  |  | 9,074   |  |  | 10,606   |"
TRV,2025-04-01,2025-06-30,2025Q2,2025Q2,quarter,Consolidated,operating_cash_flow,2334.0,USD million,reported,2026-01-21,True,True,trv_2025q4_supplement,https://www.sec.gov/Archives/edgar/data/86312/000008631226000008/a992finsupp123125.htm,Financial supplement p. 33; L1236,sources/trv_2025q4_supplement_web_extract.txt,Directly reported discrete-quarter values in financial supplement.,"L1236: Net cash provided by operating activities  |  | 1,458   |  |  | 1,677   |  |  | 3,875   |  |  | 2,064   |  |  | 1,360   |  |  | 2,334   |  |  | 4,227   |  |  | 2,685   |  |  |  |  |  |  |  |  |  |  | 9,074   |  |  | 10,606   |"
TRV,2025-07-01,2025-09-30,2025Q3,2025Q3,quarter,Consolidated,operating_cash_flow,4227.0,USD million,reported,2026-01-21,True,True,trv_2025q4_supplement,https://www.sec.gov/Archives/edgar/data/86312/000008631226000008/a992finsupp123125.htm,Financial supplement p. 33; L1236,sources/trv_2025q4_supplement_web_extract.txt,Directly reported discrete-quarter values in financial supplement.,"L1236: Net cash provided by operating activities  |  | 1,458   |  |  | 1,677   |  |  | 3,875   |  |  | 2,064   |  |  | 1,360   |  |  | 2,334   |  |  | 4,227   |  |  | 2,685   |  |  |  |  |  |  |  |  |  |  | 9,074   |  |  | 10,606   |"
TRV,2025-10-01,2025-12-31,2025Q4,2025Q4,quarter,Consolidated,operating_cash_flow,2685.0,USD million,reported,2026-01-21,True,True,trv_2025q4_supplement,https://www.sec.gov/Archives/edgar/data/86312/000008631226000008/a992finsupp123125.htm,Financial supplement p. 33; L1236,sources/trv_2025q4_supplement_web_extract.txt,Directly reported discrete-quarter values in financial supplement.,"L1236: Net cash provided by operating activities  |  | 1,458   |  |  | 1,677   |  |  | 3,875   |  |  | 2,064   |  |  | 1,360   |  |  | 2,334   |  |  | 4,227   |  |  | 2,685   |  |  |  |  |  |  |  |  |  |  | 9,074   |  |  | 10,606   |"
TRV,,2024-03-31,2024Q1,2024Q1,instant,Consolidated,cash_and_restricted_cash,667.0,USD million,reported,2026-01-21,True,True,trv_2025q4_supplement,https://www.sec.gov/Archives/edgar/data/86312/000008631226000008/a992finsupp123125.htm,Financial supplement p. 34; L1275,sources/trv_2025q4_supplement_cash_web_extract.txt,Cash includes restricted cash; do not compare directly with PG cash and cash equivalents.,L1275: Cash and restricted cash at end of period  |  | $  | 667   |  |  | $  | 729   |  |  | $  | 772   |  |  | $  | 699   |  |  | $  | 724   |  |  | $  | 659   |  |  | $  | 729   |  |  | $  | 842   |  |  |  |  |  |  |  |  |  |  | $  | 699   |  |  | $  | 842   |
TRV,,2024-06-30,2024Q2,2024Q2,instant,Consolidated,cash_and_restricted_cash,729.0,USD million,reported,2026-01-21,True,True,trv_2025q4_supplement,https://www.sec.gov/Archives/edgar/data/86312/000008631226000008/a992finsupp123125.htm,Financial supplement p. 34; L1275,sources/trv_2025q4_supplement_cash_web_extract.txt,Cash includes restricted cash; do not compare directly with PG cash and cash equivalents.,L1275: Cash and restricted cash at end of period  |  | $  | 667   |  |  | $  | 729   |  |  | $  | 772   |  |  | $  | 699   |  |  | $  | 724   |  |  | $  | 659   |  |  | $  | 729   |  |  | $  | 842   |  |  |  |  |  |  |  |  |  |  | $  | 699   |  |  | $  | 842   |
TRV,,2024-09-30,2024Q3,2024Q3,instant,Consolidated,cash_and_restricted_cash,772.0,USD million,reported,2026-01-21,True,True,trv_2025q4_supplement,https://www.sec.gov/Archives/edgar/data/86312/000008631226000008/a992finsupp123125.htm,Financial supplement p. 34; L1275,sources/trv_2025q4_supplement_cash_web_extract.txt,Cash includes restricted cash; do not compare directly with PG cash and cash equivalents.,L1275: Cash and restricted cash at end of period  |  | $  | 667   |  |  | $  | 729   |  |  | $  | 772   |  |  | $  | 699   |  |  | $  | 724   |  |  | $  | 659   |  |  | $  | 729   |  |  | $  | 842   |  |  |  |  |  |  |  |  |  |  | $  | 699   |  |  | $  | 842   |
TRV,,2024-12-31,2024Q4,2024Q4,instant,Consolidated,cash_and_restricted_cash,699.0,USD million,reported,2026-01-21,True,True,trv_2025q4_supplement,https://www.sec.gov/Archives/edgar/data/86312/000008631226000008/a992finsupp123125.htm,Financial supplement p. 34; L1275,sources/trv_2025q4_supplement_cash_web_extract.txt,Cash includes restricted cash; do not compare directly with PG cash and cash equivalents.,L1275: Cash and restricted cash at end of period  |  | $  | 667   |  |  | $  | 729   |  |  | $  | 772   |  |  | $  | 699   |  |  | $  | 724   |  |  | $  | 659   |  |  | $  | 729   |  |  | $  | 842   |  |  |  |  |  |  |  |  |  |  | $  | 699   |  |  | $  | 842   |
TRV,,2025-03-31,2025Q1,2025Q1,instant,Consolidated,cash_and_restricted_cash,724.0,USD million,reported,2026-01-21,True,True,trv_2025q4_supplement,https://www.sec.gov/Archives/edgar/data/86312/000008631226000008/a992finsupp123125.htm,Financial supplement p. 34; L1275,sources/trv_2025q4_supplement_cash_web_extract.txt,Cash includes restricted cash; do not compare directly with PG cash and cash equivalents.,L1275: Cash and restricted cash at end of period  |  | $  | 667   |  |  | $  | 729   |  |  | $  | 772   |  |  | $  | 699   |  |  | $  | 724   |  |  | $  | 659   |  |  | $  | 729   |  |  | $  | 842   |  |  |  |  |  |  |  |  |  |  | $  | 699   |  |  | $  | 842   |
TRV,,2025-06-30,2025Q2,2025Q2,instant,Consolidated,cash_and_restricted_cash,659.0,USD million,reported,2026-01-21,True,True,trv_2025q4_supplement,https://www.sec.gov/Archives/edgar/data/86312/000008631226000008/a992finsupp123125.htm,Financial supplement p. 34; L1275,sources/trv_2025q4_supplement_cash_web_extract.txt,Cash includes restricted cash; do not compare directly with PG cash and cash equivalents.,L1275: Cash and restricted cash at end of period  |  | $  | 667   |  |  | $  | 729   |  |  | $  | 772   |  |  | $  | 699   |  |  | $  | 724   |  |  | $  | 659   |  |  | $  | 729   |  |  | $  | 842   |  |  |  |  |  |  |  |  |  |  | $  | 699   |  |  | $  | 842   |
TRV,,2025-09-30,2025Q3,2025Q3,instant,Consolidated,cash_and_restricted_cash,729.0,USD million,reported,2026-01-21,True,True,trv_2025q4_supplement,https://www.sec.gov/Archives/edgar/data/86312/000008631226000008/a992finsupp123125.htm,Financial supplement p. 34; L1275,sources/trv_2025q4_supplement_cash_web_extract.txt,Cash includes restricted cash; do not compare directly with PG cash and cash equivalents.,L1275: Cash and restricted cash at end of period  |  | $  | 667   |  |  | $  | 729   |  |  | $  | 772   |  |  | $  | 699   |  |  | $  | 724   |  |  | $  | 659   |  |  | $  | 729   |  |  | $  | 842   |  |  |  |  |  |  |  |  |  |  | $  | 699   |  |  | $  | 842   |
TRV,,2025-12-31,2025Q4,2025Q4,instant,Consolidated,cash_and_restricted_cash,842.0,USD million,reported,2026-01-21,True,True,trv_2025q4_supplement,https://www.sec.gov/Archives/edgar/data/86312/000008631226000008/a992finsupp123125.htm,Financial supplement p. 34; L1275,sources/trv_2025q4_supplement_cash_web_extract.txt,Cash includes restricted cash; do not compare directly with PG cash and cash equivalents.,L1275: Cash and restricted cash at end of period  |  | $  | 667   |  |  | $  | 729   |  |  | $  | 772   |  |  | $  | 699   |  |  | $  | 724   |  |  | $  | 659   |  |  | $  | 729   |  |  | $  | 842   |  |  |  |  |  |  |  |  |  |  | $  | 699   |  |  | $  | 842   |
PG,2025-10-01,2025-12-31,2025Q4,FY2026Q2,quarter,Beauty,volume_growth,3.0,percent,reported,2026-01-22,True,True,pg_2026q2,https://www.pginvestor.com/news/news-details/2026/PG-Announces-Fiscal-Year-2026-Second-Quarter-Results/default.aspx,table[1]/row[2] (zero based); Beauty,sources/pg_2026q2_tables.json,Approximate contribution/growth percentages as reported; not unit counts or absolute prices.,Beauty | 3% | 1% | 2% | (1)% | —% | 5% | 3% | 4%
PG,2025-10-01,2025-12-31,2025Q4,FY2026Q2,quarter,Beauty,fx_sales_impact,1.0,percent,reported,2026-01-22,True,True,pg_2026q2,https://www.pginvestor.com/news/news-details/2026/PG-Announces-Fiscal-Year-2026-Second-Quarter-Results/default.aspx,table[1]/row[2] (zero based); Beauty,sources/pg_2026q2_tables.json,Approximate contribution/growth percentages as reported; not unit counts or absolute prices.,Beauty | 3% | 1% | 2% | (1)% | —% | 5% | 3% | 4%
PG,2025-10-01,2025-12-31,2025Q4,FY2026Q2,quarter,Beauty,price_sales_impact,2.0,percent,reported,2026-01-22,True,True,pg_2026q2,https://www.pginvestor.com/news/news-details/2026/PG-Announces-Fiscal-Year-2026-Second-Quarter-Results/default.aspx,table[1]/row[2] (zero based); Beauty,sources/pg_2026q2_tables.json,Approximate contribution/growth percentages as reported; not unit counts or absolute prices.,Beauty | 3% | 1% | 2% | (1)% | —% | 5% | 3% | 4%
PG,2025-10-01,2025-12-31,2025Q4,FY2026Q2,quarter,Beauty,mix_sales_impact,-1.0,percent,reported,2026-01-22,True,True,pg_2026q2,https://www.pginvestor.com/news/news-details/2026/PG-Announces-Fiscal-Year-2026-Second-Quarter-Results/default.aspx,table[1]/row[2] (zero based); Beauty,sources/pg_2026q2_tables.json,Approximate contribution/growth percentages as reported; not unit counts or absolute prices.,Beauty | 3% | 1% | 2% | (1)% | —% | 5% | 3% | 4%
PG,2025-10-01,2025-12-31,2025Q4,FY2026Q2,quarter,Beauty,other_sales_impact,0.0,percent,reported,2026-01-22,True,True,pg_2026q2,https://www.pginvestor.com/news/news-details/2026/PG-Announces-Fiscal-Year-2026-Second-Quarter-Results/default.aspx,table[1]/row[2] (zero based); Beauty,sources/pg_2026q2_tables.json,Approximate contribution/growth percentages as reported; not unit counts or absolute prices.,Beauty | 3% | 1% | 2% | (1)% | —% | 5% | 3% | 4%
PG,2025-10-01,2025-12-31,2025Q4,FY2026Q2,quarter,Beauty,sales_growth,5.0,percent,reported,2026-01-22,True,True,pg_2026q2,https://www.pginvestor.com/news/news-details/2026/PG-Announces-Fiscal-Year-2026-Second-Quarter-Results/default.aspx,table[1]/row[2] (zero based); Beauty,sources/pg_2026q2_tables.json,Approximate contribution/growth percentages as reported; not unit counts or absolute prices.,Beauty | 3% | 1% | 2% | (1)% | —% | 5% | 3% | 4%
PG,2025-10-01,2025-12-31,2025Q4,FY2026Q2,quarter,Beauty,organic_volume_growth,3.0,percent,reported,2026-01-22,True,True,pg_2026q2,https://www.pginvestor.com/news/news-details/2026/PG-Announces-Fiscal-Year-2026-Second-Quarter-Results/default.aspx,table[1]/row[2] (zero based); Beauty,sources/pg_2026q2_tables.json,Approximate contribution/growth percentages as reported; not unit counts or absolute prices.,Beauty | 3% | 1% | 2% | (1)% | —% | 5% | 3% | 4%
PG,2025-10-01,2025-12-31,2025Q4,FY2026Q2,quarter,Beauty,organic_sales_growth,4.0,percent,reported,2026-01-22,True,True,pg_2026q2,https://www.pginvestor.com/news/news-details/2026/PG-Announces-Fiscal-Year-2026-Second-Quarter-Results/default.aspx,table[1]/row[2] (zero based); Beauty,sources/pg_2026q2_tables.json,Approximate contribution/growth percentages as reported; not unit counts or absolute prices.,Beauty | 3% | 1% | 2% | (1)% | —% | 5% | 3% | 4%
PG,2025-10-01,2025-12-31,2025Q4,FY2026Q2,quarter,Grooming,volume_growth,-2.0,percent,reported,2026-01-22,True,True,pg_2026q2,https://www.pginvestor.com/news/news-details/2026/PG-Announces-Fiscal-Year-2026-Second-Quarter-Results/default.aspx,table[1]/row[3] (zero based); Grooming,sources/pg_2026q2_tables.json,Approximate contribution/growth percentages as reported; not unit counts or absolute prices.,Grooming | (2)% | 2% | 2% | —% | —% | 2% | (2)% | —%
PG,2025-10-01,2025-12-31,2025Q4,FY2026Q2,quarter,Grooming,fx_sales_impact,2.0,percent,reported,2026-01-22,True,True,pg_2026q2,https://www.pginvestor.com/news/news-details/2026/PG-Announces-Fiscal-Year-2026-Second-Quarter-Results/default.aspx,table[1]/row[3] (zero based); Grooming,sources/pg_2026q2_tables.json,Approximate contribution/growth percentages as reported; not unit counts or absolute prices.,Grooming | (2)% | 2% | 2% | —% | —% | 2% | (2)% | —%
PG,2025-10-01,2025-12-31,2025Q4,FY2026Q2,quarter,Grooming,price_sales_impact,2.0,percent,reported,2026-01-22,True,True,pg_2026q2,https://www.pginvestor.com/news/news-details/2026/PG-Announces-Fiscal-Year-2026-Second-Quarter-Results/default.aspx,table[1]/row[3] (zero based); Grooming,sources/pg_2026q2_tables.json,Approximate contribution/growth percentages as reported; not unit counts or absolute prices.,Grooming | (2)% | 2% | 2% | —% | —% | 2% | (2)% | —%
PG,2025-10-01,2025-12-31,2025Q4,FY2026Q2,quarter,Grooming,mix_sales_impact,0.0,percent,reported,2026-01-22,True,True,pg_2026q2,https://www.pginvestor.com/news/news-details/2026/PG-Announces-Fiscal-Year-2026-Second-Quarter-Results/default.aspx,table[1]/row[3] (zero based); Grooming,sources/pg_2026q2_tables.json,Approximate contribution/growth percentages as reported; not unit counts or absolute prices.,Grooming | (2)% | 2% | 2% | —% | —% | 2% | (2)% | —%
PG,2025-10-01,2025-12-31,2025Q4,FY2026Q2,quarter,Grooming,other_sales_impact,0.0,percent,reported,2026-01-22,True,True,pg_2026q2,https://www.pginvestor.com/news/news-details/2026/PG-Announces-Fiscal-Year-2026-Second-Quarter-Results/default.aspx,table[1]/row[3] (zero based); Grooming,sources/pg_2026q2_tables.json,Approximate contribution/growth percentages as reported; not unit counts or absolute prices.,Grooming | (2)% | 2% | 2% | —% | —% | 2% | (2)% | —%
PG,2025-10-01,2025-12-31,2025Q4,FY2026Q2,quarter,Grooming,sales_growth,2.0,percent,reported,2026-01-22,True,True,pg_2026q2,https://www.pginvestor.com/news/news-details/2026/PG-Announces-Fiscal-Year-2026-Second-Quarter-Results/default.aspx,table[1]/row[3] (zero based); Grooming,sources/pg_2026q2_tables.json,Approximate contribution/growth percentages as reported; not unit counts or absolute prices.,Grooming | (2)% | 2% | 2% | —% | —% | 2% | (2)% | —%
PG,2025-10-01,2025-12-31,2025Q4,FY2026Q2,quarter,Grooming,organic_volume_growth,-2.0,percent,reported,2026-01-22,True,True,pg_2026q2,https://www.pginvestor.com/news/news-details/2026/PG-Announces-Fiscal-Year-2026-Second-Quarter-Results/default.aspx,table[1]/row[3] (zero based); Grooming,sources/pg_2026q2_tables.json,Approximate contribution/growth percentages as reported; not unit counts or absolute prices.,Grooming | (2)% | 2% | 2% | —% | —% | 2% | (2)% | —%
PG,2025-10-01,2025-12-31,2025Q4,FY2026Q2,quarter,Grooming,organic_sales_growth,0.0,percent,reported,2026-01-22,True,True,pg_2026q2,https://www.pginvestor.com/news/news-details/2026/PG-Announces-Fiscal-Year-2026-Second-Quarter-Results/default.aspx,table[1]/row[3] (zero based); Grooming,sources/pg_2026q2_tables.json,Approximate contribution/growth percentages as reported; not unit counts or absolute prices.,Grooming | (2)% | 2% | 2% | —% | —% | 2% | (2)% | —%
PG,2025-10-01,2025-12-31,2025Q4,FY2026Q2,quarter,Health Care,volume_growth,-1.0,percent,reported,2026-01-22,True,True,pg_2026q2,https://www.pginvestor.com/news/news-details/2026/PG-Announces-Fiscal-Year-2026-Second-Quarter-Results/default.aspx,table[1]/row[4] (zero based); Health Care,sources/pg_2026q2_tables.json,Approximate contribution/growth percentages as reported; not unit counts or absolute prices.,Health Care | (1)% | 2% | 1% | 2% | 1% | 5% | (1)% | 3%
PG,2025-10-01,2025-12-31,2025Q4,FY2026Q2,quarter,Health Care,fx_sales_impact,2.0,percent,reported,2026-01-22,True,True,pg_2026q2,https://www.pginvestor.com/news/news-details/2026/PG-Announces-Fiscal-Year-2026-Second-Quarter-Results/default.aspx,table[1]/row[4] (zero based); Health Care,sources/pg_2026q2_tables.json,Approximate contribution/growth percentages as reported; not unit counts or absolute prices.,Health Care | (1)% | 2% | 1% | 2% | 1% | 5% | (1)% | 3%
PG,2025-10-01,2025-12-31,2025Q4,FY2026Q2,quarter,Health Care,price_sales_impact,1.0,percent,reported,2026-01-22,True,True,pg_2026q2,https://www.pginvestor.com/news/news-details/2026/PG-Announces-Fiscal-Year-2026-Second-Quarter-Results/default.aspx,table[1]/row[4] (zero based); Health Care,sources/pg_2026q2_tables.json,Approximate contribution/growth percentages as reported; not unit counts or absolute prices.,Health Care | (1)% | 2% | 1% | 2% | 1% | 5% | (1)% | 3%
PG,2025-10-01,2025-12-31,2025Q4,FY2026Q2,quarter,Health Care,mix_sales_impact,2.0,percent,reported,2026-01-22,True,True,pg_2026q2,https://www.pginvestor.com/news/news-details/2026/PG-Announces-Fiscal-Year-2026-Second-Quarter-Results/default.aspx,table[1]/row[4] (zero based); Health Care,sources/pg_2026q2_tables.json,Approximate contribution/growth percentages as reported; not unit counts or absolute prices.,Health Care | (1)% | 2% | 1% | 2% | 1% | 5% | (1)% | 3%
PG,2025-10-01,2025-12-31,2025Q4,FY2026Q2,quarter,Health Care,other_sales_impact,1.0,percent,reported,2026-01-22,True,True,pg_2026q2,https://www.pginvestor.com/news/news-details/2026/PG-Announces-Fiscal-Year-2026-Second-Quarter-Results/default.aspx,table[1]/row[4] (zero based); Health Care,sources/pg_2026q2_tables.json,Approximate contribution/growth percentages as reported; not unit counts or absolute prices.,Health Care | (1)% | 2% | 1% | 2% | 1% | 5% | (1)% | 3%
PG,2025-10-01,2025-12-31,2025Q4,FY2026Q2,quarter,Health Care,sales_growth,5.0,percent,reported,2026-01-22,True,True,pg_2026q2,https://www.pginvestor.com/news/news-details/2026/PG-Announces-Fiscal-Year-2026-Second-Quarter-Results/default.aspx,table[1]/row[4] (zero based); Health Care,sources/pg_2026q2_tables.json,Approximate contribution/growth percentages as reported; not unit counts or absolute prices.,Health Care | (1)% | 2% | 1% | 2% | 1% | 5% | (1)% | 3%
PG,2025-10-01,2025-12-31,2025Q4,FY2026Q2,quarter,Health Care,organic_volume_growth,-1.0,percent,reported,2026-01-22,True,True,pg_2026q2,https://www.pginvestor.com/news/news-details/2026/PG-Announces-Fiscal-Year-2026-Second-Quarter-Results/default.aspx,table[1]/row[4] (zero based); Health Care,sources/pg_2026q2_tables.json,Approximate contribution/growth percentages as reported; not unit counts or absolute prices.,Health Care | (1)% | 2% | 1% | 2% | 1% | 5% | (1)% | 3%
PG,2025-10-01,2025-12-31,2025Q4,FY2026Q2,quarter,Health Care,organic_sales_growth,3.0,percent,reported,2026-01-22,True,True,pg_2026q2,https://www.pginvestor.com/news/news-details/2026/PG-Announces-Fiscal-Year-2026-Second-Quarter-Results/default.aspx,table[1]/row[4] (zero based); Health Care,sources/pg_2026q2_tables.json,Approximate contribution/growth percentages as reported; not unit counts or absolute prices.,Health Care | (1)% | 2% | 1% | 2% | 1% | 5% | (1)% | 3%
PG,2025-10-01,2025-12-31,2025Q4,FY2026Q2,quarter,Fabric & Home Care,volume_growth,0.0,percent,reported,2026-01-22,True,True,pg_2026q2,https://www.pginvestor.com/news/news-details/2026/PG-Announces-Fiscal-Year-2026-Second-Quarter-Results/default.aspx,table[1]/row[5] (zero based); Fabric & Home Care,sources/pg_2026q2_tables.json,Approximate contribution/growth percentages as reported; not unit counts or absolute prices.,Fabric & Home Care | —% | 1% | 1% | (1)% | —% | 1% | —% | —%
PG,2025-10-01,2025-12-31,2025Q4,FY2026Q2,quarter,Fabric & Home Care,fx_sales_impact,1.0,percent,reported,2026-01-22,True,True,pg_2026q2,https://www.pginvestor.com/news/news-details/2026/PG-Announces-Fiscal-Year-2026-Second-Quarter-Results/default.aspx,table[1]/row[5] (zero based); Fabric & Home Care,sources/pg_2026q2_tables.json,Approximate contribution/growth percentages as reported; not unit counts or absolute prices.,Fabric & Home Care | —% | 1% | 1% | (1)% | —% | 1% | —% | —%
PG,2025-10-01,2025-12-31,2025Q4,FY2026Q2,quarter,Fabric & Home Care,price_sales_impact,1.0,percent,reported,2026-01-22,True,True,pg_2026q2,https://www.pginvestor.com/news/news-details/2026/PG-Announces-Fiscal-Year-2026-Second-Quarter-Results/default.aspx,table[1]/row[5] (zero based); Fabric & Home Care,sources/pg_2026q2_tables.json,Approximate contribution/growth percentages as reported; not unit counts or absolute prices.,Fabric & Home Care | —% | 1% | 1% | (1)% | —% | 1% | —% | —%
PG,2025-10-01,2025-12-31,2025Q4,FY2026Q2,quarter,Fabric & Home Care,mix_sales_impact,-1.0,percent,reported,2026-01-22,True,True,pg_2026q2,https://www.pginvestor.com/news/news-details/2026/PG-Announces-Fiscal-Year-2026-Second-Quarter-Results/default.aspx,table[1]/row[5] (zero based); Fabric & Home Care,sources/pg_2026q2_tables.json,Approximate contribution/growth percentages as reported; not unit counts or absolute prices.,Fabric & Home Care | —% | 1% | 1% | (1)% | —% | 1% | —% | —%
PG,2025-10-01,2025-12-31,2025Q4,FY2026Q2,quarter,Fabric & Home Care,other_sales_impact,0.0,percent,reported,2026-01-22,True,True,pg_2026q2,https://www.pginvestor.com/news/news-details/2026/PG-Announces-Fiscal-Year-2026-Second-Quarter-Results/default.aspx,table[1]/row[5] (zero based); Fabric & Home Care,sources/pg_2026q2_tables.json,Approximate contribution/growth percentages as reported; not unit counts or absolute prices.,Fabric & Home Care | —% | 1% | 1% | (1)% | —% | 1% | —% | —%
PG,2025-10-01,2025-12-31,2025Q4,FY2026Q2,quarter,Fabric & Home Care,sales_growth,1.0,percent,reported,2026-01-22,True,True,pg_2026q2,https://www.pginvestor.com/news/news-details/2026/PG-Announces-Fiscal-Year-2026-Second-Quarter-Results/default.aspx,table[1]/row[5] (zero based); Fabric & Home Care,sources/pg_2026q2_tables.json,Approximate contribution/growth percentages as reported; not unit counts or absolute prices.,Fabric & Home Care | —% | 1% | 1% | (1)% | —% | 1% | —% | —%
PG,2025-10-01,2025-12-31,2025Q4,FY2026Q2,quarter,Fabric & Home Care,organic_volume_growth,0.0,percent,reported,2026-01-22,True,True,pg_2026q2,https://www.pginvestor.com/news/news-details/2026/PG-Announces-Fiscal-Year-2026-Second-Quarter-Results/default.aspx,table[1]/row[5] (zero based); Fabric & Home Care,sources/pg_2026q2_tables.json,Approximate contribution/growth percentages as reported; not unit counts or absolute prices.,Fabric & Home Care | —% | 1% | 1% | (1)% | —% | 1% | —% | —%
PG,2025-10-01,2025-12-31,2025Q4,FY2026Q2,quarter,Fabric & Home Care,organic_sales_growth,0.0,percent,reported,2026-01-22,True,True,pg_2026q2,https://www.pginvestor.com/news/news-details/2026/PG-Announces-Fiscal-Year-2026-Second-Quarter-Results/default.aspx,table[1]/row[5] (zero based); Fabric & Home Care,sources/pg_2026q2_tables.json,Approximate contribution/growth percentages as reported; not unit counts or absolute prices.,Fabric & Home Care | —% | 1% | 1% | (1)% | —% | 1% | —% | —%
PG,2025-10-01,2025-12-31,2025Q4,FY2026Q2,quarter,"Baby, Feminine & Family Care",volume_growth,-5.0,percent,reported,2026-01-22,True,True,pg_2026q2,https://www.pginvestor.com/news/news-details/2026/PG-Announces-Fiscal-Year-2026-Second-Quarter-Results/default.aspx,"table[1]/row[6] (zero based); Baby, Feminine & Family Care",sources/pg_2026q2_tables.json,Approximate contribution/growth percentages as reported; not unit counts or absolute prices.,"Baby, Feminine & Family Care | (5)% | 1% | —% | —% | 1% | (3)% | (5)% | (4)%"
PG,2025-10-01,2025-12-31,2025Q4,FY2026Q2,quarter,"Baby, Feminine & Family Care",fx_sales_impact,1.0,percent,reported,2026-01-22,True,True,pg_2026q2,https://www.pginvestor.com/news/news-details/2026/PG-Announces-Fiscal-Year-2026-Second-Quarter-Results/default.aspx,"table[1]/row[6] (zero based); Baby, Feminine & Family Care",sources/pg_2026q2_tables.json,Approximate contribution/growth percentages as reported; not unit counts or absolute prices.,"Baby, Feminine & Family Care | (5)% | 1% | —% | —% | 1% | (3)% | (5)% | (4)%"
PG,2025-10-01,2025-12-31,2025Q4,FY2026Q2,quarter,"Baby, Feminine & Family Care",price_sales_impact,0.0,percent,reported,2026-01-22,True,True,pg_2026q2,https://www.pginvestor.com/news/news-details/2026/PG-Announces-Fiscal-Year-2026-Second-Quarter-Results/default.aspx,"table[1]/row[6] (zero based); Baby, Feminine & Family Care",sources/pg_2026q2_tables.json,Approximate contribution/growth percentages as reported; not unit counts or absolute prices.,"Baby, Feminine & Family Care | (5)% | 1% | —% | —% | 1% | (3)% | (5)% | (4)%"
PG,2025-10-01,2025-12-31,2025Q4,FY2026Q2,quarter,"Baby, Feminine & Family Care",mix_sales_impact,0.0,percent,reported,2026-01-22,True,True,pg_2026q2,https://www.pginvestor.com/news/news-details/2026/PG-Announces-Fiscal-Year-2026-Second-Quarter-Results/default.aspx,"table[1]/row[6] (zero based); Baby, Feminine & Family Care",sources/pg_2026q2_tables.json,Approximate contribution/growth percentages as reported; not unit counts or absolute prices.,"Baby, Feminine & Family Care | (5)% | 1% | —% | —% | 1% | (3)% | (5)% | (4)%"
PG,2025-10-01,2025-12-31,2025Q4,FY2026Q2,quarter,"Baby, Feminine & Family Care",other_sales_impact,1.0,percent,reported,2026-01-22,True,True,pg_2026q2,https://www.pginvestor.com/news/news-details/2026/PG-Announces-Fiscal-Year-2026-Second-Quarter-Results/default.aspx,"table[1]/row[6] (zero based); Baby, Feminine & Family Care",sources/pg_2026q2_tables.json,Approximate contribution/growth percentages as reported; not unit counts or absolute prices.,"Baby, Feminine & Family Care | (5)% | 1% | —% | —% | 1% | (3)% | (5)% | (4)%"
PG,2025-10-01,2025-12-31,2025Q4,FY2026Q2,quarter,"Baby, Feminine & Family Care",sales_growth,-3.0,percent,reported,2026-01-22,True,True,pg_2026q2,https://www.pginvestor.com/news/news-details/2026/PG-Announces-Fiscal-Year-2026-Second-Quarter-Results/default.aspx,"table[1]/row[6] (zero based); Baby, Feminine & Family Care",sources/pg_2026q2_tables.json,Approximate contribution/growth percentages as reported; not unit counts or absolute prices.,"Baby, Feminine & Family Care | (5)% | 1% | —% | —% | 1% | (3)% | (5)% | (4)%"
PG,2025-10-01,2025-12-31,2025Q4,FY2026Q2,quarter,"Baby, Feminine & Family Care",organic_volume_growth,-5.0,percent,reported,2026-01-22,True,True,pg_2026q2,https://www.pginvestor.com/news/news-details/2026/PG-Announces-Fiscal-Year-2026-Second-Quarter-Results/default.aspx,"table[1]/row[6] (zero based); Baby, Feminine & Family Care",sources/pg_2026q2_tables.json,Approximate contribution/growth percentages as reported; not unit counts or absolute prices.,"Baby, Feminine & Family Care | (5)% | 1% | —% | —% | 1% | (3)% | (5)% | (4)%"
PG,2025-10-01,2025-12-31,2025Q4,FY2026Q2,quarter,"Baby, Feminine & Family Care",organic_sales_growth,-4.0,percent,reported,2026-01-22,True,True,pg_2026q2,https://www.pginvestor.com/news/news-details/2026/PG-Announces-Fiscal-Year-2026-Second-Quarter-Results/default.aspx,"table[1]/row[6] (zero based); Baby, Feminine & Family Care",sources/pg_2026q2_tables.json,Approximate contribution/growth percentages as reported; not unit counts or absolute prices.,"Baby, Feminine & Family Care | (5)% | 1% | —% | —% | 1% | (3)% | (5)% | (4)%"
PG,2025-10-01,2025-12-31,2025Q4,FY2026Q2,quarter,Consolidated,volume_growth,-1.0,percent,reported,2026-01-22,True,True,pg_2026q2,https://www.pginvestor.com/news/news-details/2026/PG-Announces-Fiscal-Year-2026-Second-Quarter-Results/default.aspx,table[1]/row[7] (zero based); Total P&G,sources/pg_2026q2_tables.json,Approximate contribution/growth percentages as reported; not unit counts or absolute prices.,Total P&G | (1)% | 1% | 1% | —% | —% | 1% | (1)% | —%
PG,2025-10-01,2025-12-31,2025Q4,FY2026Q2,quarter,Consolidated,fx_sales_impact,1.0,percent,reported,2026-01-22,True,True,pg_2026q2,https://www.pginvestor.com/news/news-details/2026/PG-Announces-Fiscal-Year-2026-Second-Quarter-Results/default.aspx,table[1]/row[7] (zero based); Total P&G,sources/pg_2026q2_tables.json,Approximate contribution/growth percentages as reported; not unit counts or absolute prices.,Total P&G | (1)% | 1% | 1% | —% | —% | 1% | (1)% | —%
PG,2025-10-01,2025-12-31,2025Q4,FY2026Q2,quarter,Consolidated,price_sales_impact,1.0,percent,reported,2026-01-22,True,True,pg_2026q2,https://www.pginvestor.com/news/news-details/2026/PG-Announces-Fiscal-Year-2026-Second-Quarter-Results/default.aspx,table[1]/row[7] (zero based); Total P&G,sources/pg_2026q2_tables.json,Approximate contribution/growth percentages as reported; not unit counts or absolute prices.,Total P&G | (1)% | 1% | 1% | —% | —% | 1% | (1)% | —%
PG,2025-10-01,2025-12-31,2025Q4,FY2026Q2,quarter,Consolidated,mix_sales_impact,0.0,percent,reported,2026-01-22,True,True,pg_2026q2,https://www.pginvestor.com/news/news-details/2026/PG-Announces-Fiscal-Year-2026-Second-Quarter-Results/default.aspx,table[1]/row[7] (zero based); Total P&G,sources/pg_2026q2_tables.json,Approximate contribution/growth percentages as reported; not unit counts or absolute prices.,Total P&G | (1)% | 1% | 1% | —% | —% | 1% | (1)% | —%
PG,2025-10-01,2025-12-31,2025Q4,FY2026Q2,quarter,Consolidated,other_sales_impact,0.0,percent,reported,2026-01-22,True,True,pg_2026q2,https://www.pginvestor.com/news/news-details/2026/PG-Announces-Fiscal-Year-2026-Second-Quarter-Results/default.aspx,table[1]/row[7] (zero based); Total P&G,sources/pg_2026q2_tables.json,Approximate contribution/growth percentages as reported; not unit counts or absolute prices.,Total P&G | (1)% | 1% | 1% | —% | —% | 1% | (1)% | —%
PG,2025-10-01,2025-12-31,2025Q4,FY2026Q2,quarter,Consolidated,sales_growth,1.0,percent,reported,2026-01-22,True,True,pg_2026q2,https://www.pginvestor.com/news/news-details/2026/PG-Announces-Fiscal-Year-2026-Second-Quarter-Results/default.aspx,table[1]/row[7] (zero based); Total P&G,sources/pg_2026q2_tables.json,Approximate contribution/growth percentages as reported; not unit counts or absolute prices.,Total P&G | (1)% | 1% | 1% | —% | —% | 1% | (1)% | —%
PG,2025-10-01,2025-12-31,2025Q4,FY2026Q2,quarter,Consolidated,organic_volume_growth,-1.0,percent,reported,2026-01-22,True,True,pg_2026q2,https://www.pginvestor.com/news/news-details/2026/PG-Announces-Fiscal-Year-2026-Second-Quarter-Results/default.aspx,table[1]/row[7] (zero based); Total P&G,sources/pg_2026q2_tables.json,Approximate contribution/growth percentages as reported; not unit counts or absolute prices.,Total P&G | (1)% | 1% | 1% | —% | —% | 1% | (1)% | —%
PG,2025-10-01,2025-12-31,2025Q4,FY2026Q2,quarter,Consolidated,organic_sales_growth,0.0,percent,reported,2026-01-22,True,True,pg_2026q2,https://www.pginvestor.com/news/news-details/2026/PG-Announces-Fiscal-Year-2026-Second-Quarter-Results/default.aspx,table[1]/row[7] (zero based); Total P&G,sources/pg_2026q2_tables.json,Approximate contribution/growth percentages as reported; not unit counts or absolute prices.,Total P&G | (1)% | 1% | 1% | —% | —% | 1% | (1)% | —%
PG,2025-10-01,2025-12-31,2025Q4,FY2026Q2,quarter,Consolidated,net_sales,22208.0,USD million,reported,2026-01-22,True,True,pg_2026q2,https://www.pginvestor.com/news/news-details/2026/PG-Announces-Fiscal-Year-2026-Second-Quarter-Results/default.aspx,table[2]/row[6] (zero based); NET SALES,sources/pg_2026q2_tables.json,,"NET SALES | $ | 22,208 | $ | 21,882 | 1%"
PG,2024-10-01,2024-12-31,2024Q4,FY2025Q2,quarter,Consolidated,net_sales,21882.0,USD million,reported,2026-01-22,True,True,pg_2026q2,https://www.pginvestor.com/news/news-details/2026/PG-Announces-Fiscal-Year-2026-Second-Quarter-Results/default.aspx,table[2]/row[6] (zero based); NET SALES,sources/pg_2026q2_tables.json,,"NET SALES | $ | 22,208 | $ | 21,882 | 1%"
PG,2025-10-01,2025-12-31,2025Q4,FY2026Q2,quarter,Consolidated,cost_of_products_sold,10834.0,USD million,reported,2026-01-22,True,True,pg_2026q2,https://www.pginvestor.com/news/news-details/2026/PG-Announces-Fiscal-Year-2026-Second-Quarter-Results/default.aspx,table[2]/row[7] (zero based); Cost of products sold,sources/pg_2026q2_tables.json,,"Cost of products sold | 10,834 | 10,418 | 4%"
PG,2024-10-01,2024-12-31,2024Q4,FY2025Q2,quarter,Consolidated,cost_of_products_sold,10418.0,USD million,reported,2026-01-22,True,True,pg_2026q2,https://www.pginvestor.com/news/news-details/2026/PG-Announces-Fiscal-Year-2026-Second-Quarter-Results/default.aspx,table[2]/row[7] (zero based); Cost of products sold,sources/pg_2026q2_tables.json,,"Cost of products sold | 10,834 | 10,418 | 4%"
PG,2025-10-01,2025-12-31,2025Q4,FY2026Q2,quarter,Consolidated,gross_profit,11374.0,USD million,reported,2026-01-22,True,True,pg_2026q2,https://www.pginvestor.com/news/news-details/2026/PG-Announces-Fiscal-Year-2026-Second-Quarter-Results/default.aspx,table[2]/row[8] (zero based); GROSS PROFIT,sources/pg_2026q2_tables.json,,"GROSS PROFIT | 11,374 | 11,464 | (1)%"
PG,2024-10-01,2024-12-31,2024Q4,FY2025Q2,quarter,Consolidated,gross_profit,11464.0,USD million,reported,2026-01-22,True,True,pg_2026q2,https://www.pginvestor.com/news/news-details/2026/PG-Announces-Fiscal-Year-2026-Second-Quarter-Results/default.aspx,table[2]/row[8] (zero based); GROSS PROFIT,sources/pg_2026q2_tables.json,,"GROSS PROFIT | 11,374 | 11,464 | (1)%"
PG,2025-10-01,2025-12-31,2025Q4,FY2026Q2,quarter,Consolidated,sga,6008.0,USD million,reported,2026-01-22,True,True,pg_2026q2,https://www.pginvestor.com/news/news-details/2026/PG-Announces-Fiscal-Year-2026-Second-Quarter-Results/default.aspx,"table[2]/row[9] (zero based); Selling, general and administrative expense",sources/pg_2026q2_tables.json,,"Selling, general and administrative expense | 6,008 | 5,723 | 5%"
PG,2024-10-01,2024-12-31,2024Q4,FY2025Q2,quarter,Consolidated,sga,5723.0,USD million,reported,2026-01-22,True,True,pg_2026q2,https://www.pginvestor.com/news/news-details/2026/PG-Announces-Fiscal-Year-2026-Second-Quarter-Results/default.aspx,"table[2]/row[9] (zero based); Selling, general and administrative expense",sources/pg_2026q2_tables.json,,"Selling, general and administrative expense | 6,008 | 5,723 | 5%"
PG,2025-10-01,2025-12-31,2025Q4,FY2026Q2,quarter,Consolidated,operating_income,5366.0,USD million,reported,2026-01-22,True,True,pg_2026q2,https://www.pginvestor.com/news/news-details/2026/PG-Announces-Fiscal-Year-2026-Second-Quarter-Results/default.aspx,table[2]/row[10] (zero based); OPERATING INCOME,sources/pg_2026q2_tables.json,,"OPERATING INCOME | 5,366 | 5,741 | (7)%"
PG,2024-10-01,2024-12-31,2024Q4,FY2025Q2,quarter,Consolidated,operating_income,5741.0,USD million,reported,2026-01-22,True,True,pg_2026q2,https://www.pginvestor.com/news/news-details/2026/PG-Announces-Fiscal-Year-2026-Second-Quarter-Results/default.aspx,table[2]/row[10] (zero based); OPERATING INCOME,sources/pg_2026q2_tables.json,,"OPERATING INCOME | 5,366 | 5,741 | (7)%"
PG,2025-10-01,2025-12-31,2025Q4,FY2026Q2,quarter,Consolidated,interest_expense_signed,-220.0,USD million,reported,2026-01-22,True,True,pg_2026q2,https://www.pginvestor.com/news/news-details/2026/PG-Announces-Fiscal-Year-2026-Second-Quarter-Results/default.aspx,table[2]/row[11] (zero based); Interest expense,sources/pg_2026q2_tables.json,,Interest expense | (220 | ) | (240 | ) | (8)%
PG,2024-10-01,2024-12-31,2024Q4,FY2025Q2,quarter,Consolidated,interest_expense_signed,-240.0,USD million,reported,2026-01-22,True,True,pg_2026q2,https://www.pginvestor.com/news/news-details/2026/PG-Announces-Fiscal-Year-2026-Second-Quarter-Results/default.aspx,table[2]/row[11] (zero based); Interest expense,sources/pg_2026q2_tables.json,,Interest expense | (220 | ) | (240 | ) | (8)%
PG,2025-10-01,2025-12-31,2025Q4,FY2026Q2,quarter,Consolidated,interest_income,115.0,USD million,reported,2026-01-22,True,True,pg_2026q2,https://www.pginvestor.com/news/news-details/2026/PG-Announces-Fiscal-Year-2026-Second-Quarter-Results/default.aspx,table[2]/row[12] (zero based); Interest income,sources/pg_2026q2_tables.json,,Interest income | 115 | 119 | (3)%
PG,2024-10-01,2024-12-31,2024Q4,FY2025Q2,quarter,Consolidated,interest_income,119.0,USD million,reported,2026-01-22,True,True,pg_2026q2,https://www.pginvestor.com/news/news-details/2026/PG-Announces-Fiscal-Year-2026-Second-Quarter-Results/default.aspx,table[2]/row[12] (zero based); Interest income,sources/pg_2026q2_tables.json,,Interest income | 115 | 119 | (3)%
PG,2025-10-01,2025-12-31,2025Q4,FY2026Q2,quarter,Consolidated,other_income,160.0,USD million,reported,2026-01-22,True,True,pg_2026q2,https://www.pginvestor.com/news/news-details/2026/PG-Announces-Fiscal-Year-2026-Second-Quarter-Results/default.aspx,"table[2]/row[13] (zero based); Other operating income, net",sources/pg_2026q2_tables.json,,"Other operating income, net | 160 | 224 | (29)%"
PG,2024-10-01,2024-12-31,2024Q4,FY2025Q2,quarter,Consolidated,other_income,224.0,USD million,reported,2026-01-22,True,True,pg_2026q2,https://www.pginvestor.com/news/news-details/2026/PG-Announces-Fiscal-Year-2026-Second-Quarter-Results/default.aspx,"table[2]/row[13] (zero based); Other operating income, net",sources/pg_2026q2_tables.json,,"Other operating income, net | 160 | 224 | (29)%"
PG,2025-10-01,2025-12-31,2025Q4,FY2026Q2,quarter,Consolidated,pretax_income,5421.0,USD million,reported,2026-01-22,True,True,pg_2026q2,https://www.pginvestor.com/news/news-details/2026/PG-Announces-Fiscal-Year-2026-Second-Quarter-Results/default.aspx,table[2]/row[14] (zero based); EARNINGS BEFORE INCOME TAXES,sources/pg_2026q2_tables.json,,"EARNINGS BEFORE INCOME TAXES | 5,421 | 5,845 | (7)%"
PG,2024-10-01,2024-12-31,2024Q4,FY2025Q2,quarter,Consolidated,pretax_income,5845.0,USD million,reported,2026-01-22,True,True,pg_2026q2,https://www.pginvestor.com/news/news-details/2026/PG-Announces-Fiscal-Year-2026-Second-Quarter-Results/default.aspx,table[2]/row[14] (zero based); EARNINGS BEFORE INCOME TAXES,sources/pg_2026q2_tables.json,,"EARNINGS BEFORE INCOME TAXES | 5,421 | 5,845 | (7)%"
PG,2025-10-01,2025-12-31,2025Q4,FY2026Q2,quarter,Consolidated,income_taxes,1090.0,USD million,reported,2026-01-22,True,True,pg_2026q2,https://www.pginvestor.com/news/news-details/2026/PG-Announces-Fiscal-Year-2026-Second-Quarter-Results/default.aspx,table[2]/row[15] (zero based); Income taxes,sources/pg_2026q2_tables.json,,"Income taxes | 1,090 | 1,187 | (8)%"
PG,2024-10-01,2024-12-31,2024Q4,FY2025Q2,quarter,Consolidated,income_taxes,1187.0,USD million,reported,2026-01-22,True,True,pg_2026q2,https://www.pginvestor.com/news/news-details/2026/PG-Announces-Fiscal-Year-2026-Second-Quarter-Results/default.aspx,table[2]/row[15] (zero based); Income taxes,sources/pg_2026q2_tables.json,,"Income taxes | 1,090 | 1,187 | (8)%"
PG,2025-10-01,2025-12-31,2025Q4,FY2026Q2,quarter,Consolidated,net_income,4331.0,USD million,reported,2026-01-22,True,True,pg_2026q2,https://www.pginvestor.com/news/news-details/2026/PG-Announces-Fiscal-Year-2026-Second-Quarter-Results/default.aspx,table[2]/row[16] (zero based); NET EARNINGS,sources/pg_2026q2_tables.json,,"NET EARNINGS | 4,331 | 4,659 | (7)%"
PG,2024-10-01,2024-12-31,2024Q4,FY2025Q2,quarter,Consolidated,net_income,4659.0,USD million,reported,2026-01-22,True,True,pg_2026q2,https://www.pginvestor.com/news/news-details/2026/PG-Announces-Fiscal-Year-2026-Second-Quarter-Results/default.aspx,table[2]/row[16] (zero based); NET EARNINGS,sources/pg_2026q2_tables.json,,"NET EARNINGS | 4,331 | 4,659 | (7)%"
PG,2025-10-01,2025-12-31,2025Q4,FY2026Q2,quarter,Consolidated,noncontrolling_income,12.0,USD million,reported,2026-01-22,True,True,pg_2026q2,https://www.pginvestor.com/news/news-details/2026/PG-Announces-Fiscal-Year-2026-Second-Quarter-Results/default.aspx,table[2]/row[17] (zero based); Less: Net earnings attributable to noncontrolling interests,sources/pg_2026q2_tables.json,,Less: Net earnings attributable to noncontrolling interests | 12 | 29 | (59)%
PG,2024-10-01,2024-12-31,2024Q4,FY2025Q2,quarter,Consolidated,noncontrolling_income,29.0,USD million,reported,2026-01-22,True,True,pg_2026q2,https://www.pginvestor.com/news/news-details/2026/PG-Announces-Fiscal-Year-2026-Second-Quarter-Results/default.aspx,table[2]/row[17] (zero based); Less: Net earnings attributable to noncontrolling interests,sources/pg_2026q2_tables.json,,Less: Net earnings attributable to noncontrolling interests | 12 | 29 | (59)%
PG,2025-10-01,2025-12-31,2025Q4,FY2026Q2,quarter,Consolidated,net_income_attributable,4319.0,USD million,reported,2026-01-22,True,True,pg_2026q2,https://www.pginvestor.com/news/news-details/2026/PG-Announces-Fiscal-Year-2026-Second-Quarter-Results/default.aspx,table[2]/row[18] (zero based); NET EARNINGS ATTRIBUTABLE TO PROCTER & GAMBLE,sources/pg_2026q2_tables.json,,"NET EARNINGS ATTRIBUTABLE TO PROCTER & GAMBLE | $ | 4,319 | $ | 4,630 | (7)%"
PG,2024-10-01,2024-12-31,2024Q4,FY2025Q2,quarter,Consolidated,net_income_attributable,4630.0,USD million,reported,2026-01-22,True,True,pg_2026q2,https://www.pginvestor.com/news/news-details/2026/PG-Announces-Fiscal-Year-2026-Second-Quarter-Results/default.aspx,table[2]/row[18] (zero based); NET EARNINGS ATTRIBUTABLE TO PROCTER & GAMBLE,sources/pg_2026q2_tables.json,,"NET EARNINGS ATTRIBUTABLE TO PROCTER & GAMBLE | $ | 4,319 | $ | 4,630 | (7)%"
PG,2025-10-01,2025-12-31,2025Q4,FY2026Q2,quarter,Consolidated,effective_tax_rate,20.1,percent,reported,2026-01-22,True,True,pg_2026q2,https://www.pginvestor.com/news/news-details/2026/PG-Announces-Fiscal-Year-2026-Second-Quarter-Results/default.aspx,table[2]/row[20] (zero based); EFFECTIVE TAX RATE,sources/pg_2026q2_tables.json,,EFFECTIVE TAX RATE | 20.1 | % | 20.3 | %
PG,2024-10-01,2024-12-31,2024Q4,FY2025Q2,quarter,Consolidated,effective_tax_rate,20.3,percent,reported,2026-01-22,True,True,pg_2026q2,https://www.pginvestor.com/news/news-details/2026/PG-Announces-Fiscal-Year-2026-Second-Quarter-Results/default.aspx,table[2]/row[20] (zero based); EFFECTIVE TAX RATE,sources/pg_2026q2_tables.json,,EFFECTIVE TAX RATE | 20.1 | % | 20.3 | %
PG,2025-10-01,2025-12-31,2025Q4,FY2026Q2,quarter,Consolidated,diluted_eps,1.78,USD/share,reported,2026-01-22,True,True,pg_2026q2,https://www.pginvestor.com/news/news-details/2026/PG-Announces-Fiscal-Year-2026-Second-Quarter-Results/default.aspx,table[2]/row[24] (zero based); Diluted,sources/pg_2026q2_tables.json,,Diluted | $ | 1.78 | $ | 1.88 | (5)%
PG,2024-10-01,2024-12-31,2024Q4,FY2025Q2,quarter,Consolidated,diluted_eps,1.88,USD/share,reported,2026-01-22,True,True,pg_2026q2,https://www.pginvestor.com/news/news-details/2026/PG-Announces-Fiscal-Year-2026-Second-Quarter-Results/default.aspx,table[2]/row[24] (zero based); Diluted,sources/pg_2026q2_tables.json,,Diluted | $ | 1.78 | $ | 1.88 | (5)%
PG,2025-10-01,2025-12-31,2025Q4,FY2026Q2,quarter,Consolidated,diluted_shares,2424.0,million shares,reported,2026-01-22,True,True,pg_2026q2,https://www.pginvestor.com/news/news-details/2026/PG-Announces-Fiscal-Year-2026-Second-Quarter-Results/default.aspx,table[2]/row[27] (zero based); DILUTED WEIGHTED AVERAGE COMMON SHARES OUTSTANDING,sources/pg_2026q2_tables.json,,"DILUTED WEIGHTED AVERAGE COMMON SHARES OUTSTANDING | 2,424.0 | 2,458.1"
PG,2024-10-01,2024-12-31,2024Q4,FY2025Q2,quarter,Consolidated,diluted_shares,2458.1,million shares,reported,2026-01-22,True,True,pg_2026q2,https://www.pginvestor.com/news/news-details/2026/PG-Announces-Fiscal-Year-2026-Second-Quarter-Results/default.aspx,table[2]/row[27] (zero based); DILUTED WEIGHTED AVERAGE COMMON SHARES OUTSTANDING,sources/pg_2026q2_tables.json,,"DILUTED WEIGHTED AVERAGE COMMON SHARES OUTSTANDING | 2,424.0 | 2,458.1"
PG,2025-10-01,2025-12-31,2025Q4,FY2026Q2,quarter,Beauty,net_sales,4039.0,USD million,reported,2026-01-22,True,True,pg_2026q2,https://www.pginvestor.com/news/news-details/2026/PG-Announces-Fiscal-Year-2026-Second-Quarter-Results/default.aspx,table[3]/row[7] (zero based); Beauty,sources/pg_2026q2_tables.json,,"Beauty | $ | 4,039 | 5% | $ | 992 | —% | $ | 763 | (2)%"
PG,2025-10-01,2025-12-31,2025Q4,FY2026Q2,quarter,Beauty,pretax_income,992.0,USD million,reported,2026-01-22,True,True,pg_2026q2,https://www.pginvestor.com/news/news-details/2026/PG-Announces-Fiscal-Year-2026-Second-Quarter-Results/default.aspx,table[3]/row[7] (zero based); Beauty,sources/pg_2026q2_tables.json,,"Beauty | $ | 4,039 | 5% | $ | 992 | —% | $ | 763 | (2)%"
PG,2025-10-01,2025-12-31,2025Q4,FY2026Q2,quarter,Beauty,net_income,763.0,USD million,reported,2026-01-22,True,True,pg_2026q2,https://www.pginvestor.com/news/news-details/2026/PG-Announces-Fiscal-Year-2026-Second-Quarter-Results/default.aspx,table[3]/row[7] (zero based); Beauty,sources/pg_2026q2_tables.json,,"Beauty | $ | 4,039 | 5% | $ | 992 | —% | $ | 763 | (2)%"
PG,2025-10-01,2025-12-31,2025Q4,FY2026Q2,quarter,Grooming,net_sales,1794.0,USD million,reported,2026-01-22,True,True,pg_2026q2,https://www.pginvestor.com/news/news-details/2026/PG-Announces-Fiscal-Year-2026-Second-Quarter-Results/default.aspx,table[3]/row[8] (zero based); Grooming,sources/pg_2026q2_tables.json,,"Grooming | 1,794 | 2% | 531 | (7)% | 417 | (9)%"
PG,2025-10-01,2025-12-31,2025Q4,FY2026Q2,quarter,Grooming,pretax_income,531.0,USD million,reported,2026-01-22,True,True,pg_2026q2,https://www.pginvestor.com/news/news-details/2026/PG-Announces-Fiscal-Year-2026-Second-Quarter-Results/default.aspx,table[3]/row[8] (zero based); Grooming,sources/pg_2026q2_tables.json,,"Grooming | 1,794 | 2% | 531 | (7)% | 417 | (9)%"
PG,2025-10-01,2025-12-31,2025Q4,FY2026Q2,quarter,Grooming,net_income,417.0,USD million,reported,2026-01-22,True,True,pg_2026q2,https://www.pginvestor.com/news/news-details/2026/PG-Announces-Fiscal-Year-2026-Second-Quarter-Results/default.aspx,table[3]/row[8] (zero based); Grooming,sources/pg_2026q2_tables.json,,"Grooming | 1,794 | 2% | 531 | (7)% | 417 | (9)%"
PG,2025-10-01,2025-12-31,2025Q4,FY2026Q2,quarter,Health Care,net_sales,3406.0,USD million,reported,2026-01-22,True,True,pg_2026q2,https://www.pginvestor.com/news/news-details/2026/PG-Announces-Fiscal-Year-2026-Second-Quarter-Results/default.aspx,table[3]/row[9] (zero based); Health Care,sources/pg_2026q2_tables.json,,"Health Care | 3,406 | 5% | 1,009 | 4% | 770 | 2%"
PG,2025-10-01,2025-12-31,2025Q4,FY2026Q2,quarter,Health Care,pretax_income,1009.0,USD million,reported,2026-01-22,True,True,pg_2026q2,https://www.pginvestor.com/news/news-details/2026/PG-Announces-Fiscal-Year-2026-Second-Quarter-Results/default.aspx,table[3]/row[9] (zero based); Health Care,sources/pg_2026q2_tables.json,,"Health Care | 3,406 | 5% | 1,009 | 4% | 770 | 2%"
PG,2025-10-01,2025-12-31,2025Q4,FY2026Q2,quarter,Health Care,net_income,770.0,USD million,reported,2026-01-22,True,True,pg_2026q2,https://www.pginvestor.com/news/news-details/2026/PG-Announces-Fiscal-Year-2026-Second-Quarter-Results/default.aspx,table[3]/row[9] (zero based); Health Care,sources/pg_2026q2_tables.json,,"Health Care | 3,406 | 5% | 1,009 | 4% | 770 | 2%"
PG,2025-10-01,2025-12-31,2025Q4,FY2026Q2,quarter,Fabric & Home Care,net_sales,7686.0,USD million,reported,2026-01-22,True,True,pg_2026q2,https://www.pginvestor.com/news/news-details/2026/PG-Announces-Fiscal-Year-2026-Second-Quarter-Results/default.aspx,table[3]/row[10] (zero based); Fabric & Home Care,sources/pg_2026q2_tables.json,,"Fabric & Home Care | 7,686 | 1% | 1,961 | (1)% | 1,521 | (3)%"
PG,2025-10-01,2025-12-31,2025Q4,FY2026Q2,quarter,Fabric & Home Care,pretax_income,1961.0,USD million,reported,2026-01-22,True,True,pg_2026q2,https://www.pginvestor.com/news/news-details/2026/PG-Announces-Fiscal-Year-2026-Second-Quarter-Results/default.aspx,table[3]/row[10] (zero based); Fabric & Home Care,sources/pg_2026q2_tables.json,,"Fabric & Home Care | 7,686 | 1% | 1,961 | (1)% | 1,521 | (3)%"
PG,2025-10-01,2025-12-31,2025Q4,FY2026Q2,quarter,Fabric & Home Care,net_income,1521.0,USD million,reported,2026-01-22,True,True,pg_2026q2,https://www.pginvestor.com/news/news-details/2026/PG-Announces-Fiscal-Year-2026-Second-Quarter-Results/default.aspx,table[3]/row[10] (zero based); Fabric & Home Care,sources/pg_2026q2_tables.json,,"Fabric & Home Care | 7,686 | 1% | 1,961 | (1)% | 1,521 | (3)%"
PG,2025-10-01,2025-12-31,2025Q4,FY2026Q2,quarter,"Baby, Feminine & Family Care",net_sales,5123.0,USD million,reported,2026-01-22,True,True,pg_2026q2,https://www.pginvestor.com/news/news-details/2026/PG-Announces-Fiscal-Year-2026-Second-Quarter-Results/default.aspx,"table[3]/row[11] (zero based); Baby, Feminine & Family Care",sources/pg_2026q2_tables.json,,"Baby, Feminine & Family Care | 5,123 | (3)% | 1,338 | (9)% | 1,020 | (9)%"
PG,2025-10-01,2025-12-31,2025Q4,FY2026Q2,quarter,"Baby, Feminine & Family Care",pretax_income,1338.0,USD million,reported,2026-01-22,True,True,pg_2026q2,https://www.pginvestor.com/news/news-details/2026/PG-Announces-Fiscal-Year-2026-Second-Quarter-Results/default.aspx,"table[3]/row[11] (zero based); Baby, Feminine & Family Care",sources/pg_2026q2_tables.json,,"Baby, Feminine & Family Care | 5,123 | (3)% | 1,338 | (9)% | 1,020 | (9)%"
PG,2025-10-01,2025-12-31,2025Q4,FY2026Q2,quarter,"Baby, Feminine & Family Care",net_income,1020.0,USD million,reported,2026-01-22,True,True,pg_2026q2,https://www.pginvestor.com/news/news-details/2026/PG-Announces-Fiscal-Year-2026-Second-Quarter-Results/default.aspx,"table[3]/row[11] (zero based); Baby, Feminine & Family Care",sources/pg_2026q2_tables.json,,"Baby, Feminine & Family Care | 5,123 | (3)% | 1,338 | (9)% | 1,020 | (9)%"
PG,2025-10-01,2025-12-31,2025Q4,FY2026Q2,quarter,Corporate,net_sales,160.0,USD million,reported,2026-01-22,True,True,pg_2026q2,https://www.pginvestor.com/news/news-details/2026/PG-Announces-Fiscal-Year-2026-Second-Quarter-Results/default.aspx,table[3]/row[12] (zero based); Corporate,sources/pg_2026q2_tables.json,,Corporate | 160 | N/A | (412 | ) | N/A | (161 | ) | N/A
PG,2025-10-01,2025-12-31,2025Q4,FY2026Q2,quarter,Corporate,pretax_income,-412.0,USD million,reported,2026-01-22,True,True,pg_2026q2,https://www.pginvestor.com/news/news-details/2026/PG-Announces-Fiscal-Year-2026-Second-Quarter-Results/default.aspx,table[3]/row[12] (zero based); Corporate,sources/pg_2026q2_tables.json,,Corporate | 160 | N/A | (412 | ) | N/A | (161 | ) | N/A
PG,2025-10-01,2025-12-31,2025Q4,FY2026Q2,quarter,Corporate,net_income,-161.0,USD million,reported,2026-01-22,True,True,pg_2026q2,https://www.pginvestor.com/news/news-details/2026/PG-Announces-Fiscal-Year-2026-Second-Quarter-Results/default.aspx,table[3]/row[12] (zero based); Corporate,sources/pg_2026q2_tables.json,,Corporate | 160 | N/A | (412 | ) | N/A | (161 | ) | N/A
PG,2025-07-01,2025-12-31,2025Q4,FY2026Q2,fiscal_ytd,Consolidated,operating_cash_flow,10380.0,USD million,reported,2026-01-22,True,True,pg_2026q2,https://www.pginvestor.com/news/news-details/2026/PG-Announces-Fiscal-Year-2026-Second-Quarter-Results/default.aspx,table[5]/row[18] (zero based); TOTAL OPERATING ACTIVITIES,sources/pg_2026q2_tables.json,,"TOTAL OPERATING ACTIVITIES | 10,380 | 9,127"
PG,2024-07-01,2024-12-31,2024Q4,FY2025Q2,fiscal_ytd,Consolidated,operating_cash_flow,9127.0,USD million,reported,2026-01-22,True,True,pg_2026q2,https://www.pginvestor.com/news/news-details/2026/PG-Announces-Fiscal-Year-2026-Second-Quarter-Results/default.aspx,table[5]/row[18] (zero based); TOTAL OPERATING ACTIVITIES,sources/pg_2026q2_tables.json,,"TOTAL OPERATING ACTIVITIES | 10,380 | 9,127"
PG,2025-07-01,2025-12-31,2025Q4,FY2026Q2,fiscal_ytd,Consolidated,capital_expenditures_signed,-2367.0,USD million,reported,2026-01-22,True,True,pg_2026q2,https://www.pginvestor.com/news/news-details/2026/PG-Announces-Fiscal-Year-2026-Second-Quarter-Results/default.aspx,table[5]/row[20] (zero based); Capital expenditures,sources/pg_2026q2_tables.json,,"Capital expenditures | (2,367 | ) | (1,918 | )"
PG,2024-07-01,2024-12-31,2024Q4,FY2025Q2,fiscal_ytd,Consolidated,capital_expenditures_signed,-1918.0,USD million,reported,2026-01-22,True,True,pg_2026q2,https://www.pginvestor.com/news/news-details/2026/PG-Announces-Fiscal-Year-2026-Second-Quarter-Results/default.aspx,table[5]/row[20] (zero based); Capital expenditures,sources/pg_2026q2_tables.json,,"Capital expenditures | (2,367 | ) | (1,918 | )"
PG,,2025-12-31,2025Q4,FY2026Q2,instant,Consolidated,cash_equivalents,10825.0,USD million,reported,2026-01-22,True,True,pg_2026q2,https://www.pginvestor.com/news/news-details/2026/PG-Announces-Fiscal-Year-2026-Second-Quarter-Results/default.aspx,table[6]/row[6] (zero based); Cash and cash equivalents,sources/pg_2026q2_tables.json,,"Cash and cash equivalents | $ | 10,825 | $ | 9,556"
PG,,2025-12-31,2025Q4,FY2026Q2,instant,Consolidated,total_assets,127286.0,USD million,reported,2026-01-22,True,True,pg_2026q2,https://www.pginvestor.com/news/news-details/2026/PG-Announces-Fiscal-Year-2026-Second-Quarter-Results/default.aspx,table[6]/row[15] (zero based); TOTAL ASSETS,sources/pg_2026q2_tables.json,,"TOTAL ASSETS | $ | 127,286 | $ | 125,231"
PG,,2025-12-31,2025Q4,FY2026Q2,instant,Consolidated,current_debt,11062.0,USD million,reported,2026-01-22,True,True,pg_2026q2,https://www.pginvestor.com/news/news-details/2026/PG-Announces-Fiscal-Year-2026-Second-Quarter-Results/default.aspx,table[6]/row[19] (zero based); Debt due within one year,sources/pg_2026q2_tables.json,,"Debt due within one year | 11,062 | 9,513"
PG,,2025-12-31,2025Q4,FY2026Q2,instant,Consolidated,long_term_debt,25577.0,USD million,reported,2026-01-22,True,True,pg_2026q2,https://www.pginvestor.com/news/news-details/2026/PG-Announces-Fiscal-Year-2026-Second-Quarter-Results/default.aspx,table[6]/row[21] (zero based); Long-term debt,sources/pg_2026q2_tables.json,,"Long-term debt | 25,577 | 24,995"
PG,,2025-12-31,2025Q4,FY2026Q2,instant,Consolidated,equity,53317.0,USD million,reported,2026-01-22,True,True,pg_2026q2,https://www.pginvestor.com/news/news-details/2026/PG-Announces-Fiscal-Year-2026-Second-Quarter-Results/default.aspx,table[6]/row[25] (zero based); TOTAL SHAREHOLDERS' EQUITY,sources/pg_2026q2_tables.json,,"TOTAL SHAREHOLDERS' EQUITY | 53,317 | 52,284"
PG,2025-10-01,2025-12-31,2025Q4,FY2026Q2,quarter,Consolidated,operating_cash_flow,4972.0,USD million,reported,2026-01-22,True,True,pg_2026q2,https://www.pginvestor.com/news/news-details/2026/PG-Announces-Fiscal-Year-2026-Second-Quarter-Results/default.aspx,table[12]/row[2] (zero based); Operating Cash Flow,sources/pg_2026q2_tables.json,,"$4,972 | $(1,167) | $3,805"
PG,2025-10-01,2025-12-31,2025Q4,FY2026Q2,quarter,Consolidated,capital_expenditures_signed,-1167.0,USD million,reported,2026-01-22,True,True,pg_2026q2,https://www.pginvestor.com/news/news-details/2026/PG-Announces-Fiscal-Year-2026-Second-Quarter-Results/default.aspx,table[12]/row[2] (zero based); Capital Spending,sources/pg_2026q2_tables.json,,"$4,972 | $(1,167) | $3,805"
PG,2024-10-01,2024-12-31,2024Q4,FY2025Q2,quarter,Consolidated,operating_cash_flow,4825.0,USD million,derived_quarter,2026-01-22,True,True,pg_2026q2,https://www.pginvestor.com/news/news-details/2026/PG-Announces-Fiscal-Year-2026-Second-Quarter-Results/default.aspx,table[5]/row[18] (zero based); TOTAL OPERATING ACTIVITIES,sources/pg_2026q2_tables.json,"Fiscal YTD less previous fiscal YTD: 9127.0 - 4302.0; component source pg_2026q1, table[5]/row[19] (zero based); TOTAL OPERATING ACTIVITIES","TOTAL OPERATING ACTIVITIES | 10,380 | 9,127 MINUS TOTAL OPERATING ACTIVITIES | 5,408 | 4,302"
PG,2024-10-01,2024-12-31,2024Q4,FY2025Q2,quarter,Consolidated,capital_expenditures_signed,-925.0,USD million,derived_quarter,2026-01-22,True,True,pg_2026q2,https://www.pginvestor.com/news/news-details/2026/PG-Announces-Fiscal-Year-2026-Second-Quarter-Results/default.aspx,table[5]/row[20] (zero based); Capital expenditures,sources/pg_2026q2_tables.json,"Fiscal YTD less previous fiscal YTD: -1918.0 - -993.0; component source pg_2026q1, table[5]/row[21] (zero based); Capital expenditures","Capital expenditures | (2,367 | ) | (1,918 | ) MINUS Capital expenditures | (1,200 | ) | (993 | )"
TRV,2026-01-01,2026-03-31,2026Q1,2026Q1,quarter,Consolidated,net_written_premiums,10338.0,USD million,reported,2026-04-16,False,True,trv_2026q1,https://investor.travelers.com/newsroom/press-releases/news-details/2026/Travelers-Reports-Excellent-First-Quarter-Results/default.aspx,table[0]/row[3] (zero based); Net written premiums,sources/trv_2026q1_tables.json,,"Net written premiums | $ | 10,338 | $ | 10,515 | (2 | )%"
TRV,2026-01-01,2026-03-31,2026Q1,2026Q1,quarter,Consolidated,total_revenues,11924.0,USD million,reported,2026-04-16,False,True,trv_2026q1,https://investor.travelers.com/newsroom/press-releases/news-details/2026/Travelers-Reports-Excellent-First-Quarter-Results/default.aspx,table[0]/row[5] (zero based); Total revenues,sources/trv_2026q1_tables.json,,"Total revenues | $ | 11,924 | $ | 11,810 | 1"
TRV,2026-01-01,2026-03-31,2026Q1,2026Q1,quarter,Consolidated,net_income,1711.0,USD million,reported,2026-04-16,False,True,trv_2026q1,https://investor.travelers.com/newsroom/press-releases/news-details/2026/Travelers-Reports-Excellent-First-Quarter-Results/default.aspx,table[0]/row[6] (zero based); Net income,sources/trv_2026q1_tables.json,,"Net income | $ | 1,711 | $ | 395 | 333"
TRV,2026-01-01,2026-03-31,2026Q1,2026Q1,quarter,Consolidated,core_income,1696.0,USD million,reported,2026-04-16,False,True,trv_2026q1,https://investor.travelers.com/newsroom/press-releases/news-details/2026/Travelers-Reports-Excellent-First-Quarter-Results/default.aspx,table[0]/row[8] (zero based); Core income,sources/trv_2026q1_tables.json,,"Core income | $ | 1,696 | $ | 443 | 283"
TRV,2026-01-01,2026-03-31,2026Q1,2026Q1,quarter,Consolidated,diluted_shares,218.4,million shares,reported,2026-04-16,False,True,trv_2026q1,https://investor.travelers.com/newsroom/press-releases/news-details/2026/Travelers-Reports-Excellent-First-Quarter-Results/default.aspx,table[0]/row[10] (zero based); Diluted weighted average shares outstanding,sources/trv_2026q1_tables.json,,Diluted weighted average shares outstanding | 218.4 | 230.4 | (5 | )
TRV,2026-01-01,2026-03-31,2026Q1,2026Q1,quarter,Consolidated,combined_ratio,88.6,percent,reported,2026-04-16,False,True,trv_2026q1,https://investor.travelers.com/newsroom/press-releases/news-details/2026/Travelers-Reports-Excellent-First-Quarter-Results/default.aspx,table[0]/row[11] (zero based); Combined ratio,sources/trv_2026q1_tables.json,,Combined ratio | 88.6 | % | 102.5 | % | (13.9 | ) | pts
TRV,2026-01-01,2026-03-31,2026Q1,2026Q1,quarter,Consolidated,underlying_combined_ratio,85.3,percent,reported,2026-04-16,False,True,trv_2026q1,https://investor.travelers.com/newsroom/press-releases/news-details/2026/Travelers-Reports-Excellent-First-Quarter-Results/default.aspx,table[0]/row[12] (zero based); Underlying combined ratio,sources/trv_2026q1_tables.json,,Underlying combined ratio | 85.3 | % | 84.8 | % | 0.5 | pts
TRV,2026-01-01,2026-03-31,2026Q1,2026Q1,quarter,Consolidated,underwriting_gain,1173.0,USD million,reported,2026-04-16,False,True,trv_2026q1,https://investor.travelers.com/newsroom/press-releases/news-details/2026/Travelers-Reports-Excellent-First-Quarter-Results/default.aspx,table[2]/row[3] (zero based); Underwriting gain (loss):,sources/trv_2026q1_tables.json,,"Underwriting gain (loss): | $ | 1,173 | $ | (305 | ) | $ | 1,478"
TRV,2026-01-01,2026-03-31,2026Q1,2026Q1,quarter,Consolidated,favorable_prior_year_development,413.0,USD million,reported,2026-04-16,False,True,trv_2026q1,https://investor.travelers.com/newsroom/press-releases/news-details/2026/Travelers-Reports-Excellent-First-Quarter-Results/default.aspx,table[2]/row[5] (zero based); Net favorable prior year reserve development,sources/trv_2026q1_tables.json,,Net favorable prior year reserve development | 413 | 378 | 35
TRV,2026-01-01,2026-03-31,2026Q1,2026Q1,quarter,Consolidated,catastrophe_losses_signed,-761.0,USD million,reported,2026-04-16,False,True,trv_2026q1,https://investor.travelers.com/newsroom/press-releases/news-details/2026/Travelers-Reports-Excellent-First-Quarter-Results/default.aspx,"table[2]/row[6] (zero based); Catastrophes, net of reinsurance",sources/trv_2026q1_tables.json,,"Catastrophes, net of reinsurance | (761 | ) | (2,266 | ) | 1,505"
TRV,2026-01-01,2026-03-31,2026Q1,2026Q1,quarter,Consolidated,investment_income_pretax,1008.0,USD million,reported,2026-04-16,False,True,trv_2026q1,https://investor.travelers.com/newsroom/press-releases/news-details/2026/Travelers-Reports-Excellent-First-Quarter-Results/default.aspx,table[2]/row[7] (zero based); Net investment income,sources/trv_2026q1_tables.json,,"Net investment income | 1,008 | 930 | 78"
TRV,2026-01-01,2026-03-31,2026Q1,2026Q1,quarter,Consolidated,other_income_including_interest,-111.0,USD million,reported,2026-04-16,False,True,trv_2026q1,https://investor.travelers.com/newsroom/press-releases/news-details/2026/Travelers-Reports-Excellent-First-Quarter-Results/default.aspx,"table[2]/row[8] (zero based); Other income (expense), including interest expense",sources/trv_2026q1_tables.json,,"Other income (expense), including interest expense | (111 | ) | (96 | ) | (15 | )"
TRV,2026-01-01,2026-03-31,2026Q1,2026Q1,quarter,Consolidated,core_pretax_income,2070.0,USD million,reported,2026-04-16,False,True,trv_2026q1,https://investor.travelers.com/newsroom/press-releases/news-details/2026/Travelers-Reports-Excellent-First-Quarter-Results/default.aspx,table[2]/row[9] (zero based); Core income before income taxes,sources/trv_2026q1_tables.json,,"Core income before income taxes | 2,070 | 529 | 1,541"
TRV,2026-01-01,2026-03-31,2026Q1,2026Q1,quarter,Consolidated,core_income_tax,374.0,USD million,reported,2026-04-16,False,True,trv_2026q1,https://investor.travelers.com/newsroom/press-releases/news-details/2026/Travelers-Reports-Excellent-First-Quarter-Results/default.aspx,table[2]/row[10] (zero based); Income tax expense,sources/trv_2026q1_tables.json,,Income tax expense | 374 | 86 | 288
TRV,2026-01-01,2026-03-31,2026Q1,2026Q1,quarter,Consolidated,realized_gains_aftertax,15.0,USD million,reported,2026-04-16,False,True,trv_2026q1,https://investor.travelers.com/newsroom/press-releases/news-details/2026/Travelers-Reports-Excellent-First-Quarter-Results/default.aspx,table[2]/row[12] (zero based); Net realized investment gains (losses) after income taxes,sources/trv_2026q1_tables.json,,Net realized investment gains (losses) after income taxes | 15 | (48 | ) | 63
TRV,2026-01-01,2026-03-31,2026Q1,2026Q1,quarter,Business Insurance,net_written_premiums,5786.0,USD million,reported,2026-04-16,False,True,trv_2026q1,https://investor.travelers.com/newsroom/press-releases/news-details/2026/Travelers-Reports-Excellent-First-Quarter-Results/default.aspx,table[2]/row[22] (zero based); Business Insurance,sources/trv_2026q1_tables.json,,"Business Insurance | $ | 5,786 | $ | 5,698 | 2 | %"
TRV,2026-01-01,2026-03-31,2026Q1,2026Q1,quarter,Bond & Specialty Insurance,net_written_premiums,1066.0,USD million,reported,2026-04-16,False,True,trv_2026q1,https://investor.travelers.com/newsroom/press-releases/news-details/2026/Travelers-Reports-Excellent-First-Quarter-Results/default.aspx,table[2]/row[23] (zero based); Bond & Specialty Insurance,sources/trv_2026q1_tables.json,,"Bond & Specialty Insurance | 1,066 | 999 | 7"
TRV,2026-01-01,2026-03-31,2026Q1,2026Q1,quarter,Personal Insurance,net_written_premiums,3486.0,USD million,reported,2026-04-16,False,True,trv_2026q1,https://investor.travelers.com/newsroom/press-releases/news-details/2026/Travelers-Reports-Excellent-First-Quarter-Results/default.aspx,table[2]/row[24] (zero based); Personal Insurance,sources/trv_2026q1_tables.json,,"Personal Insurance | 3,486 | 3,818 | (9 | )"
TRV,2026-01-01,2026-03-31,2026Q1,2026Q1,quarter,Business Insurance,underwriting_gain,330.0,USD million,reported,2026-04-16,False,True,trv_2026q1,https://investor.travelers.com/newsroom/press-releases/news-details/2026/Travelers-Reports-Excellent-First-Quarter-Results/default.aspx,table[3]/row[3] (zero based); Underwriting gain:,sources/trv_2026q1_tables.json,,Underwriting gain: | $ | 330 | $ | 195 | $ | 135
TRV,2026-01-01,2026-03-31,2026Q1,2026Q1,quarter,Business Insurance,favorable_prior_year_development,162.0,USD million,reported,2026-04-16,False,True,trv_2026q1,https://investor.travelers.com/newsroom/press-releases/news-details/2026/Travelers-Reports-Excellent-First-Quarter-Results/default.aspx,table[3]/row[5] (zero based); Net favorable prior year reserve development,sources/trv_2026q1_tables.json,,Net favorable prior year reserve development | 162 | 74 | 88
TRV,2026-01-01,2026-03-31,2026Q1,2026Q1,quarter,Business Insurance,catastrophe_losses_signed,-379.0,USD million,reported,2026-04-16,False,True,trv_2026q1,https://investor.travelers.com/newsroom/press-releases/news-details/2026/Travelers-Reports-Excellent-First-Quarter-Results/default.aspx,"table[3]/row[6] (zero based); Catastrophes, net of reinsurance",sources/trv_2026q1_tables.json,,"Catastrophes, net of reinsurance | (379 | ) | (509 | ) | 130"
TRV,2026-01-01,2026-03-31,2026Q1,2026Q1,quarter,Business Insurance,investment_income_pretax,708.0,USD million,reported,2026-04-16,False,True,trv_2026q1,https://investor.travelers.com/newsroom/press-releases/news-details/2026/Travelers-Reports-Excellent-First-Quarter-Results/default.aspx,table[3]/row[7] (zero based); Net investment income,sources/trv_2026q1_tables.json,,Net investment income | 708 | 656 | 52
TRV,2026-01-01,2026-03-31,2026Q1,2026Q1,quarter,Business Insurance,segment_other_income,-3.0,USD million,reported,2026-04-16,False,True,trv_2026q1,https://investor.travelers.com/newsroom/press-releases/news-details/2026/Travelers-Reports-Excellent-First-Quarter-Results/default.aspx,table[3]/row[8] (zero based); Other income (expense),sources/trv_2026q1_tables.json,,Other income (expense) | (3 | ) | (9 | ) | 6
TRV,2026-01-01,2026-03-31,2026Q1,2026Q1,quarter,Business Insurance,segment_pretax_income,1035.0,USD million,reported,2026-04-16,False,True,trv_2026q1,https://investor.travelers.com/newsroom/press-releases/news-details/2026/Travelers-Reports-Excellent-First-Quarter-Results/default.aspx,table[3]/row[9] (zero based); Segment income before income taxes,sources/trv_2026q1_tables.json,,"Segment income before income taxes | 1,035 | 842 | 193"
TRV,2026-01-01,2026-03-31,2026Q1,2026Q1,quarter,Business Insurance,segment_income_tax,196.0,USD million,reported,2026-04-16,False,True,trv_2026q1,https://investor.travelers.com/newsroom/press-releases/news-details/2026/Travelers-Reports-Excellent-First-Quarter-Results/default.aspx,table[3]/row[10] (zero based); Income tax expense,sources/trv_2026q1_tables.json,,Income tax expense | 196 | 159 | 37
TRV,2026-01-01,2026-03-31,2026Q1,2026Q1,quarter,Business Insurance,segment_income_aftertax,839.0,USD million,reported,2026-04-16,False,True,trv_2026q1,https://investor.travelers.com/newsroom/press-releases/news-details/2026/Travelers-Reports-Excellent-First-Quarter-Results/default.aspx,table[3]/row[11] (zero based); Segment income,sources/trv_2026q1_tables.json,,Segment income | $ | 839 | $ | 683 | $ | 156
TRV,2026-01-01,2026-03-31,2026Q1,2026Q1,quarter,Business Insurance,combined_ratio,93.8,percent,reported,2026-04-16,False,True,trv_2026q1,https://investor.travelers.com/newsroom/press-releases/news-details/2026/Travelers-Reports-Excellent-First-Quarter-Results/default.aspx,table[3]/row[13] (zero based); Combined ratio,sources/trv_2026q1_tables.json,,Combined ratio | 93.8 | % | 96.2 | % | (2.4 | ) | pts
TRV,2026-01-01,2026-03-31,2026Q1,2026Q1,quarter,Business Insurance,underlying_combined_ratio,89.8,percent,reported,2026-04-16,False,True,trv_2026q1,https://investor.travelers.com/newsroom/press-releases/news-details/2026/Travelers-Reports-Excellent-First-Quarter-Results/default.aspx,table[3]/row[17] (zero based); Underlying combined ratio,sources/trv_2026q1_tables.json,,Underlying combined ratio | 89.8 | % | 88.2 | % | 1.6 | pts
TRV,2026-01-01,2026-03-31,2026Q1,2026Q1,quarter,Bond & Specialty Insurance,underwriting_gain,166.0,USD million,reported,2026-04-16,False,True,trv_2026q1,https://investor.travelers.com/newsroom/press-releases/news-details/2026/Travelers-Reports-Excellent-First-Quarter-Results/default.aspx,table[4]/row[3] (zero based); Underwriting gain:,sources/trv_2026q1_tables.json,,Underwriting gain: | $ | 166 | $ | 170 | $ | (4 | )
TRV,2026-01-01,2026-03-31,2026Q1,2026Q1,quarter,Bond & Specialty Insurance,favorable_prior_year_development,65.0,USD million,reported,2026-04-16,False,True,trv_2026q1,https://investor.travelers.com/newsroom/press-releases/news-details/2026/Travelers-Reports-Excellent-First-Quarter-Results/default.aspx,table[4]/row[5] (zero based); Net favorable prior year reserve development,sources/trv_2026q1_tables.json,,Net favorable prior year reserve development | 65 | 67 | (2 | )
TRV,2026-01-01,2026-03-31,2026Q1,2026Q1,quarter,Bond & Specialty Insurance,catastrophe_losses_signed,-8.0,USD million,reported,2026-04-16,False,True,trv_2026q1,https://investor.travelers.com/newsroom/press-releases/news-details/2026/Travelers-Reports-Excellent-First-Quarter-Results/default.aspx,"table[4]/row[6] (zero based); Catastrophes, net of reinsurance",sources/trv_2026q1_tables.json,,"Catastrophes, net of reinsurance | (8 | ) | (19 | ) | 11"
TRV,2026-01-01,2026-03-31,2026Q1,2026Q1,quarter,Bond & Specialty Insurance,investment_income_pretax,113.0,USD million,reported,2026-04-16,False,True,trv_2026q1,https://investor.travelers.com/newsroom/press-releases/news-details/2026/Travelers-Reports-Excellent-First-Quarter-Results/default.aspx,table[4]/row[7] (zero based); Net investment income,sources/trv_2026q1_tables.json,,Net investment income | 113 | 102 | 11
TRV,2026-01-01,2026-03-31,2026Q1,2026Q1,quarter,Bond & Specialty Insurance,segment_pretax_income,282.0,USD million,reported,2026-04-16,False,True,trv_2026q1,https://investor.travelers.com/newsroom/press-releases/news-details/2026/Travelers-Reports-Excellent-First-Quarter-Results/default.aspx,table[4]/row[9] (zero based); Segment income before income taxes,sources/trv_2026q1_tables.json,,Segment income before income taxes | 282 | 277 | 5
TRV,2026-01-01,2026-03-31,2026Q1,2026Q1,quarter,Bond & Specialty Insurance,segment_income_tax,28.0,USD million,reported,2026-04-16,False,True,trv_2026q1,https://investor.travelers.com/newsroom/press-releases/news-details/2026/Travelers-Reports-Excellent-First-Quarter-Results/default.aspx,table[4]/row[10] (zero based); Income tax expense,sources/trv_2026q1_tables.json,,Income tax expense | 28 | 57 | (29 | )
TRV,2026-01-01,2026-03-31,2026Q1,2026Q1,quarter,Bond & Specialty Insurance,segment_income_aftertax,254.0,USD million,reported,2026-04-16,False,True,trv_2026q1,https://investor.travelers.com/newsroom/press-releases/news-details/2026/Travelers-Reports-Excellent-First-Quarter-Results/default.aspx,table[4]/row[11] (zero based); Segment income,sources/trv_2026q1_tables.json,,Segment income | $ | 254 | $ | 220 | $ | 34
TRV,2026-01-01,2026-03-31,2026Q1,2026Q1,quarter,Bond & Specialty Insurance,combined_ratio,83.3,percent,reported,2026-04-16,False,True,trv_2026q1,https://investor.travelers.com/newsroom/press-releases/news-details/2026/Travelers-Reports-Excellent-First-Quarter-Results/default.aspx,table[4]/row[13] (zero based); Combined ratio,sources/trv_2026q1_tables.json,,Combined ratio | 83.3 | % | 82.5 | % | 0.8 | pts
TRV,2026-01-01,2026-03-31,2026Q1,2026Q1,quarter,Bond & Specialty Insurance,underlying_combined_ratio,88.9,percent,reported,2026-04-16,False,True,trv_2026q1,https://investor.travelers.com/newsroom/press-releases/news-details/2026/Travelers-Reports-Excellent-First-Quarter-Results/default.aspx,table[4]/row[17] (zero based); Underlying combined ratio,sources/trv_2026q1_tables.json,,Underlying combined ratio | 88.9 | % | 87.3 | % | 1.6 | pts
TRV,2026-01-01,2026-03-31,2026Q1,2026Q1,quarter,Personal Insurance,underwriting_gain,677.0,USD million,reported,2026-04-16,False,True,trv_2026q1,https://investor.travelers.com/newsroom/press-releases/news-details/2026/Travelers-Reports-Excellent-First-Quarter-Results/default.aspx,table[5]/row[3] (zero based); Underwriting gain (loss):,sources/trv_2026q1_tables.json,,"Underwriting gain (loss): | $ | 677 | $ | (670 | ) | $ | 1,347"
TRV,2026-01-01,2026-03-31,2026Q1,2026Q1,quarter,Personal Insurance,favorable_prior_year_development,186.0,USD million,reported,2026-04-16,False,True,trv_2026q1,https://investor.travelers.com/newsroom/press-releases/news-details/2026/Travelers-Reports-Excellent-First-Quarter-Results/default.aspx,table[5]/row[5] (zero based); Net favorable prior year reserve development,sources/trv_2026q1_tables.json,,Net favorable prior year reserve development | 186 | 237 | (51 | )
TRV,2026-01-01,2026-03-31,2026Q1,2026Q1,quarter,Personal Insurance,catastrophe_losses_signed,-374.0,USD million,reported,2026-04-16,False,True,trv_2026q1,https://investor.travelers.com/newsroom/press-releases/news-details/2026/Travelers-Reports-Excellent-First-Quarter-Results/default.aspx,"table[5]/row[6] (zero based); Catastrophes, net of reinsurance",sources/trv_2026q1_tables.json,,"Catastrophes, net of reinsurance | (374 | ) | (1,738 | ) | 1,364"
TRV,2026-01-01,2026-03-31,2026Q1,2026Q1,quarter,Personal Insurance,investment_income_pretax,187.0,USD million,reported,2026-04-16,False,True,trv_2026q1,https://investor.travelers.com/newsroom/press-releases/news-details/2026/Travelers-Reports-Excellent-First-Quarter-Results/default.aspx,table[5]/row[7] (zero based); Net investment income,sources/trv_2026q1_tables.json,,Net investment income | 187 | 172 | 15
TRV,2026-01-01,2026-03-31,2026Q1,2026Q1,quarter,Personal Insurance,segment_income_aftertax,704.0,USD million,reported,2026-04-16,False,True,trv_2026q1,https://investor.travelers.com/newsroom/press-releases/news-details/2026/Travelers-Reports-Excellent-First-Quarter-Results/default.aspx,table[5]/row[11] (zero based); Segment income (loss),sources/trv_2026q1_tables.json,,"Segment income (loss) | $ | 704 | $ | (374 | ) | $ | 1,078"
TRV,2026-01-01,2026-03-31,2026Q1,2026Q1,quarter,Personal Insurance,combined_ratio,82.9,percent,reported,2026-04-16,False,True,trv_2026q1,https://investor.travelers.com/newsroom/press-releases/news-details/2026/Travelers-Reports-Excellent-First-Quarter-Results/default.aspx,table[5]/row[13] (zero based); Combined ratio,sources/trv_2026q1_tables.json,,Combined ratio | 82.9 | % | 115.2 | % | (32.3 | ) | pts
TRV,2026-01-01,2026-03-31,2026Q1,2026Q1,quarter,Personal Insurance,underlying_combined_ratio,78.3,percent,reported,2026-04-16,False,True,trv_2026q1,https://investor.travelers.com/newsroom/press-releases/news-details/2026/Travelers-Reports-Excellent-First-Quarter-Results/default.aspx,table[5]/row[17] (zero based); Underlying combined ratio,sources/trv_2026q1_tables.json,,Underlying combined ratio | 78.3 | % | 79.9 | % | (1.6 | ) | pts
TRV,2026-01-01,2026-03-31,2026Q1,2026Q1,quarter,Consolidated,claims_expenses,6382.0,USD million,reported,2026-04-16,False,True,trv_2026q1,https://investor.travelers.com/newsroom/press-releases/news-details/2026/Travelers-Reports-Excellent-First-Quarter-Results/default.aspx,table[18]/row[4] (zero based); Claims and claim adjustment expenses,sources/trv_2026q1_tables.json,,"Claims and claim adjustment expenses | $ | 6,382 | $ | 8,006"
TRV,2026-01-01,2026-03-31,2026Q1,2026Q1,quarter,Consolidated,policyholder_dividends,12.0,USD million,reported,2026-04-16,False,True,trv_2026q1,https://investor.travelers.com/newsroom/press-releases/news-details/2026/Travelers-Reports-Excellent-First-Quarter-Results/default.aspx,table[18]/row[6] (zero based); Policyholder dividends,sources/trv_2026q1_tables.json,,Policyholder dividends | 12 | 13
TRV,2026-01-01,2026-03-31,2026Q1,2026Q1,quarter,Consolidated,loss_allocated_fee_income,48.0,USD million,reported,2026-04-16,False,True,trv_2026q1,https://investor.travelers.com/newsroom/press-releases/news-details/2026/Travelers-Reports-Excellent-First-Quarter-Results/default.aspx,table[18]/row[7] (zero based); Allocated fee income,sources/trv_2026q1_tables.json,,Allocated fee income | 48 | 45
TRV,2026-01-01,2026-03-31,2026Q1,2026Q1,quarter,Consolidated,loss_ratio_numerator,6322.0,USD million,reported,2026-04-16,False,True,trv_2026q1,https://investor.travelers.com/newsroom/press-releases/news-details/2026/Travelers-Reports-Excellent-First-Quarter-Results/default.aspx,table[18]/row[8] (zero based); Loss ratio numerator,sources/trv_2026q1_tables.json,,"Loss ratio numerator | $ | 6,322 | $ | 7,948"
TRV,2026-01-01,2026-03-31,2026Q1,2026Q1,quarter,Consolidated,deferred_acquisition_amortization,1766.0,USD million,reported,2026-04-16,False,True,trv_2026q1,https://investor.travelers.com/newsroom/press-releases/news-details/2026/Travelers-Reports-Excellent-First-Quarter-Results/default.aspx,table[18]/row[10] (zero based); Amortization of deferred acquisition costs,sources/trv_2026q1_tables.json,,"Amortization of deferred acquisition costs | $ | 1,766 | $ | 1,778"
TRV,2026-01-01,2026-03-31,2026Q1,2026Q1,quarter,Consolidated,general_admin_expenses,1541.0,USD million,reported,2026-04-16,False,True,trv_2026q1,https://investor.travelers.com/newsroom/press-releases/news-details/2026/Travelers-Reports-Excellent-First-Quarter-Results/default.aspx,table[18]/row[11] (zero based); General and administrative expenses (G&A),sources/trv_2026q1_tables.json,,"General and administrative expenses (G&A) | 1,541 | 1,459"
TRV,2026-01-01,2026-03-31,2026Q1,2026Q1,quarter,Consolidated,noninsurance_general_admin,136.0,USD million,reported,2026-04-16,False,True,trv_2026q1,https://investor.travelers.com/newsroom/press-releases/news-details/2026/Travelers-Reports-Excellent-First-Quarter-Results/default.aspx,table[18]/row[13] (zero based); Non-insurance G&A,sources/trv_2026q1_tables.json,,Non-insurance G&A | 136 | 109
TRV,2026-01-01,2026-03-31,2026Q1,2026Q1,quarter,Consolidated,expense_allocated_fee_income,73.0,USD million,reported,2026-04-16,False,True,trv_2026q1,https://investor.travelers.com/newsroom/press-releases/news-details/2026/Travelers-Reports-Excellent-First-Quarter-Results/default.aspx,table[18]/row[14] (zero based); Allocated fee income,sources/trv_2026q1_tables.json,,Allocated fee income | 73 | 74
TRV,2026-01-01,2026-03-31,2026Q1,2026Q1,quarter,Consolidated,billing_policy_fees,25.0,USD million,reported,2026-04-16,False,True,trv_2026q1,https://investor.travelers.com/newsroom/press-releases/news-details/2026/Travelers-Reports-Excellent-First-Quarter-Results/default.aspx,table[18]/row[15] (zero based); Billing and policy fees and other,sources/trv_2026q1_tables.json,,Billing and policy fees and other | 25 | 28
TRV,2026-01-01,2026-03-31,2026Q1,2026Q1,quarter,Consolidated,expense_ratio_numerator,3073.0,USD million,reported,2026-04-16,False,True,trv_2026q1,https://investor.travelers.com/newsroom/press-releases/news-details/2026/Travelers-Reports-Excellent-First-Quarter-Results/default.aspx,table[18]/row[16] (zero based); Expense ratio numerator,sources/trv_2026q1_tables.json,,"Expense ratio numerator | $ | 3,073 | $ | 3,026"
TRV,2026-01-01,2026-03-31,2026Q1,2026Q1,quarter,Consolidated,net_earned_premiums,10605.0,USD million,reported,2026-04-16,False,True,trv_2026q1,https://investor.travelers.com/newsroom/press-releases/news-details/2026/Travelers-Reports-Excellent-First-Quarter-Results/default.aspx,table[18]/row[17] (zero based); Earned premium,sources/trv_2026q1_tables.json,,"Earned premium | $ | 10,605 | $ | 10,710"
TRV,2026-01-01,2026-03-31,2026Q1,2026Q1,quarter,Consolidated,loss_ratio,59.6,percent,reported,2026-04-16,False,True,trv_2026q1,https://investor.travelers.com/newsroom/press-releases/news-details/2026/Travelers-Reports-Excellent-First-Quarter-Results/default.aspx,table[18]/row[19] (zero based); Loss and loss adjustment expense ratio,sources/trv_2026q1_tables.json,,Loss and loss adjustment expense ratio | 59.6 | % | 74.2 | %
TRV,2026-01-01,2026-03-31,2026Q1,2026Q1,quarter,Consolidated,expense_ratio,29.0,percent,reported,2026-04-16,False,True,trv_2026q1,https://investor.travelers.com/newsroom/press-releases/news-details/2026/Travelers-Reports-Excellent-First-Quarter-Results/default.aspx,table[18]/row[20] (zero based); Underwriting expense ratio,sources/trv_2026q1_tables.json,,Underwriting expense ratio | 29.0 | % | 28.3 | %
TRV,,2026-03-31,2026Q1,2026Q1,instant,Consolidated,total_debt,9268.0,USD million,reported,2026-04-16,False,True,trv_2026q1,https://investor.travelers.com/newsroom/press-releases/news-details/2026/Travelers-Reports-Excellent-First-Quarter-Results/default.aspx,table[20]/row[2] (zero based); Debt,sources/trv_2026q1_tables.json,,"Debt | $ | 9,268 | $ | 9,267"
TRV,,2026-03-31,2026Q1,2026Q1,instant,Consolidated,equity,31986.0,USD million,reported,2026-04-16,False,True,trv_2026q1,https://investor.travelers.com/newsroom/press-releases/news-details/2026/Travelers-Reports-Excellent-First-Quarter-Results/default.aspx,table[20]/row[3] (zero based); Shareholders’ equity,sources/trv_2026q1_tables.json,,"Shareholders’ equity | 31,986 | 32,894"
TRV,2026-01-01,2026-03-31,2026Q1,2026Q1,quarter,Consolidated,operating_cash_flow,2198.0,USD million,reported,2026-04-16,False,True,trv_2026q1_supplement,https://www.sec.gov/Archives/edgar/data/86312/000008631226000110/a992finsupp33126.htm,Financial supplement p. 33; L1236,sources/trv_2026q1_supplement_web_extract.txt,Directly reported discrete-quarter values in financial supplement.,"L1236: Net cash provided by operating activities  |  | 1,360   |  |  | 2,334   |  |  | 4,227   |  |  | 2,685   |  |  | 2,198   |  |  |  |  |  |  |  |  |  |  |  |  |  |  |  |  |  |  |"
TRV,,2026-03-31,2026Q1,2026Q1,instant,Consolidated,cash_and_restricted_cash,615.0,USD million,reported,2026-04-16,False,True,trv_2026q1_supplement,https://www.sec.gov/Archives/edgar/data/86312/000008631226000110/a992finsupp33126.htm,Financial supplement p. 34; L1276,sources/trv_2026q1_supplement_web_extract.txt,Cash includes restricted cash; do not compare directly with PG cash and cash equivalents.,L1276: Cash and restricted cash at end of period  |  | $  | 724   |  |  | $  | 659   |  |  | $  | 729   |  |  | $  | 842   |  |  | $  | 615   |  |  |  |  |  |  |  |  |  |  |  |  |  |  |  |  |  |  |
PG,2026-01-01,2026-03-31,2026Q1,FY2026Q3,quarter,Beauty,volume_growth,5.0,percent,reported,2026-04-24,False,True,pg_2026q3,https://www.pginvestor.com/news/news-details/2026/PG-Announces-Fiscal-Year-2026-Third-Quarter-Results/default.aspx,table[1]/row[2] (zero based); Beauty,sources/pg_2026q3_tables.json,Approximate contribution/growth percentages as reported; not unit counts or absolute prices.,Beauty | 5% | 4% | 1% | 1% | —% | 11% | 5% | 7%
PG,2026-01-01,2026-03-31,2026Q1,FY2026Q3,quarter,Beauty,fx_sales_impact,4.0,percent,reported,2026-04-24,False,True,pg_2026q3,https://www.pginvestor.com/news/news-details/2026/PG-Announces-Fiscal-Year-2026-Third-Quarter-Results/default.aspx,table[1]/row[2] (zero based); Beauty,sources/pg_2026q3_tables.json,Approximate contribution/growth percentages as reported; not unit counts or absolute prices.,Beauty | 5% | 4% | 1% | 1% | —% | 11% | 5% | 7%
PG,2026-01-01,2026-03-31,2026Q1,FY2026Q3,quarter,Beauty,price_sales_impact,1.0,percent,reported,2026-04-24,False,True,pg_2026q3,https://www.pginvestor.com/news/news-details/2026/PG-Announces-Fiscal-Year-2026-Third-Quarter-Results/default.aspx,table[1]/row[2] (zero based); Beauty,sources/pg_2026q3_tables.json,Approximate contribution/growth percentages as reported; not unit counts or absolute prices.,Beauty | 5% | 4% | 1% | 1% | —% | 11% | 5% | 7%
PG,2026-01-01,2026-03-31,2026Q1,FY2026Q3,quarter,Beauty,mix_sales_impact,1.0,percent,reported,2026-04-24,False,True,pg_2026q3,https://www.pginvestor.com/news/news-details/2026/PG-Announces-Fiscal-Year-2026-Third-Quarter-Results/default.aspx,table[1]/row[2] (zero based); Beauty,sources/pg_2026q3_tables.json,Approximate contribution/growth percentages as reported; not unit counts or absolute prices.,Beauty | 5% | 4% | 1% | 1% | —% | 11% | 5% | 7%
PG,2026-01-01,2026-03-31,2026Q1,FY2026Q3,quarter,Beauty,other_sales_impact,0.0,percent,reported,2026-04-24,False,True,pg_2026q3,https://www.pginvestor.com/news/news-details/2026/PG-Announces-Fiscal-Year-2026-Third-Quarter-Results/default.aspx,table[1]/row[2] (zero based); Beauty,sources/pg_2026q3_tables.json,Approximate contribution/growth percentages as reported; not unit counts or absolute prices.,Beauty | 5% | 4% | 1% | 1% | —% | 11% | 5% | 7%
PG,2026-01-01,2026-03-31,2026Q1,FY2026Q3,quarter,Beauty,sales_growth,11.0,percent,reported,2026-04-24,False,True,pg_2026q3,https://www.pginvestor.com/news/news-details/2026/PG-Announces-Fiscal-Year-2026-Third-Quarter-Results/default.aspx,table[1]/row[2] (zero based); Beauty,sources/pg_2026q3_tables.json,Approximate contribution/growth percentages as reported; not unit counts or absolute prices.,Beauty | 5% | 4% | 1% | 1% | —% | 11% | 5% | 7%
PG,2026-01-01,2026-03-31,2026Q1,FY2026Q3,quarter,Beauty,organic_volume_growth,5.0,percent,reported,2026-04-24,False,True,pg_2026q3,https://www.pginvestor.com/news/news-details/2026/PG-Announces-Fiscal-Year-2026-Third-Quarter-Results/default.aspx,table[1]/row[2] (zero based); Beauty,sources/pg_2026q3_tables.json,Approximate contribution/growth percentages as reported; not unit counts or absolute prices.,Beauty | 5% | 4% | 1% | 1% | —% | 11% | 5% | 7%
PG,2026-01-01,2026-03-31,2026Q1,FY2026Q3,quarter,Beauty,organic_sales_growth,7.0,percent,reported,2026-04-24,False,True,pg_2026q3,https://www.pginvestor.com/news/news-details/2026/PG-Announces-Fiscal-Year-2026-Third-Quarter-Results/default.aspx,table[1]/row[2] (zero based); Beauty,sources/pg_2026q3_tables.json,Approximate contribution/growth percentages as reported; not unit counts or absolute prices.,Beauty | 5% | 4% | 1% | 1% | —% | 11% | 5% | 7%
PG,2026-01-01,2026-03-31,2026Q1,FY2026Q3,quarter,Grooming,volume_growth,-2.0,percent,reported,2026-04-24,False,True,pg_2026q3,https://www.pginvestor.com/news/news-details/2026/PG-Announces-Fiscal-Year-2026-Third-Quarter-Results/default.aspx,table[1]/row[3] (zero based); Grooming,sources/pg_2026q3_tables.json,Approximate contribution/growth percentages as reported; not unit counts or absolute prices.,Grooming | (2)% | 6% | 3% | —% | —% | 7% | (2)% | 1%
PG,2026-01-01,2026-03-31,2026Q1,FY2026Q3,quarter,Grooming,fx_sales_impact,6.0,percent,reported,2026-04-24,False,True,pg_2026q3,https://www.pginvestor.com/news/news-details/2026/PG-Announces-Fiscal-Year-2026-Third-Quarter-Results/default.aspx,table[1]/row[3] (zero based); Grooming,sources/pg_2026q3_tables.json,Approximate contribution/growth percentages as reported; not unit counts or absolute prices.,Grooming | (2)% | 6% | 3% | —% | —% | 7% | (2)% | 1%
PG,2026-01-01,2026-03-31,2026Q1,FY2026Q3,quarter,Grooming,price_sales_impact,3.0,percent,reported,2026-04-24,False,True,pg_2026q3,https://www.pginvestor.com/news/news-details/2026/PG-Announces-Fiscal-Year-2026-Third-Quarter-Results/default.aspx,table[1]/row[3] (zero based); Grooming,sources/pg_2026q3_tables.json,Approximate contribution/growth percentages as reported; not unit counts or absolute prices.,Grooming | (2)% | 6% | 3% | —% | —% | 7% | (2)% | 1%
PG,2026-01-01,2026-03-31,2026Q1,FY2026Q3,quarter,Grooming,mix_sales_impact,0.0,percent,reported,2026-04-24,False,True,pg_2026q3,https://www.pginvestor.com/news/news-details/2026/PG-Announces-Fiscal-Year-2026-Third-Quarter-Results/default.aspx,table[1]/row[3] (zero based); Grooming,sources/pg_2026q3_tables.json,Approximate contribution/growth percentages as reported; not unit counts or absolute prices.,Grooming | (2)% | 6% | 3% | —% | —% | 7% | (2)% | 1%
PG,2026-01-01,2026-03-31,2026Q1,FY2026Q3,quarter,Grooming,other_sales_impact,0.0,percent,reported,2026-04-24,False,True,pg_2026q3,https://www.pginvestor.com/news/news-details/2026/PG-Announces-Fiscal-Year-2026-Third-Quarter-Results/default.aspx,table[1]/row[3] (zero based); Grooming,sources/pg_2026q3_tables.json,Approximate contribution/growth percentages as reported; not unit counts or absolute prices.,Grooming | (2)% | 6% | 3% | —% | —% | 7% | (2)% | 1%
PG,2026-01-01,2026-03-31,2026Q1,FY2026Q3,quarter,Grooming,sales_growth,7.0,percent,reported,2026-04-24,False,True,pg_2026q3,https://www.pginvestor.com/news/news-details/2026/PG-Announces-Fiscal-Year-2026-Third-Quarter-Results/default.aspx,table[1]/row[3] (zero based); Grooming,sources/pg_2026q3_tables.json,Approximate contribution/growth percentages as reported; not unit counts or absolute prices.,Grooming | (2)% | 6% | 3% | —% | —% | 7% | (2)% | 1%
PG,2026-01-01,2026-03-31,2026Q1,FY2026Q3,quarter,Grooming,organic_volume_growth,-2.0,percent,reported,2026-04-24,False,True,pg_2026q3,https://www.pginvestor.com/news/news-details/2026/PG-Announces-Fiscal-Year-2026-Third-Quarter-Results/default.aspx,table[1]/row[3] (zero based); Grooming,sources/pg_2026q3_tables.json,Approximate contribution/growth percentages as reported; not unit counts or absolute prices.,Grooming | (2)% | 6% | 3% | —% | —% | 7% | (2)% | 1%
PG,2026-01-01,2026-03-31,2026Q1,FY2026Q3,quarter,Grooming,organic_sales_growth,1.0,percent,reported,2026-04-24,False,True,pg_2026q3,https://www.pginvestor.com/news/news-details/2026/PG-Announces-Fiscal-Year-2026-Third-Quarter-Results/default.aspx,table[1]/row[3] (zero based); Grooming,sources/pg_2026q3_tables.json,Approximate contribution/growth percentages as reported; not unit counts or absolute prices.,Grooming | (2)% | 6% | 3% | —% | —% | 7% | (2)% | 1%
PG,2026-01-01,2026-03-31,2026Q1,FY2026Q3,quarter,Health Care,volume_growth,-2.0,percent,reported,2026-04-24,False,True,pg_2026q3,https://www.pginvestor.com/news/news-details/2026/PG-Announces-Fiscal-Year-2026-Third-Quarter-Results/default.aspx,table[1]/row[4] (zero based); Health Care,sources/pg_2026q3_tables.json,Approximate contribution/growth percentages as reported; not unit counts or absolute prices.,Health Care | (2)% | 5% | 2% | 1% | 1% | 7% | (2)% | 2%
PG,2026-01-01,2026-03-31,2026Q1,FY2026Q3,quarter,Health Care,fx_sales_impact,5.0,percent,reported,2026-04-24,False,True,pg_2026q3,https://www.pginvestor.com/news/news-details/2026/PG-Announces-Fiscal-Year-2026-Third-Quarter-Results/default.aspx,table[1]/row[4] (zero based); Health Care,sources/pg_2026q3_tables.json,Approximate contribution/growth percentages as reported; not unit counts or absolute prices.,Health Care | (2)% | 5% | 2% | 1% | 1% | 7% | (2)% | 2%
PG,2026-01-01,2026-03-31,2026Q1,FY2026Q3,quarter,Health Care,price_sales_impact,2.0,percent,reported,2026-04-24,False,True,pg_2026q3,https://www.pginvestor.com/news/news-details/2026/PG-Announces-Fiscal-Year-2026-Third-Quarter-Results/default.aspx,table[1]/row[4] (zero based); Health Care,sources/pg_2026q3_tables.json,Approximate contribution/growth percentages as reported; not unit counts or absolute prices.,Health Care | (2)% | 5% | 2% | 1% | 1% | 7% | (2)% | 2%
PG,2026-01-01,2026-03-31,2026Q1,FY2026Q3,quarter,Health Care,mix_sales_impact,1.0,percent,reported,2026-04-24,False,True,pg_2026q3,https://www.pginvestor.com/news/news-details/2026/PG-Announces-Fiscal-Year-2026-Third-Quarter-Results/default.aspx,table[1]/row[4] (zero based); Health Care,sources/pg_2026q3_tables.json,Approximate contribution/growth percentages as reported; not unit counts or absolute prices.,Health Care | (2)% | 5% | 2% | 1% | 1% | 7% | (2)% | 2%
PG,2026-01-01,2026-03-31,2026Q1,FY2026Q3,quarter,Health Care,other_sales_impact,1.0,percent,reported,2026-04-24,False,True,pg_2026q3,https://www.pginvestor.com/news/news-details/2026/PG-Announces-Fiscal-Year-2026-Third-Quarter-Results/default.aspx,table[1]/row[4] (zero based); Health Care,sources/pg_2026q3_tables.json,Approximate contribution/growth percentages as reported; not unit counts or absolute prices.,Health Care | (2)% | 5% | 2% | 1% | 1% | 7% | (2)% | 2%
PG,2026-01-01,2026-03-31,2026Q1,FY2026Q3,quarter,Health Care,sales_growth,7.0,percent,reported,2026-04-24,False,True,pg_2026q3,https://www.pginvestor.com/news/news-details/2026/PG-Announces-Fiscal-Year-2026-Third-Quarter-Results/default.aspx,table[1]/row[4] (zero based); Health Care,sources/pg_2026q3_tables.json,Approximate contribution/growth percentages as reported; not unit counts or absolute prices.,Health Care | (2)% | 5% | 2% | 1% | 1% | 7% | (2)% | 2%
PG,2026-01-01,2026-03-31,2026Q1,FY2026Q3,quarter,Health Care,organic_volume_growth,-2.0,percent,reported,2026-04-24,False,True,pg_2026q3,https://www.pginvestor.com/news/news-details/2026/PG-Announces-Fiscal-Year-2026-Third-Quarter-Results/default.aspx,table[1]/row[4] (zero based); Health Care,sources/pg_2026q3_tables.json,Approximate contribution/growth percentages as reported; not unit counts or absolute prices.,Health Care | (2)% | 5% | 2% | 1% | 1% | 7% | (2)% | 2%
PG,2026-01-01,2026-03-31,2026Q1,FY2026Q3,quarter,Health Care,organic_sales_growth,2.0,percent,reported,2026-04-24,False,True,pg_2026q3,https://www.pginvestor.com/news/news-details/2026/PG-Announces-Fiscal-Year-2026-Third-Quarter-Results/default.aspx,table[1]/row[4] (zero based); Health Care,sources/pg_2026q3_tables.json,Approximate contribution/growth percentages as reported; not unit counts or absolute prices.,Health Care | (2)% | 5% | 2% | 1% | 1% | 7% | (2)% | 2%
PG,2026-01-01,2026-03-31,2026Q1,FY2026Q3,quarter,Fabric & Home Care,volume_growth,2.0,percent,reported,2026-04-24,False,True,pg_2026q3,https://www.pginvestor.com/news/news-details/2026/PG-Announces-Fiscal-Year-2026-Third-Quarter-Results/default.aspx,table[1]/row[5] (zero based); Fabric & Home Care,sources/pg_2026q3_tables.json,Approximate contribution/growth percentages as reported; not unit counts or absolute prices.,Fabric & Home Care | 2% | 4% | 1% | —% | —% | 7% | 2% | 3%
PG,2026-01-01,2026-03-31,2026Q1,FY2026Q3,quarter,Fabric & Home Care,fx_sales_impact,4.0,percent,reported,2026-04-24,False,True,pg_2026q3,https://www.pginvestor.com/news/news-details/2026/PG-Announces-Fiscal-Year-2026-Third-Quarter-Results/default.aspx,table[1]/row[5] (zero based); Fabric & Home Care,sources/pg_2026q3_tables.json,Approximate contribution/growth percentages as reported; not unit counts or absolute prices.,Fabric & Home Care | 2% | 4% | 1% | —% | —% | 7% | 2% | 3%
PG,2026-01-01,2026-03-31,2026Q1,FY2026Q3,quarter,Fabric & Home Care,price_sales_impact,1.0,percent,reported,2026-04-24,False,True,pg_2026q3,https://www.pginvestor.com/news/news-details/2026/PG-Announces-Fiscal-Year-2026-Third-Quarter-Results/default.aspx,table[1]/row[5] (zero based); Fabric & Home Care,sources/pg_2026q3_tables.json,Approximate contribution/growth percentages as reported; not unit counts or absolute prices.,Fabric & Home Care | 2% | 4% | 1% | —% | —% | 7% | 2% | 3%
PG,2026-01-01,2026-03-31,2026Q1,FY2026Q3,quarter,Fabric & Home Care,mix_sales_impact,0.0,percent,reported,2026-04-24,False,True,pg_2026q3,https://www.pginvestor.com/news/news-details/2026/PG-Announces-Fiscal-Year-2026-Third-Quarter-Results/default.aspx,table[1]/row[5] (zero based); Fabric & Home Care,sources/pg_2026q3_tables.json,Approximate contribution/growth percentages as reported; not unit counts or absolute prices.,Fabric & Home Care | 2% | 4% | 1% | —% | —% | 7% | 2% | 3%
PG,2026-01-01,2026-03-31,2026Q1,FY2026Q3,quarter,Fabric & Home Care,other_sales_impact,0.0,percent,reported,2026-04-24,False,True,pg_2026q3,https://www.pginvestor.com/news/news-details/2026/PG-Announces-Fiscal-Year-2026-Third-Quarter-Results/default.aspx,table[1]/row[5] (zero based); Fabric & Home Care,sources/pg_2026q3_tables.json,Approximate contribution/growth percentages as reported; not unit counts or absolute prices.,Fabric & Home Care | 2% | 4% | 1% | —% | —% | 7% | 2% | 3%
PG,2026-01-01,2026-03-31,2026Q1,FY2026Q3,quarter,Fabric & Home Care,sales_growth,7.0,percent,reported,2026-04-24,False,True,pg_2026q3,https://www.pginvestor.com/news/news-details/2026/PG-Announces-Fiscal-Year-2026-Third-Quarter-Results/default.aspx,table[1]/row[5] (zero based); Fabric & Home Care,sources/pg_2026q3_tables.json,Approximate contribution/growth percentages as reported; not unit counts or absolute prices.,Fabric & Home Care | 2% | 4% | 1% | —% | —% | 7% | 2% | 3%
PG,2026-01-01,2026-03-31,2026Q1,FY2026Q3,quarter,Fabric & Home Care,organic_volume_growth,2.0,percent,reported,2026-04-24,False,True,pg_2026q3,https://www.pginvestor.com/news/news-details/2026/PG-Announces-Fiscal-Year-2026-Third-Quarter-Results/default.aspx,table[1]/row[5] (zero based); Fabric & Home Care,sources/pg_2026q3_tables.json,Approximate contribution/growth percentages as reported; not unit counts or absolute prices.,Fabric & Home Care | 2% | 4% | 1% | —% | —% | 7% | 2% | 3%
PG,2026-01-01,2026-03-31,2026Q1,FY2026Q3,quarter,Fabric & Home Care,organic_sales_growth,3.0,percent,reported,2026-04-24,False,True,pg_2026q3,https://www.pginvestor.com/news/news-details/2026/PG-Announces-Fiscal-Year-2026-Third-Quarter-Results/default.aspx,table[1]/row[5] (zero based); Fabric & Home Care,sources/pg_2026q3_tables.json,Approximate contribution/growth percentages as reported; not unit counts or absolute prices.,Fabric & Home Care | 2% | 4% | 1% | —% | —% | 7% | 2% | 3%
PG,2026-01-01,2026-03-31,2026Q1,FY2026Q3,quarter,"Baby, Feminine & Family Care",volume_growth,3.0,percent,reported,2026-04-24,False,True,pg_2026q3,https://www.pginvestor.com/news/news-details/2026/PG-Announces-Fiscal-Year-2026-Third-Quarter-Results/default.aspx,"table[1]/row[6] (zero based); Baby, Feminine & Family Care",sources/pg_2026q3_tables.json,Approximate contribution/growth percentages as reported; not unit counts or absolute prices.,"Baby, Feminine & Family Care | 3% | 3% | —% | —% | —% | 6% | 3% | 3%"
PG,2026-01-01,2026-03-31,2026Q1,FY2026Q3,quarter,"Baby, Feminine & Family Care",fx_sales_impact,3.0,percent,reported,2026-04-24,False,True,pg_2026q3,https://www.pginvestor.com/news/news-details/2026/PG-Announces-Fiscal-Year-2026-Third-Quarter-Results/default.aspx,"table[1]/row[6] (zero based); Baby, Feminine & Family Care",sources/pg_2026q3_tables.json,Approximate contribution/growth percentages as reported; not unit counts or absolute prices.,"Baby, Feminine & Family Care | 3% | 3% | —% | —% | —% | 6% | 3% | 3%"
PG,2026-01-01,2026-03-31,2026Q1,FY2026Q3,quarter,"Baby, Feminine & Family Care",price_sales_impact,0.0,percent,reported,2026-04-24,False,True,pg_2026q3,https://www.pginvestor.com/news/news-details/2026/PG-Announces-Fiscal-Year-2026-Third-Quarter-Results/default.aspx,"table[1]/row[6] (zero based); Baby, Feminine & Family Care",sources/pg_2026q3_tables.json,Approximate contribution/growth percentages as reported; not unit counts or absolute prices.,"Baby, Feminine & Family Care | 3% | 3% | —% | —% | —% | 6% | 3% | 3%"
PG,2026-01-01,2026-03-31,2026Q1,FY2026Q3,quarter,"Baby, Feminine & Family Care",mix_sales_impact,0.0,percent,reported,2026-04-24,False,True,pg_2026q3,https://www.pginvestor.com/news/news-details/2026/PG-Announces-Fiscal-Year-2026-Third-Quarter-Results/default.aspx,"table[1]/row[6] (zero based); Baby, Feminine & Family Care",sources/pg_2026q3_tables.json,Approximate contribution/growth percentages as reported; not unit counts or absolute prices.,"Baby, Feminine & Family Care | 3% | 3% | —% | —% | —% | 6% | 3% | 3%"
PG,2026-01-01,2026-03-31,2026Q1,FY2026Q3,quarter,"Baby, Feminine & Family Care",other_sales_impact,0.0,percent,reported,2026-04-24,False,True,pg_2026q3,https://www.pginvestor.com/news/news-details/2026/PG-Announces-Fiscal-Year-2026-Third-Quarter-Results/default.aspx,"table[1]/row[6] (zero based); Baby, Feminine & Family Care",sources/pg_2026q3_tables.json,Approximate contribution/growth percentages as reported; not unit counts or absolute prices.,"Baby, Feminine & Family Care | 3% | 3% | —% | —% | —% | 6% | 3% | 3%"
PG,2026-01-01,2026-03-31,2026Q1,FY2026Q3,quarter,"Baby, Feminine & Family Care",sales_growth,6.0,percent,reported,2026-04-24,False,True,pg_2026q3,https://www.pginvestor.com/news/news-details/2026/PG-Announces-Fiscal-Year-2026-Third-Quarter-Results/default.aspx,"table[1]/row[6] (zero based); Baby, Feminine & Family Care",sources/pg_2026q3_tables.json,Approximate contribution/growth percentages as reported; not unit counts or absolute prices.,"Baby, Feminine & Family Care | 3% | 3% | —% | —% | —% | 6% | 3% | 3%"
PG,2026-01-01,2026-03-31,2026Q1,FY2026Q3,quarter,"Baby, Feminine & Family Care",organic_volume_growth,3.0,percent,reported,2026-04-24,False,True,pg_2026q3,https://www.pginvestor.com/news/news-details/2026/PG-Announces-Fiscal-Year-2026-Third-Quarter-Results/default.aspx,"table[1]/row[6] (zero based); Baby, Feminine & Family Care",sources/pg_2026q3_tables.json,Approximate contribution/growth percentages as reported; not unit counts or absolute prices.,"Baby, Feminine & Family Care | 3% | 3% | —% | —% | —% | 6% | 3% | 3%"
PG,2026-01-01,2026-03-31,2026Q1,FY2026Q3,quarter,"Baby, Feminine & Family Care",organic_sales_growth,3.0,percent,reported,2026-04-24,False,True,pg_2026q3,https://www.pginvestor.com/news/news-details/2026/PG-Announces-Fiscal-Year-2026-Third-Quarter-Results/default.aspx,"table[1]/row[6] (zero based); Baby, Feminine & Family Care",sources/pg_2026q3_tables.json,Approximate contribution/growth percentages as reported; not unit counts or absolute prices.,"Baby, Feminine & Family Care | 3% | 3% | —% | —% | —% | 6% | 3% | 3%"
PG,2026-01-01,2026-03-31,2026Q1,FY2026Q3,quarter,Consolidated,volume_growth,2.0,percent,reported,2026-04-24,False,True,pg_2026q3,https://www.pginvestor.com/news/news-details/2026/PG-Announces-Fiscal-Year-2026-Third-Quarter-Results/default.aspx,table[1]/row[7] (zero based); Total P&G,sources/pg_2026q3_tables.json,Approximate contribution/growth percentages as reported; not unit counts or absolute prices.,Total P&G | 2% | 4% | 1% | —% | —% | 7% | 2% | 3%
PG,2026-01-01,2026-03-31,2026Q1,FY2026Q3,quarter,Consolidated,fx_sales_impact,4.0,percent,reported,2026-04-24,False,True,pg_2026q3,https://www.pginvestor.com/news/news-details/2026/PG-Announces-Fiscal-Year-2026-Third-Quarter-Results/default.aspx,table[1]/row[7] (zero based); Total P&G,sources/pg_2026q3_tables.json,Approximate contribution/growth percentages as reported; not unit counts or absolute prices.,Total P&G | 2% | 4% | 1% | —% | —% | 7% | 2% | 3%
PG,2026-01-01,2026-03-31,2026Q1,FY2026Q3,quarter,Consolidated,price_sales_impact,1.0,percent,reported,2026-04-24,False,True,pg_2026q3,https://www.pginvestor.com/news/news-details/2026/PG-Announces-Fiscal-Year-2026-Third-Quarter-Results/default.aspx,table[1]/row[7] (zero based); Total P&G,sources/pg_2026q3_tables.json,Approximate contribution/growth percentages as reported; not unit counts or absolute prices.,Total P&G | 2% | 4% | 1% | —% | —% | 7% | 2% | 3%
PG,2026-01-01,2026-03-31,2026Q1,FY2026Q3,quarter,Consolidated,mix_sales_impact,0.0,percent,reported,2026-04-24,False,True,pg_2026q3,https://www.pginvestor.com/news/news-details/2026/PG-Announces-Fiscal-Year-2026-Third-Quarter-Results/default.aspx,table[1]/row[7] (zero based); Total P&G,sources/pg_2026q3_tables.json,Approximate contribution/growth percentages as reported; not unit counts or absolute prices.,Total P&G | 2% | 4% | 1% | —% | —% | 7% | 2% | 3%
PG,2026-01-01,2026-03-31,2026Q1,FY2026Q3,quarter,Consolidated,other_sales_impact,0.0,percent,reported,2026-04-24,False,True,pg_2026q3,https://www.pginvestor.com/news/news-details/2026/PG-Announces-Fiscal-Year-2026-Third-Quarter-Results/default.aspx,table[1]/row[7] (zero based); Total P&G,sources/pg_2026q3_tables.json,Approximate contribution/growth percentages as reported; not unit counts or absolute prices.,Total P&G | 2% | 4% | 1% | —% | —% | 7% | 2% | 3%
PG,2026-01-01,2026-03-31,2026Q1,FY2026Q3,quarter,Consolidated,sales_growth,7.0,percent,reported,2026-04-24,False,True,pg_2026q3,https://www.pginvestor.com/news/news-details/2026/PG-Announces-Fiscal-Year-2026-Third-Quarter-Results/default.aspx,table[1]/row[7] (zero based); Total P&G,sources/pg_2026q3_tables.json,Approximate contribution/growth percentages as reported; not unit counts or absolute prices.,Total P&G | 2% | 4% | 1% | —% | —% | 7% | 2% | 3%
PG,2026-01-01,2026-03-31,2026Q1,FY2026Q3,quarter,Consolidated,organic_volume_growth,2.0,percent,reported,2026-04-24,False,True,pg_2026q3,https://www.pginvestor.com/news/news-details/2026/PG-Announces-Fiscal-Year-2026-Third-Quarter-Results/default.aspx,table[1]/row[7] (zero based); Total P&G,sources/pg_2026q3_tables.json,Approximate contribution/growth percentages as reported; not unit counts or absolute prices.,Total P&G | 2% | 4% | 1% | —% | —% | 7% | 2% | 3%
PG,2026-01-01,2026-03-31,2026Q1,FY2026Q3,quarter,Consolidated,organic_sales_growth,3.0,percent,reported,2026-04-24,False,True,pg_2026q3,https://www.pginvestor.com/news/news-details/2026/PG-Announces-Fiscal-Year-2026-Third-Quarter-Results/default.aspx,table[1]/row[7] (zero based); Total P&G,sources/pg_2026q3_tables.json,Approximate contribution/growth percentages as reported; not unit counts or absolute prices.,Total P&G | 2% | 4% | 1% | —% | —% | 7% | 2% | 3%
PG,2026-01-01,2026-03-31,2026Q1,FY2026Q3,quarter,Consolidated,net_sales,21235.0,USD million,reported,2026-04-24,False,True,pg_2026q3,https://www.pginvestor.com/news/news-details/2026/PG-Announces-Fiscal-Year-2026-Third-Quarter-Results/default.aspx,table[2]/row[7] (zero based); NET SALES,sources/pg_2026q3_tables.json,,"NET SALES | $ | 21,235 | $ | 19,776 | 7%"
PG,2026-01-01,2026-03-31,2026Q1,FY2026Q3,quarter,Consolidated,cost_of_products_sold,10722.0,USD million,reported,2026-04-24,False,True,pg_2026q3,https://www.pginvestor.com/news/news-details/2026/PG-Announces-Fiscal-Year-2026-Third-Quarter-Results/default.aspx,table[2]/row[8] (zero based); Cost of products sold,sources/pg_2026q3_tables.json,,"Cost of products sold | 10,722 | 9,694 | 11%"
PG,2026-01-01,2026-03-31,2026Q1,FY2026Q3,quarter,Consolidated,gross_profit,10513.0,USD million,reported,2026-04-24,False,True,pg_2026q3,https://www.pginvestor.com/news/news-details/2026/PG-Announces-Fiscal-Year-2026-Third-Quarter-Results/default.aspx,table[2]/row[9] (zero based); GROSS PROFIT,sources/pg_2026q3_tables.json,,"GROSS PROFIT | 10,513 | 10,081 | 4%"
PG,2026-01-01,2026-03-31,2026Q1,FY2026Q3,quarter,Consolidated,sga,5936.0,USD million,reported,2026-04-24,False,True,pg_2026q3,https://www.pginvestor.com/news/news-details/2026/PG-Announces-Fiscal-Year-2026-Third-Quarter-Results/default.aspx,"table[2]/row[10] (zero based); Selling, general and administrative expense",sources/pg_2026q3_tables.json,,"Selling, general and administrative expense | 5,936 | 5,524 | 7%"
PG,2026-01-01,2026-03-31,2026Q1,FY2026Q3,quarter,Consolidated,operating_income,4576.0,USD million,reported,2026-04-24,False,True,pg_2026q3,https://www.pginvestor.com/news/news-details/2026/PG-Announces-Fiscal-Year-2026-Third-Quarter-Results/default.aspx,table[2]/row[11] (zero based); OPERATING INCOME,sources/pg_2026q3_tables.json,,"OPERATING INCOME | 4,576 | 4,558 | —%"
PG,2026-01-01,2026-03-31,2026Q1,FY2026Q3,quarter,Consolidated,interest_expense_signed,-223.0,USD million,reported,2026-04-24,False,True,pg_2026q3,https://www.pginvestor.com/news/news-details/2026/PG-Announces-Fiscal-Year-2026-Third-Quarter-Results/default.aspx,table[2]/row[12] (zero based); Interest expense,sources/pg_2026q3_tables.json,,Interest expense | (223 | ) | (217 | ) | 3%
PG,2026-01-01,2026-03-31,2026Q1,FY2026Q3,quarter,Consolidated,interest_income,100.0,USD million,reported,2026-04-24,False,True,pg_2026q3,https://www.pginvestor.com/news/news-details/2026/PG-Announces-Fiscal-Year-2026-Third-Quarter-Results/default.aspx,table[2]/row[13] (zero based); Interest income,sources/pg_2026q3_tables.json,,Interest income | 100 | 111 | (10)%
PG,2026-01-01,2026-03-31,2026Q1,FY2026Q3,quarter,Consolidated,other_income,537.0,USD million,reported,2026-04-24,False,True,pg_2026q3,https://www.pginvestor.com/news/news-details/2026/PG-Announces-Fiscal-Year-2026-Third-Quarter-Results/default.aspx,"table[2]/row[14] (zero based); Other operating income, net",sources/pg_2026q3_tables.json,,"Other operating income, net | 537 | 210 | 156%"
PG,2026-01-01,2026-03-31,2026Q1,FY2026Q3,quarter,Consolidated,pretax_income,4989.0,USD million,reported,2026-04-24,False,True,pg_2026q3,https://www.pginvestor.com/news/news-details/2026/PG-Announces-Fiscal-Year-2026-Third-Quarter-Results/default.aspx,table[2]/row[15] (zero based); EARNINGS BEFORE INCOME TAXES,sources/pg_2026q3_tables.json,,"EARNINGS BEFORE INCOME TAXES | 4,989 | 4,661 | 7%"
PG,2026-01-01,2026-03-31,2026Q1,FY2026Q3,quarter,Consolidated,income_taxes,1039.0,USD million,reported,2026-04-24,False,True,pg_2026q3,https://www.pginvestor.com/news/news-details/2026/PG-Announces-Fiscal-Year-2026-Third-Quarter-Results/default.aspx,table[2]/row[16] (zero based); Income taxes,sources/pg_2026q3_tables.json,,"Income taxes | 1,039 | 868 | 20%"
PG,2026-01-01,2026-03-31,2026Q1,FY2026Q3,quarter,Consolidated,net_income,3951.0,USD million,reported,2026-04-24,False,True,pg_2026q3,https://www.pginvestor.com/news/news-details/2026/PG-Announces-Fiscal-Year-2026-Third-Quarter-Results/default.aspx,table[2]/row[17] (zero based); NET EARNINGS,sources/pg_2026q3_tables.json,,"NET EARNINGS | 3,951 | 3,793 | 4%"
PG,2026-01-01,2026-03-31,2026Q1,FY2026Q3,quarter,Consolidated,noncontrolling_income,18.0,USD million,reported,2026-04-24,False,True,pg_2026q3,https://www.pginvestor.com/news/news-details/2026/PG-Announces-Fiscal-Year-2026-Third-Quarter-Results/default.aspx,table[2]/row[18] (zero based); Less: Net earnings attributable to noncontrolling interests,sources/pg_2026q3_tables.json,,Less: Net earnings attributable to noncontrolling interests | 18 | 23 | (22)%
PG,2026-01-01,2026-03-31,2026Q1,FY2026Q3,quarter,Consolidated,net_income_attributable,3932.0,USD million,reported,2026-04-24,False,True,pg_2026q3,https://www.pginvestor.com/news/news-details/2026/PG-Announces-Fiscal-Year-2026-Third-Quarter-Results/default.aspx,table[2]/row[19] (zero based); NET EARNINGS ATTRIBUTABLE TO PROCTER & GAMBLE,sources/pg_2026q3_tables.json,,"NET EARNINGS ATTRIBUTABLE TO PROCTER & GAMBLE | $ | 3,932 | $ | 3,769 | 4%"
PG,2026-01-01,2026-03-31,2026Q1,FY2026Q3,quarter,Consolidated,effective_tax_rate,20.8,percent,reported,2026-04-24,False,True,pg_2026q3,https://www.pginvestor.com/news/news-details/2026/PG-Announces-Fiscal-Year-2026-Third-Quarter-Results/default.aspx,table[2]/row[21] (zero based); EFFECTIVE TAX RATE,sources/pg_2026q3_tables.json,,EFFECTIVE TAX RATE | 20.8 | % | 18.6 | %
PG,2026-01-01,2026-03-31,2026Q1,FY2026Q3,quarter,Consolidated,diluted_eps,1.63,USD/share,reported,2026-04-24,False,True,pg_2026q3,https://www.pginvestor.com/news/news-details/2026/PG-Announces-Fiscal-Year-2026-Third-Quarter-Results/default.aspx,table[2]/row[25] (zero based); Diluted,sources/pg_2026q3_tables.json,,Diluted | $ | 1.63 | $ | 1.54 | 6%
PG,2026-01-01,2026-03-31,2026Q1,FY2026Q3,quarter,Consolidated,diluted_shares,2416.5,million shares,reported,2026-04-24,False,True,pg_2026q3,https://www.pginvestor.com/news/news-details/2026/PG-Announces-Fiscal-Year-2026-Third-Quarter-Results/default.aspx,table[2]/row[28] (zero based); DILUTED WEIGHTED AVERAGE COMMON SHARES OUTSTANDING,sources/pg_2026q3_tables.json,,"DILUTED WEIGHTED AVERAGE COMMON SHARES OUTSTANDING | 2,416.5 | 2,449.8"
PG,2026-01-01,2026-03-31,2026Q1,FY2026Q3,quarter,Beauty,net_sales,3866.0,USD million,reported,2026-04-24,False,True,pg_2026q3,https://www.pginvestor.com/news/news-details/2026/PG-Announces-Fiscal-Year-2026-Third-Quarter-Results/default.aspx,table[3]/row[7] (zero based); Beauty,sources/pg_2026q3_tables.json,,"Beauty | $ | 3,866 | 11% | $ | 761 | 11% | $ | 579 | 7%"
PG,2026-01-01,2026-03-31,2026Q1,FY2026Q3,quarter,Beauty,pretax_income,761.0,USD million,reported,2026-04-24,False,True,pg_2026q3,https://www.pginvestor.com/news/news-details/2026/PG-Announces-Fiscal-Year-2026-Third-Quarter-Results/default.aspx,table[3]/row[7] (zero based); Beauty,sources/pg_2026q3_tables.json,,"Beauty | $ | 3,866 | 11% | $ | 761 | 11% | $ | 579 | 7%"
PG,2026-01-01,2026-03-31,2026Q1,FY2026Q3,quarter,Beauty,net_income,579.0,USD million,reported,2026-04-24,False,True,pg_2026q3,https://www.pginvestor.com/news/news-details/2026/PG-Announces-Fiscal-Year-2026-Third-Quarter-Results/default.aspx,table[3]/row[7] (zero based); Beauty,sources/pg_2026q3_tables.json,,"Beauty | $ | 3,866 | 11% | $ | 761 | 11% | $ | 579 | 7%"
PG,2026-01-01,2026-03-31,2026Q1,FY2026Q3,quarter,Grooming,net_sales,1608.0,USD million,reported,2026-04-24,False,True,pg_2026q3,https://www.pginvestor.com/news/news-details/2026/PG-Announces-Fiscal-Year-2026-Third-Quarter-Results/default.aspx,table[3]/row[8] (zero based); Grooming,sources/pg_2026q3_tables.json,,"Grooming | 1,608 | 7% | 436 | 8% | 331 | 3%"
PG,2026-01-01,2026-03-31,2026Q1,FY2026Q3,quarter,Grooming,pretax_income,436.0,USD million,reported,2026-04-24,False,True,pg_2026q3,https://www.pginvestor.com/news/news-details/2026/PG-Announces-Fiscal-Year-2026-Third-Quarter-Results/default.aspx,table[3]/row[8] (zero based); Grooming,sources/pg_2026q3_tables.json,,"Grooming | 1,608 | 7% | 436 | 8% | 331 | 3%"
PG,2026-01-01,2026-03-31,2026Q1,FY2026Q3,quarter,Grooming,net_income,331.0,USD million,reported,2026-04-24,False,True,pg_2026q3,https://www.pginvestor.com/news/news-details/2026/PG-Announces-Fiscal-Year-2026-Third-Quarter-Results/default.aspx,table[3]/row[8] (zero based); Grooming,sources/pg_2026q3_tables.json,,"Grooming | 1,608 | 7% | 436 | 8% | 331 | 3%"
PG,2026-01-01,2026-03-31,2026Q1,FY2026Q3,quarter,Health Care,net_sales,3073.0,USD million,reported,2026-04-24,False,True,pg_2026q3,https://www.pginvestor.com/news/news-details/2026/PG-Announces-Fiscal-Year-2026-Third-Quarter-Results/default.aspx,table[3]/row[9] (zero based); Health Care,sources/pg_2026q3_tables.json,,"Health Care | 3,073 | 7% | 768 | 5% | 579 | 2%"
PG,2026-01-01,2026-03-31,2026Q1,FY2026Q3,quarter,Health Care,pretax_income,768.0,USD million,reported,2026-04-24,False,True,pg_2026q3,https://www.pginvestor.com/news/news-details/2026/PG-Announces-Fiscal-Year-2026-Third-Quarter-Results/default.aspx,table[3]/row[9] (zero based); Health Care,sources/pg_2026q3_tables.json,,"Health Care | 3,073 | 7% | 768 | 5% | 579 | 2%"
PG,2026-01-01,2026-03-31,2026Q1,FY2026Q3,quarter,Health Care,net_income,579.0,USD million,reported,2026-04-24,False,True,pg_2026q3,https://www.pginvestor.com/news/news-details/2026/PG-Announces-Fiscal-Year-2026-Third-Quarter-Results/default.aspx,table[3]/row[9] (zero based); Health Care,sources/pg_2026q3_tables.json,,"Health Care | 3,073 | 7% | 768 | 5% | 579 | 2%"
PG,2026-01-01,2026-03-31,2026Q1,FY2026Q3,quarter,Fabric & Home Care,net_sales,7403.0,USD million,reported,2026-04-24,False,True,pg_2026q3,https://www.pginvestor.com/news/news-details/2026/PG-Announces-Fiscal-Year-2026-Third-Quarter-Results/default.aspx,table[3]/row[10] (zero based); Fabric & Home Care,sources/pg_2026q3_tables.json,,"Fabric & Home Care | 7,403 | 7% | 1,689 | 3% | 1,300 | 1%"
PG,2026-01-01,2026-03-31,2026Q1,FY2026Q3,quarter,Fabric & Home Care,pretax_income,1689.0,USD million,reported,2026-04-24,False,True,pg_2026q3,https://www.pginvestor.com/news/news-details/2026/PG-Announces-Fiscal-Year-2026-Third-Quarter-Results/default.aspx,table[3]/row[10] (zero based); Fabric & Home Care,sources/pg_2026q3_tables.json,,"Fabric & Home Care | 7,403 | 7% | 1,689 | 3% | 1,300 | 1%"
PG,2026-01-01,2026-03-31,2026Q1,FY2026Q3,quarter,Fabric & Home Care,net_income,1300.0,USD million,reported,2026-04-24,False,True,pg_2026q3,https://www.pginvestor.com/news/news-details/2026/PG-Announces-Fiscal-Year-2026-Third-Quarter-Results/default.aspx,table[3]/row[10] (zero based); Fabric & Home Care,sources/pg_2026q3_tables.json,,"Fabric & Home Care | 7,403 | 7% | 1,689 | 3% | 1,300 | 1%"
PG,2026-01-01,2026-03-31,2026Q1,FY2026Q3,quarter,"Baby, Feminine & Family Care",net_sales,5058.0,USD million,reported,2026-04-24,False,True,pg_2026q3,https://www.pginvestor.com/news/news-details/2026/PG-Announces-Fiscal-Year-2026-Third-Quarter-Results/default.aspx,"table[3]/row[11] (zero based); Baby, Feminine & Family Care",sources/pg_2026q3_tables.json,,"Baby, Feminine & Family Care | 5,058 | 6% | 1,282 | 11% | 980 | 11%"
PG,2026-01-01,2026-03-31,2026Q1,FY2026Q3,quarter,"Baby, Feminine & Family Care",pretax_income,1282.0,USD million,reported,2026-04-24,False,True,pg_2026q3,https://www.pginvestor.com/news/news-details/2026/PG-Announces-Fiscal-Year-2026-Third-Quarter-Results/default.aspx,"table[3]/row[11] (zero based); Baby, Feminine & Family Care",sources/pg_2026q3_tables.json,,"Baby, Feminine & Family Care | 5,058 | 6% | 1,282 | 11% | 980 | 11%"
PG,2026-01-01,2026-03-31,2026Q1,FY2026Q3,quarter,"Baby, Feminine & Family Care",net_income,980.0,USD million,reported,2026-04-24,False,True,pg_2026q3,https://www.pginvestor.com/news/news-details/2026/PG-Announces-Fiscal-Year-2026-Third-Quarter-Results/default.aspx,"table[3]/row[11] (zero based); Baby, Feminine & Family Care",sources/pg_2026q3_tables.json,,"Baby, Feminine & Family Care | 5,058 | 6% | 1,282 | 11% | 980 | 11%"
PG,2026-01-01,2026-03-31,2026Q1,FY2026Q3,quarter,Corporate,net_sales,225.0,USD million,reported,2026-04-24,False,True,pg_2026q3,https://www.pginvestor.com/news/news-details/2026/PG-Announces-Fiscal-Year-2026-Third-Quarter-Results/default.aspx,table[3]/row[12] (zero based); Corporate,sources/pg_2026q3_tables.json,,Corporate | 225 | N/A | 54 | N/A | 181 | N/A
PG,2026-01-01,2026-03-31,2026Q1,FY2026Q3,quarter,Corporate,pretax_income,54.0,USD million,reported,2026-04-24,False,True,pg_2026q3,https://www.pginvestor.com/news/news-details/2026/PG-Announces-Fiscal-Year-2026-Third-Quarter-Results/default.aspx,table[3]/row[12] (zero based); Corporate,sources/pg_2026q3_tables.json,,Corporate | 225 | N/A | 54 | N/A | 181 | N/A
PG,2026-01-01,2026-03-31,2026Q1,FY2026Q3,quarter,Corporate,net_income,181.0,USD million,reported,2026-04-24,False,True,pg_2026q3,https://www.pginvestor.com/news/news-details/2026/PG-Announces-Fiscal-Year-2026-Third-Quarter-Results/default.aspx,table[3]/row[12] (zero based); Corporate,sources/pg_2026q3_tables.json,,Corporate | 225 | N/A | 54 | N/A | 181 | N/A
PG,2025-07-01,2026-03-31,2026Q1,FY2026Q3,fiscal_ytd,Consolidated,operating_cash_flow,14425.0,USD million,reported,2026-04-24,False,True,pg_2026q3,https://www.pginvestor.com/news/news-details/2026/PG-Announces-Fiscal-Year-2026-Third-Quarter-Results/default.aspx,table[5]/row[18] (zero based); TOTAL OPERATING ACTIVITIES,sources/pg_2026q3_tables.json,,"TOTAL OPERATING ACTIVITIES | 14,425 | 12,832"
PG,2025-07-01,2026-03-31,2026Q1,FY2026Q3,fiscal_ytd,Consolidated,capital_expenditures_signed,-3386.0,USD million,reported,2026-04-24,False,True,pg_2026q3,https://www.pginvestor.com/news/news-details/2026/PG-Announces-Fiscal-Year-2026-Third-Quarter-Results/default.aspx,table[5]/row[20] (zero based); Capital expenditures,sources/pg_2026q3_tables.json,,"Capital expenditures | (3,386 | ) | (2,777 | )"
PG,,2026-03-31,2026Q1,FY2026Q3,instant,Consolidated,cash_equivalents,12306.0,USD million,reported,2026-04-24,False,True,pg_2026q3,https://www.pginvestor.com/news/news-details/2026/PG-Announces-Fiscal-Year-2026-Third-Quarter-Results/default.aspx,table[6]/row[6] (zero based); Cash and cash equivalents,sources/pg_2026q3_tables.json,,"Cash and cash equivalents | $ | 12,306 | $ | 9,556"
PG,,2026-03-31,2026Q1,FY2026Q3,instant,Consolidated,total_assets,128378.0,USD million,reported,2026-04-24,False,True,pg_2026q3,https://www.pginvestor.com/news/news-details/2026/PG-Announces-Fiscal-Year-2026-Third-Quarter-Results/default.aspx,table[6]/row[15] (zero based); TOTAL ASSETS,sources/pg_2026q3_tables.json,,"TOTAL ASSETS | $ | 128,378 | $ | 125,231"
PG,,2026-03-31,2026Q1,FY2026Q3,instant,Consolidated,current_debt,13174.0,USD million,reported,2026-04-24,False,True,pg_2026q3,https://www.pginvestor.com/news/news-details/2026/PG-Announces-Fiscal-Year-2026-Third-Quarter-Results/default.aspx,table[6]/row[19] (zero based); Debt due within one year,sources/pg_2026q3_tables.json,,"Debt due within one year | 13,174 | 9,513"
PG,,2026-03-31,2026Q1,FY2026Q3,instant,Consolidated,long_term_debt,23852.0,USD million,reported,2026-04-24,False,True,pg_2026q3,https://www.pginvestor.com/news/news-details/2026/PG-Announces-Fiscal-Year-2026-Third-Quarter-Results/default.aspx,table[6]/row[21] (zero based); Long-term debt,sources/pg_2026q3_tables.json,,"Long-term debt | 23,852 | 24,995"
PG,,2026-03-31,2026Q1,FY2026Q3,instant,Consolidated,equity,54731.0,USD million,reported,2026-04-24,False,True,pg_2026q3,https://www.pginvestor.com/news/news-details/2026/PG-Announces-Fiscal-Year-2026-Third-Quarter-Results/default.aspx,table[6]/row[25] (zero based); TOTAL SHAREHOLDERS' EQUITY,sources/pg_2026q3_tables.json,,"TOTAL SHAREHOLDERS' EQUITY | 54,731 | 52,284"
PG,2026-01-01,2026-03-31,2026Q1,FY2026Q3,quarter,Consolidated,operating_cash_flow,4045.0,USD million,reported,2026-04-24,False,True,pg_2026q3,https://www.pginvestor.com/news/news-details/2026/PG-Announces-Fiscal-Year-2026-Third-Quarter-Results/default.aspx,table[12]/row[2] (zero based); Operating Cash Flow,sources/pg_2026q3_tables.json,,"$4,045 | $(1,019) | $3,026"
PG,2026-01-01,2026-03-31,2026Q1,FY2026Q3,quarter,Consolidated,capital_expenditures_signed,-1019.0,USD million,reported,2026-04-24,False,True,pg_2026q3,https://www.pginvestor.com/news/news-details/2026/PG-Announces-Fiscal-Year-2026-Third-Quarter-Results/default.aspx,table[12]/row[2] (zero based); Capital Spending,sources/pg_2026q3_tables.json,,"$4,045 | $(1,019) | $3,026"
