ProductKey,2019,2020,Product Name,Category,Unit Price USD,Effect
1,12,6,Contoso 512MB MP3 Player E51 Silver,Audio,12.99000000,-77.94000000
10,54,6,Contoso 4G MP3 Player E400 Green,Audio,59.99000000,-2879.52000000
100,79,32,WWI Wireless Bluetooth Stereo Headphones M170 White,Audio,120.00000000,-5640.00000000
1000,8,0,A. Datum Compact Digital Camera M200 Orange,Cameras and camcorders,129.00000000,-1032.00000000
1001,18,20,A. Datum Rangefinder Digital Camera X200 Orange,Cameras and camcorders,200.00000000,400.00000000
1002,1,3,A. Datum Slim Digital Camera M180 Orange,Cameras and camcorders,148.00000000,296.00000000
1003,26,4,A. Datum Ultra Compact Digital Camera M190 Orange,Cameras and camcorders,165.00000000,-3630.00000000
1004,20,24,A. Datum All in One Digital Camera M200 Orange,Cameras and camcorders,188.00000000,752.00000000
1005,18,7,A. Datum Interchangeable lens Non-SLR Digital Camera X250 Orange,Cameras and camcorders,268.00000000,-2948.00000000
1006,6,2,A. Datum Super-zoom Digital Camera X300 Orange,Cameras and camcorders,290.00000000,-1160.00000000
1007,22,16,A. Datum Consumer Digital Camera E100 Orange,Cameras and camcorders,281.00000000,-1686.00000000
1008,14,4,A. Datum Consumer Digital Camera M300 Orange,Cameras and camcorders,184.50000000,-1845.00000000
1009,12,12,A. Datum Advanced Digital Camera M300 Orange,Cameras and camcorders,188.50000000,0.00000000
101,73,37,WWI Wireless Bluetooth Stereo Headphones M170 Pink,Audio,120.00000000,-4320.00000000
1010,39,14,A. Datum Bridge Digital Camera M300 Orange,Cameras and camcorders,186.90000000,-4672.50000000
1011,16,8,A. Datum SLR-like Digital Camera M400 Orange,Cameras and camcorders,196.90000000,-1575.20000000
1012,31,12,A. Datum Point Shoot Digital Camera M500 Orange,Cameras and camcorders,198.00000000,-3762.00000000
1013,9,7,A. Datum Full Frame Digital Camera X300 Orange,Cameras and camcorders,231.00000000,-462.00000000
1014,12,2,A. Datum Compact Digital Camera M200 Green,Cameras and camcorders,129.00000000,-1290.00000000
1015,12,4,A. Datum Rangefinder Digital Camera X200 Green,Cameras and camcorders,200.00000000,-1600.00000000
1016,11,17,A. Datum Slim Digital Camera M180 Green,Cameras and camcorders,148.00000000,888.00000000
1017,11,4,A. Datum Ultra Compact Digital Camera M190 Green,Cameras and camcorders,165.00000000,-1155.00000000
1018,28,1,A. Datum All in One Digital Camera M200 Green,Cameras and camcorders,188.00000000,-5076.00000000
1019,14,10,A. Datum Interchangeable lens Non-SLR Digital Camera X250 Green,Cameras and camcorders,268.00000000,-1072.00000000
102,112,51,WWI Wireless Bluetooth Stereo Headphones M270 Silver,Audio,115.00000000,-7015.00000000
1020,2,4,A. Datum Super-zoom Digital Camera X300 Green,Cameras and camcorders,290.00000000,580.00000000
1021,19,16,A. Datum Consumer Digital Camera E100 Green,Cameras and camcorders,281.00000000,-843.00000000
1022,9,12,A. Datum Consumer Digital Camera M300 Green,Cameras and camcorders,184.50000000,553.50000000
1023,17,16,A. Datum Advanced Digital Camera M300 Green,Cameras and camcorders,188.50000000,-188.50000000
1024,19,25,A. Datum Bridge Digital Camera M300 Green,Cameras and camcorders,186.90000000,1121.40000000
1025,4,8,A. Datum SLR-like Digital Camera M400 Green,Cameras and camcorders,196.90000000,787.60000000
1026,8,16,A. Datum Point Shoot Digital Camera M500 Green,Cameras and camcorders,198.00000000,1584.00000000
1027,7,12,A. Datum Full Frame Digital Camera X300 Green,Cameras and camcorders,231.00000000,1155.00000000
1028,9,4,A. Datum Compact Digital Camera M200 Azure,Cameras and camcorders,129.00000000,-645.00000000
1029,26,0,A. Datum Rangefinder Digital Camera X200 Azure,Cameras and camcorders,200.00000000,-5200.00000000
103,94,64,WWI Wireless Bluetooth Stereo Headphones M270 Black,Audio,115.00000000,-3450.00000000
1030,21,2,A. Datum Slim Digital Camera M180 Azure,Cameras and camcorders,148.00000000,-2812.00000000
1031,18,5,A. Datum Ultra Compact Digital Camera M190 Azure,Cameras and camcorders,165.00000000,-2145.00000000
1032,28,16,A. Datum All in One Digital Camera M200 Azure,Cameras and camcorders,188.00000000,-2256.00000000
1033,10,19,A. Datum Interchangeable lens Non-SLR Digital Camera X250 Azure,Cameras and camcorders,268.00000000,2412.00000000
1034,16,1,A. Datum Super-zoom Digital Camera X300 Azure,Cameras and camcorders,290.00000000,-4350.00000000
1035,13,1,A. Datum Consumer Digital Camera E100 Azure,Cameras and camcorders,281.00000000,-3372.00000000
1036,33,9,A. Datum Consumer Digital Camera M300 Azure,Cameras and camcorders,184.50000000,-4428.00000000
1037,19,3,A. Datum Advanced Digital Camera M300 Azure,Cameras and camcorders,188.50000000,-3016.00000000
1038,4,6,A. Datum Bridge Digital Camera M300 Azure,Cameras and camcorders,186.90000000,373.80000000
1039,16,6,A. Datum SLR-like Digital Camera M400 Azure,Cameras and camcorders,196.90000000,-1969.00000000
104,112,61,WWI Wireless Bluetooth Stereo Headphones M270 White,Audio,115.00000000,-5865.00000000
1040,19,5,A. Datum Point n' Shoot Digital Camera M500 Azure,Cameras and camcorders,198.00000000,-2772.00000000
1041,9,3,A. Datum Full Frame Digital Camera X300 Azure,Cameras and camcorders,231.00000000,-1386.00000000
1042,15,26,A. Datum Point Shoot Digital Camera M500 Silver Grey,Cameras and camcorders,198.00000000,2178.00000000
1043,8,1,A. Datum Full Frame Digital Camera X300 Silver Grey,Cameras and camcorders,231.00000000,-1617.00000000
1044,16,12,A. Datum SLR Camera X135 Black,Cameras and camcorders,627.00000000,-2508.00000000
1045,28,3,"A. Datum SLR Camera 35"" X358 Black",Cameras and camcorders,588.00000000,-14700.00000000
1046,28,5,A. Datum SLR Camera M135 Black,Cameras and camcorders,312.00000000,-7176.00000000
1047,0,7,"A. Datum SLR Camera 35"" M358 Black",Cameras and camcorders,338.00000000,2366.00000000
1048,11,0,A. Datum SLR Camera X136 Silver,Cameras and camcorders,427.00000000,-4697.00000000
1049,17,4,"A. Datum SLR Camera 35"" X358 Silver",Cameras and camcorders,588.00000000,-7644.00000000
105,84,52,WWI Wireless Bluetooth Stereo Headphones M270 Pink,Audio,115.00000000,-3680.00000000
1050,19,2,A. Datum SLR Camera M136 Silver,Cameras and camcorders,312.00000000,-5304.00000000
1051,32,2,"A. Datum SLR Camera 35"" M358 Silver",Cameras and camcorders,338.00000000,-10140.00000000
1052,13,8,A. Datum SLR Camera X137 Grey,Cameras and camcorders,627.00000000,-3135.00000000
1053,13,14,"A. Datum SLR Camera 35"" X358 Grey",Cameras and camcorders,588.00000000,588.00000000
1054,16,10,A. Datum SLR Camera M137 Grey,Cameras and camcorders,312.00000000,-1872.00000000
1055,25,5,"A. Datum SLR Camera 35"" M358 Grey",Cameras and camcorders,338.00000000,-6760.00000000
1056,15,6,A. Datum SLR Camera X138 Silver Grey,Cameras and camcorders,627.00000000,-5643.00000000
1057,20,8,"A. Datum SLR Camera 35"" X358 Silver Grey",Cameras and camcorders,588.00000000,-7056.00000000
1058,3,1,A. Datum SLR Camera M138 Silver Grey,Cameras and camcorders,312.00000000,-624.00000000
1059,9,13,"A. Datum SLR Camera 35"" M358 Silver Grey",Cameras and camcorders,338.00000000,1352.00000000
106,95,45,WWI Stereo Bluetooth Headphones New Generation M370 Black,Audio,132.99000000,-6649.50000000
1060,12,7,A. Datum SLR Camera X139 Gold,Cameras and camcorders,627.00000000,-3135.00000000
1061,22,7,"A. Datum SLR Camera 35"" X358 Gold",Cameras and camcorders,588.00000000,-8820.00000000
1062,26,5,A. Datum SLR Camera M139 Gold,Cameras and camcorders,312.00000000,-6552.00000000
1063,9,0,"A. Datum SLR Camera 35"" M358 Gold",Cameras and camcorders,338.00000000,-3042.00000000
1064,28,9,A. Datum SLR Camera X140 Pink,Cameras and camcorders,627.00000000,-11913.00000000
1065,5,11,"A. Datum SLR Camera 35"" X358 Pink",Cameras and camcorders,588.00000000,3528.00000000
1066,7,4,A. Datum SLR Camera M140 Pink,Cameras and camcorders,312.00000000,-936.00000000
1067,3,11,"A. Datum SLR Camera 35"" M358 Pink",Cameras and camcorders,338.00000000,2704.00000000
1068,18,4,A. Datum SLR Camera X141 Blue,Cameras and camcorders,427.00000000,-5978.00000000
1069,14,1,"A. Datum SLR Camera 35"" X358 Blue",Cameras and camcorders,588.00000000,-7644.00000000
107,101,41,WWI Stereo Bluetooth Headphones New Generation M370 White,Audio,132.99000000,-7979.40000000
1070,9,21,A. Datum SLR Camera M141 Blue,Cameras and camcorders,312.00000000,3744.00000000
1071,7,13,"A. Datum SLR Camera 35"" M358 Blue",Cameras and camcorders,338.00000000,2028.00000000
1072,26,1,A. Datum SLR Camera X142 Orange,Cameras and camcorders,427.00000000,-10675.00000000
1073,14,0,"A. Datum SLR Camera 35"" X358 Orange",Cameras and camcorders,588.00000000,-8232.00000000
1074,11,0,A. Datum SLR Camera M142 Orange,Cameras and camcorders,312.00000000,-3432.00000000
1075,13,21,"A. Datum SLR Camera 35"" M358 Orange",Cameras and camcorders,338.00000000,2704.00000000
1076,8,13,Contoso SLR Camera X142 Black,Cameras and camcorders,637.00000000,3185.00000000
1077,9,3,"Contoso SLR Camera 35"" X358 Black",Cameras and camcorders,568.00000000,-3408.00000000
1078,13,10,Contoso SLR Camera M142 Black,Cameras and camcorders,314.00000000,-942.00000000
1079,18,21,"Contoso SLR Camera 35"" M358 Black",Cameras and camcorders,358.00000000,1074.00000000
108,84,29,WWI Stereo Bluetooth Headphones New Generation M370 Yellow,Audio,132.99000000,-7314.45000000
1080,18,4,Contoso SLR Camera X143 Silver,Cameras and camcorders,646.00000000,-9044.00000000
1081,7,8,"Contoso SLR Camera 35"" X358 Silver",Cameras and camcorders,568.00000000,568.00000000
1082,18,15,Contoso SLR Camera M143 Silver,Cameras and camcorders,304.00000000,-912.00000000
1083,19,6,"Contoso SLR Camera 35"" M358 Silver",Cameras and camcorders,358.00000000,-4654.00000000
1084,18,11,Contoso SLR Camera X143 Grey,Cameras and camcorders,646.00000000,-4522.00000000
1085,0,10,"Contoso SLR Camera 35"" X358 Grey",Cameras and camcorders,568.00000000,5680.00000000
1086,8,6,Contoso SLR Camera M143 Grey,Cameras and camcorders,304.00000000,-608.00000000
1087,11,3,"Contoso SLR Camera 35"" M358 Grey",Cameras and camcorders,358.00000000,-2864.00000000
1088,22,2,Contoso SLR Camera X144 Silver Grey,Cameras and camcorders,673.00000000,-13460.00000000
1089,26,7,"Contoso SLR Camera 35"" X358 Silver Grey",Cameras and camcorders,568.00000000,-10792.00000000
109,122,18,WWI Stereo Bluetooth Headphones New Generation M370 Orange,Audio,132.99000000,-13830.96000000
1090,17,14,Contoso SLR Camera M144 Silver Grey,Cameras and camcorders,332.00000000,-996.00000000
1091,29,14,"Contoso SLR Camera 35"" M358 Silver Grey",Cameras and camcorders,358.00000000,-5370.00000000
1092,14,14,Contoso SLR Camera X144 Gold,Cameras and camcorders,673.00000000,0.00000000
1093,19,3,"Contoso SLR Camera 35"" X358 Gold",Cameras and camcorders,568.00000000,-9088.00000000
1094,15,6,Contoso SLR Camera M144 Gold,Cameras and camcorders,332.00000000,-2988.00000000
1095,10,11,"Contoso SLR Camera 35"" M358 Gold",Cameras and camcorders,358.00000000,358.00000000
1096,12,3,Contoso SLR Camera X145 Pink,Cameras and camcorders,632.00000000,-5688.00000000
1097,5,10,"Contoso SLR Camera 35"" X358 Pink",Cameras and camcorders,568.00000000,2840.00000000
1098,24,9,Contoso SLR Camera M145 Pink,Cameras and camcorders,343.00000000,-5145.00000000
1099,23,0,"Contoso SLR Camera 35"" M358 Pink",Cameras and camcorders,358.00000000,-8234.00000000
11,26,5,Contoso 4G MP3 Player E400 Orange,Audio,59.99000000,-1259.79000000
110,83,21,WWI Stereo Bluetooth Headphones New Generation M370 Blue,Audio,132.99000000,-8245.38000000
1100,23,2,Contoso SLR Camera X145 Blue,Cameras and camcorders,632.00000000,-13272.00000000
1101,19,5,"Contoso SLR Camera 35"" X358 Blue",Cameras and camcorders,568.00000000,-7952.00000000
1102,8,9,Contoso SLR Camera M145 Blue,Cameras and camcorders,343.00000000,343.00000000
1103,1,0,"Contoso SLR Camera 35"" M358 Blue",Cameras and camcorders,358.00000000,-358.00000000
1104,20,1,Contoso SLR Camera X146 Orange,Cameras and camcorders,427.00000000,-8113.00000000
1105,18,16,"Contoso SLR Camera 35"" X358 Orange",Cameras and camcorders,568.00000000,-1136.00000000
1106,18,4,Contoso SLR Camera M146 Orange,Cameras and camcorders,322.00000000,-4508.00000000
1107,22,12,"Contoso SLR Camera 35"" M358 Orange",Cameras and camcorders,358.00000000,-3580.00000000
1108,30,8,Fabrikam SLR Camera X146 Black,Cameras and camcorders,629.00000000,-13838.00000000
1109,28,23,"Fabrikam SLR Camera 35"" X358 Black",Cameras and camcorders,436.20000000,-2181.00000000
111,73,59,WWI Wireless Transmitter and Bluetooth Headphones X250 Black,Audio,249.99000000,-3499.86000000
1110,15,3,Fabrikam SLR Camera M146 Black,Cameras and camcorders,302.00000000,-3624.00000000
1111,13,5,"Fabrikam SLR Camera 35"" M358 Black",Cameras and camcorders,328.00000000,-2624.00000000
1112,3,0,Fabrikam SLR Camera X147 Silver,Cameras and camcorders,645.00000000,-1935.00000000
1113,27,6,"Fabrikam SLR Camera 35"" X358 Silver",Cameras and camcorders,436.20000000,-9160.20000000
1114,11,4,Fabrikam SLR Camera M147 Silver,Cameras and camcorders,334.00000000,-2338.00000000
1115,23,6,"Fabrikam SLR Camera 35"" M358 Silver",Cameras and camcorders,328.00000000,-5576.00000000
1116,19,16,Fabrikam SLR Camera X147 Grey,Cameras and camcorders,645.00000000,-1935.00000000
1117,4,7,"Fabrikam SLR Camera 35"" X358 Grey",Cameras and camcorders,436.20000000,1308.60000000
1118,16,32,Fabrikam SLR Camera M147 Grey,Cameras and camcorders,334.00000000,5344.00000000
1119,2,12,"Fabrikam SLR Camera 35"" M358 Grey",Cameras and camcorders,328.00000000,3280.00000000
112,89,27,WWI Wireless Transmitter and Bluetooth Headphones X250 Blue,Audio,249.99000000,-15499.38000000
1120,9,3,Fabrikam SLR Camera X148 Silver Grey,Cameras and camcorders,657.00000000,-3942.00000000
1121,5,15,"Fabrikam SLR Camera 35"" X358 Silver Grey",Cameras and camcorders,436.20000000,4362.00000000
1122,8,21,Fabrikam SLR Camera M148 Silver Grey,Cameras and camcorders,332.00000000,4316.00000000
1123,10,6,"Fabrikam SLR Camera 35"" M358 Silver Grey",Cameras and camcorders,328.00000000,-1312.00000000
1124,10,3,Fabrikam SLR Camera X148 Gold,Cameras and camcorders,657.00000000,-4599.00000000
1125,22,15,"Fabrikam SLR Camera 35"" X358 Gold",Cameras and camcorders,436.20000000,-3053.40000000
1126,18,9,Fabrikam SLR Camera M148 Gold,Cameras and camcorders,332.00000000,-2988.00000000
1127,5,6,"Fabrikam SLR Camera 35"" M358 Gold",Cameras and camcorders,328.00000000,328.00000000
1128,17,4,Fabrikam SLR Camera X149 Pink,Cameras and camcorders,627.00000000,-8151.00000000
1129,2,6,"Fabrikam SLR Camera 35"" X358 Pink",Cameras and camcorders,436.20000000,1744.80000000
113,123,13,WWI Wireless Transmitter and Bluetooth Headphones X250 White,Audio,249.99000000,-27498.90000000
1130,12,2,Fabrikam SLR Camera M149 Pink,Cameras and camcorders,319.00000000,-3190.00000000
1131,23,26,"Fabrikam SLR Camera 35"" M358 Pink",Cameras and camcorders,328.00000000,984.00000000
1132,7,19,Fabrikam SLR Camera X149 Blue,Cameras and camcorders,627.00000000,7524.00000000
1133,9,7,"Fabrikam SLR Camera 35"" X358 Blue",Cameras and camcorders,436.20000000,-872.40000000
1134,1,25,Fabrikam SLR Camera M149 Blue,Cameras and camcorders,319.00000000,7656.00000000
1135,7,9,"Fabrikam SLR Camera 35"" M358 Blue",Cameras and camcorders,328.00000000,656.00000000
1136,5,9,Fabrikam SLR Camera X150 Orange,Cameras and camcorders,480.50000000,1922.00000000
1137,7,3,"Fabrikam SLR Camera 35"" X358 Orange",Cameras and camcorders,436.20000000,-1744.80000000
1138,20,22,Fabrikam SLR Camera M150 Orange,Cameras and camcorders,391.90000000,783.80000000
1139,6,26,"Fabrikam SLR Camera 35"" M358 Orange",Cameras and camcorders,328.00000000,6560.00000000
114,123,33,WWI Wireless Transmitter and Bluetooth Headphones X250 Red,Audio,249.99000000,-22499.10000000
1140,32,5,Fabrikam SLR Camera X150 Green,Cameras and camcorders,480.50000000,-12973.50000000
1141,4,12,"Fabrikam SLR Camera 35"" X358 Green",Cameras and camcorders,436.20000000,3489.60000000
1142,24,0,Fabrikam SLR Camera M150 Green,Cameras and camcorders,391.90000000,-9405.60000000
1143,9,4,"Fabrikam SLR Camera 35"" M358 Green",Cameras and camcorders,328.00000000,-1640.00000000
1144,16,2,"Fabrikam Home and Vacation Moviemaker 1"" 25mm M400 Blue",Cameras and camcorders,600.00000000,-8400.00000000
1145,22,19,"Fabrikam Home and Vacation Moviemaker 1/2"" 3mm M300 Orange",Cameras and camcorders,566.00000000,-1698.00000000
1146,13,7,"Fabrikam Home and vacation moviemaker 1/3"" 8.5mm M200 Blue",Cameras and camcorders,633.00000000,-3798.00000000
1147,29,7,Fabrikam Home and vacation moviemaker 2/3'' 17mm M103 Black,Cameras and camcorders,655.00000000,-14410.00000000
1148,4,8,Fabrikam Budget Movie-Maker 1'' 25mm E400 Black,Cameras and camcorders,422.00000000,1688.00000000
1149,17,9,Fabrikam Budget Movie-Maker 1/2'' 3mm E300 Black,Cameras and camcorders,432.00000000,-3456.00000000
115,77,52,WWI Wireless Transmitter and Bluetooth Headphones X250 Silver,Audio,249.99000000,-6249.75000000
1150,27,5,Fabrikam Budget Movie-Maker 1/3'' 8.5mm E200 Black,Cameras and camcorders,411.00000000,-9042.00000000
1151,14,13,Fabrikam Budget Movie-Maker 2/3'' 17mm E100 Black,Cameras and camcorders,410.00000000,-410.00000000
1152,14,9,"Fabrikam Trendsetter 1"" 25mm X400 Blue",Cameras and camcorders,1000.00000000,-5000.00000000
1153,6,3,Fabrikam Trendsetter 1/2'' 3mm X300 Black,Cameras and camcorders,999.00000000,-2997.00000000
1154,14,16,"Fabrikam Trendsetter 1/3"" 8.5mm X200 Blue",Cameras and camcorders,998.00000000,1996.00000000
1155,7,19,Fabrikam Trendsetter 2/3'' 17mm X100 Black,Cameras and camcorders,980.00000000,11760.00000000
1156,7,9,Fabrikam Independent Filmmaker 1'' 25mm X400 Black,Cameras and camcorders,1600.00000000,3200.00000000
1157,17,15,"Fabrikam Independent Filmmaker 1/2"" 3mm X300 Orange",Cameras and camcorders,1580.00000000,-3160.00000000
1158,18,5,Fabrikam Independent Filmmaker 1/3'' 8.5mm X200 Black,Cameras and camcorders,1560.00000000,-20280.00000000
1159,0,4,"Fabrikam Independent Filmmaker 2/3"" 17mm X100 Blue",Cameras and camcorders,1520.00000000,6080.00000000
116,23,30,"Adventure Works 20"" CRT TV E15 Silver",TV and Video,169.99000000,1189.93000000
1160,12,9,"Fabrikam Business Videographer 1"" 25mm M600 Blue",Cameras and camcorders,890.00000000,-2670.00000000
1161,16,7,Fabrikam Business Videographer 1/2'' 3mm M500 Black,Cameras and camcorders,880.00000000,-7920.00000000
1162,32,2,Fabrikam Business Videographer 1/3'' 8.5mm M380 Black,Cameras and camcorders,860.00000000,-25800.00000000
1163,14,7,Fabrikam Business Videographer 2/3'' 17mm M280 Black,Cameras and camcorders,850.00000000,-5950.00000000
1164,14,7,Fabrikam Social videographer 1'' 25mm E400 Black,Cameras and camcorders,180.00000000,-1260.00000000
1165,38,2,Fabrikam Social Videographer 1/2'' 3mm E300 Black,Cameras and camcorders,170.00000000,-6120.00000000
1166,11,8,Fabrikam Social Videographer 1/3'' 8.5mm E200 Black,Cameras and camcorders,165.00000000,-495.00000000
1167,1,0,Fabrikam Social Videographer 2/3'' 17mm E100 Black,Cameras and camcorders,160.00000000,-160.00000000
1168,6,0,Fabrikam Home and Vacation Moviemaker 1'' 25mm M400 White,Cameras and camcorders,600.00000000,-3600.00000000
1169,19,4,Fabrikam Home and Vacation Moviemaker 1/2'' 3mm M300 White,Cameras and camcorders,566.00000000,-8490.00000000
117,28,13,"Adventure Works 20"" CRT TV E15 Black",TV and Video,169.99000000,-2549.85000000
1170,12,11,Fabrikam Home and Vacation Moviemaker 1/3'' 8.5mm M200 White,Cameras and camcorders,633.00000000,-633.00000000
1171,10,6,Fabrikam Home and Vacation Moviemaker 2/3'' 17mm M103 White,Cameras and camcorders,655.00000000,-2620.00000000
1172,20,15,Fabrikam Budget Moviemaker 1'' 25mm E400 White,Cameras and camcorders,422.00000000,-2110.00000000
1173,8,6,Fabrikam Budget Moviemaker 1/2'' 3mm E300 White,Cameras and camcorders,432.00000000,-864.00000000
1174,20,2,Fabrikam Budget Moviemaker 1/3'' 8.5mm E200 White,Cameras and camcorders,411.00000000,-7398.00000000
1175,12,8,Fabrikam Budget Moviemaker 2/3'' 17mm E100 White,Cameras and camcorders,410.00000000,-1640.00000000
1176,24,3,Fabrikam Trendsetter 1'' 25mm X400 White,Cameras and camcorders,1000.00000000,-21000.00000000
1177,19,16,Fabrikam Trendsetter 1/2'' 3mm X300 White,Cameras and camcorders,999.00000000,-2997.00000000
1178,11,0,Fabrikam Trendsetter 1/3'' 8.5mm X200 White,Cameras and camcorders,998.00000000,-10978.00000000
1179,25,21,Fabrikam Trendsetter 2/3'' 17mm X100 White,Cameras and camcorders,980.00000000,-3920.00000000
118,24,13,"Adventure Works 20"" CRT TV E15 White",TV and Video,169.99000000,-1869.89000000
1180,24,2,Fabrikam Independent filmmaker 1'' 25mm X400 White,Cameras and camcorders,1600.00000000,-35200.00000000
1181,19,0,Fabrikam Independent filmmaker 1/2'' 3mm X300 White,Cameras and camcorders,1580.00000000,-30020.00000000
1182,5,10,Fabrikam Independent filmmaker 1/3'' 8.5mm X200 White,Cameras and camcorders,1560.00000000,7800.00000000
1183,16,3,Fabrikam Independent filmmaker 2/3'' 17mm X100 White,Cameras and camcorders,1520.00000000,-19760.00000000
1184,35,14,Fabrikam Business Videographer 1'' 25mm M600 White,Cameras and camcorders,890.00000000,-18690.00000000
1185,16,6,"Fabrikam Business Videographer 1/2"" 3mm M500 Orange",Cameras and camcorders,880.00000000,-8800.00000000
1186,10,5,"Fabrikam Business Videographer 1/3"" 8.5mm M380 Orange",Cameras and camcorders,860.00000000,-4300.00000000
1187,21,0,"Fabrikam Business Videographer 2/3"" 17mm M280 Orange",Cameras and camcorders,850.00000000,-17850.00000000
1188,22,13,"Fabrikam Social Videographer 1"" 25mm E400 Orange",Cameras and camcorders,180.00000000,-1620.00000000
1189,7,13,"Fabrikam Social Videographer 1/2"" 3mm E300 Orange",Cameras and camcorders,170.00000000,1020.00000000
119,25,35,"Adventure Works 13"" Color TV E25 Silver",TV and Video,119.99000000,1199.90000000
1190,14,6,"Fabrikam Social Videographer 1/3"" 8.5mm E200 Orange",Cameras and camcorders,165.00000000,-1320.00000000
1191,17,12,"Fabrikam Social Videographer 2/3"" 17mm E100 Orange",Cameras and camcorders,160.00000000,-800.00000000
1192,29,11,Fabrikam Home and Vacation Moviemaker 1'' 25mm M400 Grey,Cameras and camcorders,600.00000000,-10800.00000000
1193,23,4,Fabrikam Home and Vacation Moviemaker 1/2'' 3mm M300 Grey,Cameras and camcorders,566.00000000,-10754.00000000
1194,16,12,Fabrikam Home and Vacation Moviemaker 1/3'' 8.5mm M200 Grey,Cameras and camcorders,633.00000000,-2532.00000000
1195,8,11,Fabrikam Home and Vacation Moviemaker 2/3'' 17mm M103 Grey,Cameras and camcorders,655.00000000,1965.00000000
1196,2,8,Fabrikam Budget Moviemaker 1'' 25mm E400 Grey,Cameras and camcorders,422.00000000,2532.00000000
1197,24,5,Fabrikam Budget Moviemaker 1/2'' 3mm E300 Grey,Cameras and camcorders,432.00000000,-8208.00000000
1198,10,4,Fabrikam Budget Moviemaker 1/3'' 8.5mm E200 Grey,Cameras and camcorders,411.00000000,-2466.00000000
1199,31,4,Fabrikam Budget Moviemaker 2/3'' 17mm E100 Grey,Cameras and camcorders,410.00000000,-11070.00000000
12,22,6,Contoso 4GB Flash MP3 Player E401 Blue,Audio,77.68000000,-1242.88000000
120,39,19,"Adventure Works 13"" Color TV E25 Black",TV and Video,119.99000000,-2399.80000000
1200,14,1,Fabrikam Trendsetter 1'' 25mm X400 Grey,Cameras and camcorders,1000.00000000,-13000.00000000
1201,4,4,Fabrikam Trendsetter 1/2'' 3mm X300 Grey,Cameras and camcorders,999.00000000,0.00000000
1202,4,9,Fabrikam Trendsetter 1/3'' 8.5mm X200 Grey,Cameras and camcorders,998.00000000,4990.00000000
1203,16,5,Fabrikam Trendsetter 2/3'' 17mm X100 Grey,Cameras and camcorders,980.00000000,-10780.00000000
1204,12,9,Fabrikam Independent Filmmaker 1'' 25mm X400 Grey,Cameras and camcorders,1600.00000000,-4800.00000000
1205,3,0,Fabrikam Independent Filmmaker 1/2'' 3mm X300 Grey,Cameras and camcorders,1580.00000000,-4740.00000000
1206,11,22,Fabrikam Independent Filmmaker 1/3'' 8.5mm X200 Grey,Cameras and camcorders,1560.00000000,17160.00000000
1207,8,19,Fabrikam Independent Filmmaker 2/3'' 17mm X100 Grey,Cameras and camcorders,1520.00000000,16720.00000000
1208,12,12,Fabrikam Business Videographer 1'' 25mm M600 Grey,Cameras and camcorders,890.00000000,0.00000000
1209,20,9,Fabrikam Business Videographer 1/2'' 3mm M500 Grey,Cameras and camcorders,880.00000000,-9680.00000000
121,17,14,"Adventure Works 13"" Color TV E25 White",TV and Video,119.99000000,-359.97000000
1210,14,3,Fabrikam Business Videographer 1/3'' 8.5mm M380 Grey,Cameras and camcorders,860.00000000,-9460.00000000
1211,20,14,Fabrikam Business Videographer 2/3'' 17mm M280 Grey,Cameras and camcorders,850.00000000,-5100.00000000
1212,11,10,Fabrikam Social Videographer 1'' 25mm E400 Grey,Cameras and camcorders,180.00000000,-180.00000000
1213,19,16,Fabrikam Social Videographer 1/2'' 3mm E300 Grey,Cameras and camcorders,170.00000000,-510.00000000
1214,26,1,Fabrikam Social Videographer 1/3'' 8.5mm E200 Grey,Cameras and camcorders,165.00000000,-4125.00000000
1215,19,10,Fabrikam Social Videographer 2/3'' 17mm E100 Grey,Cameras and camcorders,160.00000000,-1440.00000000
1216,8,9,Fabrikam Home and Vacation Moviemaker 1'' 25mm M400 Black,Cameras and camcorders,620.00000000,620.00000000
1218,13,0,Fabrikam Home and Vacation Moviemaker 1/3'' 8.5mm M200 Black,Cameras and camcorders,638.00000000,-8294.00000000
1219,20,4,"Fabrikam Home and Vacation Moviemaker 2/3"" 17mm M103 Blue",Cameras and camcorders,665.00000000,-10640.00000000
122,35,18,"Adventure Works 19"" Portable LCD HDTV M110 Silver",TV and Video,279.99000000,-4759.83000000
1220,23,0,Fabrikam Budget Moviemaker 1'' 25mm E400 Black,Cameras and camcorders,452.00000000,-10396.00000000
1221,14,3,Fabrikam Budget Moviemaker 1/2'' 3mm E300 Black,Cameras and camcorders,482.00000000,-5302.00000000
1222,10,1,Fabrikam Budget Moviemaker 1/3'' 8.5mm E200 Black,Cameras and camcorders,431.00000000,-3879.00000000
1223,27,21,Fabrikam Budget Moviemaker 2/3'' 17mm E100 Black,Cameras and camcorders,460.00000000,-2760.00000000
1224,15,13,Fabrikam Trendsetter 1'' 25mm X400 Black,Cameras and camcorders,1030.00000000,-2060.00000000
1225,28,1,"Fabrikam Trendsetter 1/2"" 3mm X300 Orange",Cameras and camcorders,1000.00000000,-27000.00000000
1226,48,8,Fabrikam Trendsetter 1/3'' 8.5mm X200 Black,Cameras and camcorders,999.00000000,-39960.00000000
1227,14,6,"Fabrikam Trendsetter 2/3"" 17mm X100 Orange",Cameras and camcorders,988.00000000,-7904.00000000
1228,15,6,"Fabrikam Independent Filmmaker 1"" 25mm X400 Blue",Cameras and camcorders,1620.00000000,-14580.00000000
1229,4,13,Fabrikam Independent Filmmaker 1/2'' 3mm X300 Black,Cameras and camcorders,1560.00000000,14040.00000000
123,37,10,"Adventure Works 19"" Portable LCD HDTV M110 Black",TV and Video,279.99000000,-7559.73000000
1230,3,13,"Fabrikam Independent Filmmaker 1/3"" 8.5mm X200 Blue",Cameras and camcorders,1530.00000000,15300.00000000
1231,13,15,Fabrikam Independent Filmmaker 2/3'' 17mm X100 Black,Cameras and camcorders,1500.00000000,3000.00000000
1232,20,4,Fabrikam Business Videographer 1'' 25mm M600 Black,Cameras and camcorders,888.00000000,-14208.00000000
1233,12,5,"Fabrikam Business Videographer 1/2"" 3mm M500 Blue",Cameras and camcorders,878.00000000,-6146.00000000
1234,5,3,"Fabrikam Business Videographer 1/3"" 8.5mm M380 Blue",Cameras and camcorders,856.00000000,-1712.00000000
1235,14,5,"Fabrikam Business Videographer 2/3"" 17mm M280 Blue",Cameras and camcorders,838.00000000,-7542.00000000
1236,10,8,"Fabrikam Social Videographer 1"" 25mm E400 Blue",Cameras and camcorders,188.00000000,-376.00000000
1237,8,1,"Fabrikam Social Videographer 1/2"" 3mm E300 Blue",Cameras and camcorders,178.00000000,-1246.00000000
1238,28,7,"Fabrikam Social Videographer 1/3"" 8.5mm E200 Blue",Cameras and camcorders,168.00000000,-3528.00000000
1239,7,8,"Fabrikam Social Videographer 2/3"" 17mm E100 Blue",Cameras and camcorders,158.00000000,158.00000000
124,19,10,"Adventure Works 19"" Portable LCD HDTV M110 White",TV and Video,279.99000000,-2519.91000000
1240,27,8,Fabrikam Business Videographer 1/2'' 3mm M500 White,Cameras and camcorders,878.00000000,-16682.00000000
1241,8,16,Fabrikam Business Videographer 1/3'' 8.5mm M380 White,Cameras and camcorders,856.00000000,6848.00000000
1242,19,7,Fabrikam Business Videographer 2/3'' 17mm M280 White,Cameras and camcorders,838.00000000,-10056.00000000
1243,16,2,Fabrikam Social Videographer 1'' 25mm E400 White,Cameras and camcorders,188.00000000,-2632.00000000
1244,15,18,Fabrikam Social Videographer 1/2'' 3mm E300 White,Cameras and camcorders,178.00000000,534.00000000
1245,18,8,Fabrikam Social Videographer 1/3'' 8.5mm E200 White,Cameras and camcorders,168.00000000,-1680.00000000
1246,15,14,Fabrikam Social Videographer 2/3'' 17mm E100 White,Cameras and camcorders,158.00000000,-158.00000000
1247,23,7,Contoso Rechargeable Li-Ion Battery Pack E300 Silver,Cameras and camcorders,49.99000000,-799.84000000
1248,11,19,Contoso Rechargeable Li-Ion Battery Pack E300 Black,Cameras and camcorders,49.99000000,399.92000000
1249,37,8,Contoso Rechargeable Li-Ion Battery Pack E300 White,Cameras and camcorders,49.99000000,-1449.71000000
125,18,24,"Adventure Works 19"" Color Digital TV E35 Silver",TV and Video,143.40000000,860.40000000
1250,25,21,Contoso Travel Charger for S-Series Battery E302 Silver,Cameras and camcorders,59.99000000,-239.96000000
1251,37,7,Contoso Travel Charger for S-Series Battery E302 Black,Cameras and camcorders,59.99000000,-1799.70000000
1252,24,4,Contoso Travel Charger for S-Series Battery E302 White,Cameras and camcorders,59.99000000,-1199.80000000
1253,17,8,Contoso General Carrying Case E304 Silver,Cameras and camcorders,19.99000000,-179.91000000
1254,19,9,Contoso General Carrying Case E304 Black,Cameras and camcorders,19.99000000,-199.90000000
1255,27,17,Contoso General Carrying Case E304 White,Cameras and camcorders,19.99000000,-199.90000000
1256,37,13,Contoso General Carrying Case E304 Blue,Cameras and camcorders,19.99000000,-479.76000000
1257,12,8,Contoso Cyber Shot Digital Cameras Adapter E306 Pink,Cameras and camcorders,39.99000000,-159.96000000
1258,10,11,Contoso Cyber Shot Digital Cameras Adapter E306 Blue,Cameras and camcorders,39.99000000,39.99000000
1259,24,16,Contoso Cyber Shot Digital Cameras Adapter E306 Black,Cameras and camcorders,39.99000000,-319.92000000
126,63,16,"Adventure Works 19"" Color Digital TV E35 Black",TV and Video,143.40000000,-6739.80000000
1260,16,17,Contoso Multi-Use Terminal Cable E308 Silver,Cameras and camcorders,36.99000000,36.99000000
1261,12,9,Contoso Multi-Use Terminal Cable E308 White,Cameras and camcorders,36.99000000,-110.97000000
1262,8,10,Contoso Multi-Use Terminal Cable E308 Black,Cameras and camcorders,36.99000000,73.98000000
1263,4,12,Contoso Rechargeable Battery Pack E310 Silver,Cameras and camcorders,69.99000000,559.92000000
1264,18,0,Contoso Rechargeable Battery Pack E310 Black,Cameras and camcorders,69.99000000,-1259.82000000
1265,15,3,Contoso Rechargeable Battery Pack E310 White,Cameras and camcorders,69.99000000,-839.88000000
1266,32,8,Contoso Carrying Case E312 Silver,Cameras and camcorders,49.96000000,-1199.04000000
1267,43,33,Contoso Carrying Case E312 Pink,Cameras and camcorders,49.96000000,-499.60000000
1268,25,8,Contoso Carrying Case E312 White,Cameras and camcorders,49.96000000,-849.32000000
1269,3,11,Contoso Carrying Case E312 Blue,Cameras and camcorders,49.96000000,399.68000000
127,17,14,"Adventure Works 19"" Color Digital TV E35 White",TV and Video,143.40000000,-430.20000000
1270,31,18,Contoso Lens Cap Keeper E314 Pink,Cameras and camcorders,6.95000000,-90.35000000
1271,25,13,Contoso Lens Cap Keeper E314 Yellow,Cameras and camcorders,6.95000000,-83.40000000
1272,13,27,Contoso Lens Cap Keeper E314 White,Cameras and camcorders,6.95000000,97.30000000
1273,18,14,Contoso Lens Cap Keeper E314 Silver,Cameras and camcorders,6.95000000,-27.80000000
1274,23,27,Contoso Digital Cameras Lightweight Tripod E316 White,Cameras and camcorders,52.13000000,208.52000000
1275,11,9,Contoso Digital Cameras Lightweight Tripod E316 Black,Cameras and camcorders,52.13000000,-104.26000000
1276,24,7,Contoso Digital Cameras Lightweight Tripod E316 Pink,Cameras and camcorders,52.13000000,-886.21000000
1277,41,24,Contoso Digital Cameras Lightweight Tripod E316 Silver,Cameras and camcorders,52.13000000,-886.21000000
1278,27,8,Contoso General Soft Carrying Case E318 Blue,Cameras and camcorders,14.99000000,-284.81000000
1279,51,7,Contoso General Soft Carrying Case E318 Black,Cameras and camcorders,14.99000000,-659.56000000
128,31,22,"Adventure Works 19"" Color Digital TV E35 Brown",TV and Video,143.40000000,-1290.60000000
1280,7,4,Contoso General Soft Carrying Case E318 Silver,Cameras and camcorders,14.99000000,-44.97000000
1281,16,22,Contoso General Soft Carrying Case E318 White,Cameras and camcorders,14.99000000,89.94000000
1282,21,27,Contoso Mini Battery Charger Kit E320 Red,Cameras and camcorders,24.99000000,149.94000000
1283,12,11,Contoso Mini Battery Charger Kit E320 White,Cameras and camcorders,24.99000000,-24.99000000
1284,31,10,Contoso Mini Battery Charger Kit E320 Black,Cameras and camcorders,24.99000000,-524.79000000
1285,13,8,Contoso Mini Battery Charger Kit E320 Silver,Cameras and camcorders,24.99000000,-124.95000000
1286,18,7,Contoso Genuine Leather Grip Belt E322 Black,Cameras and camcorders,77.99000000,-857.89000000
1287,22,6,Contoso Genuine Leather Grip Belt E322 White,Cameras and camcorders,77.99000000,-1247.84000000
1288,16,2,Contoso Genuine Leather Grip Belt E322 Silver,Cameras and camcorders,77.99000000,-1091.86000000
1289,8,21,Contoso Genuine Leather Grip Belt E322 Grey,Cameras and camcorders,77.99000000,1013.87000000
129,35,11,"Adventure Works 20"" Analog CRT TV E45 Silver",TV and Video,200.00000000,-4800.00000000
1290,5,8,Contoso Macro Zoom Lens X300 Silver,Cameras and camcorders,366.55000000,1099.65000000
1291,31,9,Contoso Macro Zoom Lens X300 White,Cameras and camcorders,366.55000000,-8064.10000000
1292,35,22,Contoso Macro Zoom Lens X300 Black,Cameras and camcorders,366.55000000,-4765.15000000
1293,20,5,Contoso Telephoto Conversion Lens X400 Silver,Cameras and camcorders,595.00000000,-8925.00000000
1294,19,9,Contoso Telephoto Conversion Lens X400 White,Cameras and camcorders,595.00000000,-5950.00000000
1295,17,3,Contoso Telephoto Conversion Lens X400 Black,Cameras and camcorders,595.00000000,-8330.00000000
1296,41,11,Contoso USB Cable M250 Black,Cameras and camcorders,25.00000000,-750.00000000
1297,15,34,Contoso USB Cable M250 White,Cameras and camcorders,25.00000000,475.00000000
1298,29,20,Contoso USB Cable M250 Yellow,Cameras and camcorders,25.00000000,-225.00000000
1299,13,7,Contoso USB Cable M250 Blue,Cameras and camcorders,25.00000000,-150.00000000
13,28,10,Contoso 4GB Flash MP3 Player E401 Black,Audio,77.68000000,-1398.24000000
130,16,4,"Adventure Works 20"" Analog CRT TV E45 Black",TV and Video,200.00000000,-2400.00000000
1300,43,10,Contoso Telephoto Conversion Lens M350 Black,Cameras and camcorders,95.00000000,-3135.00000000
1301,21,14,Contoso Telephoto Conversion Lens M350 White,Cameras and camcorders,95.00000000,-665.00000000
1302,33,3,Contoso Telephoto Conversion Lens M350 Silver,Cameras and camcorders,95.00000000,-2850.00000000
1303,32,15,Contoso Telephoto Conversion Lens M350 Blue,Cameras and camcorders,95.00000000,-1615.00000000
1304,27,10,Contoso Lens Adapter M450 White,Cameras and camcorders,68.00000000,-1156.00000000
1305,18,18,Contoso Lens Adapter M450 Silver,Cameras and camcorders,68.00000000,0.00000000
1306,37,11,Contoso Lens Adapter M450 Black,Cameras and camcorders,68.00000000,-1768.00000000
1307,53,13,Contoso Lens Adapter M450 Grey,Cameras and camcorders,68.00000000,-2720.00000000
1308,17,24,Contoso Digital Camera/Camcorder USB Cable E324 Purple,Cameras and camcorders,28.00000000,196.00000000
1309,19,17,Contoso Digital Camera/Camcorder USB Cable E324 Black,Cameras and camcorders,28.00000000,-56.00000000
131,22,10,"Adventure Works 20"" Analog CRT TV E45 White",TV and Video,200.00000000,-2400.00000000
1310,27,2,Contoso Digital Camera/Camcorder USB Cable E324 Silver,Cameras and camcorders,28.00000000,-700.00000000
1311,37,18,Contoso Digital Camera/Camcorder USB Cable E324 White,Cameras and camcorders,28.00000000,-532.00000000
1312,24,7,Contoso Conversion Lens M550 Blue,Cameras and camcorders,205.00000000,-3485.00000000
1313,22,12,Contoso Conversion Lens M550 Black,Cameras and camcorders,205.00000000,-2050.00000000
1314,21,4,Contoso Conversion Lens M550 Silver,Cameras and camcorders,205.00000000,-3485.00000000
1315,23,5,Contoso Conversion Lens M550 Pink,Cameras and camcorders,205.00000000,-3690.00000000
1316,5,3,Contoso Single-line phones E10 Black,Cell phones,9.99000000,-19.98000000
1317,16,18,Contoso Dual Handset Cordless Phone System  E20 Black,Cell phones,12.99000000,25.98000000
1318,16,4,Contoso 3 Handset Cordless Phone System  E30 Black,Cell phones,16.99000000,-203.88000000
1319,27,14,Contoso Multi-line phones M30 Black,Cell phones,22.99000000,-298.87000000
132,20,2,"Adventure Works 20"" Analog CRT TV E45 Brown",TV and Video,200.00000000,-3600.00000000
1320,21,18,Contoso KSU-less key system M38 Black,Cell phones,26.99000000,-80.97000000
1321,16,0,Contoso Hybrid system M60 Black,Cell phones,28.99000000,-463.84000000
1322,24,20,Contoso Private Branch Exchange M88 Black,Cell phones,32.99000000,-131.96000000
1323,13,7,Contoso 4 Handset Cordless Phone System M86 Black,Cell phones,35.99000000,-215.94000000
1324,12,11,Contoso Private Automatic Branch Exchange M65 Black,Cell phones,38.99000000,-38.99000000
1325,14,8,Contoso Electronic Private Automatic Branch Exchange M90 Black,Cell phones,39.99000000,-239.94000000
1326,38,11,Contoso Centrex Phone System L10 Black,Cell phones,42.99000000,-1160.73000000
1327,32,19,Contoso In front of Centrex L15 Black,Cell phones,46.99000000,-610.87000000
1328,40,4,Contoso behind Centrex X15 Black,Cell phones,49.99000000,-1799.64000000
1329,21,5,Contoso Phone with 13-Number Memory (210) M301 Black,Cell phones,16.99000000,-271.84000000
133,34,25,"Adventure Works 20"" LCD HDTV M120 Silver",TV and Video,349.95000000,-3149.55000000
1330,26,13,Contoso Expandable Cordless Phone System M008 Black,Cell phones,22.99000000,-298.87000000
1331,40,21,Contoso Phone System Accessory Handset with Charger M308 Black,Cell phones,26.99000000,-512.81000000
1332,24,26,Contoso 2-Line Corded Cordless Telephone M202 Black,Cell phones,28.99000000,57.98000000
1333,20,18,Contoso 4-Line Corded Cordless Telephone M203 Black,Cell phones,32.99000000,-65.98000000
1334,14,19,Contoso Expandable 3-Handset Cordless Phone System M204 Black,Cell phones,35.99000000,179.95000000
1335,12,8,Contoso Expandable 2-Handset Cordless Phone System M205 Black,Cell phones,40.19000000,-160.76000000
1336,30,3,Contoso Expandable 4-Handset Cordless Phone System M206 Black,Cell phones,43.81000000,-1182.87000000
1337,41,24,Contoso Expandable1-Handset Cordless Phone System M207 Black,Cell phones,47.44000000,-806.48000000
1338,17,11,Contoso Digital Cordless Expansion Handset Phone M900 Black,Cell phones,32.99000000,-197.94000000
1339,13,5,Contoso 2-Line Speakerphone M109 Black,Cell phones,35.99000000,-287.92000000
134,33,13,"Adventure Works 20"" LCD HDTV M120 Black",TV and Video,349.95000000,-6999.00000000
1340,8,24,Contoso Phone with Memory Dialing-single line E88 Black,Cell phones,14.19000000,227.04000000
1341,37,9,Contoso Phone with Memory Dialing-2 lines E90 Black,Cell phones,16.00000000,-448.00000000
1342,23,4,Contoso Integrated Business Phone With card L10 Black,Cell phones,42.00000000,-798.00000000
1343,10,10,Contoso Integrated Business Phone L08 Black,Cell phones,31.00000000,0.00000000
1344,27,0,Contoso Phone for MSN E200 Black,Cell phones,16.00000000,-432.00000000
1345,13,17,Contoso 4-Line Expandable Cordless Phone System M900 Black,Cell phones,22.00000000,88.00000000
1346,21,14,Contoso Lifestyles Series - Big Button Cordless phone M800 Black,Cell phones,23.00000000,-161.00000000
1347,11,8,Contoso Bedroom Phone with AM/FM Stereo and Call Waiting Caller ID M600 Black,Cell phones,21.00000000,-63.00000000
1348,16,0,Contoso Waterproof Accessory Handset and Charging Cradle M609 Black,Cell phones,22.99000000,-367.84000000
1349,25,18,Contoso Single-line phones E10 White,Cell phones,9.99000000,-69.93000000
135,23,20,"Adventure Works 20"" LCD HDTV M120 White",TV and Video,349.95000000,-1049.85000000
1350,24,9,Contoso Dual Handset Cordless Phone System E20 White,Cell phones,12.99000000,-194.85000000
1351,17,10,Contoso 3 Handset Cordless Phone System E30 White,Cell phones,16.99000000,-118.93000000
1352,28,15,Contoso Multi-line phones M30 White,Cell phones,22.99000000,-298.87000000
1353,11,29,Contoso KSU-less key system M38 White,Cell phones,26.99000000,485.82000000
1354,9,15,Contoso Hybrid system M60 White,Cell phones,28.99000000,173.94000000
1355,8,7,Contoso Private Branch Exchange M88 White,Cell phones,32.99000000,-32.99000000
1356,24,13,Contoso 4 Handset Cordless Phone System M86 White,Cell phones,35.99000000,-395.89000000
1357,23,5,Contoso Private Automatic Branch Exchange M65 White,Cell phones,38.99000000,-701.82000000
1358,36,15,Contoso Electronic Private Automatic Branch Exchange M90 White,Cell phones,39.99000000,-839.79000000
1359,23,13,Contoso Centrex Phone System L10 White,Cell phones,42.99000000,-429.90000000
136,19,21,"Adventure Works 20"" LCD HDTV M120 Brown",TV and Video,349.95000000,699.90000000
1360,55,15,Contoso In front of Centrex L15 White,Cell phones,46.99000000,-1879.60000000
1361,19,17,Contoso Behind Centrex X15 White,Cell phones,49.99000000,-99.98000000
1362,28,11,Contoso Phone with 13-Number Memory (210) M301 White,Cell phones,16.99000000,-288.83000000
1363,42,1,Contoso Expandable Cordless Phone System M008 White,Cell phones,22.99000000,-942.59000000
1364,21,13,Contoso Phone System Accessory Handset with Charger M308 White,Cell phones,26.99000000,-215.92000000
1365,14,27,Contoso 2-Line Corded Cordless Telephone M202 White,Cell phones,28.99000000,376.87000000
1366,20,15,Contoso 4-Line Corded Cordless Telephone M203 White,Cell phones,32.99000000,-164.95000000
1367,24,14,Contoso Expandable 3-Handset Cordless Phone System M204 White,Cell phones,35.99000000,-359.90000000
1368,24,8,Contoso Expandable 2-Handset Cordless Phone System M205 White,Cell phones,40.19000000,-643.04000000
1369,23,12,Contoso Expandable 4-Handset Cordless Phone System M206 White,Cell phones,43.81000000,-481.91000000
137,29,18,"Adventure Works 32"" LCD HDTV M130 Silver",TV and Video,499.99000000,-5499.89000000
1370,18,18,Contoso Expandable1-Handset Cordless Phone System M207 White,Cell phones,47.44000000,0.00000000
1371,24,0,Contoso Digital Cordless Expansion Handset Phone M900 White,Cell phones,32.99000000,-791.76000000
1372,46,17,Contoso 2-Line Speakerphone M109 White,Cell phones,35.99000000,-1043.71000000
1373,14,13,Contoso Phone with Memory Dialing-single line E88 White,Cell phones,14.19000000,-14.19000000
1374,29,13,Contoso Phone with Memory Dialing-2 lines E90 White,Cell phones,16.00000000,-256.00000000
1375,25,14,Contoso Integrated Business Phone With card L10 White,Cell phones,42.00000000,-462.00000000
1376,19,2,Contoso Integrated Business Phone L08 White,Cell phones,31.00000000,-527.00000000
1377,8,11,Contoso Phone for MSN E200 White,Cell phones,16.00000000,48.00000000
1378,12,24,Contoso 4-Line Expandable Cordless Phone System M900 White,Cell phones,22.00000000,264.00000000
1379,25,16,Contoso Lifestyles Series - Big Button Cordless phone M800 White,Cell phones,23.00000000,-207.00000000
138,47,19,"Adventure Works 32"" LCD HDTV M130 Black",TV and Video,499.99000000,-13999.72000000
1380,17,19,Contoso Bedroom Phone with AM/FM Stereo and Call Waiting Caller ID M600 White,Cell phones,21.00000000,42.00000000
1381,12,21,Contoso Waterproof Accessory Handset and Charging Cradle M609 White,Cell phones,22.99000000,206.91000000
1382,10,11,Contoso Single-line phones E10 Grey,Cell phones,9.99000000,9.99000000
1383,17,3,Contoso Dual Handset Cordless Phone System E20 Grey,Cell phones,12.99000000,-181.86000000
1384,15,3,Contoso 3 Handset Cordless Phone System E30 Grey,Cell phones,16.99000000,-203.88000000
1385,47,17,Contoso Multi-line phones M30 Grey,Cell phones,22.99000000,-689.70000000
1386,18,14,Contoso KSU-less key system M38 Grey,Cell phones,26.99000000,-107.96000000
1387,22,25,Contoso Hybrid system M60 Grey,Cell phones,28.99000000,86.97000000
1388,49,5,Contoso Private Branch Exchange M88 Grey,Cell phones,32.99000000,-1451.56000000
1389,19,17,Contoso 4 Handset Cordless Phone System M86 Grey,Cell phones,35.99000000,-71.98000000
139,26,22,"Adventure Works 32"" LCD HDTV M130 White",TV and Video,499.99000000,-1999.96000000
1390,13,9,Contoso Private Automatic Branch Exchange M65 Grey,Cell phones,38.99000000,-155.96000000
1391,29,3,Contoso Electronic Private Automatic Branch Exchange M90 Grey,Cell phones,39.99000000,-1039.74000000
1392,21,7,Contoso Centrex Phone System L10 Grey,Cell phones,42.99000000,-601.86000000
1393,18,2,Contoso In front of Centrex L15 Grey,Cell phones,46.99000000,-751.84000000
1394,31,21,Contoso behind Centrex X15 Grey,Cell phones,49.99000000,-499.90000000
1395,21,2,Contoso Phone with 13-Number Memory (210) M301 Grey,Cell phones,16.99000000,-322.81000000
1396,10,4,Contoso Expandable Cordless Phone System M008 Grey,Cell phones,22.99000000,-137.94000000
1397,19,5,Contoso Phone System Accessory Handset with Charger M308 Grey,Cell phones,26.99000000,-377.86000000
1398,12,8,Contoso 2-Line Corded Cordless Telephone M202 Grey,Cell phones,28.99000000,-115.96000000
1399,43,7,Contoso 4-Line Corded Cordless Telephone M203 Grey,Cell phones,32.99000000,-1187.64000000
14,21,15,Contoso 4GB Flash MP3 Player E401 Silver,Audio,77.68000000,-466.08000000
140,19,31,"Adventure Works 32"" LCD HDTV M130 Brown",TV and Video,499.99000000,5999.88000000
1400,14,11,Contoso Expandable 3-Handset Cordless Phone System M204 Grey,Cell phones,35.99000000,-107.97000000
1401,18,2,Contoso Expandable 2-Handset Cordless Phone System M205 Grey,Cell phones,40.19000000,-643.04000000
1402,18,17,Contoso Expandable 4-Handset Cordless Phone System M206 Grey,Cell phones,43.81000000,-43.81000000
1403,25,5,Contoso Expandable1-Handset Cordless Phone System M207 Grey,Cell phones,47.44000000,-948.80000000
1404,11,7,Contoso Digital Cordless Expansion Handset Phone M900 Grey,Cell phones,32.99000000,-131.96000000
1405,11,8,Contoso 2-Line Speakerphone M109 Grey,Cell phones,35.99000000,-107.97000000
1406,26,12,Contoso Phone with Memory Dialing-single line E88 Grey,Cell phones,14.19000000,-198.66000000
1407,19,10,Contoso Phone with Memory Dialing-2 lines E90 Grey,Cell phones,16.00000000,-144.00000000
1408,71,31,"The Phone Company Touch Screen Phone 1600 TFT-2.2"" L200 Black",Cell phones,529.00000000,-21160.00000000
1409,65,30,"The Phone Company Touch Screen Phone 1600 TFT-1.4"" L250 Black",Cell phones,589.00000000,-20615.00000000
141,17,14,"Adventure Works 15.6"" LCD TV M130W Silver",TV and Video,299.99000000,-899.97000000
1410,60,40,"The Phone Company Touch Screen Phones 26-2.2"" M200 Black",Cell phones,230.00000000,-4600.00000000
1411,71,33,"The Phone Company Touch Screen Phones 26-1.4"" M250 Black",Cell phones,268.00000000,-10184.00000000
1412,71,32,The Phone Company Touch Screen Phones 4-Wire/On-wall M302 Black,Cell phones,289.00000000,-11271.00000000
1413,49,33,The Phone Company Touch Screen Phones SAW/Built-in M801 Black,Cell phones,299.00000000,-4784.00000000
1414,60,30,The Phone Company Touch Screen Phones 5-Wire/Built-in M500 Black,Cell phones,256.00000000,-7680.00000000
1415,52,25,The Phone Company Touch Screen Phones Infrared M901 Black,Cell phones,300.00000000,-8100.00000000
1416,65,28,The Phone Company Touch Screen Phones Capacitive M908 Black,Cell phones,308.00000000,-11396.00000000
1417,68,28,The Phone Company Touch Screen Phones 4-Wire/ Built-in M205 Black,Cell phones,268.00000000,-10720.00000000
1418,32,57,The Phone Company Touch Screen Phones SAW/On-wall M806 Black,Cell phones,293.00000000,7325.00000000
1419,37,42,The Phone Company Touch Screen Phones 5-Wire/On-wall M508 Black,Cell phones,258.00000000,1290.00000000
142,26,23,"Adventure Works 15.6"" LCD TV M130W Black",TV and Video,299.99000000,-899.97000000
1420,45,56,The Phone Company Finger Touch Screen Phones M30 Black,Cell phones,199.00000000,2189.00000000
1421,59,31,"The Phone Company Pen Touch Screen Phones-2.6"" M320 Black",Cell phones,290.00000000,-8120.00000000
1422,70,19,The Phone Company Sharp Touch Screen Phones M910 Black,Cell phones,301.00000000,-15351.00000000
1423,51,31,The Phone Company Touch Screen Phones - CRT M11 Black,Cell phones,189.00000000,-3780.00000000
1424,73,22,The Phone Company Touch Screen Phones - LCD M12 Black,Cell phones,200.00000000,-10200.00000000
1425,73,34,"The Phone Company Touch Screen Phone 1600 TFT-2.2"" L200 Grey",Cell phones,529.00000000,-20631.00000000
1426,67,21,"The Phone Company Touch Screen Phone 1600 TFT-1.4"" L250 Grey",Cell phones,589.00000000,-27094.00000000
1427,64,37,"The Phone Company Touch Screen Phones 26-2.2"" M200 Grey",Cell phones,230.00000000,-6210.00000000
1428,81,32,"The Phone Company Touch Screen Phones 26-1.4"" M250 Grey",Cell phones,268.00000000,-13132.00000000
1429,44,17,The Phone Company Touch Screen Phones 4-Wire/On-wall M302 Grey,Cell phones,289.00000000,-7803.00000000
143,47,17,"Adventure Works 15.6"" LCD TV M130W White",TV and Video,299.99000000,-8999.70000000
1430,66,29,The Phone Company Touch Screen Phones SAW/Built-in M801 Grey,Cell phones,299.00000000,-11063.00000000
1431,81,30,The Phone Company Touch Screen Phones 5-Wire/Built-in M500 Grey,Cell phones,256.00000000,-13056.00000000
1432,59,73,The Phone Company Touch Screen Phones Infrared M901 Grey,Cell phones,300.00000000,4200.00000000
1433,79,43,The Phone Company Touch Screen Phones Capacitive M908 Grey,Cell phones,308.00000000,-11088.00000000
1434,94,41,The Phone Company Touch Screen Phones 4-Wire/ Built-in M205 Grey,Cell phones,268.00000000,-14204.00000000
1435,58,22,The Phone Company Touch Screen Phones SAW/On-wall M806 Grey,Cell phones,293.00000000,-10548.00000000
1436,53,48,The Phone Company Touch Screen Phones 5-Wire/On-wall M508 Grey,Cell phones,258.00000000,-1290.00000000
1437,59,38,The Phone Company Finger Touch Screen Phones M30 Grey,Cell phones,199.00000000,-4179.00000000
1438,47,53,The Phone Company Pen Touch Screen Phones M320 Grey,Cell phones,290.00000000,1740.00000000
1439,65,46,The Phone Company Sharp Touch Screen Phones M910 Grey,Cell phones,301.00000000,-5719.00000000
144,26,19,"Adventure Works 15.6"" LCD TV M130W Brown",TV and Video,299.99000000,-2099.93000000
1440,74,8,The Phone Company Touch Screen Phones - CRT M11 Grey,Cell phones,189.00000000,-12474.00000000
1441,46,38,The Phone Company Touch Screen Phones - LCD M12 Grey,Cell phones,200.00000000,-1600.00000000
1442,58,18,"The Phone Company Touch Screen Phone 1600 TFT-2.2"" L200 Gold",Cell phones,529.00000000,-21160.00000000
1443,73,43,"The Phone Company Touch Screen Phone 1600 TFT-1.4"" L250 Gold",Cell phones,589.00000000,-17670.00000000
1444,77,41,"The Phone Company Touch Screen Phones 26-2.2"" M200 Gold",Cell phones,230.00000000,-8280.00000000
1445,49,33,"The Phone Company Touch Screen Phones 26-1.4"" M250 Gold",Cell phones,268.00000000,-4288.00000000
1446,48,17,The Phone Company Touch Screen Phones 4-Wire/On-wall M302 Gold,Cell phones,289.00000000,-8959.00000000
1447,65,43,The Phone Company Touch Screen Phones SAW/Built-in M801 Gold,Cell phones,299.00000000,-6578.00000000
1448,68,18,The Phone Company Touch Screen Phones 5-Wire/Built-in M500 Gold,Cell phones,256.00000000,-12800.00000000
1449,54,65,The Phone Company Touch Screen Phones Infrared M901 Gold,Cell phones,300.00000000,3300.00000000
145,24,16,"Adventure Works 52"" LCD HDTV X590 Silver",TV and Video,2899.99000000,-23199.92000000
1450,70,33,The Phone Company Touch Screen Phones Capacitive M908 Gold,Cell phones,308.00000000,-11396.00000000
1451,40,43,The Phone Company Touch Screen Phones 4-Wire/ Built-in M205 Gold,Cell phones,268.00000000,804.00000000
1452,57,31,The Phone Company Touch Screen Phones SAW/On-wall M806 Gold,Cell phones,293.00000000,-7618.00000000
1453,91,21,The Phone Company Touch Screen Phones 5-Wire/On-wall M508 Gold,Cell phones,258.00000000,-18060.00000000
1454,70,48,The Phone Company Finger Touch Screen Phones M30 Gold,Cell phones,199.00000000,-4378.00000000
1455,70,38,The Phone Company Pen Touch Screen Phones M320 Gold,Cell phones,290.00000000,-9280.00000000
1456,63,29,The Phone Company Sharp Touch Screen Phones M910 Gold,Cell phones,301.00000000,-10234.00000000
1457,58,46,The Phone Company Touch Screen Phones - CRT M11 Gold,Cell phones,189.00000000,-2268.00000000
1458,59,93,The Phone Company Touch Screen Phones - LCD M12 Gold,Cell phones,200.00000000,6800.00000000
1459,74,58,Contoso Touch Screen Phones 5-Wire/Built-in M500 Black,Cell phones,256.00000000,-4096.00000000
146,50,12,"Adventure Works 52"" LCD HDTV X590 Black",TV and Video,2899.99000000,-110199.62000000
1460,67,33,Contoso Touch Screen Phones Infrared M901 Black,Cell phones,300.00000000,-10200.00000000
1461,54,29,Contoso Touch Screen Phones Capacitive M908 Black,Cell phones,308.00000000,-7700.00000000
1462,74,33,Contoso Touch Screen Phones 4-Wire/ Built-in M205 Black,Cell phones,268.00000000,-10988.00000000
1463,37,41,Contoso Touch Screen Phones SAW/On-wall M806 Black,Cell phones,293.00000000,1172.00000000
1464,54,31,Contoso Touch Screen Phones 5-Wire/On-wall M508 Black,Cell phones,258.00000000,-5934.00000000
1465,63,70,Contoso Finger Touch Screen Phones M30 Black,Cell phones,199.00000000,1393.00000000
1466,92,29,Contoso Pen Touch Screen Phones M320 Black,Cell phones,290.00000000,-18270.00000000
1467,52,46,Contoso Sharp Touch Screen Phones M910 Black,Cell phones,301.00000000,-1806.00000000
1468,51,23,Contoso Touch Screen Phones - CRT M11 Black,Cell phones,189.00000000,-5292.00000000
1469,81,39,Contoso Touch Screen Phones  - LCD M12 Black,Cell phones,200.00000000,-8400.00000000
147,64,13,"Adventure Works 52"" LCD HDTV X590 White",TV and Video,2899.99000000,-147899.49000000
1470,46,38,The Phone Company Smart phones without camera E100 Black,Cell phones,129.00000000,-1032.00000000
1471,23,8,The Phone Company Microsoft Windows Mobile M200 Black,Cell phones,229.00000000,-3435.00000000
1472,37,23,The Phone Company Smart phones 4 GB of Memory M300 Black,Cell phones,239.00000000,-3346.00000000
1473,55,5,The Phone Company Smart phones 8 GB of Memory M400 Black,Cell phones,269.00000000,-13450.00000000
1474,27,2,The Phone Company Smart phones 160x160 M26 Black,Cell phones,208.00000000,-5200.00000000
1475,56,25,The Phone Company Smart phones 6-LINE SCREEN M21 Black,Cell phones,230.00000000,-7130.00000000
1476,44,8,The Phone Company Smart phones -320 x 320 M86 Black,Cell phones,288.00000000,-10368.00000000
1477,31,7,The Phone Company Smart phones Unlocked M300 Black,Cell phones,267.00000000,-6408.00000000
1478,14,29,The Phone Company Smart phones Expert M400 Black,Cell phones,300.00000000,4500.00000000
1479,46,19,The Phone Company Smart phones Unlocked International M800 Black,Cell phones,310.00000000,-8370.00000000
148,38,11,"Adventure Works 52"" LCD HDTV X590 Brown",TV and Video,2899.99000000,-78299.73000000
1480,36,37,The Phone Company Smart phones without camera E100 Grey,Cell phones,129.00000000,129.00000000
1481,45,26,The Phone Company Microsoft Windows Mobile M200 Grey,Cell phones,229.00000000,-4351.00000000
1482,41,11,The Phone Company Smart phones 4 GB of Memory M300 Grey,Cell phones,239.00000000,-7170.00000000
1483,44,16,The Phone Company Smart phones 8 GB of Memory M400 Grey,Cell phones,269.00000000,-7532.00000000
1484,34,16,The Phone Company Smart phones 160x160 M26 Grey,Cell phones,208.00000000,-3744.00000000
1485,31,27,The Phone Company Smart phones 6-LINE SCREEN M21 Grey,Cell phones,230.00000000,-920.00000000
1486,46,20,The Phone Company Smart phones 320 x 320 M86 Grey,Cell phones,288.00000000,-7488.00000000
1487,27,36,The Phone Company Smart phones Unlocked M300 Grey,Cell phones,267.00000000,2403.00000000
1488,12,15,The Phone Company Smart phones Expert M400 Grey,Cell phones,300.00000000,900.00000000
1489,45,22,The Phone Company Smart phones Unlocked International M800 Grey,Cell phones,310.00000000,-7130.00000000
149,23,17,"Adventure Works 40"" LCD HDTV M690 Silver",TV and Video,1184.97000000,-7109.82000000
1490,38,21,The Phone Company Smart phones without camera E100 White,Cell phones,129.00000000,-2193.00000000
1491,36,26,The Phone Company Microsoft Windows Mobile M200 White,Cell phones,229.00000000,-2290.00000000
1492,38,9,The Phone Company Smart phones 4 GB of Memory M300 White,Cell phones,239.00000000,-6931.00000000
1493,40,9,The Phone Company Smart phones 8 GB of Memory M400 White,Cell phones,269.00000000,-8339.00000000
1494,49,37,The Phone Company Smart phones 160x160 M26 White,Cell phones,208.00000000,-2496.00000000
1495,50,26,The Phone Company Smart phones 6-LINE SCREEN M21 White,Cell phones,230.00000000,-5520.00000000
1496,46,9,The Phone Company Smart phones 320 x 320 M86 White,Cell phones,288.00000000,-10656.00000000
1497,38,18,The Phone Company Smart phones Unlocked M300 White,Cell phones,267.00000000,-5340.00000000
1498,37,23,The Phone Company Smart phones Expert M400 White,Cell phones,300.00000000,-4200.00000000
1499,43,0,The Phone Company Smart phones Unlocked International M800 White,Cell phones,310.00000000,-13330.00000000
15,42,9,Contoso 4GB Flash MP3 Player E401 White,Audio,77.68000000,-2563.44000000
150,38,9,"Adventure Works 40"" LCD HDTV M690 Black",TV and Video,1184.97000000,-34364.13000000
1500,40,31,The Phone Company Smart phones without camera E100 Pink,Cell phones,129.00000000,-1161.00000000
1501,23,12,The Phone Company Microsoft Windows Mobile M200 Pink,Cell phones,229.00000000,-2519.00000000
1502,45,31,The Phone Company Smart phones 4 GB of Memory M300 Pink,Cell phones,239.00000000,-3346.00000000
1503,18,7,The Phone Company Smart phones 8 GB of Memory M400 Pink,Cell phones,269.00000000,-2959.00000000
1504,48,9,The Phone Company Smart phones 160x160 M26 Pink,Cell phones,208.00000000,-8112.00000000
1505,33,27,The Phone Company Smart phones 6-LINE SCREEN M21 Pink,Cell phones,230.00000000,-1380.00000000
1506,46,25,The Phone Company Smart phones 320 x 320 M86 Pink,Cell phones,288.00000000,-6048.00000000
1507,29,8,The Phone Company Smart phones Unlocked M300 Pink,Cell phones,267.00000000,-5607.00000000
1508,14,11,The Phone Company Smart phones Expert M400 Pink,Cell phones,300.00000000,-900.00000000
1509,53,24,The Phone Company Smart phones Unlocked International M800 Pink,Cell phones,310.00000000,-8990.00000000
151,10,6,"Adventure Works 40"" LCD HDTV M690 White",TV and Video,1184.97000000,-4739.88000000
1510,42,24,The Phone Company Smart phones without camera E100 Gold,Cell phones,129.00000000,-2322.00000000
1511,51,21,The Phone Company Microsoft Windows Mobile M200 Gold,Cell phones,229.00000000,-6870.00000000
1512,42,22,The Phone Company Smart phones 4 GB of Memory M300 Gold,Cell phones,239.00000000,-4780.00000000
1513,48,18,The Phone Company Smart phones 8 GB of Memory M400 Gold,Cell phones,269.00000000,-8070.00000000
1514,35,16,The Phone Company Smart phones 160x160 M26 Gold,Cell phones,208.00000000,-3952.00000000
1515,41,8,The Phone Company Smart phones 6-LINE SCREEN M21 Gold,Cell phones,230.00000000,-7590.00000000
1516,26,11,The Phone Company Smart phones 320 x 320 M86 Gold,Cell phones,288.00000000,-4320.00000000
1517,48,49,The Phone Company Smart phones Unlocked M300 Gold,Cell phones,267.00000000,267.00000000
1518,40,18,The Phone Company Smart phones Expert M400 Gold,Cell phones,300.00000000,-6600.00000000
1519,26,9,The Phone Company Smart phones Unlocked International M800 Gold,Cell phones,310.00000000,-5270.00000000
152,30,12,"Adventure Works 40"" LCD HDTV M690 Brown",TV and Video,1184.97000000,-21329.46000000
1520,40,12,The Phone Company PDA Wifi 3.5-inch M200 Black,Cell phones,280.00000000,-7840.00000000
1521,49,29,The Phone Company PDA Wifi 3.7-inch M250 Black,Cell phones,310.00000000,-6200.00000000
1522,30,16,The Phone Company PDA Wifi 4.7-inch L290 Black,Cell phones,380.00000000,-5320.00000000
1523,54,3,The Phone Company PDA Phone 3.5 inches M320 Black,Cell phones,299.00000000,-15249.00000000
1524,44,33,The Phone Company PDA Phone 3.7 inches M340 Black,Cell phones,330.00000000,-3630.00000000
1525,31,11,The Phone Company PDA Phone 4.7 inches L360 Black,Cell phones,402.00000000,-8040.00000000
1526,43,26,The Phone Company PDA Phone Unlocked 3.7 inches M510 Black,Cell phones,238.00000000,-4046.00000000
1527,34,29,The Phone Company PDA Phone Unlocked 3.5 inches M530 Black,Cell phones,268.00000000,-1340.00000000
1528,47,15,The Phone Company PDA Phone Unlocked 4.7 inches L550 Black,Cell phones,302.00000000,-9664.00000000
1529,31,27,The Phone Company PDA Handheld 3.5 inch M610 Black,Cell phones,255.00000000,-1020.00000000
153,34,7,"Adventure Works 26"" 720p LCD HDTV M140 Silver",TV and Video,469.97000000,-12689.19000000
1530,41,24,The Phone Company PDA Handheld 3.7 inch M630 Black,Cell phones,266.00000000,-4522.00000000
1531,26,22,The Phone Company PDA Handheld 4.7 inch L650 Black,Cell phones,389.00000000,-1556.00000000
1532,33,3,The Phone Company PDA Palm 3.5 inch M810 Black,Cell phones,280.00000000,-8400.00000000
1533,47,15,The Phone Company PDA Palm 3.7 inch M830 Black,Cell phones,299.00000000,-9568.00000000
1534,26,12,The Phone Company PDA Palm 4.7 inch L850 Black,Cell phones,398.00000000,-5572.00000000
1535,43,27,The Phone Company PDA GPS Phone 3.5 inch M910 Black,Cell phones,268.00000000,-4288.00000000
1536,47,38,The Phone Company PDA GPS Phone 3.7 inch M930 Black,Cell phones,298.00000000,-2682.00000000
1537,46,32,The Phone Company PDA GPS Phone 4.7 inch L950 Black,Cell phones,368.00000000,-5152.00000000
1538,38,28,The Phone Company PDA Wifi 3.5-inch M200 Silver,Cell phones,280.00000000,-2800.00000000
1539,31,14,The Phone Company PDA Wifi 3.7-inch M250 Silver,Cell phones,310.00000000,-5270.00000000
154,41,19,"Adventure Works 26"" 720p LCD HDTV M140 Black",TV and Video,469.97000000,-10339.34000000
1540,18,26,The Phone Company PDA Wifi 4.7-inch L290 Silver,Cell phones,380.00000000,3040.00000000
1541,39,11,The Phone Company PDA Phone 3.5 inches M320 Silver,Cell phones,299.00000000,-8372.00000000
1542,28,21,The Phone Company PDA Phone 3.7 inches M340 Silver,Cell phones,330.00000000,-2310.00000000
1543,31,26,The Phone Company PDA Phone 4.7 inches L360 Silver,Cell phones,402.00000000,-2010.00000000
1544,53,19,The Phone Company PDA Phone Unlocked 3.7 inches M510 Silver,Cell phones,238.00000000,-8092.00000000
1545,9,15,The Phone Company PDA Phone Unlocked 3.5 inches M530 Silver,Cell phones,268.00000000,1608.00000000
1546,23,25,The Phone Company PDA Phone Unlocked 4.7 inches L550 Silver,Cell phones,302.00000000,604.00000000
1547,37,17,The Phone Company PDA Handheld 3.5 inch M610 Silver,Cell phones,255.00000000,-5100.00000000
1548,35,36,The Phone Company PDA Handheld 3.7 inch M630 Silver,Cell phones,266.00000000,266.00000000
1549,31,18,The Phone Company PDA Handheld 4.7 inch L650 Silver,Cell phones,389.00000000,-5057.00000000
155,19,8,"Adventure Works 26"" 720p LCD HDTV M140 White",TV and Video,469.97000000,-5169.67000000
1550,52,27,The Phone Company PDA Palm 3.5 inch M810 Silver,Cell phones,280.00000000,-7000.00000000
1551,41,16,The Phone Company PDA Palm 3.7 inch M830 Silver,Cell phones,299.00000000,-7475.00000000
1552,42,33,The Phone Company PDA Palm 4.7 inch L850 Silver,Cell phones,398.00000000,-3582.00000000
1553,18,21,The Phone Company PDA GPS Phone 3.5 inch M910 Silver,Cell phones,268.00000000,804.00000000
1554,29,29,The Phone Company PDA GPS Phone 3.7 inch M930 Silver,Cell phones,298.00000000,0.00000000
1555,38,24,The Phone Company PDA GPS Phone 4.7 inch L950 Silver,Cell phones,368.00000000,-5152.00000000
1556,42,22,The Phone Company PDA Wifi 3.5-inch M200 White,Cell phones,280.00000000,-5600.00000000
1557,55,19,The Phone Company PDA Wifi 3.7-inch M250 White,Cell phones,310.00000000,-11160.00000000
1558,40,35,The Phone Company PDA Wifi 4.7-inch L290 White,Cell phones,380.00000000,-1900.00000000
1559,37,11,The Phone Company PDA Phone 3.5 inches M320 White,Cell phones,299.00000000,-7774.00000000
156,12,24,"Adventure Works 26"" 720p LCD HDTV M140 Brown",TV and Video,469.97000000,5639.64000000
1560,32,6,The Phone Company PDA Phone 3.7 inches M340 White,Cell phones,330.00000000,-8580.00000000
1561,32,15,The Phone Company PDA Phone 4.7 inches L360 White,Cell phones,402.00000000,-6834.00000000
1562,23,16,The Phone Company PDA Phone Unlocked 3.7 inches M510 White,Cell phones,238.00000000,-1666.00000000
1563,60,16,The Phone Company PDA Phone Unlocked 3.5 inches M530 White,Cell phones,268.00000000,-11792.00000000
1564,38,8,The Phone Company PDA Phone Unlocked 4.7 inches L550 White,Cell phones,302.00000000,-9060.00000000
1565,44,24,The Phone Company PDA Handheld 3.5 inch M610 White,Cell phones,255.00000000,-5100.00000000
1566,46,25,The Phone Company PDA Handheld 3.7 inch M630 White,Cell phones,266.00000000,-5586.00000000
1567,61,13,The Phone Company PDA Handheld 4.7 inch L650 White,Cell phones,389.00000000,-18672.00000000
1568,28,11,The Phone Company PDA Palm 3.5 inch M810 White,Cell phones,280.00000000,-4760.00000000
1569,45,41,The Phone Company PDA Palm 3.7 inch M830 White,Cell phones,299.00000000,-1196.00000000
157,29,32,"Adventure Works 37"" 1080p LCD HDTV M150W Silver",TV and Video,1099.99000000,3299.97000000
1570,35,13,The Phone Company PDA Palm 4.7 inch L850 White,Cell phones,398.00000000,-8756.00000000
1571,74,41,SV DVD Player M100 Black,"Music, Movies and Audio Books",56.99000000,-1880.67000000
1572,115,50,SV DVD Player M110 Silver,"Music, Movies and Audio Books",57.99000000,-3769.35000000
1573,165,56,SV DVD Player M120 White,"Music, Movies and Audio Books",58.99000000,-6429.91000000
1574,71,56,SV DVD Player M130 Grey,"Music, Movies and Audio Books",59.99000000,-899.85000000
1575,68,53,SV DVD Player M140 Gold,"Music, Movies and Audio Books",60.99000000,-914.85000000
1576,92,48,SV DVD Movies E100 Yellow,"Music, Movies and Audio Books",12.99000000,-571.56000000
1577,97,50,SV DVD Recorder L200 Black,"Music, Movies and Audio Books",219.00000000,-10293.00000000
1578,134,62,SV DVD Recorder L210 Silver,"Music, Movies and Audio Books",219.00000000,-15768.00000000
1579,102,60,SV DVD Recorder L220 White,"Music, Movies and Audio Books",219.00000000,-9198.00000000
158,37,22,"Adventure Works 37"" 1080p LCD HDTV M150W Black",TV and Video,1099.99000000,-16499.85000000
1580,79,61,SV DVD Recorder L230 Grey,"Music, Movies and Audio Books",219.00000000,-3942.00000000
1581,90,70,SV DVD Recorder L240 Gold,"Music, Movies and Audio Books",219.00000000,-4380.00000000
1582,114,35,SV DVD 48 DVD Storage Binder M50 Black,"Music, Movies and Audio Books",17.99000000,-1421.21000000
1583,131,57,SV DVD 58 DVD Storage Binder M55 Black,"Music, Movies and Audio Books",13.89000000,-1027.86000000
1584,95,54,SV DVD 38 DVD Storage Binder E25 Black,"Music, Movies and Audio Books",9.99000000,-409.59000000
1585,115,46,SV DVD 60 DVD Storage Binder L20 Black,"Music, Movies and Audio Books",22.89000000,-1579.41000000
1586,95,81,SV DVD 55DVD Storage Binder M56 Black,"Music, Movies and Audio Books",12.66000000,-177.24000000
1587,92,28,SV DVD 48 DVD Storage Binder M50 Silver,"Music, Movies and Audio Books",17.99000000,-1151.36000000
1588,108,52,SV DVD 58 DVD Storage Binder M55 Silver,"Music, Movies and Audio Books",13.89000000,-777.84000000
1589,122,66,SV DVD 38 DVD Storage Binder E25 Silver,"Music, Movies and Audio Books",9.99000000,-559.44000000
159,54,19,"Adventure Works 37"" 1080p LCD HDTV M150W White",TV and Video,1099.99000000,-38499.65000000
1590,127,44,SV DVD 60 DVD Storage Binder L20 Silver,"Music, Movies and Audio Books",22.89000000,-1899.87000000
1591,88,64,SV DVD 55DVD Storage Binder M56 Silver,"Music, Movies and Audio Books",12.66000000,-303.84000000
1592,86,53,SV DVD 48 DVD Storage Binder M50 Red,"Music, Movies and Audio Books",17.99000000,-593.67000000
1593,110,67,SV DVD 58 DVD Storage Binder M55 Red,"Music, Movies and Audio Books",13.89000000,-597.27000000
1594,107,56,SV DVD 38 DVD Storage Binder E25 Red,"Music, Movies and Audio Books",9.99000000,-509.49000000
1595,85,32,SV DVD 60 DVD Storage Binder L20 Red,"Music, Movies and Audio Books",22.89000000,-1213.17000000
1596,174,51,SV DVD 55DVD Storage Binder M56 Red,"Music, Movies and Audio Books",12.66000000,-1557.18000000
1597,117,47,SV DVD External DVD Burner M200 Black,"Music, Movies and Audio Books",57.88000000,-4051.60000000
1598,78,45,SV DVD External DVD Burner M200 Grey,"Music, Movies and Audio Books",57.88000000,-1910.04000000
1599,81,65,SV DVD External DVD Burner M200 Blue,"Music, Movies and Audio Books",57.88000000,-926.08000000
16,6,5,Contoso 8GB Super-Slim MP3/Video Player M800 White,Audio,109.95000000,-109.95000000
160,23,18,"Adventure Works 37"" 1080p LCD HDTV M150W Brown",TV and Video,1099.99000000,-5499.95000000
1600,109,62,SV DVD External DVD Burner M200 Silver,"Music, Movies and Audio Books",57.88000000,-2720.36000000
1601,73,57,SV DVD 9-Inch Player Portable M300 Black,"Music, Movies and Audio Books",159.99000000,-2559.84000000
1602,109,65,SV DVD 12-Inch Player Portable M400 Black,"Music, Movies and Audio Books",179.99000000,-7919.56000000
1603,84,62,SV DVD 7-Inch Player Portable E200 Black,"Music, Movies and Audio Books",109.99000000,-2419.78000000
1604,85,78,SV DVD 14-Inch Player Portable L100 Black,"Music, Movies and Audio Books",259.99000000,-1819.93000000
1605,110,70,SV DVD 15-Inch Player Portable L200 Black,"Music, Movies and Audio Books",289.99000000,-11599.60000000
1606,96,32,SV DVD 9-Inch Player Portable M300 Silver,"Music, Movies and Audio Books",159.99000000,-10239.36000000
1607,137,56,SV DVD 12-Inch Player Portable M400 Silver,"Music, Movies and Audio Books",179.99000000,-14579.19000000
1608,115,63,SV DVD 7-Inch Player Portable E200 Silver,"Music, Movies and Audio Books",109.99000000,-5719.48000000
1609,173,40,SV DVD 14-Inch Player Portable L100 Silver,"Music, Movies and Audio Books",259.99000000,-34578.67000000
161,21,23,"Adventure Works 52"" LCD HDTV X790W Silver",TV and Video,1592.20000000,3184.40000000
1610,86,74,SV DVD 15-Inch Player Portable L200 Silver,"Music, Movies and Audio Books",289.99000000,-3479.88000000
1611,73,63,SV DVD 9-Inch Player Portable M300 White,"Music, Movies and Audio Books",159.99000000,-1599.90000000
1612,111,64,SV DVD 12-Inch Player Portable M400 White,"Music, Movies and Audio Books",179.99000000,-8459.53000000
1613,138,92,SV DVD 7-Inch Player Portable E200 White,"Music, Movies and Audio Books",109.99000000,-5059.54000000
1614,143,55,SV DVD 14-Inch Player Portable L100 White,"Music, Movies and Audio Books",259.99000000,-22879.12000000
1615,67,31,SV DVD 15-Inch Player Portable L200 White,"Music, Movies and Audio Books",289.99000000,-10439.64000000
1616,124,32,Contoso DVD Player M100 Black,"Music, Movies and Audio Books",56.99000000,-5243.08000000
1617,122,55,Contoso DVD Player M110 Silver,"Music, Movies and Audio Books",57.99000000,-3885.33000000
1618,79,58,Contoso DVD Player M120 White,"Music, Movies and Audio Books",58.99000000,-1238.79000000
1619,99,74,Contoso DVD Player M130 Grey,"Music, Movies and Audio Books",59.99000000,-1499.75000000
162,18,10,"Adventure Works 52"" LCD HDTV X790W Black",TV and Video,1592.20000000,-12737.60000000
1620,77,19,Contoso DVD Player M140 Gold,"Music, Movies and Audio Books",60.99000000,-3537.42000000
1621,115,57,Contoso DVD Movies E100 Yellow,"Music, Movies and Audio Books",12.99000000,-753.42000000
1622,83,70,Contoso DVD Recorder L200 Black,"Music, Movies and Audio Books",219.00000000,-2847.00000000
1623,122,38,Contoso DVD Recorder L210 Silver,"Music, Movies and Audio Books",219.00000000,-18396.00000000
1624,86,37,Contoso DVD Recorder L220 White,"Music, Movies and Audio Books",219.00000000,-10731.00000000
1625,105,67,Contoso DVD Recorder L230 Grey,"Music, Movies and Audio Books",219.00000000,-8322.00000000
1626,93,45,Contoso DVD Recorder L240 Gold,"Music, Movies and Audio Books",219.00000000,-10512.00000000
1627,108,35,Contoso DVD 48 DVD Storage Binder M50 Black,"Music, Movies and Audio Books",17.99000000,-1313.27000000
1628,135,43,Contoso DVD 58 DVD Storage Binder M55 Black,"Music, Movies and Audio Books",13.89000000,-1277.88000000
1629,109,64,Contoso DVD 38 DVD Storage Binder E25 Black,"Music, Movies and Audio Books",9.99000000,-449.55000000
163,19,28,"Adventure Works 52"" LCD HDTV X790W White",TV and Video,1592.20000000,14329.80000000
1630,64,70,Contoso DVD 60 DVD Storage Binder L20 Black,"Music, Movies and Audio Books",22.89000000,137.34000000
1631,88,49,Contoso DVD 55DVD Storage Binder M56 Black,"Music, Movies and Audio Books",12.66000000,-493.74000000
1632,119,82,Contoso DVD 48 DVD Storage Binder M50 Silver,"Music, Movies and Audio Books",17.99000000,-665.63000000
1633,125,41,Contoso DVD 58 DVD Storage Binder M55 Silver,"Music, Movies and Audio Books",13.89000000,-1166.76000000
1634,101,48,Contoso DVD 38 DVD Storage Binder E25 Silver,"Music, Movies and Audio Books",9.99000000,-529.47000000
1635,110,43,Contoso DVD 60 DVD Storage Binder L20 Silver,"Music, Movies and Audio Books",22.89000000,-1533.63000000
1636,150,63,Contoso DVD 55DVD Storage Binder M56 Silver,"Music, Movies and Audio Books",12.66000000,-1101.42000000
1637,105,55,Contoso DVD 48 DVD Storage Binder M50 Red,"Music, Movies and Audio Books",17.99000000,-899.50000000
1638,122,61,Contoso DVD 58 DVD Storage Binder M55 Red,"Music, Movies and Audio Books",13.89000000,-847.29000000
1639,90,64,Contoso DVD 38 DVD Storage Binder E25 Red,"Music, Movies and Audio Books",9.99000000,-259.74000000
164,39,17,"Adventure Works 52"" LCD HDTV X790W Brown",TV and Video,1592.20000000,-35028.40000000
1640,94,65,Contoso DVD 60 DVD Storage Binder L20 Red,"Music, Movies and Audio Books",22.89000000,-663.81000000
1641,119,53,Contoso DVD 55DVD Storage Binder M56 Red,"Music, Movies and Audio Books",12.66000000,-835.56000000
1642,97,43,Contoso DVD External DVD Burner M200 Black,"Music, Movies and Audio Books",57.88000000,-3125.52000000
1643,141,49,Contoso DVD External DVD Burner M200 Grey,"Music, Movies and Audio Books",57.88000000,-5324.96000000
1644,99,37,Contoso DVD External DVD Burner M200 Blue,"Music, Movies and Audio Books",57.88000000,-3588.56000000
1645,108,50,Contoso DVD External DVD Burner M200 Silver,"Music, Movies and Audio Books",57.88000000,-3357.04000000
1646,97,60,Contoso DVD 9-Inch Player Portable M300 Black,"Music, Movies and Audio Books",159.99000000,-5919.63000000
1647,101,77,Contoso DVD 12-Inch Player Portable M400 Black,"Music, Movies and Audio Books",179.99000000,-4319.76000000
1648,128,52,Contoso DVD 7-Inch Player Portable E200 Black,"Music, Movies and Audio Books",109.99000000,-8359.24000000
1649,81,72,Contoso DVD 14-Inch Player Portable L100 Black,"Music, Movies and Audio Books",259.99000000,-2339.91000000
165,37,10,"Adventure Works 42"" LCD HDTV M55 Black",TV and Video,763.51000000,-20614.77000000
1650,137,49,Contoso DVD 15-Inch Player Portable L200 Black,"Music, Movies and Audio Books",289.99000000,-25519.12000000
1651,92,44,Contoso DVD 9-Inch Player Portable M300 Silver,"Music, Movies and Audio Books",159.99000000,-7679.52000000
1652,149,57,Contoso DVD 12-Inch Player Portable M400 Silver,"Music, Movies and Audio Books",179.99000000,-16559.08000000
1653,133,82,Contoso DVD 7-Inch Player Portable E200 Silver,"Music, Movies and Audio Books",109.99000000,-5609.49000000
1654,103,65,Contoso DVD 14-Inch Player Portable L100 Silver,"Music, Movies and Audio Books",259.99000000,-9879.62000000
1655,69,81,Contoso DVD 15-Inch Player Portable L200 Silver,"Music, Movies and Audio Books",289.99000000,3479.88000000
1656,107,64,Contoso DVD 9-Inch Player Portable M300 White,"Music, Movies and Audio Books",159.99000000,-6879.57000000
1657,96,50,Contoso DVD 12-Inch Player Portable M400 White,"Music, Movies and Audio Books",179.99000000,-8279.54000000
1658,85,61,Contoso DVD 7-Inch Player Portable E200 White,"Music, Movies and Audio Books",109.99000000,-2639.76000000
1659,103,75,Contoso DVD 14-Inch Player Portable L100 White,"Music, Movies and Audio Books",259.99000000,-7279.72000000
166,15,12,SV 16xDVD M300 Black,TV and Video,119.00000000,-357.00000000
1660,103,49,Contoso DVD 15-Inch Player Portable L200 White,"Music, Movies and Audio Books",289.99000000,-15659.46000000
1661,153,46,MGS Hand Games for kids E300 Yellow,Games and Toys,5.50000000,-588.50000000
1662,80,50,MGS Hand Games for students E400 Yellow,Games and Toys,6.99000000,-209.70000000
1663,110,71,MGS Hand Games men M300 Yellow,Games and Toys,6.89000000,-268.71000000
1664,99,59,MGS Hand Games women M400 Yellow,Games and Toys,8.99000000,-359.60000000
1665,105,74,MGS Hand Games for 12-16 boys E600 Yellow,Games and Toys,4.99000000,-154.69000000
1666,95,55,MGS Hand Games for Office worker L299 Yellow,Games and Toys,16.89000000,-675.60000000
1667,116,61,MGS Hand Games for kids E300 Black,Games and Toys,5.50000000,-302.50000000
1668,80,36,MGS Hand Games for students E400 Black,Games and Toys,6.99000000,-307.56000000
1669,124,50,MGS Hand Games men M300 Black,Games and Toys,6.89000000,-509.86000000
167,30,4,SV 8xDVD E100 Black,TV and Video,69.00000000,-1794.00000000
1670,113,52,MGS Hand Games women M400 Black,Games and Toys,8.99000000,-548.39000000
1671,84,48,MGS Hand Games for 12-16 boys E600 Black,Games and Toys,4.99000000,-179.64000000
1672,98,79,MGS Hand Games for Office worker L299 Black,Games and Toys,16.89000000,-320.91000000
1673,103,35,MGS Hand Games for kids E300 Red,Games and Toys,5.50000000,-374.00000000
1674,50,60,MGS Hand Games for students E400 Red,Games and Toys,6.99000000,69.90000000
1675,169,105,MGS Hand Games men M300 Red,Games and Toys,6.89000000,-440.96000000
1676,96,75,MGS Hand Games women M400 Red,Games and Toys,8.99000000,-188.79000000
1677,60,46,MGS Hand Games for 12-16 boys E600 Red,Games and Toys,4.99000000,-69.86000000
1678,98,80,MGS Hand Games for Office worker L299 Red,Games and Toys,16.89000000,-304.02000000
1679,70,68,MGS Hand Games for kids E300 Silver,Games and Toys,5.50000000,-11.00000000
168,18,13,SV 16xDVD M310 Black,TV and Video,129.00000000,-645.00000000
1680,85,58,MGS Hand Games for students E400 Silver,Games and Toys,6.99000000,-188.73000000
1681,135,47,MGS Hand Games men M300 Silver,Games and Toys,6.89000000,-606.32000000
1682,125,65,MGS Hand Games women M400 Silver,Games and Toys,8.99000000,-539.40000000
1683,96,66,MGS Hand Games for 12-16 boys E600 Silver,Games and Toys,4.99000000,-149.70000000
1684,95,55,MGS Hand Games for Office worker L299 Silver,Games and Toys,16.89000000,-675.60000000
1685,111,30,SV Hand Games for kids E30 Yellow,Games and Toys,5.39000000,-436.59000000
1686,98,25,SV Hand Games for students E40 Yellow,Games and Toys,6.99000000,-510.27000000
1687,57,73,SV Hand Games men M30 Yellow,Games and Toys,6.88000000,110.08000000
1688,119,72,SV Hand Games women M40 Yellow,Games and Toys,8.88000000,-417.36000000
1689,79,74,SV Hand Games for 12-16 boys E60 Yellow,Games and Toys,4.98000000,-24.90000000
169,27,15,SV 16xDVD M320 Black,TV and Video,119.00000000,-1428.00000000
1690,80,83,SV Hand Games for Office worker L28 Yellow,Games and Toys,16.99000000,50.97000000
1691,115,30,SV Hand Games for kids E30 Black,Games and Toys,5.39000000,-458.15000000
1692,92,38,SV Hand Games for students E40 Black,Games and Toys,6.99000000,-377.46000000
1693,92,78,SV Hand Games men M30 Black,Games and Toys,6.88000000,-96.32000000
1694,76,66,SV Hand Games women M40 Black,Games and Toys,8.88000000,-88.80000000
1695,88,30,SV Hand Games for 12-16 boys E60 Black,Games and Toys,4.98000000,-288.84000000
1696,77,74,SV Hand Games for Office worker L28 Black,Games and Toys,16.99000000,-50.97000000
1697,119,61,SV Hand Games for kids E30 Red,Games and Toys,5.39000000,-312.62000000
1698,89,26,SV Hand Games for students E40 Red,Games and Toys,6.99000000,-440.37000000
1699,80,59,SV Hand Games men M30 Red,Games and Toys,6.88000000,-144.48000000
17,4,13,Contoso 8GB Super-Slim MP3/Video Player M800 Red,Audio,109.95000000,989.55000000
170,5,20,SV 16xDVD M330 Black,TV and Video,109.00000000,1635.00000000
1700,94,41,SV Hand Games women M40 Red,Games and Toys,8.88000000,-470.64000000
1701,138,41,SV Hand Games for 12-16 boys E60 Red,Games and Toys,4.98000000,-483.06000000
1702,76,52,SV Hand Games for Office worker L28 Red,Games and Toys,16.99000000,-407.76000000
1703,73,25,SV Hand Games for kids E30 Silver,Games and Toys,5.39000000,-258.72000000
1704,102,90,SV Hand Games for students E40 Silver,Games and Toys,6.99000000,-83.88000000
1705,134,53,SV Hand Games men M30 Silver,Games and Toys,6.88000000,-557.28000000
1706,135,34,SV Hand Games women M40 Silver,Games and Toys,8.88000000,-896.88000000
1707,36,19,MGS Dal of Honor Airborne M150,Games and Toys,70.13000000,-1192.21000000
1708,49,17,MGS Collector's M160,Games and Toys,70.13000000,-2244.16000000
1709,49,40,MGS Gears of War M170,Games and Toys,70.13000000,-631.17000000
171,14,5,SV 16xDVD E340 Black,TV and Video,99.00000000,-891.00000000
1710,26,7,MGS Age of Empires III: The Asian Dynasties M180,Games and Toys,70.13000000,-1332.47000000
1711,29,8,MGS Age of Empires III: The Asian Dynasties M190,Games and Toys,70.13000000,-1472.73000000
1712,29,30,MGS Flight Simulator X Acceleration Expansion Pack M200,Games and Toys,70.13000000,70.13000000
1713,14,24,MGS Zoo Tycoon 2: Extinct Animals M210,Games and Toys,70.13000000,701.30000000
1714,38,20,MGS Halo 2 for Windows Vista M220,Games and Toys,70.13000000,-1262.34000000
1715,43,6,MGS Shadow-run M230,Games and Toys,70.13000000,-2594.81000000
1716,25,19,MGS Age of Empires III: The War Chiefs M240,Games and Toys,70.13000000,-420.78000000
1717,32,13,MGS Flight Simulator X M250,Games and Toys,70.13000000,-1332.47000000
1718,26,24,MGS Zoo Tycoon 2: Zookeeper Collection M260,Games and Toys,70.13000000,-140.26000000
1719,23,26,MGS Zoo Tycoon 2: Marine Mania Expansion Pack M270,Games and Toys,70.13000000,210.39000000
172,29,10,SV 22xDVD X680 Black,TV and Video,169.00000000,-3211.00000000
1720,26,16,MGS Zoo Tycoon 2: African Adventure M280,Games and Toys,70.13000000,-701.30000000
1721,49,39,MGS Rise of Nations: Rise of Legends M290,Games and Toys,70.13000000,-701.30000000
1722,44,13,MGS Zoo Tycoon 2: End range Species Expansion Pack E105,Games and Toys,56.00000000,-1736.00000000
1723,31,16,MGS Age of Empires III: The Asian Dynasties E106,Games and Toys,56.00000000,-840.00000000
1724,38,17,MGS Fable: The Lost Chapters E107,Games and Toys,56.00000000,-1176.00000000
1725,20,25,MGS Dungeon Siege II E105,Games and Toys,56.00000000,280.00000000
1726,44,14,MGS Zoo Tycoon 2 E108,Games and Toys,56.00000000,-1680.00000000
1727,40,10,MGS Rise of Nations: Gold Edition M300,Games and Toys,56.00000000,-1680.00000000
1728,46,8,MGS Age of Mythology: Gold Edition M310,Games and Toys,79.80000000,-3032.40000000
1729,20,32,MGS Rise of Nations: Thrones and Patriots M320,Games and Toys,77.68000000,932.16000000
173,16,16,SV 8xDVD E120 Black,TV and Video,89.90000000,0.00000000
1730,37,32,MGS Dungeon Siege: Legends of Aranna M330,Games and Toys,77.68000000,-388.40000000
1731,19,23,MGS King& Myths: The Age Collection M340,Games and Toys,72.45000000,289.80000000
1732,56,27,MGS Age of Mythology: The Titans Expansion M350,Games and Toys,72.45000000,-2101.05000000
1733,52,17,MGS Halo: Combat Evolved E109,Games and Toys,22.79000000,-797.65000000
1734,16,16,MGS Zoo Tycoon Complete Collection E110,Games and Toys,28.00000000,0.00000000
1735,32,15,MGS Flight Simulator 2004: A Century of Flight E111,Games and Toys,28.00000000,-476.00000000
1736,47,6,MGS Rise of Nations E112,Games and Toys,28.00000000,-1148.00000000
1737,62,18,MGS Freelancer E113,Games and Toys,28.00000000,-1232.00000000
1738,29,12,MGS Impossible Creatures E114,Games and Toys,28.00000000,-476.00000000
1739,50,5,MGS RalliSport Challenge E115,Games and Toys,28.00000000,-1260.00000000
174,36,7,SV 22xDVD M600 Black,TV and Video,129.90000000,-3767.10000000
1740,34,16,MGS MechCollection E116,Games and Toys,28.00000000,-504.00000000
1741,19,43,MGS MechWarrior 4: Mercenaries E117,Games and Toys,28.00000000,672.00000000
1742,47,14,MGS Age of Mythology E118,Games and Toys,28.00000000,-924.00000000
1743,48,26,MGS Combat Flight Simulator 3 E119,Games and Toys,28.00000000,-616.00000000
1744,28,30,MGS Zoo Tycoon Marine Mania E120,Games and Toys,28.00000000,56.00000000
1745,41,45,MGS MechWarrior 4 Mach Packs X100,Games and Toys,109.00000000,436.00000000
1746,28,4,MGS Zoo Tycoon Dinosaur Digs X200,Games and Toys,109.00000000,-2616.00000000
1747,63,5,MGS Dungeon Siege X300,Games and Toys,109.00000000,-6322.00000000
1748,55,28,MGS Classic Flight Collection X400,Games and Toys,109.00000000,-2943.00000000
1749,56,8,MGS Bicycle Board Games X500,Games and Toys,109.00000000,-5232.00000000
175,24,39,SV 16xDVD M350 Black,TV and Video,116.90000000,1753.50000000
1750,41,14,MGS Bicycle Card Games X600,Games and Toys,109.00000000,-2943.00000000
1751,30,26,MGS Bicycle Casino Games X700,Games and Toys,109.00000000,-436.00000000
1752,43,21,MGS Flight Simulator 2002 M360,Games and Toys,89.00000000,-1958.00000000
1753,21,18,MGS Racing Madness 2 M370,Games and Toys,89.00000000,-267.00000000
1754,39,12,MGS Zoo Tycoon M380,Games and Toys,89.00000000,-2403.00000000
1755,35,27,MGS MechWarrior 4: Knight E121,Games and Toys,64.90000000,-519.20000000
1756,40,28,MGS Age of Empires II Gold Edition E122,Games and Toys,64.90000000,-778.80000000
1757,46,28,MGS MechCommander 2 E123,Games and Toys,55.90000000,-1006.20000000
1758,39,22,MGS Train Simulator E124,Games and Toys,50.54000000,-859.18000000
1759,46,3,MGS MechWarrior 4: Vengeance X800,Games and Toys,104.89000000,-4510.27000000
176,44,14,SV 16xDVD M360 Black,TV and Video,126.90000000,-3807.00000000
1760,29,37,MGS Return of Arcade Anniversary Edition M390,Games and Toys,94.80000000,758.40000000
1761,41,21,MGS Combat Flight Simulator 2 M400,Games and Toys,73.39000000,-1467.80000000
1762,36,23,MGS Age of Empires II: The Conquerors Expansion E125,Games and Toys,31.39000000,-408.07000000
1763,20,18,MGS Flight Simulator 2000 M410,Games and Toys,99.75000000,-199.50000000
1764,34,9,MGS Age of Empires II: The Age of Kings E126,Games and Toys,46.80000000,-1170.00000000
1765,38,20,MGS Age of Empires Expansion: The Rise of Rome X900,Games and Toys,598.80000000,-10778.40000000
1766,56,30,MGS Age of Empires 2008new M420,Games and Toys,54.00000000,-1404.00000000
1767,51,27,MGS Dal of Honor Airborne 2008 M430,Games and Toys,34.00000000,-816.00000000
1768,32,16,MGS Empires Collector's 2008 M440,Games and Toys,34.00000000,-544.00000000
1769,57,34,MGS Gears of War 2008 M450,Games and Toys,34.00000000,-782.00000000
177,37,10,SV 8xDVD E130 Black,TV and Video,56.90000000,-1536.30000000
1770,45,8,MGS Age of Empires III: The Asian Dynasties 2008 E126,Games and Toys,34.00000000,-1258.00000000
1771,24,18,MGS Age of Empires III: The Asian Dynasties 2009 E127,Games and Toys,34.00000000,-204.00000000
1772,41,38,MGS Flight Simulator X Acceleration Expansion Pack 2009 E128,Games and Toys,34.00000000,-102.00000000
1773,43,24,MGS Zoo Tycoon 2: Extinct Animals 2008 E129,Games and Toys,43.00000000,-817.00000000
1774,29,10,MGS Halo 2 for Windows Vista 2009 E130,Games and Toys,43.00000000,-817.00000000
1775,58,22,MGS Shadow-run 2008 E131,Games and Toys,43.00000000,-1548.00000000
1776,31,14,MGS Age of Empires III: The War Chiefs 2007 E132,Games and Toys,43.00000000,-731.00000000
1777,47,0,MGS Flight Simulator X 2008 E133,Games and Toys,43.00000000,-2021.00000000
1778,23,10,MGS Zoo Tycoon 2: Zookeeper Collection 2008 E134,Games and Toys,43.00000000,-559.00000000
1779,40,12,MGS Zoo Tycoon2: Marine Mania Expansion Pack 2008 E135,Games and Toys,43.00000000,-1204.00000000
178,17,12,SV 8xDVD E140 Black,TV and Video,66.00000000,-330.00000000
1780,38,25,MGS Zoo Tycoon 2: African Adventure 2008 E136,Games and Toys,43.00000000,-559.00000000
1781,38,28,MGS Rise of Nations: Rise of Legends 2008 E137,Games and Toys,43.00000000,-430.00000000
1782,24,9,MGS Zoo Tycoon 2: End Range Species Expansion Pack 2008 E138,Games and Toys,43.00000000,-645.00000000
1783,40,12,MGS Age of Empires III 2008 E139,Games and Toys,43.00000000,-1204.00000000
1784,60,24,MGS Fable: The Lost Chapters2008 E140,Games and Toys,43.00000000,-1548.00000000
1785,57,5,MGS Dungeon 2007 E141,Games and Toys,43.00000000,-2236.00000000
1786,32,17,MGS Zoo Tycoon 2008 E142,Games and Toys,43.00000000,-645.00000000
1787,38,16,MGS Rise of Nations: Gold Edition 2009 E143,Games and Toys,43.00000000,-946.00000000
1788,26,29,MGS Age of Mythology: Gold Edition 2009 E144,Games and Toys,43.00000000,129.00000000
1789,49,7,MGS Rise of Nations: Thrones and Patriots2009 E145,Games and Toys,43.00000000,-1806.00000000
179,27,20,SV 16xDVD M300 Silver,TV and Video,119.00000000,-833.00000000
1790,60,21,MGS Dungeon Siege: Legends of Aranna 2009 E146,Games and Toys,43.00000000,-1677.00000000
1791,58,14,MGS Kings & Myths: The Age Collection2009 E147,Games and Toys,43.00000000,-1892.00000000
1792,50,24,MGS Age of Mythology: The Titans Expansion 2009 E148,Games and Toys,43.00000000,-1118.00000000
1793,8,26,MGS Halo: Combat Evolved2009 E149,Games and Toys,43.00000000,774.00000000
1794,42,36,MGS Zoo Tycoon Complete Collection2009 E150,Games and Toys,43.00000000,-258.00000000
1795,29,19,MGS Flight Simulator 2009: A Century of Flight E151,Games and Toys,43.00000000,-430.00000000
1796,49,23,MGS Rise of Nations2009 E152,Games and Toys,43.00000000,-1118.00000000
1797,64,24,MGS Freelancer 2009 E153,Games and Toys,43.00000000,-1720.00000000
1798,56,23,MGS Impossible Creatures2009 E154,Games and Toys,43.00000000,-1419.00000000
1799,46,35,MGS RalliSport Challenge2009 E155,Games and Toys,26.00000000,-286.00000000
18,38,7,Contoso 8GB Super-Slim MP3/Video Player M800 Green,Audio,109.95000000,-3408.45000000
180,45,26,SV 8xDVD E100 Silver,TV and Video,69.00000000,-1311.00000000
1800,39,11,MGS MechCollection2009 E156,Games and Toys,32.00000000,-896.00000000
1801,34,11,MGS MechWarrior4: Mercenaries2009 E157,Games and Toys,32.00000000,-736.00000000
1802,43,17,MGS Age of Mythology 2009 E158,Games and Toys,32.00000000,-832.00000000
1803,42,6,MGS Combat Flight Simulator 2009 E159,Games and Toys,32.00000000,-1152.00000000
1804,21,6,MGS Zoo Tycoon Marine Mania 2009 E160,Games and Toys,32.00000000,-480.00000000
1805,45,6,MGS MechWarrior 4 Mach Paks2009 E161,Games and Toys,32.00000000,-1248.00000000
1806,19,16,MGS Zoo Tycoon Dinosaur Digs2009 E162,Games and Toys,32.00000000,-96.00000000
1807,45,26,MGS Dungeon Siege 2009 E163,Games and Toys,32.00000000,-608.00000000
1808,36,15,MGS Classic Flight Collection2009 E164,Games and Toys,32.00000000,-672.00000000
1809,34,27,MGS Bicycle Board Games2009 E165,Games and Toys,32.00000000,-224.00000000
181,50,15,SV 16xDVD M310 Silver,TV and Video,129.00000000,-4515.00000000
1810,31,15,MGS Bicycle Card Games2009 E166,Games and Toys,32.00000000,-512.00000000
1811,64,23,MGS Bicycle Casino Games2009 E167,Games and Toys,32.00000000,-1312.00000000
1812,27,24,MGS Flight Simulator 2009 E168,Games and Toys,32.00000000,-96.00000000
1813,44,24,MGS Racing Madness 2009 E169,Games and Toys,32.00000000,-640.00000000
1814,53,43,MGS Zoo Tycoon2009 E170,Games and Toys,32.00000000,-320.00000000
1815,49,6,MGS MechWarrior 4:Knight2009 E171,Games and Toys,32.00000000,-1376.00000000
1816,26,15,MGS Age of Empires II Gold Edition2009 E172,Games and Toys,32.00000000,-352.00000000
1817,57,39,MGS MechCommander 2009 E173,Games and Toys,32.00000000,-576.00000000
1818,41,21,MGS Train Simulator 2009 E174,Games and Toys,32.00000000,-640.00000000
1819,52,3,MGS MechWarrior 4: Vengeance 2009 E175,Games and Toys,32.00000000,-1568.00000000
182,35,17,SV 16xDVD M320 Silver,TV and Video,119.00000000,-2142.00000000
1820,29,17,MGS Return of Arcade Anniversary Edition 2009 E176,Games and Toys,32.00000000,-384.00000000
1821,28,35,MGS Combat Flight Simulator 2009 E177,Games and Toys,32.00000000,224.00000000
1822,51,32,MGS Age of Empires II: The Conquerors Expansion 2009 E178,Games and Toys,32.00000000,-608.00000000
1823,78,27,MGS Flight Simulator 2009 E179,Games and Toys,32.00000000,-1632.00000000
1824,35,38,MGS Age of Empires II: The Age of Kings 2009 E180,Games and Toys,32.00000000,96.00000000
1825,39,6,MGS Age of Empires Expansion: The Rise of Rome 2009 E181,Games and Toys,32.00000000,-1056.00000000
1826,38,11,"MGS Age of Empires, 2009 E182",Games and Toys,32.00000000,-864.00000000
1827,2,3,Litware Washer & Dryer 27in L420 White,Home Appliances,2652.00000000,2652.00000000
1828,1,0,Litware Washer & Dryer 25.5in M350 White,Home Appliances,1989.00000000,-1989.00000000
1829,3,2,Litware Washer & Dryer 24in M260 White,Home Appliances,1818.00000000,-1818.00000000
183,39,11,SV 16xDVD M330 Silver,TV and Video,109.00000000,-3052.00000000
1831,8,0,Litware Washer & Dryer 15.5in E150 White,Home Appliances,999.00000000,-7992.00000000
1832,3,0,Litware Washer & Dryer 27in L420 Silver,Home Appliances,2652.00000000,-7956.00000000
1833,0,7,Litware Washer & Dryer 25.5in M350 Silver,Home Appliances,1989.00000000,13923.00000000
1834,5,0,Litware Washer & Dryer 24in M260 Silver,Home Appliances,1818.00000000,-9090.00000000
1835,3,1,Litware Washer & Dryer 21in E214 Silver,Home Appliances,1599.00000000,-3198.00000000
1836,8,0,Litware Washer & Dryer 15.5in E150 Silver,Home Appliances,999.00000000,-7992.00000000
1837,2,0,Litware Washer & Dryer 27in L420 Blue,Home Appliances,2652.00000000,-5304.00000000
1838,5,0,Litware Washer & Dryer 25.5in M350 Blue,Home Appliances,1989.00000000,-9945.00000000
1839,7,0,Litware Washer & Dryer 24in M260 Blue,Home Appliances,1818.00000000,-12726.00000000
184,14,16,SV 16xDVD E340 Silver,TV and Video,99.00000000,198.00000000
1840,7,1,Litware Washer & Dryer 21in E214 Blue,Home Appliances,1599.00000000,-9594.00000000
1841,4,9,Litware Washer & Dryer 15.5in E150 Blue,Home Appliances,999.00000000,4995.00000000
1842,0,7,Litware Washer & Dryer 27in L420 Green,Home Appliances,2652.00000000,18564.00000000
1843,16,7,Litware Washer & Dryer 25.5in M350 Green,Home Appliances,1989.00000000,-17901.00000000
1844,6,0,Litware Washer & Dryer 24in M260 Green,Home Appliances,1818.00000000,-10908.00000000
1845,1,0,Litware Washer & Dryer 21in E214 Green,Home Appliances,1599.00000000,-1599.00000000
1846,17,0,Litware Washer & Dryer 15.5in E150 Green,Home Appliances,999.00000000,-16983.00000000
1847,17,0,NT Washer & Dryer 27in L2700 White,Home Appliances,2652.90000000,-45099.30000000
1848,0,9,NT Washer & Dryer 25.5in M2550 White,Home Appliances,1989.90000000,17909.10000000
185,27,7,SV 22xDVD X680 Silver,TV and Video,169.00000000,-3380.00000000
1850,1,0,NT Washer & Dryer 21in E2100 White,Home Appliances,1599.90000000,-1599.90000000
1851,5,7,NT Washer & Dryer 15.5in E1550 White,Home Appliances,999.90000000,1999.80000000
1852,10,0,NT Washer & Dryer 27in L2700 Silver,Home Appliances,2652.90000000,-26529.00000000
1853,3,0,NT Washer & Dryer 25.5in M2550 Silver,Home Appliances,1989.90000000,-5969.70000000
1856,4,0,NT Washer & Dryer 15.5in E1550 Silver,Home Appliances,999.90000000,-3999.60000000
1857,3,0,NT Washer & Dryer 27in L2700 Blue,Home Appliances,2652.90000000,-7958.70000000
1858,10,8,NT Washer & Dryer 25.5in M2550 Blue,Home Appliances,1989.90000000,-3979.80000000
1859,7,0,NT Washer & Dryer 24in M2400 Blue,Home Appliances,1818.90000000,-12732.30000000
186,26,35,SV 8xDVD E120 Silver,TV and Video,89.90000000,809.10000000
1861,13,8,NT Washer & Dryer 15.5in E1550 Blue,Home Appliances,999.90000000,-4999.50000000
1862,8,0,NT Washer & Dryer 27in L2700 Green,Home Appliances,2652.90000000,-21223.20000000
1864,10,0,NT Washer & Dryer 24in M2400 Green,Home Appliances,1818.90000000,-18189.00000000
1865,11,0,NT Washer & Dryer 21in E2100 Green,Home Appliances,1599.90000000,-17598.90000000
1866,8,0,NT Washer & Dryer 15.5in E1550 Green,Home Appliances,999.90000000,-7999.20000000
1867,0,1,Contoso Washer & Dryer 27in L270 White,Home Appliances,2652.00000000,2652.00000000
1868,7,0,Contoso Washer & Dryer 25.5in M255 White,Home Appliances,1989.00000000,-13923.00000000
187,29,29,SV 22xDVD M600 Silver,TV and Video,129.90000000,0.00000000
1870,8,5,Contoso Washer & Dryer 21in E210 White,Home Appliances,1599.00000000,-4797.00000000
1871,3,0,Contoso Washer & Dryer 15.5in E155 White,Home Appliances,999.00000000,-2997.00000000
1873,1,0,Contoso Washer & Dryer 25.5in M255 Silver,Home Appliances,1989.00000000,-1989.00000000
1874,16,0,Contoso Washer & Dryer 24in M240 Silver,Home Appliances,1818.00000000,-29088.00000000
1875,2,0,Contoso Washer & Dryer 21in E210 Silver,Home Appliances,1599.00000000,-3198.00000000
1876,15,0,Contoso Washer & Dryer 15.5in E155 Silver,Home Appliances,999.00000000,-14985.00000000
1878,0,2,Contoso Washer & Dryer 25.5in M255 Blue,Home Appliances,1989.00000000,3978.00000000
1879,0,1,Contoso Washer & Dryer 24in M240 Blue,Home Appliances,1818.00000000,1818.00000000
188,32,35,SV 16xDVD M350 Silver,TV and Video,116.90000000,350.70000000
1880,2,3,Contoso Washer & Dryer 21in E210 Blue,Home Appliances,1599.00000000,1599.00000000
1881,6,0,Contoso Washer & Dryer 15.5in E155 Blue,Home Appliances,999.00000000,-5994.00000000
1882,2,3,Contoso Washer & Dryer 27in L270 Green,Home Appliances,2652.00000000,2652.00000000
1883,7,2,Contoso Washer & Dryer 25.5in M255 Green,Home Appliances,1989.00000000,-9945.00000000
1884,2,7,Contoso Washer & Dryer 24in M240 Green,Home Appliances,1818.00000000,9090.00000000
1886,0,3,Contoso Washer & Dryer 15.5in E155 Green,Home Appliances,999.00000000,2997.00000000
1887,2,6,Contoso Washer & Dryer 27in L270 Red,Home Appliances,2652.00000000,10608.00000000
1888,16,0,Contoso Washer & Dryer 25.5in M255 Red,Home Appliances,1989.00000000,-31824.00000000
1889,4,0,Contoso Washer & Dryer 24in M240 Red,Home Appliances,1818.00000000,-7272.00000000
189,37,7,SV 16xDVD M360 Silver,TV and Video,126.90000000,-3807.00000000
1890,0,4,Contoso Washer & Dryer 21in E210 Red,Home Appliances,1599.00000000,6396.00000000
1891,3,2,Contoso Washer & Dryer 15.5in E155 Red,Home Appliances,999.00000000,-999.00000000
1892,2,0,Contoso Washer & Dryer 27in L270 Pink,Home Appliances,2652.00000000,-5304.00000000
1893,1,0,Contoso Washer & Dryer 25.5in M255 Pink,Home Appliances,1989.00000000,-1989.00000000
1895,8,0,Contoso Washer & Dryer 21in E210 Pink,Home Appliances,1599.00000000,-12792.00000000
1896,6,4,Contoso Washer & Dryer 15.5in E155 Pink,Home Appliances,999.00000000,-1998.00000000
1897,14,0,Fabrikam Refrigerator 24.7CuFt X9800 White,Home Appliances,3199.99000000,-44799.86000000
1898,0,6,Fabrikam Refrigerator 19CuFt M7600 White,Home Appliances,899.00000000,5394.00000000
1899,1,4,Fabrikam Refrigerator 9.7CuFt M5600 White,Home Appliances,493.00000000,1479.00000000
19,25,14,Contoso 8GB Super-Slim MP3/Video Player M800 Pink,Audio,109.95000000,-1209.45000000
190,28,5,SV 8xDVD E130 Silver,TV and Video,56.90000000,-1308.70000000
1900,5,0,Fabrikam Refrigerator 4.6CuFt E2800 White,Home Appliances,299.99000000,-1499.95000000
1901,1,0,Fabrikam Refrigerator 3.2CuFt E1600 White,Home Appliances,279.99000000,-279.99000000
1902,1,8,Fabrikam Refrigerator 1.7CuFt E1200 White,Home Appliances,129.99000000,909.93000000
1903,6,0,Fabrikam Refrigerator 24.7CuFt X9800 Brown,Home Appliances,3199.99000000,-19199.94000000
1904,1,0,Fabrikam Refrigerator 19CuFt M7600 Brown,Home Appliances,899.00000000,-899.00000000
1905,7,0,Fabrikam Refrigerator 9.7CuFt M5600 Brown,Home Appliances,493.00000000,-3451.00000000
1906,4,3,Fabrikam Refrigerator 4.6CuFt E2800 Brown,Home Appliances,299.99000000,-299.99000000
1907,15,4,Fabrikam Refrigerator 3.2CuFt E1600 Brown,Home Appliances,279.99000000,-3079.89000000
1908,17,14,Fabrikam Refrigerator 1.7CuFt E1200 Brown,Home Appliances,129.99000000,-389.97000000
1909,13,13,Fabrikam Refrigerator 24.7CuFt X9800 Silver,Home Appliances,3199.99000000,0.00000000
191,34,7,SV 8xDVD E140 Silver,TV and Video,66.00000000,-1782.00000000
1911,4,0,Fabrikam Refrigerator 9.7CuFt M5600 Silver,Home Appliances,493.00000000,-1972.00000000
1913,4,0,Fabrikam Refrigerator 3.2CuFt E1600 Silver,Home Appliances,279.99000000,-1119.96000000
1914,4,1,Fabrikam Refrigerator 1.7CuFt E1200 Silver,Home Appliances,129.99000000,-389.97000000
1915,10,1,Fabrikam Refrigerator 24.7CuFt X9800 Green,Home Appliances,3199.99000000,-28799.91000000
1916,9,9,Fabrikam Refrigerator 19CuFt M7600 Green,Home Appliances,899.00000000,0.00000000
1917,18,0,Fabrikam Refrigerator 9.7CuFt M5600 Green,Home Appliances,493.00000000,-8874.00000000
1918,1,3,Fabrikam Refrigerator 4.6CuFt E2800 Green,Home Appliances,299.99000000,599.98000000
1919,6,4,Fabrikam Refrigerator 3.2CuFt E1600 Green,Home Appliances,279.99000000,-559.98000000
192,6,3,Litware Home Theater System 4.1 Channel M410 Black,TV and Video,599.00000000,-1797.00000000
1920,14,0,Fabrikam Refrigerator 1.7CuFt E1200 Green,Home Appliances,129.99000000,-1819.86000000
1921,10,4,Fabrikam Refrigerator 24.7CuFt X9800 Blue,Home Appliances,3199.99000000,-19199.94000000
1922,4,0,Fabrikam Refrigerator 19CuFt M7600 Blue,Home Appliances,899.00000000,-3596.00000000
1923,7,1,Fabrikam Refrigerator 9.7CuFt M5600 Blue,Home Appliances,493.00000000,-2958.00000000
1924,0,10,Fabrikam Refrigerator 4.6CuFt E2800 Blue,Home Appliances,299.99000000,2999.90000000
1925,3,4,Fabrikam Refrigerator 3.2CuFt E1600 Blue,Home Appliances,279.99000000,279.99000000
1926,8,0,Fabrikam Refrigerator 1.7CuFt E1200 Blue,Home Appliances,129.99000000,-1039.92000000
1927,3,14,Fabrikam Refrigerator 24.7CuFt X9800 Grey,Home Appliances,3199.99000000,35199.89000000
1928,11,0,Fabrikam Refrigerator 19CuFt M7600 Grey,Home Appliances,899.00000000,-9889.00000000
1929,2,6,Fabrikam Refrigerator 9.7CuFt M5600 Grey,Home Appliances,493.00000000,1972.00000000
1930,13,8,Fabrikam Refrigerator 4.6CuFt E2800 Grey,Home Appliances,299.99000000,-1499.95000000
1931,2,0,Fabrikam Refrigerator 3.2CuFt E1600 Grey,Home Appliances,279.99000000,-559.98000000
1932,5,6,Fabrikam Refrigerator 1.7CuFt E1200 Grey,Home Appliances,129.99000000,129.99000000
1933,3,2,Fabrikam Refrigerator 24.7CuFt X9800 Orange,Home Appliances,3199.99000000,-3199.99000000
1934,15,0,Fabrikam Refrigerator 19CuFt M7600 Orange,Home Appliances,899.00000000,-13485.00000000
1935,6,4,Fabrikam Refrigerator 9.7CuFt M5600 Orange,Home Appliances,493.00000000,-986.00000000
1936,6,0,Fabrikam Refrigerator 4.6CuFt E2800 Orange,Home Appliances,299.99000000,-1799.94000000
1937,13,0,Fabrikam Refrigerator 3.2CuFt E1600 Orange,Home Appliances,279.99000000,-3639.87000000
1938,7,10,Fabrikam Refrigerator 1.7CuFt E1200 Orange,Home Appliances,129.99000000,389.97000000
1939,3,0,Litware Refrigerator 24.7CuFt X980 White,Home Appliances,3199.99000000,-9599.97000000
1940,10,0,Litware Refrigerator 19CuFt M760 White,Home Appliances,899.00000000,-8990.00000000
1941,15,0,Litware Refrigerator 9.7CuFt M560 White,Home Appliances,493.00000000,-7395.00000000
1942,6,0,Litware Refrigerator 4.6CuFt E280 White,Home Appliances,299.99000000,-1799.94000000
1943,3,2,Litware Refrigerator 3.2CuFt E160 White,Home Appliances,279.99000000,-279.99000000
1944,8,0,Litware Refrigerator 1.7CuFt E120 White,Home Appliances,129.99000000,-1039.92000000
1945,1,3,Litware Refrigerator 24.7CuFt X980 Brown,Home Appliances,3199.99000000,6399.98000000
1947,3,16,Litware Refrigerator 9.7CuFt M560 Brown,Home Appliances,493.00000000,6409.00000000
1948,0,3,Litware Refrigerator 4.6CuFt E280 Brown,Home Appliances,299.99000000,899.97000000
195,2,0,Litware Home Theater System 5.1 Channel M510 Black,TV and Video,639.00000000,-1278.00000000
1950,4,0,Litware Refrigerator 1.7CuFt E120 Brown,Home Appliances,129.99000000,-519.96000000
1951,6,0,Litware Refrigerator 24.7CuFt X980 Silver,Home Appliances,3199.99000000,-19199.94000000
1952,8,1,Litware Refrigerator 19CuFt M760 Silver,Home Appliances,899.00000000,-6293.00000000
1953,7,6,Litware Refrigerator 9.7CuFt M560 Silver,Home Appliances,493.00000000,-493.00000000
1954,7,0,Litware Refrigerator 4.6CuFt E280 Silver,Home Appliances,299.99000000,-2099.93000000
1955,20,0,Litware Refrigerator 3.2CuFt E160 Silver,Home Appliances,279.99000000,-5599.80000000
1956,1,6,Litware Refrigerator 1.7CuFt E120 Silver,Home Appliances,129.99000000,649.95000000
1957,19,0,Litware Refrigerator 24.7CuFt X980 Green,Home Appliances,3199.99000000,-60799.81000000
1958,3,0,Litware Refrigerator 19CuFt M760 Green,Home Appliances,899.00000000,-2697.00000000
1959,9,0,Litware Refrigerator 9.7CuFt M560 Green,Home Appliances,493.00000000,-4437.00000000
196,0,2,Litware Home Theater System 2.1 Channel E211 Black,TV and Video,269.90000000,539.80000000
1960,6,0,Litware Refrigerator 4.6CuFt E280 Green,Home Appliances,299.99000000,-1799.94000000
1961,5,0,Litware Refrigerator 3.2CuFt E160 Green,Home Appliances,279.99000000,-1399.95000000
1963,5,0,Litware Refrigerator 24.7CuFt X980 Blue,Home Appliances,3199.99000000,-15999.95000000
1964,5,0,Litware Refrigerator 19CuFt M760 Blue,Home Appliances,899.00000000,-4495.00000000
1965,2,0,Litware Refrigerator 9.7CuFt M560 Blue,Home Appliances,493.00000000,-986.00000000
1966,11,0,Litware Refrigerator 4.6CuFt E280 Blue,Home Appliances,299.99000000,-3299.89000000
1967,8,0,Litware Refrigerator 3.2CuFt E160 Blue,Home Appliances,279.99000000,-2239.92000000
1968,7,1,Litware Refrigerator 1.7CuFt E120 Blue,Home Appliances,129.99000000,-779.94000000
1969,3,9,Litware Refrigerator 24.7CuFt X980 Grey,Home Appliances,3199.99000000,19199.94000000
197,0,2,Litware Home Theater System 2.1 Channel E212 Black,TV and Video,299.90000000,599.80000000
1970,18,8,Litware Refrigerator 19CuFt M760 Grey,Home Appliances,899.00000000,-8990.00000000
1971,4,1,Litware Refrigerator 9.7CuFt M560 Grey,Home Appliances,493.00000000,-1479.00000000
1972,1,1,Litware Refrigerator 4.6CuFt E280 Grey,Home Appliances,299.99000000,0.00000000
1973,1,0,Litware Refrigerator 3.2CuFt E160 Grey,Home Appliances,279.99000000,-279.99000000
1974,0,8,Litware Refrigerator 1.7CuFt E120 Grey,Home Appliances,129.99000000,1039.92000000
1975,12,0,Litware Refrigerator L1200 Orange,Home Appliances,3199.99000000,-38399.88000000
1976,4,9,Litware Refrigerator 19CuFt M760 Orange,Home Appliances,899.00000000,4495.00000000
1977,3,8,Litware Refrigerator 9.7CuFt M560 Orange,Home Appliances,493.00000000,2465.00000000
1978,3,0,Litware Refrigerator 4.6CuFt E280 Orange,Home Appliances,299.99000000,-899.97000000
1979,6,0,Litware Refrigerator 3.2CuFt E160 Orange,Home Appliances,279.99000000,-1679.94000000
198,0,2,Litware Home Theater System 4.1 Channel M411 Black,TV and Video,599.00000000,1198.00000000
1981,3,0,Litware Refrigerator 19CuFt M760 Red,Home Appliances,899.00000000,-2697.00000000
1982,5,1,Litware Refrigerator 9.7CuFt M560 Red,Home Appliances,493.00000000,-1972.00000000
1983,2,1,Fabrikam Microwave 1.5CuFt X1100 White,Home Appliances,665.94000000,-665.94000000
1984,15,2,Fabrikam Microwave 2.2CuFt M1250 White,Home Appliances,199.99000000,-2599.87000000
1985,17,2,Fabrikam Microwave 1.6CuFt M1250 White,Home Appliances,179.99000000,-2699.85000000
1986,10,5,Fabrikam Microwave 1.0CuFt E1100 White,Home Appliances,139.99000000,-699.95000000
1987,16,1,Fabrikam Microwave 0.9CuFt E0900 White,Home Appliances,99.99000000,-1499.85000000
1988,15,0,Fabrikam Microwave 0.8CuFt E0800 White,Home Appliances,94.99000000,-1424.85000000
1989,6,10,Fabrikam Microwave 1.5CuFt X1100 Silver,Home Appliances,665.94000000,2663.76000000
199,0,2,Litware Home Theater System 4.1 Channel M412 Black,TV and Video,569.00000000,1138.00000000
1990,5,8,Fabrikam Microwave 2.2CuFt M1250 Silver,Home Appliances,199.99000000,599.97000000
1991,17,6,Fabrikam Microwave 1.6CuFt M1250 Silver,Home Appliances,179.99000000,-1979.89000000
1992,13,2,Fabrikam Microwave 1.0CuFt E1100 Silver,Home Appliances,139.99000000,-1539.89000000
1993,12,9,Fabrikam Microwave 0.9CuFt E0900 Silver,Home Appliances,99.99000000,-299.97000000
1994,13,15,Fabrikam Microwave 0.8CuFt E0800 Silver,Home Appliances,94.99000000,189.98000000
1995,12,2,Fabrikam Microwave 1.5CuFt X1100 Grey,Home Appliances,665.94000000,-6659.40000000
1996,6,5,Fabrikam Microwave 2.2CuFt M1250 Grey,Home Appliances,199.99000000,-199.99000000
1997,10,0,Fabrikam Microwave 1.6CuFt M1250 Grey,Home Appliances,179.99000000,-1799.90000000
1998,2,0,Fabrikam Microwave 1.0CuFt E1100 Grey,Home Appliances,139.99000000,-279.98000000
1999,12,3,Fabrikam Microwave 0.9CuFt E0900 Grey,Home Appliances,99.99000000,-899.91000000
2,34,2,Contoso 512MB MP3 Player E51 Blue,Audio,12.99000000,-415.68000000
20,20,8,Contoso 8GB MP3 Player new model M820 Black,Audio,134.00000000,-1608.00000000
200,1,0,Litware Home Theater System 4.1 Channel M413 Black,TV and Video,549.00000000,-549.00000000
2000,15,9,Fabrikam Microwave 0.8CuFt E0800 Grey,Home Appliances,94.99000000,-569.94000000
2001,9,8,Fabrikam Microwave 1.5CuFt X1100 Red,Home Appliances,665.94000000,-665.94000000
2002,13,0,Fabrikam Microwave 2.2CuFt M1250 Red,Home Appliances,199.99000000,-2599.87000000
2003,1,0,Fabrikam Microwave 1.6CuFt M1250 Red,Home Appliances,179.99000000,-179.99000000
2004,0,3,Fabrikam Microwave 1.0CuFt E1100 Red,Home Appliances,139.99000000,419.97000000
2005,31,0,Fabrikam Microwave 0.9CuFt E0900 Red,Home Appliances,99.99000000,-3099.69000000
2006,20,7,Fabrikam Microwave 0.8CuFt E0800 Red,Home Appliances,94.99000000,-1234.87000000
2007,13,4,Fabrikam Microwave 1.5CuFt X1100 Black,Home Appliances,665.94000000,-5993.46000000
2008,24,1,Fabrikam Microwave 2.2CuFt M1250 Black,Home Appliances,199.99000000,-4599.77000000
2009,13,8,Fabrikam Microwave 1.6CuFt M1250 Black,Home Appliances,179.99000000,-899.95000000
201,7,0,Litware Home Theater System 5.1 Channel M512 Black,TV and Video,699.00000000,-4893.00000000
2010,9,3,Fabrikam Microwave 1.0CuFt E1100 Black,Home Appliances,139.99000000,-839.94000000
2011,13,1,Fabrikam Microwave 0.9CuFt E0900 Black,Home Appliances,99.99000000,-1199.88000000
2012,15,1,Fabrikam Microwave 0.8CuFt E0800 Black,Home Appliances,94.99000000,-1329.86000000
2013,7,0,Fabrikam Microwave 1.5CuFt X1100 Blue,Home Appliances,665.94000000,-4661.58000000
2014,19,1,Fabrikam Microwave 2.2CuFt M1250 Blue,Home Appliances,199.99000000,-3599.82000000
2015,9,2,Fabrikam Microwave 1.6CuFt M1250 Blue,Home Appliances,179.99000000,-1259.93000000
2016,15,8,Fabrikam Microwave 1.0CuFt E1100 Blue,Home Appliances,139.99000000,-979.93000000
2017,6,13,Fabrikam Microwave 0.9CuFt E0900 Blue,Home Appliances,99.99000000,699.93000000
2018,27,12,Fabrikam Microwave 0.8CuFt E0800 Blue,Home Appliances,94.99000000,-1424.85000000
2019,8,7,Litware Microwave 1.5CuFt X110 White,Home Appliances,665.94000000,-665.94000000
202,2,9,Litware Home Theater System 5.1 Channel M513 Black,TV and Video,689.00000000,4823.00000000
2020,17,6,Litware Microwave 2.2CuFt M125 White,Home Appliances,199.99000000,-2199.89000000
2021,6,0,Litware Microwave 1.6CuFt M125 White,Home Appliances,179.99000000,-1079.94000000
2022,9,4,Litware Microwave 1.0CuFt E110 White,Home Appliances,139.99000000,-699.95000000
2023,17,18,Litware Microwave 0.9CuFt E090 White,Home Appliances,99.99000000,99.99000000
2024,13,12,Litware Microwave 0.8CuFt E080 White,Home Appliances,94.99000000,-94.99000000
2025,40,4,Litware Microwave 1.5CuFt X110 Silver,Home Appliances,665.94000000,-23973.84000000
2026,11,0,Litware Microwave 2.2CuFt M125 Silver,Home Appliances,199.99000000,-2199.89000000
2027,10,1,Litware Microwave 1.6CuFt M125 Silver,Home Appliances,179.99000000,-1619.91000000
2028,12,1,Litware Microwave 1.0CuFt E110 Silver,Home Appliances,139.99000000,-1539.89000000
2029,15,0,Litware Microwave 0.9CuFt E090 Silver,Home Appliances,99.99000000,-1499.85000000
2030,8,1,Litware Microwave 0.8CuFt E080 Silver,Home Appliances,94.99000000,-664.93000000
2031,10,1,Litware Microwave 1.5CuFt X110 Grey,Home Appliances,665.94000000,-5993.46000000
2032,10,2,Litware Microwave 2.2CuFt M125 Grey,Home Appliances,199.99000000,-1599.92000000
2033,6,2,Litware Microwave 1.6CuFt M125 Grey,Home Appliances,179.99000000,-719.96000000
2034,7,12,Litware Microwave 1.0CuFt E110 Grey,Home Appliances,139.99000000,699.95000000
2035,13,0,Litware Microwave 0.9CuFt E090 Grey,Home Appliances,99.99000000,-1299.87000000
2036,18,9,Litware Microwave 0.8CuFt E080 Grey,Home Appliances,94.99000000,-854.91000000
2037,19,2,Litware Microwave 1.5CuFt X110 Red,Home Appliances,665.94000000,-11320.98000000
2038,19,3,Litware Microwave 2.2CuFt M125 Red,Home Appliances,199.99000000,-3199.84000000
2039,32,4,Litware Microwave 1.6CuFt M125 Red,Home Appliances,179.99000000,-5039.72000000
2040,7,5,Litware Microwave 1.0CuFt E110 Red,Home Appliances,139.99000000,-279.98000000
2041,13,0,Litware Microwave 0.9CuFt E090 Red,Home Appliances,99.99000000,-1299.87000000
2042,16,2,Litware Microwave 0.8CuFt E080 Red,Home Appliances,94.99000000,-1329.86000000
2043,19,0,Litware Microwave 1.5CuFt X110 Black,Home Appliances,665.94000000,-12652.86000000
2044,1,4,Litware Microwave 2.2CuFt M125 Black,Home Appliances,199.99000000,599.97000000
2045,11,2,Litware Microwave 1.6CuFt M125 Black,Home Appliances,179.99000000,-1619.91000000
2046,14,0,Litware Microwave 1.0CuFt E110 Black,Home Appliances,139.99000000,-1959.86000000
2047,7,2,Litware Microwave 0.9CuFt E090 Black,Home Appliances,99.99000000,-499.95000000
2048,4,0,Litware Microwave 0.8CuFt E080 Black,Home Appliances,94.99000000,-379.96000000
2049,43,3,Litware Microwave 1.5CuFt X110 Blue,Home Appliances,665.94000000,-26637.60000000
205,0,1,Litware Home Theater System 5.1 Channel M514 Black,TV and Video,599.00000000,599.00000000
2050,3,2,Litware Microwave 2.2CuFt M125 Blue,Home Appliances,199.99000000,-199.99000000
2051,12,3,Litware Microwave 1.6CuFt M125 Blue,Home Appliances,179.99000000,-1619.91000000
2052,20,0,Litware Microwave 1.0CuFt E110 Blue,Home Appliances,139.99000000,-2799.80000000
2053,9,6,Litware Microwave 0.9CuFt E090 Blue,Home Appliances,99.99000000,-299.97000000
2054,4,0,Litware Microwave 0.8CuFt E080 Blue,Home Appliances,94.99000000,-379.96000000
2055,4,5,Contoso Microwave 1.5CuFt X0110 White,Home Appliances,665.94000000,665.94000000
2056,4,2,Contoso Microwave 2.2CuFt M0125 White,Home Appliances,199.99000000,-399.98000000
2057,27,5,Contoso Microwave 1.6CuFt M0125 White,Home Appliances,179.99000000,-3959.78000000
2058,4,0,Contoso Microwave 1.0CuFt E0110 White,Home Appliances,139.99000000,-559.96000000
2059,26,0,Contoso Microwave 0.9CuFt E0090 White,Home Appliances,99.99000000,-2599.74000000
206,0,7,Litware Home Theater System 5.1 Channel M515 Black,TV and Video,569.00000000,3983.00000000
2060,8,0,Contoso Microwave 0.8CuFt E0080 White,Home Appliances,94.99000000,-759.92000000
2061,31,3,Contoso Microwave 1.5CuFt X0110 Silver,Home Appliances,665.94000000,-18646.32000000
2062,11,0,Contoso Microwave 2.2CuFt M0125 Silver,Home Appliances,199.99000000,-2199.89000000
2063,8,0,Contoso Microwave 1.6CuFt M0125 Silver,Home Appliances,179.99000000,-1439.92000000
2064,24,2,Contoso Microwave 1.0CuFt E0110 Silver,Home Appliances,139.99000000,-3079.78000000
2065,24,5,Contoso Microwave 0.9CuFt E0090 Silver,Home Appliances,99.99000000,-1899.81000000
2066,1,10,Contoso Microwave 0.8CuFt E0080 Silver,Home Appliances,94.99000000,854.91000000
2067,6,0,Contoso Microwave 1.5CuFt X0110 Grey,Home Appliances,665.94000000,-3995.64000000
2068,13,6,Contoso Microwave 2.2CuFt M0125 Grey,Home Appliances,199.99000000,-1399.93000000
2069,1,2,Contoso Microwave 2.2CuFt M0126 Grey,Home Appliances,179.99000000,179.99000000
207,4,0,Litware Home Theater System 5.1 Channel M516 Black,TV and Video,579.00000000,-2316.00000000
2070,21,3,Contoso Microwave 1.0CuFt E0110 Grey,Home Appliances,139.99000000,-2519.82000000
2071,9,5,Contoso Microwave 0.9CuFt E0090 Grey,Home Appliances,99.99000000,-399.96000000
2072,8,5,Contoso Microwave 0.8CuFt E0080 Grey,Home Appliances,94.99000000,-284.97000000
2073,2,4,Contoso Microwave 1.5CuFt X0110 Red,Home Appliances,665.94000000,1331.88000000
2074,6,0,Contoso Microwave 2.2CuFt M0125 Red,Home Appliances,199.99000000,-1199.94000000
2075,23,5,Contoso Microwave 1.6CuFt M0125 Red,Home Appliances,179.99000000,-3239.82000000
2076,24,4,Contoso Microwave 1.0CuFt E0110 Red,Home Appliances,139.99000000,-2799.80000000
2077,5,7,Contoso Microwave 0.9CuFt E0090 Red,Home Appliances,99.99000000,199.98000000
2078,11,2,Contoso Microwave 0.8CuFt E0080 Red,Home Appliances,94.99000000,-854.91000000
2079,18,0,Contoso Microwave 1.5CuFt X0110 Black,Home Appliances,665.94000000,-11986.92000000
208,1,7,Litware Home Theater System 4.1 Channel M410 Silver,TV and Video,599.00000000,3594.00000000
2080,2,6,Contoso Microwave 2.2CuFt M0125 Black,Home Appliances,199.99000000,799.96000000
2081,12,11,Contoso Microwave 1.6CuFt M0125 Black,Home Appliances,179.99000000,-179.99000000
2082,15,3,Contoso Microwave 1.0CuFt E0110 Black,Home Appliances,139.99000000,-1679.88000000
2083,19,0,Contoso Microwave 0.9CuFt E0090 Black,Home Appliances,99.99000000,-1899.81000000
2084,12,7,Contoso Microwave 0.8CuFt E0080 Black,Home Appliances,94.99000000,-474.95000000
2085,60,3,Contoso Water Heater 7.2GPM X1800 White,Home Appliances,1475.00000000,-84075.00000000
2086,46,28,Contoso Water Heater 4.3GPM M1250 White,Home Appliances,877.50000000,-15795.00000000
2087,39,23,Contoso Water Heater 4.0GPM M1250 White,Home Appliances,791.00000000,-12656.00000000
2088,21,12,Contoso Water Heater 2.6GPM E0900 White,Home Appliances,508.00000000,-4572.00000000
2089,40,18,Contoso Water Heater 1.5GPM E0800 White,Home Appliances,257.50000000,-5665.00000000
209,1,3,Litware Home Theater System 5.1 Channel M511 Silver,TV and Video,699.00000000,1398.00000000
2090,24,16,Contoso Water Heater 7.2GPM X1800 Blue,Home Appliances,1475.00000000,-11800.00000000
2091,31,7,Contoso Water Heater 4.3GPM M1250 Blue,Home Appliances,877.50000000,-21060.00000000
2092,41,12,Contoso Water Heater 4.0GPM M1250 Blue,Home Appliances,791.00000000,-22939.00000000
2093,62,42,Contoso Water Heater 2.6GPM E0900 Blue,Home Appliances,508.00000000,-10160.00000000
2094,49,22,Contoso Water Heater 1.5GPM E0800 Blue,Home Appliances,257.50000000,-6952.50000000
2095,22,15,Contoso Water Heater 7.2GPM X1800 Green,Home Appliances,1475.00000000,-10325.00000000
2096,59,44,Contoso Water Heater 4.3GPM M1250 Green,Home Appliances,877.50000000,-13162.50000000
2097,25,21,Contoso Water Heater 4.0GPM M1250 Green,Home Appliances,791.00000000,-3164.00000000
2098,25,12,Contoso Water Heater 2.6GPM E0900 Green,Home Appliances,508.00000000,-6604.00000000
2099,30,22,Contoso Water Heater 1.5GPM E0800 Green,Home Appliances,257.50000000,-2060.00000000
21,19,0,Contoso 8GB MP3 Player new model M820 Blue,Audio,134.00000000,-2546.00000000
2100,37,5,Contoso Water Heater 7.2GPM X1800 Silver,Home Appliances,1475.00000000,-47200.00000000
2101,16,18,Contoso Water Heater 4.3GPM M1250 Silver,Home Appliances,877.50000000,1755.00000000
2102,42,27,Contoso Water Heater 4.0GPM M1250 Silver,Home Appliances,791.00000000,-11865.00000000
2103,57,19,Contoso Water Heater 2.6GPM E0900 Silver,Home Appliances,508.00000000,-19304.00000000
2104,15,5,Contoso Water Heater 1.5GPM E0800 Silver,Home Appliances,257.50000000,-2575.00000000
2105,27,29,Contoso Water Heater 7.2GPM X1800 Grey,Home Appliances,1475.00000000,2950.00000000
2106,55,28,Contoso Water Heater 4.3GPM M1250 Grey,Home Appliances,877.50000000,-23692.50000000
2107,47,31,Contoso Water Heater 4.0GPM M1250 Grey,Home Appliances,791.00000000,-12656.00000000
2108,40,13,Contoso Water Heater 2.6GPM E0900 Grey,Home Appliances,508.00000000,-13716.00000000
2109,43,14,Contoso Water Heater 1.5GPM E0800 Grey,Home Appliances,257.50000000,-7467.50000000
211,2,1,Litware Home Theater System 5.1 Channel M510 Silver,TV and Video,639.00000000,-639.00000000
2110,24,14,Contoso Water Heater 7.2GPM X1800 Red,Home Appliances,1475.00000000,-14750.00000000
2111,16,9,Contoso Water Heater 4.3GPM M1250 Red,Home Appliances,877.50000000,-6142.50000000
2112,19,18,Contoso Water Heater 4.0GPM M1250 Red,Home Appliances,791.00000000,-791.00000000
2113,42,5,Contoso Water Heater 2.6GPM E0900 Red,Home Appliances,508.00000000,-18796.00000000
2114,37,21,Contoso Water Heater 1.5GPM E0800 Red,Home Appliances,257.50000000,-4120.00000000
2115,17,32,Contoso Water Heater 4.3GPM M1250 Yellow,Home Appliances,877.50000000,13162.50000000
2116,7,1,Contoso Coffee Maker Super-Auto 12C X1250 Black,Home Appliances,1650.00000000,-9900.00000000
2117,10,3,Contoso Coffee Maker Auto 10C M1000 Black,Home Appliances,745.99000000,-5221.93000000
2118,0,3,Contoso Coffee Maker 12C M1000 Black,Home Appliances,445.00000000,1335.00000000
2119,13,0,Contoso Coffee Maker Auto 5C E0900 Black,Home Appliances,163.00000000,-2119.00000000
212,6,0,Litware Home Theater System 2.1 Channel E211 Silver,TV and Video,269.90000000,-1619.40000000
2121,6,0,Contoso Coffee Maker 4C E0800 Black,Home Appliances,129.90000000,-779.40000000
2122,5,2,Contoso Coffee Maker Super-Auto 12C X1250 Silver,Home Appliances,1650.00000000,-4950.00000000
2123,13,0,Contoso Coffee Maker Auto 10C M1000 Silver,Home Appliances,745.99000000,-9697.87000000
2124,0,1,Contoso Coffee Maker 12C M1000 Silver,Home Appliances,445.00000000,445.00000000
2125,8,0,Contoso Coffee Maker Auto 5C E0900 Silver,Home Appliances,163.00000000,-1304.00000000
2126,7,5,Contoso Coffee Maker 5C E0900 Silver,Home Appliances,149.00000000,-298.00000000
2127,21,3,Contoso Coffee Maker 4C E0800 Silver,Home Appliances,129.90000000,-2338.20000000
2128,13,0,Contoso Coffee Maker Super-Auto 12C X1250 White,Home Appliances,1650.00000000,-21450.00000000
2129,15,2,Contoso Coffee Maker Auto 10C M1000 White,Home Appliances,745.99000000,-9697.87000000
2130,17,1,Contoso Coffee Maker 12C M1000 White,Home Appliances,445.00000000,-7120.00000000
2131,6,0,Contoso Coffee Maker Auto 5C E0900 White,Home Appliances,163.00000000,-978.00000000
2132,5,9,Contoso Coffee Maker 5C E0900 White,Home Appliances,149.00000000,596.00000000
2133,12,2,Contoso Coffee Maker 4C E0800 White,Home Appliances,129.90000000,-1299.00000000
2134,9,0,Contoso Coffee Maker Super-Auto 12C X1250 Grey,Home Appliances,1650.00000000,-14850.00000000
2135,15,0,Contoso Coffee Maker Auto 10C M1000 Grey,Home Appliances,745.99000000,-11189.85000000
2136,15,17,Contoso Coffee Maker 12C M1000 Grey,Home Appliances,445.00000000,890.00000000
2137,6,0,Contoso Coffee Maker Auto 5C E0900 Grey,Home Appliances,163.00000000,-978.00000000
2138,0,6,Contoso Coffee Maker 5C E0900 Grey,Home Appliances,149.00000000,894.00000000
2139,12,3,Contoso Coffee Maker 4C E0800 Grey,Home Appliances,129.90000000,-1169.10000000
214,0,6,Litware Home Theater System 4.1 Channel M411 Silver,TV and Video,599.00000000,3594.00000000
2140,2,5,Adventure Works Coffee Maker Super-Auto 12C X125 Black,Home Appliances,1650.00000000,4950.00000000
2141,1,7,Adventure Works Coffee Maker Auto 10C M100 Black,Home Appliances,745.99000000,4475.94000000
2142,14,0,Adventure Works Coffee Maker 12C M100 Black,Home Appliances,445.00000000,-6230.00000000
2143,1,10,Adventure Works Coffee Maker Auto 5C E090 Black,Home Appliances,163.00000000,1467.00000000
2144,9,7,Adventure Works Coffee Maker 5C E090 Black,Home Appliances,149.00000000,-298.00000000
2145,7,5,Adventure Works Coffee Maker 4C E080 Black,Home Appliances,129.90000000,-259.80000000
2146,1,0,Adventure Works Coffee Maker Super-Auto 12C X125 Silver,Home Appliances,1650.00000000,-1650.00000000
2147,4,1,Adventure Works Coffee Maker Auto 10C M100 Silver,Home Appliances,745.99000000,-2237.97000000
2148,11,3,Adventure Works Coffee Maker 12C M100 Silver,Home Appliances,445.00000000,-3560.00000000
2149,11,3,Adventure Works Coffee Maker Auto 5C E090 Silver,Home Appliances,163.00000000,-1304.00000000
215,7,2,Litware Home Theater System 4.1 Channel M412 Silver,TV and Video,569.00000000,-2845.00000000
2150,10,1,Adventure Works Coffee Maker 5C E090 Silver,Home Appliances,149.00000000,-1341.00000000
2151,14,0,Adventure Works Coffee Maker 4C E080 Silver,Home Appliances,129.90000000,-1818.60000000
2152,20,3,Adventure Works Coffee Maker Super-Auto 12C X125 White,Home Appliances,1650.00000000,-28050.00000000
2153,1,1,Adventure Works Coffee Maker Auto 10C M100 White,Home Appliances,745.99000000,0.00000000
2154,7,0,Adventure Works Coffee Maker 12C M100 White,Home Appliances,445.00000000,-3115.00000000
2155,8,6,Adventure Works Coffee Maker Auto 5C E090 White,Home Appliances,163.00000000,-326.00000000
2156,11,0,Adventure Works Coffee Maker 5C E090 White,Home Appliances,149.00000000,-1639.00000000
2157,7,1,Adventure Works Coffee Maker 4C E080 White,Home Appliances,129.90000000,-779.40000000
2158,1,5,Adventure Works Coffee Maker Super-Auto 12C X125 Grey,Home Appliances,1650.00000000,6600.00000000
2159,9,1,Adventure Works Coffee Maker Auto 10C M100 Grey,Home Appliances,745.99000000,-5967.92000000
216,0,6,Litware Home Theater System 4.1 Channel M413 Silver,TV and Video,549.00000000,3294.00000000
2160,10,2,Adventure Works Coffee Maker 12C M100 Grey,Home Appliances,445.00000000,-3560.00000000
2161,0,7,Adventure Works Coffee Maker Auto 5C E090 Grey,Home Appliances,163.00000000,1141.00000000
2162,12,1,Adventure Works Coffee Maker 5C E090 Grey,Home Appliances,149.00000000,-1639.00000000
2163,4,0,Adventure Works Coffee Maker 4C E080 Grey,Home Appliances,129.90000000,-519.60000000
2164,2,1,Fabrikam Coffee Maker Super-Auto 12C X125 Black,Home Appliances,1650.00000000,-1650.00000000
2165,1,1,Fabrikam Coffee Maker Auto 10C M100 Black,Home Appliances,745.99000000,0.00000000
2166,1,3,Fabrikam Coffee Maker 12C M100 Black,Home Appliances,445.00000000,890.00000000
2167,5,0,Fabrikam Coffee Maker Auto 5C E090 Black,Home Appliances,163.00000000,-815.00000000
2168,14,0,Fabrikam Coffee Maker 5C E090 Black,Home Appliances,149.00000000,-2086.00000000
2169,2,2,Fabrikam Coffee Maker 4C E080 Black,Home Appliances,129.90000000,0.00000000
217,7,0,Litware Home Theater System 5.1 Channel M512 Silver,TV and Video,699.00000000,-4893.00000000
2170,12,5,Fabrikam Coffee Maker Super-Auto 12C X125 Silver,Home Appliances,1650.00000000,-11550.00000000
2172,2,2,Fabrikam Coffee Maker 12C M100 Silver,Home Appliances,445.00000000,0.00000000
2173,1,11,Fabrikam Coffee Maker Auto 5C E090 Silver,Home Appliances,163.00000000,1630.00000000
2174,6,5,Fabrikam Coffee Maker 5C E090 Silver,Home Appliances,149.00000000,-149.00000000
2175,19,0,Fabrikam Coffee Maker 4C E080 Silver,Home Appliances,129.90000000,-2468.10000000
2176,8,3,Fabrikam Coffee Maker Super-Auto 12C X125 White,Home Appliances,1650.00000000,-8250.00000000
2177,9,0,Fabrikam Coffee Maker Auto 10C M100 White,Home Appliances,745.99000000,-6713.91000000
2178,12,0,Fabrikam Coffee Maker 12C M100 White,Home Appliances,445.00000000,-5340.00000000
2179,0,2,Fabrikam Coffee Maker Auto 5C E090 White,Home Appliances,163.00000000,326.00000000
218,8,0,Litware Home Theater System 5.1 Channel M513 Silver,TV and Video,689.00000000,-5512.00000000
2180,10,1,Fabrikam Coffee Maker 5C E090 White,Home Appliances,149.00000000,-1341.00000000
2181,20,0,Fabrikam Coffee Maker 4C E080 White,Home Appliances,129.90000000,-2598.00000000
2182,0,3,Fabrikam Coffee Maker Super-Auto 12C X125 Grey,Home Appliances,1650.00000000,4950.00000000
2183,14,0,Fabrikam Coffee Maker Auto 10C M100 Grey,Home Appliances,745.99000000,-10443.86000000
2184,3,5,Fabrikam Coffee Maker 12C M100 Grey,Home Appliances,445.00000000,890.00000000
2185,3,4,Fabrikam Coffee Maker Auto 5C E090 Grey,Home Appliances,163.00000000,163.00000000
2186,21,8,Fabrikam Coffee Maker 5C E090 Grey,Home Appliances,149.00000000,-1937.00000000
2187,10,0,Fabrikam Coffee Maker 4C E080 Grey,Home Appliances,129.90000000,-1299.00000000
2188,4,0,Fabrikam Coffee Maker 12C M100 Gold,Home Appliances,445.00000000,-1780.00000000
2189,1,2,Fabrikam Coffee Maker Auto 5C E090 Gold,Home Appliances,163.00000000,163.00000000
219,8,5,Litware Home Theater System 7.1 Channel M710 Silver,TV and Video,799.00000000,-2397.00000000
2194,0,3,Adventure Works Wall Lamp E2150 Black,Home Appliances,119.99000000,359.97000000
2195,9,0,Adventure Works Wall Lamp E3150 Black,Home Appliances,101.99000000,-917.91000000
2199,3,0,Adventure Works Floor Lamp M2150 White,Home Appliances,339.00000000,-1017.00000000
22,21,6,Contoso 8GB MP3 Player new model M820 Yellow,Audio,134.00000000,-2010.00000000
220,3,4,Litware Home Theater System 7.1 Channel X711 Silver,TV and Video,1109.00000000,1109.00000000
2202,4,0,Adventure Works Wall Lamp E2150 White,Home Appliances,119.99000000,-479.96000000
2203,0,3,Adventure Works Wall Lamp E3150 White,Home Appliances,101.99000000,305.97000000
2204,0,7,Adventure Works Desk Lamp E1300 White,Home Appliances,79.95000000,559.65000000
2205,3,2,Adventure Works Desk Lamp E1200 White,Home Appliances,29.99000000,-29.99000000
2206,1,3,Adventure Works Floor Lamp X1150 Silver,Home Appliances,635.99000000,1271.98000000
2210,6,0,Adventure Works Wall Lamp E2150 Silver,Home Appliances,119.99000000,-719.94000000
2216,2,0,Adventure Works Chandelier M8150 Grey,Home Appliances,268.50000000,-537.00000000
222,7,10,Litware Home Theater System 5.1 Channel M515 Silver,TV and Video,569.00000000,1707.00000000
2221,4,3,Adventure Works Desk Lamp E1200 Grey,Home Appliances,29.99000000,-29.99000000
2223,0,13,Adventure Works Floor Lamp M2150 Blue,Home Appliances,339.00000000,4407.00000000
2224,2,0,Adventure Works Chandelier M8150 Blue,Home Appliances,268.50000000,-537.00000000
2227,6,0,Adventure Works Wall Lamp E3150 Blue,Home Appliances,101.99000000,-611.94000000
2228,0,3,Adventure Works Desk Lamp E1300 Blue,Home Appliances,79.95000000,239.85000000
223,0,11,Litware Home Theater System 5.1 Channel M516 Silver,TV and Video,579.00000000,6369.00000000
2231,6,7,WWI Floor Lamp M215 Black,Home Appliances,339.00000000,339.00000000
2232,2,0,WWI Chandelier M815 Black,Home Appliances,268.50000000,-537.00000000
2235,1,0,WWI Wall Lamp E315 Black,Home Appliances,101.99000000,-101.99000000
2237,3,0,WWI Desk Lamp E120 Black,Home Appliances,29.99000000,-89.97000000
2238,2,1,WWI Floor Lamp X115 White,Home Appliances,635.99000000,-635.99000000
2239,2,0,WWI Floor Lamp M215 White,Home Appliances,339.00000000,-678.00000000
2240,8,2,WWI Chandelier M815 White,Home Appliances,268.50000000,-1611.00000000
2245,7,0,WWI Desk Lamp E120 White,Home Appliances,29.99000000,-209.93000000
2246,9,0,WWI Floor Lamp X115 Silver,Home Appliances,635.99000000,-5723.91000000
2247,4,0,WWI Floor Lamp M215 Silver,Home Appliances,339.00000000,-1356.00000000
225,8,0,Litware Home Theater System 5.1 Channel M511 Brown,TV and Video,699.00000000,-5592.00000000
2252,2,0,WWI Desk Lamp E130 Silver,Home Appliances,79.95000000,-159.90000000
2256,4,0,WWI Chandelier M815 Grey,Home Appliances,268.50000000,-1074.00000000
2257,2,0,WWI Chandelier M615 Grey,Home Appliances,229.99000000,-459.98000000
2258,1,0,WWI Wall Lamp E215 Grey,Home Appliances,119.99000000,-119.99000000
226,3,0,Litware Home Theater System 2.1 Channel E210 Brown,TV and Video,299.00000000,-897.00000000
2261,6,0,WWI Desk Lamp E120 Grey,Home Appliances,29.99000000,-179.94000000
2263,5,0,WWI Floor Lamp M215 Blue,Home Appliances,339.00000000,-1695.00000000
2264,1,1,WWI Chandelier M815 Blue,Home Appliances,268.50000000,0.00000000
2265,0,7,WWI Chandelier M615 Blue,Home Appliances,229.99000000,1609.93000000
2266,8,0,WWI Wall Lamp E215 Blue,Home Appliances,119.99000000,-959.92000000
2267,3,0,WWI Wall Lamp E315 Blue,Home Appliances,101.99000000,-305.97000000
2268,2,3,WWI Desk Lamp E130 Blue,Home Appliances,79.95000000,79.95000000
2269,0,2,WWI Desk Lamp E120 Blue,Home Appliances,29.99000000,59.98000000
227,6,0,Litware Home Theater System 5.1 Channel M510 Brown,TV and Video,639.00000000,-3834.00000000
2270,4,0,Proseware Floor Lamp X0115 Black,Home Appliances,635.99000000,-2543.96000000
2271,10,0,Proseware Floor Lamp M0215 Black,Home Appliances,339.00000000,-3390.00000000
2272,1,0,Proseware Chandelier M0815 Black,Home Appliances,268.50000000,-268.50000000
2273,1,0,Proseware Chandelier M0615 Black,Home Appliances,229.99000000,-229.99000000
2275,3,0,Proseware Wall Lamp E0315 Black,Home Appliances,101.99000000,-305.97000000
2278,8,0,Proseware Floor Lamp X0115 White,Home Appliances,635.99000000,-5087.92000000
2279,0,1,Proseware Floor Lamp M0215 White,Home Appliances,339.00000000,339.00000000
2281,14,0,Proseware Chandelier M0615 White,Home Appliances,229.99000000,-3219.86000000
2283,9,3,Proseware Wall Lamp E0315 White,Home Appliances,101.99000000,-611.94000000
2284,3,0,Proseware Desk Lamp E0130 White,Home Appliances,79.95000000,-239.85000000
2285,0,7,Proseware Desk Lamp E0120 White,Home Appliances,29.99000000,209.93000000
2286,6,0,Proseware Floor Lamp X0115 Silver,Home Appliances,635.99000000,-3815.94000000
2287,9,0,Proseware Floor Lamp M0215 Silver,Home Appliances,339.00000000,-3051.00000000
2289,2,0,Proseware Chandelier M0615 Silver,Home Appliances,229.99000000,-459.98000000
229,2,3,Litware Home Theater System 2.1 Channel E212 Brown,TV and Video,299.90000000,299.90000000
2290,3,0,Proseware Wall Lamp E0215 Silver,Home Appliances,119.99000000,-359.97000000
2292,0,3,Proseware Desk Lamp E0130 Silver,Home Appliances,79.95000000,239.85000000
2294,0,2,Proseware Floor Lamp X0115 Grey,Home Appliances,635.99000000,1271.98000000
2296,0,2,Proseware Chandelier M0815 Grey,Home Appliances,268.50000000,537.00000000
2297,3,0,Proseware Chandelier M0615 Grey,Home Appliances,229.99000000,-689.97000000
2298,3,0,Proseware Wall Lamp E0215 Grey,Home Appliances,119.99000000,-359.97000000
2299,4,0,Proseware Wall Lamp E0315 Grey,Home Appliances,101.99000000,-407.96000000
23,25,10,Contoso 8GB MP3 Player new model M820 White,Audio,134.00000000,-2010.00000000
230,5,0,Litware Home Theater System 4.1 Channel M411 Brown,TV and Video,599.00000000,-2995.00000000
2303,3,0,Proseware Floor Lamp M0215 Blue,Home Appliances,339.00000000,-1017.00000000
2308,2,0,Proseware Desk Lamp E0130 Blue,Home Appliances,79.95000000,-159.90000000
2309,2,0,Proseware Desk Lamp E0120 Blue,Home Appliances,29.99000000,-59.98000000
231,1,0,Litware Home Theater System 4.1 Channel M412 Brown,TV and Video,569.00000000,-569.00000000
2310,0,2,Litware Floor Lamp X1015 Black,Home Appliances,635.99000000,1271.98000000
2311,0,9,Litware Floor Lamp M2015 Black,Home Appliances,339.00000000,3051.00000000
2312,1,3,Litware Chandelier M8015 Black,Home Appliances,268.50000000,537.00000000
2313,6,0,Litware Chandelier M6015 Black,Home Appliances,229.99000000,-1379.94000000
2316,6,0,Litware Desk Lamp E1030 Black,Home Appliances,79.95000000,-479.70000000
2318,2,0,Litware Floor Lamp X1015 White,Home Appliances,635.99000000,-1271.98000000
2319,0,6,Litware Floor Lamp M2015 White,Home Appliances,339.00000000,2034.00000000
232,0,8,Litware Home Theater System 4.1 Channel M413 Brown,TV and Video,549.00000000,4392.00000000
2322,2,2,Litware Wall Lamp E2015 White,Home Appliances,119.99000000,0.00000000
2324,0,1,Litware Desk Lamp E1030 White,Home Appliances,79.95000000,79.95000000
2325,0,1,Litware Desk Lamp E1020 White,Home Appliances,29.99000000,29.99000000
2326,0,7,Litware Floor Lamp X1015 Silver,Home Appliances,635.99000000,4451.93000000
2327,4,1,Litware Floor Lamp M2015 Silver,Home Appliances,339.00000000,-1017.00000000
2329,3,0,Litware Chandelier M6015 Silver,Home Appliances,229.99000000,-689.97000000
233,0,2,Litware Home Theater System 5.1 Channel M512 Brown,TV and Video,699.00000000,1398.00000000
2331,2,0,Litware Wall Lamp E3015 Silver,Home Appliances,101.99000000,-203.98000000
2334,0,1,Litware Floor Lamp X1015 Grey,Home Appliances,635.99000000,635.99000000
2335,7,0,Litware Floor Lamp M2015 Grey,Home Appliances,339.00000000,-2373.00000000
2336,0,3,Litware Chandelier M8015 Grey,Home Appliances,268.50000000,805.50000000
2338,0,1,Litware Wall Lamp E2015 Grey,Home Appliances,119.99000000,119.99000000
2340,6,3,Litware Desk Lamp E1030 Grey,Home Appliances,79.95000000,-239.85000000
2342,15,0,Litware Floor Lamp X1015 Blue,Home Appliances,635.99000000,-9539.85000000
2344,6,0,Litware Chandelier M8015 Blue,Home Appliances,268.50000000,-1611.00000000
2345,2,0,Litware Chandelier M6015 Blue,Home Appliances,229.99000000,-459.98000000
2348,3,2,Contoso Air conditioner 25000BTU L1672 White,Home Appliances,635.99000000,-635.99000000
2349,2,2,Contoso Air conditioner 12000BTU M0640 White,Home Appliances,459.99000000,0.00000000
235,1,1,Litware Home Theater System 7.1 Channel M710 Brown,TV and Video,799.00000000,0.00000000
2350,18,0,Contoso Air conditioner 10000BTU M0490 White,Home Appliances,429.99000000,-7739.82000000
2351,7,0,Contoso Air conditioner 8000BTU M0320 White,Home Appliances,399.99000000,-2799.93000000
2353,1,1,Contoso Air conditioner 6000BTU E0180 White,Home Appliances,199.99000000,0.00000000
2354,2,0,Contoso Air conditioner 5200BTU E0100 White,Home Appliances,109.99000000,-219.98000000
2355,3,0,Contoso Air conditioner 25000BTU L1672 Red,Home Appliances,635.99000000,-1907.97000000
2356,0,1,Contoso Air conditioner 12000BTU M0640 Red,Home Appliances,459.99000000,459.99000000
2357,4,2,Contoso Air conditioner 10000BTU M0490 Red,Home Appliances,429.99000000,-859.98000000
2358,2,0,Contoso Air conditioner 8000BTU M0320 Red,Home Appliances,399.99000000,-799.98000000
2359,9,0,Contoso Air conditioner 7000BTU E0260 Red,Home Appliances,299.99000000,-2699.91000000
236,2,5,Litware Home Theater System 7.1 Channel X711 Brown,TV and Video,1109.00000000,3327.00000000
2360,6,10,Contoso Air conditioner 6000BTU E0180 Red,Home Appliances,199.99000000,799.96000000
2361,3,7,Contoso Air conditioner 5200BTU E0100 Red,Home Appliances,109.99000000,439.96000000
2362,7,0,Contoso Air conditioner 25000BTU L1672 Silver,Home Appliances,635.99000000,-4451.93000000
2364,6,5,Contoso Air conditioner 10000BTU M0490 Silver,Home Appliances,429.99000000,-429.99000000
2365,0,1,Contoso Air conditioner 8000BTU M0320 Silver,Home Appliances,399.99000000,399.99000000
2366,2,0,Contoso Air conditioner 7000BTU E0260 Silver,Home Appliances,299.99000000,-599.98000000
2367,1,3,Contoso Air conditioner 6000BTU E0180 Silver,Home Appliances,199.99000000,399.98000000
2368,5,1,Contoso Air conditioner 5200BTU E0100 Silver,Home Appliances,109.99000000,-439.96000000
2369,12,0,Contoso Air conditioner 25000BTU L1672 Grey,Home Appliances,635.99000000,-7631.88000000
237,3,0,Litware Home Theater System 5.1 Channel M514 Brown,TV and Video,599.00000000,-1797.00000000
2370,5,8,Contoso Air conditioner 12000BTU M0640 Grey,Home Appliances,459.99000000,1379.97000000
2371,4,0,Contoso Air conditioner 10000BTU M0490 Grey,Home Appliances,429.99000000,-1719.96000000
2372,0,1,Contoso Air conditioner 8000BTU M0320 Grey,Home Appliances,399.99000000,399.99000000
2373,8,0,Contoso Air conditioner 7000BTU E0260 Grey,Home Appliances,299.99000000,-2399.92000000
2374,0,1,Contoso Air conditioner 6000BTU E0180 Grey,Home Appliances,199.99000000,199.99000000
2375,0,2,Contoso Air conditioner 5200BTU E0100 Grey,Home Appliances,109.99000000,219.98000000
2376,1,0,Contoso Air conditioner 25000BTU L1672 Blue,Home Appliances,635.99000000,-635.99000000
2377,0,2,Contoso Air conditioner 12000BTU M0640 Blue,Home Appliances,459.99000000,919.98000000
2378,3,0,Contoso Air conditioner 10000BTU M0490 Blue,Home Appliances,429.99000000,-1289.97000000
2379,11,0,Contoso Air conditioner 8000BTU M0320 Blue,Home Appliances,399.99000000,-4399.89000000
238,4,1,Litware Home Theater System 5.1 Channel M515 Brown,TV and Video,569.00000000,-1707.00000000
2381,5,0,Contoso Air conditioner 6000BTU E0180 Blue,Home Appliances,199.99000000,-999.95000000
2382,10,0,Contoso Air conditioner 5200BTU E0100 Blue,Home Appliances,109.99000000,-1099.90000000
2383,6,12,Proseware Air conditioner 25000BTU L167 White,Home Appliances,635.99000000,3815.94000000
2385,6,6,Proseware Air conditioner 10000BTU M490 White,Home Appliances,429.99000000,0.00000000
2386,4,0,Proseware Air conditioner 8000BTU M320 White,Home Appliances,399.99000000,-1599.96000000
2387,9,0,Proseware Air conditioner 7000BTU E260 White,Home Appliances,299.99000000,-2699.91000000
2388,1,3,Proseware Air conditioner 6000BTU E180 White,Home Appliances,199.99000000,399.98000000
2389,1,2,Proseware Air conditioner 5200BTU E100 White,Home Appliances,109.99000000,109.99000000
239,0,3,Litware Home Theater System 5.1 Channel M516 Brown,TV and Video,579.00000000,1737.00000000
2390,0,2,Proseware Air conditioner 25000BTU L167 Red,Home Appliances,635.99000000,1271.98000000
2391,0,1,Proseware Air conditioner 12000BTU M640 Red,Home Appliances,459.99000000,459.99000000
2392,6,0,Proseware Air conditioner 10000BTU M490 Red,Home Appliances,429.99000000,-2579.94000000
2393,1,0,Proseware Air conditioner 8000BTU M320 Red,Home Appliances,399.99000000,-399.99000000
2394,2,3,Proseware Air conditioner 7000BTU E260 Red,Home Appliances,299.99000000,299.99000000
2395,2,0,Proseware Air conditioner 6000BTU E180 Red,Home Appliances,199.99000000,-399.98000000
2396,0,11,Proseware Air conditioner 5200BTU E100 Red,Home Appliances,109.99000000,1209.89000000
2397,4,0,Proseware Air conditioner 25000BTU L167 Silver,Home Appliances,635.99000000,-2543.96000000
2398,5,6,Proseware Air conditioner 12000BTU M640 Silver,Home Appliances,459.99000000,459.99000000
24,27,12,Contoso 16GB Mp5 Player M1600 Blue,Audio,199.90000000,-2998.50000000
2400,2,0,Proseware Air conditioner 8000BTU M320 Silver,Home Appliances,399.99000000,-799.98000000
2402,1,1,Proseware Air conditioner 6000BTU E180 Silver,Home Appliances,199.99000000,0.00000000
2404,7,0,Proseware Air conditioner 25000BTU L167 Grey,Home Appliances,635.99000000,-4451.93000000
2405,1,0,Proseware Air conditioner 12000BTU M640 Grey,Home Appliances,459.99000000,-459.99000000
2406,7,3,Proseware Air conditioner 10000BTU M490 Grey,Home Appliances,429.99000000,-1719.96000000
2407,1,0,Proseware Air conditioner 8000BTU M320 Grey,Home Appliances,399.99000000,-399.99000000
2408,6,2,Proseware Air conditioner 7000BTU E260 Grey,Home Appliances,299.99000000,-1199.96000000
2409,0,2,Proseware Air conditioner 6000BTU E180 Grey,Home Appliances,199.99000000,399.98000000
241,9,0,Contoso Home Theater System 2.1 Channel M1210 Black,TV and Video,329.00000000,-2961.00000000
2410,4,0,Litware 3-Speed Oscillating High-Performance Fan E201 Black,Home Appliances,29.99000000,-119.96000000
2411,11,0,Litware 3-Speed Oscillating High-Performance Fan E201 White,Home Appliances,29.99000000,-329.89000000
2412,2,0,Litware 3-Speed Oscillating High-Performance Fan E201 Silver,Home Appliances,29.99000000,-59.98000000
2413,7,0,Litware 18'' Adjustable Oscillating Pedestal Fan E301 Black,Home Appliances,36.83000000,-257.81000000
2414,3,0,Litware 18'' Adjustable Oscillating Pedestal Fan E301 White,Home Appliances,36.83000000,-110.49000000
2415,1,0,Litware 18'' Adjustable Oscillating Pedestal Fan E301 Silver,Home Appliances,36.83000000,-36.83000000
2416,2,2,Litware 3-Speed Oscillating Blower Fan M115 White,Home Appliances,73.99000000,0.00000000
2417,1,0,Litware 3-Speed Oscillating Blower Fan M115 Black,Home Appliances,73.99000000,-73.99000000
2418,3,0,Litware 3-Speed Oscillating Blower Fan M115 Silver,Home Appliances,73.99000000,-221.97000000
2419,13,0,Litware 20'' Box Fan E401 Blue,Home Appliances,25.99000000,-337.87000000
242,15,2,Contoso Home Theater System 7.1 Channel M1700 Black,TV and Video,889.00000000,-11557.00000000
2421,1,0,Litware 20'' Box Fan E401 White,Home Appliances,25.99000000,-25.99000000
2422,0,1,Litware 20'' Box Fan E401 Yellow,Home Appliances,25.99000000,25.99000000
2423,0,3,Litware Tower Fan E501 Black,Home Appliances,39.99000000,119.97000000
2424,9,0,Litware Tower Fan E501 White,Home Appliances,39.99000000,-359.91000000
2425,1,1,Litware Tower Fan E501 Yellow,Home Appliances,39.99000000,0.00000000
2426,4,5,Litware Tower Fan E501 Silver,Home Appliances,39.99000000,39.99000000
2427,3,1,Litware Mobile Fan External USB Cooling Fan E601 Silver,Home Appliances,32.89000000,-65.78000000
2428,1,0,Litware Mobile Fan External USB Cooling Fan E601 White,Home Appliances,32.89000000,-32.89000000
243,1,0,Contoso Home Theater System 4.1 Channel M1400 Black,TV and Video,409.00000000,-409.00000000
2431,1,0,"Litware 16"" White Oscillating Stand Fan E701 White",Home Appliances,29.09000000,-29.09000000
2432,2,0,"Litware 16"" White Oscillating Stand Fan E701 Black",Home Appliances,29.09000000,-58.18000000
2433,3,1,"Litware 16"" White Oscillating Stand Fan E701 Silver",Home Appliances,29.09000000,-58.18000000
2434,17,0,"Litware 16"" White Oscillating Stand Fan E701 Grey",Home Appliances,29.09000000,-494.53000000
2437,5,7,"Litware 14"" High Velocity Floor Fan E801 Black",Home Appliances,44.99000000,89.98000000
2438,2,0,"Litware 14"" High Velocity Floor Fan E801 Pink",Home Appliances,44.99000000,-89.98000000
2439,2,0,Litware 120mm Blue LED Case Fan E901 Black,Home Appliances,9.99000000,-19.98000000
244,1,1,Contoso Home Theater System 5.1 Channel M1500 Black,TV and Video,429.00000000,0.00000000
2440,8,0,Litware 120mm Blue LED Case Fan E901 White,Home Appliances,9.99000000,-79.92000000
2441,2,0,Litware 120mm Blue LED Case Fan E901 blue,Home Appliances,9.99000000,-19.98000000
2442,0,4,Litware 120mm Blue LED Case Fan E901 Grey,Home Appliances,9.99000000,39.96000000
2443,2,0,Litware 80mm Dual Ball Bearing Case Fan E1001 Black,Home Appliances,4.99000000,-9.98000000
2444,1,0,Litware 80mm Dual Ball Bearing Case Fan E1001 White,Home Appliances,4.99000000,-4.99000000
2446,5,0,Litware 80mm Dual Ball Bearing Case Fan E1001 Pink,Home Appliances,4.99000000,-24.95000000
2447,10,0,Litware 92mm DBB Case Fan E1101 Silver,Home Appliances,14.99000000,-149.90000000
2448,10,1,Litware 92mm DBB Case Fan E1101 Black,Home Appliances,14.99000000,-134.91000000
245,3,3,Contoso Home Theater System 5.1 Channel M1510 Black,TV and Video,489.00000000,0.00000000
2451,0,6,Litware Desktop Wind Tower Oscillating Fan E1201 Brown,Home Appliances,29.99000000,179.94000000
2452,20,11,Litware Desktop Wind Tower Oscillating Fan E1201 Purple,Home Appliances,29.99000000,-269.91000000
2453,2,0,Litware Desktop Wind Tower Oscillating Fan E1201 Black,Home Appliances,29.99000000,-59.98000000
2454,7,0,Litware Desktop Wind Tower Oscillating Fan E1201 White,Home Appliances,29.99000000,-209.93000000
2455,10,0,Litware USB Foam Fan E1301 Pink,Home Appliances,19.99000000,-199.90000000
2456,3,0,Litware USB Foam Fan E1301 White,Home Appliances,19.99000000,-59.97000000
2457,16,0,Litware USB Foam Fan E1301 Black,Home Appliances,19.99000000,-319.84000000
2458,10,8,Litware USB Foam Fan E1301 Red,Home Appliances,19.99000000,-39.98000000
2459,5,0,Litware 180 CFM Vertical Discharge Fan X450 Red,Home Appliances,215.62000000,-1078.10000000
246,2,2,Contoso Home Theater System 4.1 Channel M1410 Black,TV and Video,329.00000000,0.00000000
2460,2,0,Litware 180 CFM Vertical Discharge Fan X450 Black,Home Appliances,215.62000000,-431.24000000
2462,7,0,Litware 180 CFM Vertical Discharge Fan X450 Blue,Home Appliances,215.62000000,-1509.34000000
2463,4,0,Litware USB Durable Desk Soft Fan E1401 White,Home Appliances,30.00000000,-120.00000000
2464,13,6,Litware USB Durable Desk Soft Fan E1401 Black,Home Appliances,30.00000000,-210.00000000
2465,5,0,Litware USB Durable Desk Soft Fan E1401 Blue,Home Appliances,30.00000000,-150.00000000
2466,4,1,Litware USB Durable Desk Soft Fan E1401 Red,Home Appliances,30.00000000,-90.00000000
2468,6,0,Litware 80mm LED Dual PCI Slot Fan E1501 Red,Home Appliances,30.99000000,-185.94000000
247,1,0,Contoso Home Theater System 5.1 Channel M1520 Black,TV and Video,339.00000000,-339.00000000
2471,11,0,Litware 80mm LED Dual PCI Slot Fan E1501 White,Home Appliances,30.99000000,-340.89000000
2472,3,6,Litware 20'' Weather-Shield Performance Box Fan E1601 Orange,Home Appliances,29.99000000,89.97000000
2473,16,0,Litware 20'' Weather-Shield Performance Box Fan E1601 Yellow,Home Appliances,29.99000000,-479.84000000
2474,2,0,Litware 20'' Weather-Shield Performance Box Fan E1601 White,Home Appliances,29.99000000,-59.98000000
2475,1,4,Litware 20'' Weather-Shield Performance Box Fan E1601 Black,Home Appliances,29.99000000,89.97000000
2476,8,0,Litware 17'' Oscillating Pedestal Fan M125 Pink,Home Appliances,210.00000000,-1680.00000000
2478,3,4,Litware 17'' Oscillating Pedestal Fan M125 Blue,Home Appliances,210.00000000,210.00000000
2479,5,0,Litware 17'' Oscillating Pedestal Fan M125 White,Home Appliances,210.00000000,-1050.00000000
2481,0,3,Litware 18'' Oscillating Pedestal Fan M135 Yellow,Home Appliances,350.00000000,1050.00000000
2482,8,1,Litware 18'' Oscillating Pedestal Fan M135 Blue,Home Appliances,350.00000000,-2450.00000000
2484,15,0,Litware 18'' Oscillating Pedestal Fan M145 Pink,Home Appliances,400.00000000,-6000.00000000
2485,4,7,Litware 18'' Oscillating Pedestal Fan M145 Yellow,Home Appliances,400.00000000,1200.00000000
2486,1,0,Litware 18'' Oscillating Pedestal Fan M145 Blue,Home Appliances,400.00000000,-400.00000000
2487,1,0,Litware 18'' Oscillating Pedestal Fan M145 White,Home Appliances,400.00000000,-400.00000000
2488,43,24,Contoso Rubberized Skin BlackBerry E100 Black,Cell phones,14.99000000,-284.81000000
2489,58,57,Contoso Rubberized Skin BlackBerry E100 Silver,Cell phones,14.99000000,-14.99000000
249,0,1,Contoso Home Theater System 2.1 Channel E1220 Black,TV and Video,199.00000000,199.00000000
2490,56,27,Contoso Rubberized Skin BlackBerry E100 White,Cell phones,14.99000000,-434.71000000
2491,99,20,Cigarette Lighter Adapter for Contoso Phones E110 Black,Cell phones,24.99000000,-1974.21000000
2492,76,44,Cigarette Lighter Adapter for Contoso Phones E110 White,Cell phones,24.99000000,-799.68000000
2493,65,41,Cigarette Lighter Adapter for Contoso Phones E110 Red,Cell phones,24.99000000,-599.76000000
2494,97,36,Reusable Phone Screen Protector E120,Cell phones,2.94000000,-179.34000000
2495,103,32,Headphone Adapter for Contoso Phone E130 Black,Cell phones,9.99000000,-709.29000000
2496,62,33,Headphone Adapter for Contoso Phone E130 Silver,Cell phones,9.99000000,-289.71000000
2497,83,33,Headphone Adapter for Contoso Phone E130 White,Cell phones,9.99000000,-499.50000000
2498,53,24,Contoso Phone Tough Skin Case E140 Black,Cell phones,23.72000000,-687.88000000
2499,74,34,Contoso Phone Tough Skin Case E140 White,Cell phones,23.72000000,-948.80000000
25,36,13,Contoso 16GB Mp5 Player M1600 Black,Audio,199.90000000,-4597.70000000
250,1,9,Contoso Home Theater System 5.1 Channel M1540 Black,TV and Video,529.00000000,4232.00000000
2500,52,53,Contoso Phone Tough Skin Case E140 Silver,Cell phones,23.72000000,23.72000000
2501,85,33,Contoso Phone Tough Skin Case E140 Pink,Cell phones,23.72000000,-1233.44000000
2502,53,31,Contoso Touch Stylus Pen E150 Black,Cell phones,9.99000000,-219.78000000
2503,57,49,Contoso Touch Stylus Pen E150 Silver,Cell phones,9.99000000,-79.92000000
2504,76,36,Contoso Touch Stylus Pen E150 White,Cell phones,9.99000000,-399.60000000
2505,74,29,Contoso Touch Stylus Pen E150 Red,Cell phones,9.99000000,-449.55000000
2506,42,38,Contoso Rubberized Snap-On Cover Hard Case Cell Phone Protector E160 Pink,Cell phones,4.74000000,-18.96000000
2507,53,29,Contoso Rubberized Snap-On Cover Hard Case Cell Phone Protector E160 White,Cell phones,4.74000000,-113.76000000
2508,76,35,Contoso Rubberized Snap-On Cover Hard Case Cell Phone Protector E160 Silver,Cell phones,4.74000000,-194.34000000
2509,48,50,Contoso Original K1m Li-Ion Standard Battery E170 Black,Cell phones,4.06000000,8.12000000
251,7,0,Contoso Home Theater System 4.1 Channel M1420 Black,TV and Video,480.00000000,-3360.00000000
2510,53,28,Contoso Original K1m Li-Ion Standard Battery E170 White,Cell phones,4.06000000,-101.50000000
2511,68,46,Contoso Original K1m Li-Ion Standard Battery E170 Silver,Cell phones,4.06000000,-89.32000000
2512,61,11,Contoso Bluetooth Active Headphones L15 Black,Cell phones,129.99000000,-6499.50000000
2513,62,22,Contoso Bluetooth Active Headphones L15 Red,Cell phones,129.99000000,-5199.60000000
2514,70,76,Contoso Bluetooth Active Headphones L15 White,Cell phones,129.99000000,779.94000000
2515,92,35,Contoso In-Line Coupler E180 White,Cell phones,3.35000000,-190.95000000
2516,73,36,Contoso In-Line Coupler E180 Black,Cell phones,3.35000000,-123.95000000
2517,59,32,Contoso In-Line Coupler E180 Silver,Cell phones,3.35000000,-90.45000000
252,17,0,Contoso Home Theater System 2.1 Channel M1230 Black,TV and Video,360.00000000,-6120.00000000
254,0,7,Contoso Home Theater System 2.1 Channel M1210 Silver,TV and Video,329.00000000,2303.00000000
255,14,6,Contoso Home Theater System 7.1 Channel M1700 Silver,TV and Video,889.00000000,-7112.00000000
256,5,0,Contoso Home Theater System 4.1 Channel M1400 Silver,TV and Video,409.00000000,-2045.00000000
257,4,0,Contoso Home Theater System 5.1 Channel M1500 Silver,TV and Video,429.00000000,-1716.00000000
258,0,8,Contoso Home Theater System 5.1 Channel M1510 Silver,TV and Video,489.00000000,3912.00000000
259,12,0,Contoso Home Theater System 4.1 Channel M1410 Silver,TV and Video,329.00000000,-3948.00000000
26,10,24,Contoso 16GB Mp5 Player M1600 Green,Audio,199.90000000,2798.60000000
260,3,4,Contoso Home Theater System 5.1 Channel M1520 Silver,TV and Video,339.00000000,339.00000000
261,8,0,Contoso Home Theater System 5.1 Channel M1530 Silver,TV and Video,399.00000000,-3192.00000000
263,7,0,Contoso Home Theater System 5.1 Channel M1540 Silver,TV and Video,529.00000000,-3703.00000000
264,7,0,Contoso Home Theater System 4.1 Channel M1420 Silver,TV and Video,480.00000000,-3360.00000000
265,7,5,Contoso Home Theater System 2.1 Channel M1230 Silver,TV and Video,360.00000000,-720.00000000
266,2,4,Contoso Home Theater System 2.1 Channel E1200 White,TV and Video,299.00000000,598.00000000
267,0,7,Contoso Home Theater System 2.1 Channel M1210 White,TV and Video,329.00000000,2303.00000000
27,20,7,Contoso 16GB Mp5 Player M1600 White,Audio,199.90000000,-2598.70000000
270,0,11,Contoso Home Theater System 5.1 Channel M1500 White,TV and Video,429.00000000,4719.00000000
271,11,4,Contoso Home Theater System 5.1 Channel M1510 White,TV and Video,489.00000000,-3423.00000000
272,10,0,Contoso Home Theater System 4.1 Channel M1410 White,TV and Video,329.00000000,-3290.00000000
273,19,0,Contoso Home Theater System 5.1 Channel M1520 White,TV and Video,339.00000000,-6441.00000000
275,1,0,Contoso Home Theater System 2.1 Channel E1220 White,TV and Video,199.00000000,-199.00000000
276,12,0,Contoso Home Theater System 5.1 Channel M1540 White,TV and Video,529.00000000,-6348.00000000
277,4,4,Contoso Home Theater System 4.1 Channel M1420 White,TV and Video,480.00000000,0.00000000
278,6,13,Contoso Home Theater System 2.1 Channel M1230 White,TV and Video,360.00000000,2520.00000000
28,15,9,Contoso 16GB Mp5 Player M1600 Red,Audio,199.90000000,-1199.40000000
280,1,3,Contoso Home Theater System 2.1 Channel M1210 Brown,TV and Video,329.00000000,658.00000000
281,0,5,Contoso Home Theater System 7.1 Channel M1700 Brown,TV and Video,889.00000000,4445.00000000
282,3,0,Contoso Home Theater System 4.1 Channel M1400 Brown,TV and Video,409.00000000,-1227.00000000
283,8,3,Contoso Home Theater System 5.1 Channel M1500 Brown,TV and Video,429.00000000,-2145.00000000
284,0,4,Contoso Home Theater System 5.1 Channel M1510 Brown,TV and Video,489.00000000,1956.00000000
285,5,5,Contoso Home Theater System 4.1 Channel M1410 Brown,TV and Video,329.00000000,0.00000000
286,2,0,Contoso Home Theater System 5.1 Channel M1520 Brown,TV and Video,339.00000000,-678.00000000
287,9,2,Contoso Home Theater System 5.1 Channel M1530 Brown,TV and Video,399.00000000,-2793.00000000
288,7,0,Contoso Home Theater System 2.1 Channel E1220 Brown,TV and Video,199.00000000,-1393.00000000
289,2,0,Contoso Home Theater System 5.1 Channel M1540 Brown,TV and Video,529.00000000,-1058.00000000
29,17,7,Contoso 32GB Video MP3 Player M3200 White,Audio,255.00000000,-2550.00000000
290,3,0,Contoso Home Theater System 4.1 Channel M1420 Brown,TV and Video,480.00000000,-1440.00000000
291,12,12,Contoso Home Theater System 2.1 Channel M1230 Brown,TV and Video,360.00000000,0.00000000
292,7,0,SV Car Video LCD7W M7080 Black,TV and Video,500.00000000,-3500.00000000
293,7,0,SV Car Video LCD7W M7081 Black,TV and Video,499.00000000,-3493.00000000
294,11,2,SV Car Video TFT7 M7000 Black,TV and Video,299.00000000,-2691.00000000
295,4,0,SV Car Video TFT6.2W E6280 Black,TV and Video,279.00000000,-1116.00000000
296,6,3,SV Car Video TFT6.2W E6281 Black,TV and Video,259.00000000,-777.00000000
297,7,3,SV Car Video TFT6.2W E6282 Black,TV and Video,269.00000000,-1076.00000000
298,3,1,SV Car Video TFT7 M7001 Black,TV and Video,309.00000000,-618.00000000
299,13,10,SV Car Video AM/FM E1000 Black,TV and Video,199.00000000,-597.00000000
3,30,10,Contoso 1G MP3 Player E100 White,Audio,14.52000000,-290.40000000
30,28,2,Contoso 32GB Video MP3 Player M3200 Red,Audio,255.00000000,-6630.00000000
300,10,1,SV Car Video AM/FM E1001 Black,TV and Video,219.00000000,-1971.00000000
301,7,7,SV Car Video TFT7 M7002 Black,TV and Video,319.00000000,0.00000000
302,25,10,SV Car Video LCD9.2W X9280 Black,TV and Video,999.00000000,-14985.00000000
303,14,0,SV Car Video LCD9.2W X9281 Black,TV and Video,869.00000000,-12166.00000000
304,7,5,SV Car Video LCD7W M7082 Black,TV and Video,699.00000000,-1398.00000000
305,2,2,SV Car Video LCD7 M7001 Black,TV and Video,329.00000000,0.00000000
306,0,5,SV Car Video LCD7 M7002 Black,TV and Video,369.00000000,1845.00000000
307,6,1,SV Car Video LCD7 M7003 Black,TV and Video,369.00000000,-1845.00000000
308,0,5,SV Car Video LCD7W M7080 Silver,TV and Video,500.00000000,2500.00000000
309,5,4,SV Car Video LCD7W M7081 Silver,TV and Video,499.00000000,-499.00000000
31,10,1,Contoso 32GB Video MP3 Player M3200 Orange,Audio,255.00000000,-2295.00000000
310,9,0,SV Car Video TFT7 M7000 Silver,TV and Video,299.00000000,-2691.00000000
311,5,4,SV Car Video TFT6.2W E6280 Silver,TV and Video,279.00000000,-279.00000000
312,5,0,SV Car Video TFT6.2W E6281 Silver,TV and Video,259.00000000,-1295.00000000
313,15,9,SV Car Video TFT6.2W E6282 Silver,TV and Video,269.00000000,-1614.00000000
314,10,2,SV Car Video TFT7 M7001 Silver,TV and Video,309.00000000,-2472.00000000
315,4,7,SV Car Video AM/FM E1000 Silver,TV and Video,199.00000000,597.00000000
316,8,8,SV Car Video AM/FM E1001 Silver,TV and Video,219.00000000,0.00000000
317,8,17,SV Car Video TFT7 M7002 Silver,TV and Video,319.00000000,2871.00000000
318,3,20,SV Car Video LCD9.2W X9280 Silver,TV and Video,999.00000000,16983.00000000
319,6,2,SV Car Video LCD9.2W X9281 Silver,TV and Video,869.00000000,-3476.00000000
32,23,5,Contoso 32GB Video MP3 Player M3200 Pink,Audio,255.00000000,-4590.00000000
320,2,2,SV Car Video LCD7W M7082 Silver,TV and Video,699.00000000,0.00000000
321,0,3,SV Car Video LCD7 M7001 Silver,TV and Video,329.00000000,987.00000000
322,10,18,SV Car Video LCD7 M7002 Silver,TV and Video,369.00000000,2952.00000000
323,3,0,SV Car Video LCD7 M7003 Silver,TV and Video,369.00000000,-1107.00000000
324,0,6,SV Car Video LCD7W M7080 Brown,TV and Video,500.00000000,3000.00000000
325,7,2,SV Car Video LCD7W M7081 Brown,TV and Video,499.00000000,-2495.00000000
326,15,12,SV Car Video TFT7 M7000 Brown,TV and Video,299.00000000,-897.00000000
327,8,15,SV Car Video TFT6.2W E6280 Brown,TV and Video,279.00000000,1953.00000000
328,2,1,SV Car Video TFT6.2W E6281 Brown,TV and Video,259.00000000,-259.00000000
329,22,4,SV Car Video TFT6.2W E6282 Brown,TV and Video,269.00000000,-4842.00000000
33,37,26,Contoso 32GB Video MP3 Player M3200 Black,Audio,255.00000000,-2805.00000000
330,18,4,SV Car Video TFT7 M7001 Brown,TV and Video,309.00000000,-4326.00000000
331,11,12,SV Car Video AM/FM E1000 Brown,TV and Video,199.00000000,199.00000000
332,15,0,SV Car Video AM/FM E1001 Brown,TV and Video,219.00000000,-3285.00000000
333,15,2,SV Car Video TFT7 M7002 Brown,TV and Video,319.00000000,-4147.00000000
334,20,7,SV Car Video LCD9.2W X9280 Brown,TV and Video,999.00000000,-12987.00000000
335,8,11,SV Car Video LCD9.2W X9281 Brown,TV and Video,869.00000000,2607.00000000
336,6,12,SV Car Video LCD7W M7082 Brown,TV and Video,699.00000000,4194.00000000
337,13,2,SV Car Video LCD7 M7001 Brown,TV and Video,329.00000000,-3619.00000000
338,18,28,Fabrikam Laptop19W M9800 Black,Computers,1199.00000000,11990.00000000
339,3,3,Fabrikam Laptop17W M7080 Black,Computers,879.90000000,0.00000000
34,22,13,Contoso 4GB Portable MP3 Player M450 Black,Audio,95.95000000,-863.55000000
340,35,7,Fabrikam Laptop17 M7000 Black,Computers,819.00000000,-22932.00000000
341,14,16,Fabrikam Laptop16W M6080 Black,Computers,967.00000000,1934.00000000
342,43,14,Fabrikam Laptop16 M6000 Black,Computers,599.00000000,-17371.00000000
343,18,14,Fabrikam Laptop19 M9000 Black,Computers,1099.00000000,-4396.00000000
344,14,2,Fabrikam Laptop12 M2000 White,Computers,366.00000000,-4392.00000000
345,23,21,Fabrikam Laptop15 M5000 White,Computers,699.00000000,-1398.00000000
346,20,19,Fabrikam Laptop15.4 M5400 White,Computers,659.00000000,-659.00000000
347,31,10,Fabrikam Laptop14.1 M4100 White,Computers,586.00000000,-12306.00000000
348,23,13,Fabrikam Laptop15.4W M5480 White,Computers,758.00000000,-7580.00000000
349,14,21,Fabrikam Laptop10.1 M0100 White,Computers,383.00000000,2681.00000000
35,27,10,Contoso 4GB Portable MP3 Player M450 White,Audio,95.95000000,-1631.15000000
350,23,9,Fabrikam Laptop12W M2080 Silver,Computers,399.00000000,-5586.00000000
351,27,0,Fabrikam Laptop8.9W E0880 Silver,Computers,336.00000000,-9072.00000000
352,27,3,Fabrikam Laptop8.9 E0800 Silver,Computers,320.00000000,-7680.00000000
353,15,32,Fabrikam Laptop10.1 M0101 Silver,Computers,384.90000000,6543.30000000
354,28,11,Fabrikam Laptop12 M2001 Silver,Computers,382.95000000,-6510.15000000
355,20,10,Fabrikam Laptop8.9 M0801 Silver,Computers,363.50000000,-3635.00000000
356,22,8,Fabrikam Laptop14.1W M4180 Red,Computers,456.90000000,-6396.60000000
357,23,7,Fabrikam Laptop14.1 E4101 Red,Computers,330.00000000,-5280.00000000
358,18,12,Fabrikam Laptop8.9 E8002 Red,Computers,326.00000000,-1956.00000000
359,66,6,Fabrikam Laptop12 M2002 Red,Computers,368.00000000,-22080.00000000
36,5,6,Contoso 4GB Portable MP3 Player M450 Yellow,Audio,95.95000000,95.95000000
360,19,13,Fabrikam Laptop13.3 M3000 Red,Computers,380.00000000,-2280.00000000
361,11,12,Fabrikam Laptop13.3W M3080 Red,Computers,389.00000000,389.00000000
362,8,20,Adventure Works Laptop19 X1900 Black,Computers,1299.00000000,15588.00000000
363,18,2,Adventure Works Laptop15 M1500 Black,Computers,699.00000000,-11184.00000000
364,15,2,Adventure Works Laptop12 M1200 Black,Computers,382.95000000,-4978.35000000
365,22,24,Adventure Works Laptop16 M1600 Black,Computers,599.00000000,1198.00000000
366,31,12,Adventure Works Laptop15.4W M1548 Black,Computers,758.00000000,-14402.00000000
367,44,14,Adventure Works Laptop8.9 E0890 Black,Computers,326.00000000,-9780.00000000
368,23,16,Adventure Works Laptop19W X1980 White,Computers,1299.00000000,-9093.00000000
369,33,6,Adventure Works Laptop15 M1501 White,Computers,699.00000000,-18873.00000000
37,23,5,Contoso 8GB Clock & Radio MP3 Player X850 Silver,Audio,299.23000000,-5386.14000000
370,6,22,Adventure Works Laptop12 M1201 White,Computers,382.95000000,6127.20000000
371,31,6,Adventure Works Laptop16 M1601 White,Computers,599.00000000,-14975.00000000
372,12,3,Adventure Works Laptop15.4W M1548 White,Computers,758.00000000,-6822.00000000
373,48,6,Adventure Works Laptop8.9 E0890 White,Computers,326.00000000,-13692.00000000
374,13,5,Adventure Works Laptop19W X1980 Silver,Computers,1299.00000000,-10392.00000000
375,16,11,Adventure Works Laptop15 M1501 Silver,Computers,699.00000000,-3495.00000000
376,7,11,Adventure Works Laptop12 M1201 Silver,Computers,382.95000000,1531.80000000
377,34,1,Adventure Works Laptop16 M1601 Silver,Computers,599.00000000,-19767.00000000
378,15,0,Adventure Works Laptop15.4W M1548 Silver,Computers,758.00000000,-11370.00000000
379,21,5,Adventure Works Laptop8.9 E0890 Silver,Computers,326.00000000,-5216.00000000
38,14,7,Contoso 8GB Clock & Radio MP3 Player X850 Black,Audio,299.23000000,-2094.61000000
380,23,5,Adventure Works Laptop19W X1980 Red,Computers,1299.00000000,-23382.00000000
381,28,13,Adventure Works Laptop15 M1501 Red,Computers,699.00000000,-10485.00000000
382,10,22,Adventure Works Laptop12 M1201 Red,Computers,382.95000000,4595.40000000
383,32,11,Adventure Works Laptop16 M1601 Red,Computers,599.00000000,-12579.00000000
384,14,7,Adventure Works Laptop15.4W M1548 Red,Computers,758.00000000,-5306.00000000
385,21,2,Adventure Works Laptop8.9 E0890 Red,Computers,326.00000000,-6194.00000000
386,13,21,Adventure Works Laptop19W X1980 Blue,Computers,1299.00000000,10392.00000000
387,14,19,Adventure Works Laptop15 M1501 Blue,Computers,699.00000000,3495.00000000
388,47,3,Adventure Works Laptop12 M1201 Blue,Computers,382.95000000,-16849.80000000
389,15,30,Adventure Works Laptop16 M1601 Blue,Computers,599.00000000,8985.00000000
39,12,21,Contoso 8GB Clock & Radio MP3 Player X850 Green,Audio,299.23000000,2693.07000000
390,9,19,WWI Laptop19W X0196 Black,Computers,1299.00000000,12990.00000000
391,11,12,WWI Laptop15 M0150 Black,Computers,699.00000000,699.00000000
392,18,9,WWI Laptop12 M0120 Black,Computers,382.95000000,-3446.55000000
393,57,23,WWI Laptop16 M0160 Black,Computers,599.00000000,-20366.00000000
394,42,15,WWI Laptop15.4W M0156 Black,Computers,758.00000000,-20466.00000000
395,41,4,WWI Laptop8.9 E0089 Black,Computers,326.00000000,-12062.00000000
396,15,13,WWI Laptop19W X0196 White,Computers,1299.00000000,-2598.00000000
397,32,18,WWI Laptop15 M0150 White,Computers,699.00000000,-9786.00000000
398,13,11,WWI Laptop12 M0120 White,Computers,382.95000000,-765.90000000
399,26,22,WWI Laptop16 M0160 White,Computers,599.00000000,-2396.00000000
4,26,21,Contoso 2G MP3 Player E200 Silver,Audio,21.57000000,-107.85000000
40,29,12,Contoso 8GB Clock & Radio MP3 Player X850 Blue,Audio,299.23000000,-5086.91000000
400,10,5,WWI Laptop15.4W M0156 White,Computers,758.00000000,-3790.00000000
401,19,6,WWI Laptop8.9 E0089 White,Computers,326.00000000,-4238.00000000
402,23,22,WWI Laptop19W X0196 Blue,Computers,1299.00000000,-1299.00000000
403,19,7,WWI Laptop15 M0150 Blue,Computers,699.00000000,-8388.00000000
404,10,13,Proseware Laptop19 X910 Black,Computers,1299.00000000,3897.00000000
405,12,16,Proseware Laptop15 M510 Black,Computers,699.00000000,2796.00000000
406,24,33,Proseware Laptop12 M210 Black,Computers,382.95000000,3446.55000000
407,9,5,Proseware Laptop16 M610 Black,Computers,599.00000000,-2396.00000000
408,8,16,Proseware Laptop15.4W M518 Black,Computers,758.00000000,6064.00000000
409,40,10,Proseware Laptop8.9 E089 Black,Computers,326.00000000,-9780.00000000
41,22,6,Contoso 16GB New Generation MP5 Player M1650 Silver,Audio,232.00000000,-3712.00000000
410,27,14,Proseware Laptop19W X910 White,Computers,1299.00000000,-16887.00000000
411,8,25,Proseware Laptop15 M510 White,Computers,699.00000000,11883.00000000
412,30,26,Proseware Laptop12 M210 White,Computers,382.95000000,-1531.80000000
413,27,14,Proseware Laptop16 M610 White,Computers,599.00000000,-7787.00000000
414,28,17,Proseware Laptop15.4W M518 White,Computers,758.00000000,-8338.00000000
415,10,13,Proseware Laptop8.9 E089 White,Computers,326.00000000,978.00000000
416,184,69,Adventure Works Desktop PC2.33 XD233 Silver,Computers,969.00000000,-111435.00000000
417,181,120,Adventure Works Desktop PC2.30 MD230 Silver,Computers,599.00000000,-36539.00000000
418,157,79,Adventure Works Desktop PC1.60 ED160 Silver,Computers,269.95000000,-21056.10000000
419,156,75,Adventure Works Desktop PC1.80 ED180 Silver,Computers,369.00000000,-29889.00000000
42,24,2,Contoso 16GB New Generation MP5 Player M1650 White,Audio,232.00000000,-5104.00000000
420,122,86,Adventure Works Desktop PC1.80 ED182 Silver,Computers,499.90000000,-17996.40000000
421,167,63,Adventure Works Desktop PC3.0 MS300 Silver,Computers,469.00000000,-48776.00000000
422,176,66,Adventure Works Desktop PC2.33 XD233 Black,Computers,969.00000000,-106590.00000000
423,222,61,Adventure Works Desktop PC2.30 MD230 Black,Computers,599.00000000,-96439.00000000
424,175,69,Adventure Works Desktop PC1.60 ED160 Black,Computers,269.95000000,-28614.70000000
425,157,124,Adventure Works Desktop PC1.80 ED180 Black,Computers,369.00000000,-12177.00000000
426,127,94,Adventure Works Desktop PC1.80 ED182 Black,Computers,499.90000000,-16496.70000000
427,183,95,Adventure Works Desktop PC3.0 MS300 Black,Computers,469.00000000,-41272.00000000
428,179,85,Adventure Works Desktop PC2.33 XD233 Brown,Computers,969.00000000,-91086.00000000
429,182,67,Adventure Works Desktop PC2.30 MD230 Brown,Computers,599.90000000,-68988.50000000
43,51,11,Contoso 16GB New Generation MP5 Player M1650 Black,Audio,232.00000000,-9280.00000000
430,187,66,Adventure Works Desktop PC1.60 ED160 Brown,Computers,269.95000000,-32663.95000000
431,140,86,Adventure Works Desktop PC1.80 ED180 Brown,Computers,369.00000000,-19926.00000000
432,129,88,Adventure Works Desktop PC1.80 ED182 Brown,Computers,499.90000000,-20495.90000000
433,149,96,Adventure Works Desktop PC2.33 XD233 White,Computers,969.00000000,-51357.00000000
434,179,127,Adventure Works Desktop PC2.30 MD230 White,Computers,599.00000000,-31148.00000000
435,232,64,Adventure Works Desktop PC1.60 ED160 White,Computers,269.95000000,-45351.60000000
436,219,64,Adventure Works Desktop PC1.80 ED180 White,Computers,369.00000000,-57195.00000000
437,142,86,Adventure Works Desktop PC1.80 ED182 White,Computers,499.90000000,-27994.40000000
438,151,76,WWI Desktop PC2.33 X2330 Silver,Computers,919.00000000,-68925.00000000
439,192,69,WWI Desktop PC2.30 M2300 Brown,Computers,559.00000000,-68757.00000000
44,30,12,Contoso 16GB New Generation MP5 Player M1650 blue,Audio,232.00000000,-4176.00000000
440,172,86,WWI Desktop PC1.60 E1600 Silver,Computers,219.95000000,-18915.70000000
441,117,45,WWI Desktop PC1.80 E1800 Brown,Computers,229.90000000,-16552.80000000
442,132,89,WWI Desktop PC1.80 E1801 Silver,Computers,269.90000000,-11605.70000000
443,128,91,WWI Desktop PC3.0 M0300 Silver,Computers,349.00000000,-12913.00000000
444,171,95,WWI Desktop PC2.33 X2330 Black,Computers,919.00000000,-69844.00000000
445,93,86,WWI Desktop PC2.30 M2300 Black,Computers,559.00000000,-3913.00000000
446,196,84,WWI Desktop PC1.60 E1600 Black,Computers,219.95000000,-24634.40000000
447,121,67,WWI Desktop PC1.80 E1800 Black,Computers,229.90000000,-12414.60000000
448,174,106,WWI Desktop PC1.80 E1801 Black,Computers,269.90000000,-18353.20000000
449,164,75,WWI Desktop PC3.0 M0300 Black,Computers,349.00000000,-31061.00000000
45,20,5,Contoso 16GB New Generation MP5 Player M1650 Pink,Audio,232.00000000,-3480.00000000
450,170,71,WWI Desktop PC2.33 X2330 Brown,Computers,919.00000000,-90981.00000000
451,188,81,WWI Desktop PC2.30 M2300 Silver,Computers,559.00000000,-59813.00000000
452,184,82,WWI Desktop PC1.60 E1600 Red,Computers,219.95000000,-22434.90000000
453,173,93,WWI Desktop PC1.80 E1800 Silver,Computers,229.90000000,-18392.00000000
454,178,69,WWI Desktop PC1.80 E1801 Brown,Computers,269.90000000,-29419.10000000
455,187,78,WWI Desktop PC2.33 X2330 White,Computers,919.00000000,-100171.00000000
456,145,91,WWI Desktop PC2.30 M2300 White,Computers,559.00000000,-30186.00000000
457,171,103,WWI Desktop PC1.60 E1600 White,Computers,219.95000000,-14956.60000000
458,232,79,WWI Desktop PC1.80 E1800 White,Computers,229.90000000,-35174.70000000
459,135,87,WWI Desktop PC1.80 E1801 White,Computers,269.90000000,-12955.20000000
46,96,48,WWI 1GB Pulse Smart pen E50 White,Audio,149.95000000,-7197.60000000
460,169,60,WWI Desktop PC1.80 E1802 White,Computers,299.90000000,-32689.10000000
461,31,14,Proseware LCD24 X300 Black,Computers,819.00000000,-13923.00000000
462,18,26,Proseware LCD24W X300 Black,Computers,869.00000000,6952.00000000
463,13,5,Proseware LCD22 M2000 Black,Computers,619.00000000,-4952.00000000
464,32,15,Proseware LCD22W M2001 Black,Computers,679.00000000,-11543.00000000
465,18,9,Proseware LCD20 M200 Black,Computers,259.00000000,-2331.00000000
466,18,0,Proseware LCD20W M230 Black,Computers,279.00000000,-5022.00000000
467,9,11,Proseware LCD19 E1000 Black,Computers,139.00000000,278.00000000
468,22,6,Proseware LCD19W M100 Black,Computers,179.00000000,-2864.00000000
469,36,14,Proseware LCD17 E200 Black,Computers,99.00000000,-2178.00000000
47,124,35,WWI 1GBPulse Smart pen E50 Black,Audio,149.95000000,-13345.55000000
470,42,15,Proseware LCD17W E202 Black,Computers,129.00000000,-3483.00000000
471,38,8,Proseware LCD15 E103 Black,Computers,99.00000000,-2970.00000000
472,24,11,Proseware CRT19 E201 Black,Computers,69.00000000,-897.00000000
473,32,7,Proseware CRT17 E104 Black,Computers,59.00000000,-1475.00000000
474,41,16,Proseware CRT15 E10 Black,Computers,49.00000000,-1225.00000000
475,10,4,Proseware LCD24 X300 White,Computers,819.00000000,-4914.00000000
476,16,1,Proseware LCD24W X300 White,Computers,869.00000000,-13035.00000000
477,22,13,Proseware LCD22 M2000 White,Computers,619.00000000,-5571.00000000
478,8,4,Proseware LCD22W M2001 White,Computers,679.00000000,-2716.00000000
479,13,0,Proseware LCD20 M200 White,Computers,259.00000000,-3367.00000000
48,104,47,WWI 1GB Pulse Smart pen E50 Silver,Audio,149.95000000,-8547.15000000
480,23,1,Proseware LCD20W M230 White,Computers,279.00000000,-6138.00000000
481,27,9,Proseware LCD19 E1000 White,Computers,139.00000000,-2502.00000000
482,18,14,Proseware LCD19W M100 White,Computers,179.00000000,-716.00000000
483,18,31,Proseware LCD17 E200 White,Computers,99.00000000,1287.00000000
484,5,2,Proseware LCD17W E202 White,Computers,129.00000000,-387.00000000
485,14,22,Proseware LCD15 E103 White,Computers,99.00000000,792.00000000
486,32,3,Proseware CRT19 E201 White,Computers,69.00000000,-2001.00000000
487,24,10,Proseware CRT17 E104 White,Computers,59.00000000,-826.00000000
488,19,6,Proseware CRT15 E10 White,Computers,49.00000000,-637.00000000
489,15,17,Adventure Works LCD24 X300 Black,Computers,819.00000000,1638.00000000
49,99,56,WWI 2GB Pulse Smart pen M100 White,Audio,199.95000000,-8597.85000000
490,19,14,Adventure Works LCD24W X300 Black,Computers,869.00000000,-4345.00000000
491,23,14,Adventure Works LCD22 M200 Black,Computers,619.00000000,-5571.00000000
492,22,7,Adventure Works LCD22W M200 Black,Computers,679.00000000,-10185.00000000
493,32,4,Adventure Works LCD20 M210 Black,Computers,259.00000000,-7252.00000000
494,25,3,Adventure Works LCD20W M240 Black,Computers,279.00000000,-6138.00000000
495,30,9,Adventure Works LCD19 E108 Black,Computers,139.00000000,-2919.00000000
496,10,9,Adventure Works LCD19W M100 Black,Computers,179.00000000,-179.00000000
497,27,3,Adventure Works LCD17 E200 Black,Computers,99.00000000,-2376.00000000
498,13,15,Adventure Works LCD17W E203 Black,Computers,129.00000000,258.00000000
499,25,7,Adventure Works LCD15 E100 Black,Computers,99.00000000,-1782.00000000
5,28,8,Contoso 2G MP3 Player E200 Red,Audio,21.57000000,-431.40000000
50,125,47,WWI 2GB Pulse Smart pen M100 Black,Audio,199.95000000,-15596.10000000
500,35,13,Adventure Works CRT19 E10 Black,Computers,69.00000000,-1518.00000000
501,18,0,Adventure Works CRT17 E105 Black,Computers,59.00000000,-1062.00000000
502,16,6,Adventure Works CRT15 E101 Black,Computers,90.00000000,-900.00000000
503,27,3,Adventure Works LCD24 X300 White,Computers,819.00000000,-19656.00000000
504,24,8,Adventure Works LCD24W X300 White,Computers,869.00000000,-13904.00000000
505,20,22,Adventure Works LCD22 M200 White,Computers,619.00000000,1238.00000000
506,26,12,Adventure Works LCD22W M200 White,Computers,679.00000000,-9506.00000000
507,25,2,Adventure Works LCD20 M210 White,Computers,259.00000000,-5957.00000000
508,13,11,Adventure Works LCD20W M240 White,Computers,279.00000000,-558.00000000
509,19,9,Adventure Works LCD19 E108 White,Computers,139.00000000,-1390.00000000
51,141,36,WWI 2GB Pulse Smart pen M100 Blue,Audio,199.95000000,-20994.75000000
510,32,5,Adventure Works LCD19W M100 White,Computers,179.00000000,-4833.00000000
511,16,5,Adventure Works LCD17 E200 White,Computers,99.00000000,-1089.00000000
512,23,4,Adventure Works LCD17W E203 White,Computers,129.00000000,-2451.00000000
513,35,4,Adventure Works LCD15 E100 White,Computers,99.00000000,-3069.00000000
514,14,9,Adventure Works CRT19 E10 White,Computers,69.00000000,-345.00000000
515,19,21,Adventure Works CRT17 E105 White,Computers,59.00000000,118.00000000
516,12,6,Adventure Works CRT15 E101 White,Computers,90.00000000,-540.00000000
517,6,16,WWI LCD24 X300 Black,Computers,819.00000000,8190.00000000
518,50,18,WWI LCD24W X300 Black,Computers,869.00000000,-27808.00000000
519,26,9,WWI LCD22 M2002 Black,Computers,619.00000000,-10523.00000000
52,64,37,WWI 2GB Pulse Smart pen M100 Silver,Audio,199.95000000,-5398.65000000
520,17,12,WWI LCD22W M2003 Black,Computers,679.00000000,-3395.00000000
521,35,5,WWI LCD20 M220 Black,Computers,259.00000000,-7770.00000000
522,37,17,WWI LCD20W M250 Black,Computers,279.00000000,-5580.00000000
523,21,4,WWI LCD19 E107 Black,Computers,139.00000000,-2363.00000000
524,39,6,WWI LCD19W M100 Black,Computers,179.00000000,-5907.00000000
525,5,11,WWI LCD17 E200 Black,Computers,99.00000000,594.00000000
526,33,6,WWI LCD17W E200 Black,Computers,129.00000000,-3483.00000000
527,2,4,WWI CRT17 E106 Black,Computers,99.00000000,198.00000000
528,30,19,WWI LCD24 X300 White,Computers,819.00000000,-9009.00000000
529,31,1,WWI LCD24W X300 White,Computers,869.00000000,-26070.00000000
53,98,60,WWI 4GB Video Recording Pen X200 Black,Audio,296.00000000,-11248.00000000
530,13,18,WWI LCD22 M2002 White,Computers,619.00000000,3095.00000000
531,22,17,WWI LCD22W M2003 White,Computers,679.00000000,-3395.00000000
532,25,8,WWI LCD20 M220 White,Computers,259.00000000,-4403.00000000
533,10,13,WWI LCD20W M250 White,Computers,279.00000000,837.00000000
534,24,1,WWI LCD19 E107 White,Computers,139.00000000,-3197.00000000
535,21,9,WWI LCD19W M100 White,Computers,179.00000000,-2148.00000000
536,31,2,WWI LCD17 E205 White,Computers,99.00000000,-2871.00000000
537,22,8,WWI LCD17W E200 White,Computers,129.00000000,-1806.00000000
538,11,12,WWI CRT17 E106 White,Computers,99.00000000,99.00000000
539,11,45,Proseware Projector 1080p LCD86 Black,Computers,2295.00000000,78030.00000000
54,149,33,WWI 4GB Video Recording Pen X200 Red,Audio,296.00000000,-34336.00000000
540,36,22,Proseware Projector 1080p DLP86 Black,Computers,2499.00000000,-34986.00000000
541,11,3,Proseware Projector 720p LCD56 Black,Computers,699.00000000,-5592.00000000
542,3,6,Proseware Projector 720p DLP56 Black,Computers,999.00000000,2997.00000000
543,13,8,Proseware Projector 480p LCD12 Black,Computers,229.00000000,-1145.00000000
544,13,7,Proseware Projector 480p DLP12 Black,Computers,499.00000000,-2994.00000000
545,25,12,Proseware Screen 125in X1609 Black,Computers,459.00000000,-5967.00000000
546,9,2,Proseware Screen 113in X1609 Black,Computers,299.00000000,-2093.00000000
547,47,0,Proseware Screen 106in M1609 Black,Computers,251.00000000,-11797.00000000
548,21,10,Proseware Screen 100in M1609 Black,Computers,190.00000000,-2090.00000000
549,17,0,Proseware Screen 85in E1010 Black,Computers,139.00000000,-2363.00000000
55,101,58,WWI 4GB Video Recording Pen X200 Pink,Audio,296.00000000,-12728.00000000
550,11,13,Proseware Screen 80in E1010 Black,Computers,109.00000000,218.00000000
551,33,12,Proseware Projector 1080p LCD86 White,Computers,2295.00000000,-48195.00000000
552,22,8,Proseware Projector 1080p DLP86 White,Computers,2499.00000000,-34986.00000000
553,4,12,Proseware Projector 720p LCD56 White,Computers,699.00000000,5592.00000000
554,16,3,Proseware Projector 720p DLP56 White,Computers,999.00000000,-12987.00000000
555,4,19,Proseware Projector 480p LCD12 White,Computers,229.00000000,3435.00000000
556,23,0,Proseware Projector 480p DLP12 White,Computers,499.00000000,-11477.00000000
557,13,12,Proseware Screen 125in X1609 White,Computers,459.00000000,-459.00000000
558,14,7,Proseware Screen 113in X1609 White,Computers,299.00000000,-2093.00000000
559,3,2,Proseware Screen 106in M1609 White,Computers,251.00000000,-251.00000000
56,118,64,WWI 4GB Video Recording Pen X200 Yellow,Audio,296.00000000,-15984.00000000
560,32,4,Proseware Screen 100in M1609 White,Computers,190.00000000,-5320.00000000
561,13,29,Proseware Screen 85in E1010 White,Computers,139.00000000,2224.00000000
562,7,4,Proseware Screen 80in E1010 White,Computers,109.00000000,-327.00000000
563,17,5,Proseware Projector 1080p LCD86 Silver,Computers,2295.00000000,-27540.00000000
564,11,3,Proseware Projector 1080p DLP86 Silver,Computers,2499.00000000,-19992.00000000
565,17,21,Proseware Projector 720p LCD56 Silver,Computers,699.00000000,2796.00000000
566,3,15,Proseware Projector 720p DLP56 Silver,Computers,999.00000000,11988.00000000
567,2,0,Proseware Projector 480p LCD12 Silver,Computers,229.00000000,-458.00000000
568,22,10,Proseware Projector 480p DLP12 Silver,Computers,499.00000000,-5988.00000000
569,6,3,Proseware Screen 125in X1609 Silver,Computers,459.00000000,-1377.00000000
57,136,75,WWI 1GB Digital Voice Recorder Pen E100 Black,Audio,156.00000000,-9516.00000000
570,25,1,Proseware Screen 113in X1609 Silver,Computers,299.00000000,-7176.00000000
571,26,1,Proseware Screen 106in M1609 Silver,Computers,251.00000000,-6275.00000000
572,42,1,Proseware Screen 100in M1609 Silver,Computers,190.00000000,-7790.00000000
573,16,10,Proseware Screen 85in E1010 Silver,Computers,139.00000000,-834.00000000
574,9,2,Proseware Screen 80in E1010 Silver,Computers,109.00000000,-763.00000000
575,17,0,Contoso Projector 1080p X980 Black,Computers,2295.00000000,-39015.00000000
576,17,10,Contoso Projector 1080p X981 Black,Computers,2499.00000000,-17493.00000000
577,11,5,Contoso Projector 720p M620 Black,Computers,699.00000000,-4194.00000000
578,27,2,Contoso Projector 720p M621 Black,Computers,999.00000000,-24975.00000000
579,21,1,Contoso Projector 480p M480 Black,Computers,229.00000000,-4580.00000000
58,145,53,WWI 1GB Digital Voice Recorder Pen E100 Red,Audio,156.00000000,-14352.00000000
580,25,8,Contoso Projector 480p M481 Black,Computers,499.00000000,-8483.00000000
581,20,10,Contoso Screen 125in M250 Black,Computers,459.00000000,-4590.00000000
582,11,0,Contoso Screen 113in M251 Black,Computers,299.00000000,-3289.00000000
583,29,10,Contoso Screen 106in M060 Black,Computers,251.00000000,-4769.00000000
584,14,12,Contoso Screen 100in E010 Black,Computers,190.00000000,-380.00000000
585,17,4,Contoso Screen 85in E085 Black,Computers,139.00000000,-1807.00000000
586,16,3,Contoso Screen 80in E080 Black,Computers,109.00000000,-1417.00000000
587,27,21,Contoso Projector 1080p X980 White,Computers,2295.00000000,-13770.00000000
588,9,3,Contoso Projector 1080p X981 White,Computers,2499.00000000,-14994.00000000
589,19,6,Contoso Projector 720p M620 White,Computers,699.00000000,-9087.00000000
59,116,59,WWI 1GB Digital Voice Recorder Pen E100 Pink,Audio,156.00000000,-8892.00000000
590,8,9,Contoso Projector 720p M621 White,Computers,999.00000000,999.00000000
591,22,4,Contoso Projector 480p M480 White,Computers,229.00000000,-4122.00000000
592,3,6,Contoso Projector 480p M481 White,Computers,499.00000000,1497.00000000
593,27,20,Contoso Screen 125in M250 White,Computers,459.00000000,-3213.00000000
594,24,8,Contoso Screen 113in M251 White,Computers,299.00000000,-4784.00000000
595,17,7,Contoso Screen 106in M060 White,Computers,251.00000000,-2510.00000000
596,30,2,Contoso Screen 100in E010 White,Computers,190.00000000,-5320.00000000
597,21,7,Contoso Screen 85in E085 White,Computers,139.00000000,-1946.00000000
598,10,1,Contoso Screen 80in E080 White,Computers,109.00000000,-981.00000000
599,18,9,Contoso Projector 1080p X980 Silver,Computers,2295.00000000,-20655.00000000
6,29,8,Contoso 2G MP3 Player E200 Black,Audio,21.57000000,-452.97000000
60,111,33,WWI 1GB Digital Voice Recorder Pen E100 White,Audio,156.00000000,-12168.00000000
600,22,4,Contoso Projector 1080p X981 Silver,Computers,2499.00000000,-44982.00000000
601,12,3,Contoso Projector 720p M620 Silver,Computers,699.00000000,-6291.00000000
602,6,12,Contoso Projector 720p M621 Silver,Computers,999.00000000,5994.00000000
603,22,21,Contoso Projector 480p M480 Silver,Computers,229.00000000,-229.00000000
604,13,0,Contoso Projector 480p M481 Silver,Computers,499.00000000,-6487.00000000
605,21,5,Contoso Screen 125in M250 Silver,Computers,459.00000000,-7344.00000000
606,12,0,Contoso Screen 113in M251 Silver,Computers,299.00000000,-3588.00000000
607,14,10,Contoso Screen 106in M060 Silver,Computers,251.00000000,-1004.00000000
608,24,22,Contoso Screen 100in E010 Silver,Computers,190.00000000,-380.00000000
609,11,4,Contoso Screen 85in E085 Silver,Computers,139.00000000,-973.00000000
61,71,80,WWI 2GB Spy Video Recorder Pen M300 Black,Audio,181.00000000,1629.00000000
610,8,14,Contoso Screen 80in E080 Silver,Computers,109.00000000,654.00000000
611,27,8,WWI Projector 1080p LCD86 Black,Computers,2295.00000000,-43605.00000000
612,22,17,WWI Projector 1080p DLP86 Black,Computers,2499.00000000,-12495.00000000
613,5,3,WWI Projector 720p LCD56 Black,Computers,699.00000000,-1398.00000000
614,6,5,WWI Projector 720p DLP56 Black,Computers,999.00000000,-999.00000000
615,23,2,WWI Projector 480p LCD12 Black,Computers,229.00000000,-4809.00000000
616,23,22,WWI Projector 480p DLP12 Black,Computers,499.00000000,-499.00000000
617,33,2,WWI Screen 125in M1611 Black,Computers,459.00000000,-14229.00000000
618,30,10,WWI Screen 113in M1610 Black,Computers,299.00000000,-5980.00000000
619,13,20,WWI Screen 106in M1609 Black,Computers,251.00000000,1757.00000000
62,94,26,WWI 2GB Spy Video Recorder Pen M300 White,Audio,181.00000000,-12308.00000000
620,39,1,WWI Screen 100in M1609 Black,Computers,190.00000000,-7220.00000000
621,19,1,WWI Screen 85in E1010 Black,Computers,139.00000000,-2502.00000000
622,17,11,WWI Projector 1080p LCD86 White,Computers,2295.00000000,-13770.00000000
623,2,16,WWI Projector 1080p DLP86 White,Computers,2499.00000000,34986.00000000
624,20,6,WWI Projector 720p LCD56 White,Computers,699.00000000,-9786.00000000
625,25,1,WWI Projector 720p DLP56 White,Computers,999.00000000,-23976.00000000
626,9,19,WWI Projector 480p LCD12 White,Computers,229.00000000,2290.00000000
627,3,13,WWI Projector 480p DLP12 White,Computers,499.00000000,4990.00000000
628,24,10,WWI Screen 125in M1611 White,Computers,459.00000000,-6426.00000000
629,8,10,WWI Screen 113in M1610 White,Computers,299.00000000,598.00000000
63,103,32,WWI 2GB Spy Video Recorder Pen M300 Blue,Audio,181.00000000,-12851.00000000
630,20,8,WWI Screen 106in M1609 White,Computers,251.00000000,-3012.00000000
631,18,6,WWI Screen 100in M1609 White,Computers,190.00000000,-2280.00000000
632,12,5,WWI Screen 85in E1010 White,Computers,139.00000000,-973.00000000
633,14,11,WWI Projector 1080p LCD86 Silver,Computers,2295.00000000,-6885.00000000
634,24,8,WWI Projector 1080p DLP86 Silver,Computers,2499.00000000,-39984.00000000
635,24,14,WWI Projector 720p LCD56 Silver,Computers,699.00000000,-6990.00000000
636,22,19,WWI Projector 720p DLP56 Silver,Computers,999.00000000,-2997.00000000
637,18,2,WWI Projector 480p LCD12 Silver,Computers,229.00000000,-3664.00000000
638,17,3,WWI Projector 480p DLP12 Silver,Computers,499.00000000,-6986.00000000
639,22,19,WWI Screen 125in M1611 Silver,Computers,459.00000000,-1377.00000000
64,144,14,WWI 2GB Spy Video Recorder Pen M300 Silver,Audio,181.00000000,-23530.00000000
640,5,15,WWI Screen 113in M1610 Silver,Computers,299.00000000,2990.00000000
641,5,12,WWI Screen 106in M1609 Silver,Computers,251.00000000,1757.00000000
642,8,12,Proseware Photo Ink Jet Printer M100 Black,Computers,159.00000000,636.00000000
643,29,4,Proseware Ink Jet All in one M300 Black,Computers,169.00000000,-4225.00000000
644,14,10,Proseware Laser Jet Printer E100 Black,Computers,79.00000000,-316.00000000
645,24,13,Proseware Laser Jet Color Printer X300 Black,Computers,209.00000000,-2299.00000000
646,7,4,Proseware Laser Jet All in one X300 Black,Computers,219.00000000,-657.00000000
647,11,3,Proseware Fax phone E100 Black,Computers,87.00000000,-696.00000000
648,23,7,Proseware Fax Machine E100 Black,Computers,79.00000000,-1264.00000000
649,5,10,Proseware Laser Fax Printer E100 Black,Computers,91.00000000,455.00000000
65,86,68,WWI 2GB Spy Video Recorder Pen M300 Purple,Audio,181.00000000,-3258.00000000
650,10,15,Proseware Ink Jet Fax Machine E100 Black,Computers,78.00000000,390.00000000
651,12,0,Proseware Mobile Receipt and Document Scanner M200 Black,Computers,116.00000000,-1392.00000000
652,24,7,Proseware Scan Jet Digital Flat Bed Scanner M300 Black,Computers,121.00000000,-2057.00000000
653,18,5,Proseware All-In-One Photo Printer M200 Black,Computers,136.00000000,-1768.00000000
654,12,19,Proseware Ink Jet Wireless All-In-One Printer M400 Black,Computers,129.00000000,903.00000000
655,20,9,Proseware Ink Jet Instant PDF Sheet-Fed Scanner M300 Black,Computers,160.00000000,-1760.00000000
656,24,4,"Proseware Desk Jet All-in-One Printer, Scanner, Copier M350 Black",Computers,158.00000000,-3160.00000000
657,21,6,Proseware Duplex Scanner M200 Black,Computers,149.00000000,-2235.00000000
658,9,1,Proseware High Speed Laser M2000 Black,Computers,209.00000000,-1672.00000000
659,23,9,Proseware Laser Fax Printer M250 Black,Computers,118.00000000,-1652.00000000
66,78,73,NT Bluetooth Stereo Headphones E52 Blue,Audio,25.69000000,-128.45000000
660,20,9,"Proseware Color Ink Jet Fax, Copier, Phone M250 Black",Computers,159.00000000,-1749.00000000
661,30,10,Proseware Color Inkjet Fax with 5.8 GHz Cordless Handset X250 Black,Computers,228.00000000,-4560.00000000
662,20,18,Proseware Slim-Design Fax Machine with Answering System X180 Black,Computers,236.00000000,-472.00000000
663,23,1,Proseware High-Performance Business-Class Laser Fax X200 Black,Computers,248.00000000,-5456.00000000
664,20,12,Proseware Professional Quality Plain-Paper Fax and Copier X100 Black,Computers,229.00000000,-1832.00000000
665,18,9,Proseware Photo Inkjet Printer E290 Black,Computers,102.00000000,-918.00000000
666,26,1,Proseware Office Jet All-in-One Printer M500 Black,Computers,163.00000000,-4075.00000000
667,22,5,Proseware Office Jet Wireless All-in-One Inkjet Printer M600 Black,Computers,190.00000000,-3230.00000000
668,24,9,Proseware Photo smart All-in-One Printer M380 Black,Computers,147.00000000,-2205.00000000
669,8,9,Proseware Wireless Photo All-in-One Printer M390 Black,Computers,188.00000000,188.00000000
67,99,22,NT Bluetooth Stereo Headphones E52 Black,Audio,25.69000000,-1978.13000000
670,11,6,Proseware 23ppm Laser Printer with Wireless and Wired Network Interfaces M680 Black,Computers,196.00000000,-980.00000000
671,2,2,Proseware Photo Inkjet Printer M100 Grey,Computers,159.00000000,0.00000000
672,9,12,Proseware Ink Jet All in one M300 Grey,Computers,169.00000000,507.00000000
673,16,0,Proseware Laser Jet Printer E100 Grey,Computers,79.00000000,-1264.00000000
674,24,1,Proseware Laser Jet Color Printer X300 Grey,Computers,209.00000000,-4807.00000000
675,18,8,Proseware Laser Jet All in one X300 Grey,Computers,219.00000000,-2190.00000000
676,5,0,Proseware Fax phone E100 Grey,Computers,87.00000000,-435.00000000
677,15,1,Proseware Fax Machine E100 Grey,Computers,79.00000000,-1106.00000000
678,22,7,Proseware Laser Fax Printer E100 Grey,Computers,91.00000000,-1365.00000000
679,4,7,Proseware Ink Jet Fax Machine E100 Grey,Computers,78.00000000,234.00000000
68,66,35,NT Bluetooth Stereo Headphones E52 Yellow,Audio,25.69000000,-796.39000000
680,15,20,Proseware Mobile Receipt and Document Scanner M200 Grey,Computers,116.00000000,580.00000000
681,11,18,Proseware Scan Jet Digital Flat Bed Scanner M300 Grey,Computers,121.00000000,847.00000000
682,3,14,Proseware All-In-One Photo Printer M200 Grey,Computers,136.00000000,1496.00000000
683,27,19,Proseware Ink Jet Wireless All-In-One Printer M400 Grey,Computers,129.00000000,-1032.00000000
684,11,2,Proseware Ink Jet Instant PDF Sheet-Fed Scanner M300 Grey,Computers,160.00000000,-1440.00000000
685,9,0,"Proseware Desk Jet All-in-One Printer, Scanner, Copier M350 Grey",Computers,158.00000000,-1422.00000000
686,20,3,Proseware Duplex Scanner M200 Grey,Computers,149.00000000,-2533.00000000
687,22,1,Proseware High Speed Laser Fax M2000 Grey,Computers,209.00000000,-4389.00000000
688,16,4,Proseware Laser Fax Printer M250 Grey,Computers,118.00000000,-1416.00000000
689,12,5,"Proseware Color Ink Jet Fax, Copier, Phone M250 Grey",Computers,159.00000000,-1113.00000000
69,87,29,NT Bluetooth Stereo Headphones E52 Pink,Audio,25.69000000,-1490.02000000
690,26,0,Proseware Color Ink Jet Fax with 5.8 GHz Cordless Handset X250 Grey,Computers,228.00000000,-5928.00000000
691,37,2,Proseware Slim-Design Fax Machine with Answering System X180 Grey,Computers,236.00000000,-8260.00000000
692,20,6,Proseware High-Performance Business-Class Laser Fax X200 Grey,Computers,248.00000000,-3472.00000000
693,10,7,Proseware Professional Quality Plain-Paper Fax and Copier X100 Grey,Computers,229.00000000,-687.00000000
694,27,1,Proseware Photo Ink Jet Printer E290 Grey,Computers,102.00000000,-2652.00000000
695,25,9,Proseware Office Jet All-in-One Printer M500 Grey,Computers,163.00000000,-2608.00000000
696,31,2,Proseware Office Jet Wireless All-in-One Inkjet Printer M600 Grey,Computers,190.00000000,-5510.00000000
697,6,10,Proseware Photo Smart All-in-One Printer M380 Grey,Computers,147.00000000,588.00000000
698,18,30,Proseware Wireless Photo All-in-One Printer M390 Grey,Computers,188.00000000,2256.00000000
699,8,15,Proseware 23ppm Laser Printer with Wireless and Wired Network Interfaces M680 Grey,Computers,196.00000000,1372.00000000
7,64,15,Contoso 2G MP3 Player E200 Blue,Audio,21.57000000,-1056.93000000
70,91,19,NT Wireless Bluetooth Stereo Headphones E102 Silver,Audio,47.95000000,-3452.40000000
700,12,0,Proseware Photo Ink Jet Printer M100 White,Computers,159.00000000,-1908.00000000
701,19,7,Proseware Ink Jet All in one M300 White,Computers,169.00000000,-2028.00000000
702,12,5,Proseware Laser Jet Printer E100 White,Computers,79.00000000,-553.00000000
703,54,8,Proseware Laser Jet Color Printer X300 White,Computers,209.00000000,-9614.00000000
704,3,2,Proseware Laser Jet All in one X300 White,Computers,219.00000000,-219.00000000
705,18,0,Proseware Fax Phone E100 White,Computers,87.00000000,-1566.00000000
706,13,15,Proseware Fax Machine E100 White,Computers,79.00000000,158.00000000
707,6,16,Proseware Laser Fax Printer E100 White,Computers,91.00000000,910.00000000
708,18,4,Proseware Ink Jet Fax Machine E100 White,Computers,78.00000000,-1092.00000000
709,27,2,Proseware Mobile Receipt and Document Scanner M200 White,Computers,116.00000000,-2900.00000000
71,112,37,NT Wireless Bluetooth Stereo Headphones E102 Black,Audio,47.95000000,-3596.25000000
710,18,9,Proseware Scan Jet Digital Flat Bed Scanner M300 White,Computers,121.00000000,-1089.00000000
711,11,4,Proseware All-In-One Photo Printer M200 White,Computers,136.00000000,-952.00000000
712,16,8,Proseware Ink Jet Wireless All-In-One Printer M400 White,Computers,129.00000000,-1032.00000000
713,14,13,Proseware Ink Jet Instant PDF Sheet-Fed Scanner M300 White,Computers,160.00000000,-160.00000000
714,21,6,"Proseware Desk Jet All-in-One Printer, Scanner, Copier M350 White",Computers,158.00000000,-2370.00000000
715,24,15,Proseware Duplex Scanner M200 White,Computers,149.00000000,-1341.00000000
716,5,5,Proseware High Speed Laser M2000 White,Computers,209.00000000,0.00000000
717,10,4,Proseware Laser Fax Printer M250 White,Computers,118.00000000,-708.00000000
718,24,5,"Proseware Color Ink jet Fax, Copier, Phone M250 White",Computers,159.00000000,-3021.00000000
719,23,18,Proseware Color Ink Jet Fax with 5.8 GHz Cordless Handset X250 White,Computers,228.00000000,-1140.00000000
72,89,47,NT Wireless Bluetooth Stereo Headphones E102 Blue,Audio,47.95000000,-2013.90000000
720,14,7,Proseware Slim-Design Fax Machine with Answering System X180 White,Computers,236.00000000,-1652.00000000
721,28,16,Proseware High-Performance Business-Class Laser Fax X200 White,Computers,248.00000000,-2976.00000000
722,13,0,Proseware Professional Quality Plain-Paper Fax and Copier X100 White,Computers,229.00000000,-2977.00000000
723,8,12,Proseware Photo Ink jet Printer E290 White,Computers,102.00000000,408.00000000
724,15,12,Proseware Office Jet All-in-One Printer M500 White,Computers,163.00000000,-489.00000000
725,10,10,Proseware Office Jet Wireless All-in-One Inkjet Printer M600 White,Computers,190.00000000,0.00000000
726,19,7,Proseware Photo Smart All-in-One Printer M380 White,Computers,147.00000000,-1764.00000000
727,19,16,Proseware Wireless Photo All-in-One Printer M390 White,Computers,188.00000000,-564.00000000
728,6,1,Proseware 23ppm Laser Printer with Wireless and Wired Network Interfaces M680 White,Computers,196.00000000,-980.00000000
729,27,23,Proseware Scan Jet Digital Flat Bed Scanner M300 Green,Computers,121.00000000,-484.00000000
73,101,43,NT Wireless Bluetooth Stereo Headphones E102 White,Audio,47.95000000,-2781.10000000
730,21,11,Proseware All-In-One Photo Printer M200 Green,Computers,136.00000000,-1360.00000000
731,17,7,Proseware Ink Jet Wireless All-In-One Printer M400 Green,Computers,129.00000000,-1290.00000000
732,8,7,Proseware Ink Jet Instant PDF Sheet-Fed Scanner M300 Green,Computers,160.00000000,-160.00000000
733,13,3,"Proseware Desk Jet All-in-One Printer, Scanner, Copier M350 Green",Computers,158.00000000,-1580.00000000
734,7,17,Proseware Duplex Scanner M200 Green,Computers,149.00000000,1490.00000000
735,18,22,Proseware High Speed Laser M2000 Green,Computers,209.00000000,836.00000000
736,1,3,Proseware Laser Fax Printer M250 Green,Computers,118.00000000,236.00000000
737,27,2,"Proseware Color Ink Jet Fax, Copier, Phone M250 Green",Computers,159.00000000,-3975.00000000
738,21,3,Proseware Color Ink Jet Fax with 5.8 GHz Cordless Handset X250 Green,Computers,228.00000000,-4104.00000000
739,21,2,Proseware Slim-Design Fax Machine with Answering System X180 Green,Computers,236.00000000,-4484.00000000
74,53,28,NT Bluetooth Active Headphones E202 Black,Audio,37.95000000,-948.75000000
740,24,1,Proseware High-Performance Business-Class Laser Fax X200 Green,Computers,248.00000000,-5704.00000000
741,1,11,Proseware Professional Quality Plain-Paper Fax and Copier X100 Green,Computers,229.00000000,2290.00000000
742,6,25,Proseware Photo Inkjet Printer E290 Green,Computers,102.00000000,1938.00000000
743,6,6,Contoso Rechargeable Battery E100 Black,Computers,12.95000000,0.00000000
744,2,16,Contoso Dual USB Power Adapter - power adapter E300 Black,Computers,39.90000000,558.60000000
745,10,8,Contoso Car power adapter M90 Black,Computers,19.95000000,-39.90000000
746,8,7,Contoso Notebook Peripheral Kit M69 Black,Computers,16.50000000,-16.50000000
747,9,7,Contoso Mouse Lock Bundle E200 Black,Computers,12.95000000,-25.90000000
748,11,10,Contoso Education Supplies Bundle E200 Black,Computers,13.50000000,-13.50000000
749,9,1,Contoso Laptop Starter Bundle M200 Black,Computers,16.50000000,-132.00000000
75,117,33,NT Bluetooth Active Headphones E202 White,Audio,37.95000000,-3187.80000000
750,0,9,Contoso Education Essentials Bundle M300 Black,Computers,9.50000000,85.50000000
751,4,0,Contoso Desktop Alternative Bundle E200 Black,Computers,11.50000000,-46.00000000
752,11,0,Contoso Power Inverter - DC to AC power inverter E900 Black,Computers,9.50000000,-104.50000000
753,7,3,Contoso Smart Battery M901 Black,Computers,11.50000000,-46.00000000
754,18,1,Contoso Laptop Cooling Hub notebook fan with 4 ports USB hub E80 Black,Computers,29.90000000,-508.30000000
755,9,2,Contoso Home/Office Laptop Power Adapter E300 Black,Computers,25.50000000,-178.50000000
756,6,6,Contoso USB 2.0 Dock Station docking station M800 Black,Computers,29.90000000,0.00000000
757,19,9,Contoso Enhanced Capacity Battery M800 Black,Computers,27.90000000,-279.00000000
758,13,1,Contoso Connectivity Starter Kit Smart Buy M680 Black,Computers,27.90000000,-334.80000000
759,2,0,Contoso 90W AC/DC Power Adapter E300 Black,Computers,11.90000000,-23.80000000
76,102,43,NT Bluetooth Active Headphones E202 Red,Audio,37.95000000,-2239.05000000
760,21,2,Contoso Reserve Pen - Tablet Pen E200 Black,Computers,13.90000000,-264.10000000
761,7,5,Contoso USB Data Link-direct connect adapter E600 Black,Computers,16.90000000,-33.80000000
762,5,16,Contoso Primary Extended Capacity Battery Pack - notebook battery X100 Black,Computers,33.90000000,372.90000000
763,2,17,Contoso Digital camera accessory kit M200 Black,Computers,23.90000000,358.50000000
764,2,1,Contoso Leather Case - case for digital photo camera X20 Black,Computers,39.90000000,-39.90000000
765,5,0,Contoso Lens cap E80 Black,Computers,29.95000000,-149.75000000
766,8,3,Contoso Battery charger - bike E200 Black,Computers,19.90000000,-99.50000000
767,17,2,Contoso USB Optical Mouse E200 Black,Computers,15.50000000,-232.50000000
768,0,3,Contoso ADSL Modem Splitter/Filter X 1 E100 Black,Computers,17.90000000,53.70000000
769,6,7,Contoso ADSL Modem Splitter/Filter X 2 E200 Black,Computers,22.90000000,22.90000000
77,119,46,NT Bluetooth Active Headphones E202 Silver,Audio,37.95000000,-2770.35000000
770,0,4,Contoso ADSL Modem Splitter/Filter X 3 E300 Black,Computers,52.90000000,211.60000000
771,6,7,Contoso USB Wave Multi-media Keyboard E280 Black,Computers,15.90000000,15.90000000
772,10,7,Contoso Cables To Go USB 2.0 Hard Drive Enclosure E920 Black,Computers,11.90000000,-35.70000000
774,4,10,Contoso USB Optical Mouse E200 Blue,Computers,15.50000000,93.00000000
776,5,8,Contoso Digital Camera Accessory kit M200 Blue,Computers,23.90000000,71.70000000
777,12,4,Contoso Reserve Pen -Tablet Pen E200 Blue,Computers,13.90000000,-111.20000000
778,18,14,Contoso Rechargeable Battery E100 White,Computers,12.95000000,-51.80000000
779,3,1,Contoso Dual USB Power Adapter - power adapter E300 White,Computers,39.90000000,-79.80000000
78,109,11,NT Wireless Bluetooth Stereo Headphones E302 Silver,Audio,40.55000000,-3973.90000000
780,5,3,Contoso Car power adapter M90 White,Computers,19.95000000,-39.90000000
781,8,6,Contoso Notebook Peripheral Kit M69 White,Computers,16.50000000,-33.00000000
782,8,2,Contoso Mouse Lock Bundle E200 White,Computers,12.95000000,-77.70000000
783,15,6,Contoso Education Supplies Bundle E200 White,Computers,13.50000000,-121.50000000
784,18,15,Contoso Laptop Starter Bundle M200 White,Computers,16.50000000,-49.50000000
785,3,6,Contoso Education Essentials Bundle M300 White,Computers,9.50000000,28.50000000
786,14,0,Contoso Desktop Alternative Bundle E200 White,Computers,11.50000000,-161.00000000
787,18,5,Contoso Power Inverter - DC to AC power inverter E900 White,Computers,9.50000000,-123.50000000
788,3,0,Contoso Smart Battery M901 White,Computers,11.50000000,-34.50000000
789,2,2,Contoso Laptop Cooling Hub notebook fan with 4 ports USB hub E80 White,Computers,29.90000000,0.00000000
79,95,49,NT Wireless Bluetooth Stereo Headphones E302 White,Audio,40.55000000,-1865.30000000
790,8,7,Contoso Home/Office Laptop Power Adapter E300 White,Computers,25.50000000,-25.50000000
791,15,11,Contoso USB 2.0 Dock Station docking station M800 White,Computers,29.90000000,-119.60000000
792,20,7,Contoso Enhanced Capacity Battery M800 White,Computers,27.90000000,-362.70000000
793,13,5,Contoso Connectivity Starter Kit Smart Buy M680 White,Computers,27.90000000,-223.20000000
794,14,8,Contoso 90W AC/DC Power Adapter E300 White,Computers,11.90000000,-71.40000000
795,11,4,Contoso Reserve Pen - Tablet Pen E200 White,Computers,13.90000000,-97.30000000
796,22,0,Contoso USB Data Link - direct connect adapter E600 White,Computers,16.90000000,-371.80000000
797,27,0,Contoso Primary Extended Capacity Battery Pack - notebook battery X100 White,Computers,33.90000000,-915.30000000
798,5,8,Contoso Digital camera accessory kit M200 White,Computers,23.90000000,71.70000000
799,1,6,Contoso Leather Case - case for digital photo camera X20 White,Computers,39.90000000,199.50000000
8,27,10,Contoso 4G MP3 Player E400 Silver,Audio,59.99000000,-1019.83000000
80,100,15,NT Wireless Bluetooth Stereo Headphones E302 Yellow,Audio,40.55000000,-3446.75000000
800,8,5,Contoso Lens cap E80 White,Computers,29.95000000,-89.85000000
801,0,7,Contoso Battery charger - bike E200 White,Computers,19.90000000,139.30000000
802,13,1,Contoso USB Optical Mouse E200 White,Computers,15.50000000,-186.00000000
803,13,0,Contoso ADSL Modem Splitter/Filter X 1 E100 White,Computers,17.90000000,-232.70000000
804,3,0,Contoso ADSL Modem Splitter/Filter X 2 E200 White,Computers,22.90000000,-68.70000000
805,13,2,Contoso ADSL Modem Splitter/Filter X 3 E300 White,Computers,52.90000000,-581.90000000
806,1,9,Contoso USB Wave Multi-media Keyboard E280 White,Computers,15.90000000,127.20000000
807,21,6,Contoso Cables To Go USB 2.0 Hard Drive Enclosure E920 White,Computers,11.90000000,-178.50000000
808,7,10,Contoso Rechargeable Battery E100 Grey,Computers,12.95000000,38.85000000
81,67,39,NT Wireless Bluetooth Stereo Headphones E302 Black,Audio,40.55000000,-1135.40000000
810,18,3,Contoso Car power adapter M90 Grey,Computers,19.95000000,-299.25000000
812,24,10,Contoso Mouse Lock Bundle E200 Grey,Computers,12.95000000,-181.30000000
813,10,1,Contoso Education Supplies Bundle E200 Grey,Computers,13.50000000,-121.50000000
814,16,0,Contoso Laptop Starter Bundle M200 Grey,Computers,16.50000000,-264.00000000
815,14,4,Contoso Education Essentials Bundle M300 Grey,Computers,9.50000000,-95.00000000
816,2,4,Contoso Desktop Alternative Bundle E200 Grey,Computers,11.50000000,23.00000000
817,3,13,Contoso Power Inverter - DC to AC power inverter E900 Grey,Computers,9.50000000,95.00000000
818,11,0,Contoso Smart Battery M901 Grey,Computers,11.50000000,-126.50000000
819,13,8,Contoso Laptop Cooling Hub notebook fan with 4 ports USB hub E80 Grey,Computers,29.90000000,-149.50000000
82,102,54,NT Wireless Bluetooth Stereo Headphones E302 Pink,Audio,40.55000000,-1946.40000000
820,2,1,Contoso Home/Office Laptop Power Adapter E300 Grey,Computers,25.50000000,-25.50000000
821,19,1,Contoso USB 2.0 Dock Station docking station M800 Grey,Computers,29.90000000,-538.20000000
822,21,1,Contoso Enhanced Capacity Battery M800 Grey,Computers,27.90000000,-558.00000000
823,4,4,Contoso Connectivity Starter Kit Smart Buy M680 Grey,Computers,27.90000000,0.00000000
824,8,3,Contoso 90W AC/DC Power Adapter E300 Grey,Computers,11.90000000,-59.50000000
825,5,0,Contoso Reserve Pen - Tablet Pen E200 Grey,Computers,13.90000000,-69.50000000
826,5,14,Contoso USB Data Link - direct connect adapter E600 Grey,Computers,16.90000000,152.10000000
827,14,12,Contoso Primary Extended Capacity Battery Pack - notebook battery X100 Grey,Computers,33.90000000,-67.80000000
828,4,1,Contoso Digital camera accessory kit M200 Grey,Computers,23.90000000,-71.70000000
829,14,0,Contoso Leather Case - case for digital photo camera X20 Grey,Computers,39.90000000,-558.60000000
83,88,10,NT Wireless Bluetooth Stereo Headphones M402 Silver,Audio,99.99000000,-7799.22000000
830,5,1,Contoso Lens cap E80 Grey,Computers,29.95000000,-119.80000000
831,11,7,Contoso Battery charger - bike E200 Grey,Computers,19.90000000,-79.60000000
832,15,8,Contoso USB Optical Mouse E200 Grey,Computers,15.50000000,-108.50000000
833,14,11,Contoso ADSL Modem Splitter/Filter X 1 E100 Grey,Computers,17.90000000,-53.70000000
834,4,3,Contoso ADSL Modem Splitter/Filter X 2 E200 Grey,Computers,22.90000000,-22.90000000
835,13,2,Contoso ADSL Modem Splitter/Filter X 3 E300 Grey,Computers,52.90000000,-581.90000000
836,4,11,Contoso USB Wave Multi-Media Keyboard E280 Grey,Computers,15.90000000,111.30000000
837,5,2,Contoso Cables To Go USB 2.0 Hard Drive Enclosure E920 Grey,Computers,11.90000000,-35.70000000
838,1,2,Contoso USB Optical Mouse E200 Gold,Computers,15.50000000,15.50000000
839,7,0,Contoso USB Wave Multi-Media Keyboard M901 Gold,Computers,25.90000000,-181.30000000
84,112,67,NT Wireless Bluetooth Stereo Headphones M402 Red,Audio,99.99000000,-4499.55000000
840,6,0,Contoso Laptop Cooling Hub notebook fan with 4 ports USB hub M200 Gold,Computers,39.90000000,-239.40000000
841,9,1,Contoso Reserve Pen - Tablet Pen E200 Gold,Computers,13.90000000,-111.20000000
842,4,3,Contoso Bright Light battery E20 Black,Computers,26.90000000,-26.90000000
843,10,3,Contoso Bright Light battery E20 blue,Computers,26.90000000,-188.30000000
844,10,1,Contoso Bright Light battery E20 Pink,Computers,26.90000000,-242.10000000
845,4,7,Contoso Bright Light battery E20 White,Computers,26.90000000,80.70000000
846,13,6,Contoso Ultraportable Neoprene Sleeve E30 Black,Computers,15.60000000,-109.20000000
847,8,0,Contoso Ultraportable Neoprene Sleeve E30 Pink,Computers,15.60000000,-124.80000000
848,3,1,Contoso Ultraportable Neoprene Sleeve E30 Yellow,Computers,15.60000000,-31.20000000
849,3,2,Contoso Ultraportable Neoprene Sleeve E30 Green,Computers,15.60000000,-15.60000000
85,97,17,NT Wireless Bluetooth Stereo Headphones M402 Green,Audio,99.99000000,-7999.20000000
850,15,5,Contoso Laptop Keyboard X105 Black,Computers,230.90000000,-2309.00000000
851,13,4,Contoso Laptop Keyboard X105 White,Computers,230.90000000,-2078.10000000
852,14,0,Contoso Laptop Keyboard X105 Brown,Computers,230.90000000,-3232.60000000
853,7,1,Contoso Laptop Keyboard X105 Silver,Computers,230.90000000,-1385.40000000
854,7,17,Contoso Multimedia Speakers M25 Brown,Computers,129.00000000,1290.00000000
855,4,0,Contoso Multimedia Speakers M25 Blue,Computers,129.00000000,-516.00000000
856,5,4,Contoso Multimedia Speakers M25 Black,Computers,129.00000000,-129.00000000
857,11,9,Contoso Multimedia Speakers M25 White,Computers,129.00000000,-258.00000000
858,11,10,Contoso Wireless Notebook Optical Mouse M35 Black,Computers,29.95000000,-29.95000000
859,25,4,Contoso Wireless Notebook Optical Mouse M35 White,Computers,29.95000000,-628.95000000
86,81,58,NT Wireless Bluetooth Stereo Headphones M402 Black,Audio,99.99000000,-2299.77000000
860,7,0,Contoso Wireless Notebook Optical Mouse M35 Blue,Computers,29.95000000,-209.65000000
861,15,5,Contoso Wireless Notebook Optical Mouse M35 Silver,Computers,29.95000000,-299.50000000
862,2,0,Contoso Wireless Notebook Optical Mouse M35 Orange,Computers,29.95000000,-59.90000000
863,9,1,Contoso Optical USB Mouse M45 Black,Computers,50.99000000,-407.92000000
864,11,4,Contoso Optical USB Mouse M45 White,Computers,50.99000000,-356.93000000
865,3,7,Contoso Optical USB Mouse M45 Grey,Computers,50.99000000,203.96000000
866,21,1,Contoso Wireless Laser Mouse M55 Black,Computers,69.99000000,-1399.80000000
867,6,7,Contoso Wireless Laser Mouse M55 White,Computers,69.99000000,69.99000000
868,8,7,Contoso Wireless Laser Mouse M55 Grey,Computers,69.99000000,-69.99000000
869,7,0,Contoso Wireless Laser Mouse M55 Silver,Computers,69.99000000,-489.93000000
87,82,47,NT Wireless Bluetooth Stereo Headphones M402 Purple,Audio,99.99000000,-3499.65000000
870,13,6,Contoso Wireless Laser Mouse E50 Black,Computers,20.96000000,-146.72000000
871,7,7,Contoso Wireless Laser Mouse E50 White,Computers,20.96000000,0.00000000
872,8,19,Contoso Wireless Laser Mouse E50 Silver,Computers,20.96000000,230.56000000
873,14,12,Contoso Wireless Laser Mouse E50 Grey,Computers,20.96000000,-41.92000000
874,1,0,Contoso Wireless Notebook Optical Mouse X205 Black,Computers,129.95000000,-129.95000000
875,8,5,Contoso Wireless Notebook Optical Mouse X205 White,Computers,129.95000000,-389.85000000
876,8,0,Contoso Wireless Notebook Optical Mouse X205 Blue,Computers,129.95000000,-1039.60000000
877,8,0,Contoso Wireless Notebook Optical Mouse X205 Silver,Computers,129.95000000,-1039.60000000
878,6,4,Contoso Wireless Notebook Optical Mouse X205 Orange,Computers,129.95000000,-259.90000000
879,8,8,Contoso Optical Wheel OEM PS/2 Mouse E60 Grey,Computers,13.00000000,0.00000000
88,64,30,NT Wireless Transmitter and Bluetooth Headphones M150 Black,Audio,149.99000000,-5099.66000000
880,5,2,Contoso Optical Wheel OEM PS/2 Mouse E60 Black,Computers,13.00000000,-39.00000000
881,6,5,Contoso Optical Wheel OEM PS/2 Mouse E60 White,Computers,13.00000000,-13.00000000
882,10,8,Contoso Optical Wheel OEM PS/2 Mouse E60 Silver,Computers,13.00000000,-26.00000000
883,10,0,Contoso Bluetooth Notebook Mouse X305 Black,Computers,150.00000000,-1500.00000000
884,16,1,Contoso Bluetooth Notebook Mouse X305 White,Computers,150.00000000,-2250.00000000
885,14,0,Contoso Bluetooth Notebook Mouse X305 Silver,Computers,150.00000000,-2100.00000000
886,10,9,Contoso Bluetooth Notebook Mouse X305 Grey,Computers,150.00000000,-150.00000000
887,0,10,Contoso Bluetooth Notebook Mouse E70 Black,Computers,50.00000000,500.00000000
888,9,1,Contoso Bluetooth Notebook Mouse E70 White,Computers,50.00000000,-400.00000000
889,3,0,Contoso Bluetooth Notebook Mouse E70 Silver,Computers,50.00000000,-150.00000000
89,99,58,NT Wireless Transmitter and Bluetooth Headphones M150 Blue,Audio,149.99000000,-6149.59000000
890,0,2,Contoso Bluetooth Notebook Mouse E70 Grey,Computers,50.00000000,100.00000000
891,6,0,SV Rechargeable Bluetooth Notebook Mouse E80 Silver,Computers,59.99000000,-359.94000000
892,8,12,SV Rechargeable Bluetooth Notebook Mouse E80 Black,Computers,59.99000000,239.96000000
893,16,6,SV Rechargeable Bluetooth Notebook Mouse E80 White,Computers,59.99000000,-599.90000000
894,3,3,SV Rechargeable Bluetooth Notebook Mouse E80 Grey,Computers,59.99000000,0.00000000
895,10,4,SV Keyboard E90 Silver,Computers,41.73000000,-250.38000000
896,1,1,SV Keyboard E90 White,Computers,41.73000000,0.00000000
897,3,1,SV Keyboard E90 Black,Computers,41.73000000,-83.46000000
898,2,0,SV Keyboard E90 Grey,Computers,41.73000000,-83.46000000
899,11,9,SV Keyboard E10 Silver,Computers,44.00000000,-88.00000000
9,24,12,Contoso 4G MP3 Player E400 Black,Audio,59.99000000,-719.88000000
90,99,47,NT Wireless Transmitter and Bluetooth Headphones M150 Silver,Audio,149.99000000,-7799.48000000
900,4,4,SV Keyboard E10 White,Computers,44.00000000,0.00000000
901,24,0,SV Keyboard E10 Black,Computers,44.00000000,-1056.00000000
902,3,1,SV Keyboard E10 Grey,Computers,44.00000000,-88.00000000
903,10,8,SV 40GB USB2.0 Portable Hard Disk E400 Red,Computers,75.99000000,-151.98000000
904,18,1,SV 40GB USB2.0 Portable Hard Disk E400 Silver,Computers,75.99000000,-1291.83000000
905,22,6,SV 40GB USB2.0 Portable Hard Disk E400 Blue,Computers,75.99000000,-1215.84000000
906,2,8,SV 40GB USB2.0 Portable Hard Disk E400 Yellow,Computers,75.99000000,455.94000000
907,14,3,SV 80GB USB2.0 Portable Hard Disk E500 Red,Computers,102.00000000,-1122.00000000
908,10,2,SV 80GB USB2.0 Portable Hard Disk E500 Silver,Computers,102.00000000,-816.00000000
909,17,3,SV 80GB USB2.0 Portable Hard Disk E500 Blue,Computers,102.00000000,-1428.00000000
91,56,26,NT Wireless Transmitter and Bluetooth Headphones M150 Green,Audio,149.99000000,-4499.70000000
910,17,0,SV 80GB USB2.0 Portable Hard Disk E500 Yellow,Computers,102.00000000,-1734.00000000
911,16,0,SV 160GB USB2.0 Portable Hard Disk M65 Silver,Computers,95.90000000,-1534.40000000
912,4,0,SV 160GB USB2.0 Portable Hard Disk M65 Black,Computers,95.90000000,-383.60000000
913,5,7,SV 160GB USB2.0 Portable Hard Disk M65 White,Computers,95.90000000,191.80000000
914,5,0,SV 160GB USB2.0 Portable Hard Disk M65 Grey,Computers,95.90000000,-479.50000000
915,2,0,SV 500GB USB 2.0 Portable External Hard Drive X405 Pink,Computers,179.00000000,-358.00000000
916,0,3,SV 500GB USB 2.0 Portable External Hard Drive X405 Blue,Computers,179.00000000,537.00000000
917,6,11,SV 500GB USB 2.0 Portable External Hard Drive X405 White,Computers,179.00000000,895.00000000
918,12,0,SV 500GB USB 2.0 Portable External Hard Drive X405 Black,Computers,179.00000000,-2148.00000000
919,11,9,SV USB Data Cable E600 Pink,Computers,0.95000000,-1.90000000
92,80,36,NT Wireless Transmitter and Bluetooth Headphones M150 Red,Audio,149.99000000,-6599.56000000
920,3,15,SV USB Data Cable E600 Black,Computers,0.95000000,11.40000000
921,10,0,SV USB Data Cable E600 Silver,Computers,0.95000000,-9.50000000
922,10,2,SV USB Data Cable E600 Grey,Computers,0.95000000,-7.60000000
923,9,2,SV USB Sync Charge Cable E700 Blue,Computers,1.99000000,-13.93000000
924,10,0,SV USB Sync Charge Cable E700 Black,Computers,1.99000000,-19.90000000
925,10,3,SV USB Sync Charge Cable E700 White,Computers,1.99000000,-13.93000000
926,5,0,SV USB Sync Charge Cable E700 Silver,Computers,1.99000000,-9.95000000
927,17,10,SV 512MB Laptop memory E800 White,Computers,33.99000000,-237.93000000
928,11,1,SV 512MB Laptop memory E800 Silver,Computers,33.99000000,-339.90000000
929,12,3,SV 512MB Laptop memory E800 Black,Computers,33.99000000,-305.91000000
93,115,49,WWI Stereo Bluetooth Headphones E1000 Blue,Audio,67.40000000,-4448.40000000
930,9,6,SV 512MB Laptop memory E800 Yellow,Computers,33.99000000,-101.97000000
931,16,2,SV 2GB Laptop memory E800 Silver,Computers,55.00000000,-770.00000000
932,7,2,SV 2GB Laptop memory E800 Black,Computers,55.00000000,-275.00000000
933,17,9,SV 2GB Laptop memory E800 White,Computers,55.00000000,-440.00000000
934,2,0,SV 4GB Laptop Memory M65 Blue,Computers,79.00000000,-158.00000000
935,0,7,SV 4GB Laptop Memory M65 Yellow,Computers,79.00000000,553.00000000
936,6,0,SV 4GB Laptop Memory M65 Black,Computers,79.00000000,-474.00000000
937,15,3,SV 4GB Laptop Memory M65 White,Computers,79.00000000,-948.00000000
938,5,0,SV Wireless LAN PCI Network Card Adapter E900 Black,Computers,99.00000000,-495.00000000
939,13,4,SV Wireless LAN PCI Network Card Adapter E901 Black,Computers,99.00000000,-891.00000000
94,96,58,WWI Stereo Bluetooth Headphones E1000 Black,Audio,67.40000000,-2561.20000000
940,9,5,SV Wireless LAN PCI Network Card Adapter E902 Black,Computers,99.00000000,-396.00000000
941,11,3,SV PCI Network Adapter E903 Silver,Computers,41.99000000,-335.92000000
942,0,11,SV PCI Network Adapter E904 Silver,Computers,41.99000000,461.89000000
943,7,0,SV PCI Network Adapter E905 Silver,Computers,41.99000000,-293.93000000
944,5,1,A. Datum Compact Digital Camera M200 Black,Cameras and camcorders,129.00000000,-516.00000000
945,5,6,A. Datum Rangefinder Digital Camera X200 Black,Cameras and camcorders,200.00000000,200.00000000
946,27,6,A. Datum Slim Digital Camera M180 Black,Cameras and camcorders,148.00000000,-3108.00000000
947,11,2,A. Datum Ultra Compact Digital Camera M190 Black,Cameras and camcorders,165.00000000,-1485.00000000
948,19,10,A. Datum All in One Digital Camera M200 Black,Cameras and camcorders,188.00000000,-1692.00000000
949,30,0,A. Datum Interchangeable lens Non-SLR Digital Camera X250 Black,Cameras and camcorders,268.00000000,-8040.00000000
95,95,52,WWI Stereo Bluetooth Headphones E1000 Silver,Audio,67.40000000,-2898.20000000
950,10,2,A. Datum Super-zoom Digital Camera X300 Black,Cameras and camcorders,290.00000000,-2320.00000000
951,31,17,A. Datum Consumer Digital Camera E100 Black,Cameras and camcorders,281.00000000,-3934.00000000
952,16,3,A. Datum Consumer Digital Camera M300 Black,Cameras and camcorders,184.50000000,-2398.50000000
953,11,8,A. Datum Advanced Digital Camera M300 Black,Cameras and camcorders,188.50000000,-565.50000000
954,23,7,A. Datum Bridge Digital Camera M300 Black,Cameras and camcorders,186.90000000,-2990.40000000
955,5,16,A. Datum SLR-like Digital Camera M400 Black,Cameras and camcorders,196.90000000,2165.90000000
956,17,12,A. Datum Point Shoot Digital Camera M500 Black,Cameras and camcorders,198.00000000,-990.00000000
957,25,17,A. Datum Full Frame Digital Camera X300 Black,Cameras and camcorders,231.00000000,-1848.00000000
958,1,6,A. Datum Compact Digital Camera M200 Grey,Cameras and camcorders,129.00000000,645.00000000
959,9,5,A. Datum Rangefinder Digital Camera X200 Grey,Cameras and camcorders,200.00000000,-800.00000000
96,105,41,WWI Stereo Bluetooth Headphones E1000 White,Audio,67.40000000,-4313.60000000
960,22,4,A. Datum Slim Digital Camera M180 Grey,Cameras and camcorders,148.00000000,-2664.00000000
961,19,11,A. Datum Ultra Compact Digital Camera M190 Grey,Cameras and camcorders,165.00000000,-1320.00000000
962,18,5,A. Datum All in One Digital Camera M200 Grey,Cameras and camcorders,188.00000000,-2444.00000000
963,18,1,A. Datum Interchangeable lens Non-SLR Digital Camera X250 Grey,Cameras and camcorders,268.00000000,-4556.00000000
964,14,9,A. Datum Super-zoom Digital Camera X300 Grey,Cameras and camcorders,290.00000000,-1450.00000000
965,36,16,A. Datum Consumer Digital Camera E100 Grey,Cameras and camcorders,281.00000000,-5620.00000000
966,15,8,A. Datum Consumer Digital Camera M300 Grey,Cameras and camcorders,184.50000000,-1291.50000000
967,20,9,A. Datum Advanced Digital Camera M300 Grey,Cameras and camcorders,188.50000000,-2073.50000000
968,26,7,A. Datum Bridge Digital Camera M300 Grey,Cameras and camcorders,186.90000000,-3551.10000000
969,15,11,A. Datum SLR-like Digital Camera M400 Grey,Cameras and camcorders,196.90000000,-787.60000000
97,66,67,WWI Stereo Bluetooth Headphones E1000 Green,Audio,67.40000000,67.40000000
970,7,1,A. Datum Point n' Shoot Digital Camera M500 Grey,Cameras and camcorders,198.00000000,-1188.00000000
971,25,9,A. Datum Full Frame Digital Camera X300 Grey,Cameras and camcorders,231.00000000,-3696.00000000
972,10,7,A. Datum Compact Digital Camera M200 Pink,Cameras and camcorders,129.00000000,-387.00000000
973,37,11,A. Datum Rangefinder Digital Camera X200 Pink,Cameras and camcorders,200.00000000,-5200.00000000
974,21,6,A. Datum Slim Digital Camera M180 Pink,Cameras and camcorders,148.00000000,-2220.00000000
975,12,1,A. Datum Ultra Compact Digital Camera M190 Pink,Cameras and camcorders,165.00000000,-1815.00000000
976,4,7,A. Datum All in One Digital Camera M200 Pink,Cameras and camcorders,188.00000000,564.00000000
977,19,5,A. Datum Interchangeable lens Non-SLR Digital Camera X250 Pink,Cameras and camcorders,268.00000000,-3752.00000000
978,13,14,A. Datum Super-zoom Digital Camera X300 Pink,Cameras and camcorders,290.00000000,290.00000000
979,8,4,A. Datum Consumer Digital Camera E100 Pink,Cameras and camcorders,281.00000000,-1124.00000000
98,63,35,WWI Wireless Bluetooth Stereo Headphones M170 Silver,Audio,120.00000000,-3360.00000000
980,1,8,A. Datum Consumer Digital Camera M300 Pink,Cameras and camcorders,184.50000000,1291.50000000
981,5,11,A. Datum Advanced Digital Camera M300 Pink,Cameras and camcorders,188.50000000,1131.00000000
982,19,4,A. Datum Bridge Digital Camera M300 Pink,Cameras and camcorders,186.90000000,-2803.50000000
983,19,5,A. Datum SLR-like Digital Camera M400 Pink,Cameras and camcorders,196.90000000,-2756.60000000
984,36,17,A. Datum Point Shoot Digital Camera M500 Pink,Cameras and camcorders,198.00000000,-3762.00000000
985,30,0,A. Datum Full Frame Digital Camera X300 Pink,Cameras and camcorders,231.00000000,-6930.00000000
986,12,16,A. Datum Compact Digital Camera M200 Silver,Cameras and camcorders,129.00000000,516.00000000
987,17,7,A. Datum Rangefinder Digital Camera X200 Silver,Cameras and camcorders,200.00000000,-2000.00000000
988,14,4,A. Datum Slim Digital Camera M180 Silver,Cameras and camcorders,148.00000000,-1480.00000000
989,24,16,A. Datum Ultra Compact Digital Camera M190 Silver,Cameras and camcorders,165.00000000,-1320.00000000
99,98,17,WWI Wireless Bluetooth Stereo Headphones M170 Black,Audio,120.00000000,-9720.00000000
990,32,5,A. Datum All in One Digital Camera M200 Silver,Cameras and camcorders,188.00000000,-5076.00000000
991,24,8,A. Datum Interchangeable lens Non-SLR Digital Camera X250 Silver,Cameras and camcorders,268.00000000,-4288.00000000
992,19,0,A. Datum Super-zoom Digital Camera X300 Silver,Cameras and camcorders,290.00000000,-5510.00000000
993,10,6,A. Datum Consumer Digital Camera E100 Silver,Cameras and camcorders,281.00000000,-1124.00000000
994,5,16,A. Datum Consumer Digital Camera M300 Silver,Cameras and camcorders,184.50000000,2029.50000000
995,12,11,A. Datum Advanced Digital Camera M300 Silver,Cameras and camcorders,188.50000000,-188.50000000
996,14,3,A. Datum Bridge Digital Camera M300 Silver,Cameras and camcorders,186.90000000,-2055.90000000
997,6,4,A. Datum SLR-like Digital Camera M400 Silver,Cameras and camcorders,196.90000000,-393.80000000
998,6,1,A. Datum Point Shoot Digital Camera M500 Silver,Cameras and camcorders,198.00000000,-990.00000000
999,3,4,A. Datum Full Frame Digital Camera X300 Silver,Cameras and camcorders,231.00000000,231.00000000
